# Veilbound Wayfarer - original Vespershade protagonist, 1 unit = 1 metre
# Smooth assembled sculptural parts; material submeshes separate clothing layers and accessories.
# Logical regions: body, head, hair, upper clothing, lower clothing, boots, gloves, accessories.
mtllib SM_Character_VeilboundWayfarer.mtl
o SM_Character_VeilboundWayfarer
g VeilboundWayfarer
v -0.115569 1.396306 0.002369
v -0.118105 1.401521 0.029159
v -0.125541 1.411403 0.053622
v -0.137370 1.425278 0.074089
v -0.152785 1.442201 0.089166
v -0.170736 1.461019 0.097826
v -0.190000 1.480448 0.099479
v -0.209264 1.499165 0.094012
v -0.227215 1.515895 0.081797
v -0.242630 1.529497 0.063667
v -0.254459 1.539045 0.040857
v -0.261895 1.543887 0.014923
v -0.264431 1.543694 -0.012369
v -0.261895 1.538479 -0.039159
v -0.254459 1.528597 -0.063622
v -0.242630 1.514722 -0.084089
v -0.227215 1.497799 -0.099166
v -0.209264 1.478981 -0.107826
v -0.190000 1.459552 -0.109479
v -0.170736 1.440835 -0.104012
v -0.152785 1.424105 -0.091797
v -0.137370 1.410503 -0.073667
v -0.125541 1.400955 -0.050857
v -0.118105 1.396113 -0.024923
v -0.207881 1.316724 0.009713
v -0.210680 1.320820 0.035334
v -0.218883 1.328268 0.058887
v -0.231933 1.338559 0.078768
v -0.248941 1.350993 0.093622
v -0.268746 1.364723 0.102437
v -0.290000 1.378812 0.104611
v -0.311254 1.392300 0.099997
v -0.331059 1.404269 0.088909
v -0.348067 1.413903 0.072103
v -0.361117 1.420544 0.050724
v -0.369320 1.423741 0.026229
v -0.372119 1.423276 0.000287
v -0.369320 1.419180 -0.025334
v -0.361117 1.411732 -0.048887
v -0.348067 1.401441 -0.068768
v -0.331059 1.389007 -0.083622
v -0.311254 1.375277 -0.092437
v -0.290000 1.361188 -0.094611
v -0.268746 1.347700 -0.089997
v -0.248941 1.335731 -0.078909
v -0.231933 1.326097 -0.062103
v -0.218883 1.319456 -0.040724
v -0.210680 1.316259 -0.016229
v -0.281839 1.188805 0.019606
v -0.284502 1.191169 0.041230
v -0.292310 1.194817 0.061271
v -0.304732 1.199500 0.078363
v -0.320919 1.204898 0.091341
v -0.339770 1.210644 0.099322
v -0.360000 1.216345 0.101760
v -0.380230 1.221615 0.098490
v -0.399081 1.226093 0.089735
v -0.415268 1.229474 0.076092
v -0.427690 1.231528 0.058489
v -0.435498 1.232115 0.038128
v -0.438161 1.231195 0.016394
v -0.435498 1.228831 -0.005230
v -0.427690 1.225183 -0.025271
v -0.415268 1.220500 -0.042363
v -0.399081 1.215102 -0.055341
v -0.380230 1.209356 -0.063322
v -0.360000 1.203655 -0.065760
v -0.339770 1.198385 -0.062490
v -0.320919 1.193907 -0.053735
v -0.304732 1.190526 -0.040092
v -0.292310 1.188472 -0.022489
v -0.284502 1.187885 -0.002128
v -0.311219 1.034523 0.030372
v -0.313562 1.035974 0.048952
v -0.320434 1.037699 0.066240
v -0.331364 1.039581 0.081058
v -0.345609 1.041492 0.092396
v -0.362198 1.043301 0.099483
v -0.380000 1.044885 0.101834
v -0.397802 1.046136 0.099290
v -0.414391 1.046969 0.092024
v -0.428636 1.047327 0.080531
v -0.439566 1.047186 0.065595
v -0.446438 1.046555 0.048232
v -0.448781 1.045477 0.029628
v -0.446438 1.044026 0.011048
v -0.439566 1.042301 -0.006240
v -0.428636 1.040419 -0.021058
v -0.414391 1.038508 -0.032396
v -0.397802 1.036699 -0.039483
v -0.380000 1.035115 -0.041834
v -0.362198 1.033864 -0.039290
v -0.345609 1.033031 -0.032024
v -0.331364 1.032673 -0.020531
v -0.320434 1.032814 -0.005595
v -0.313562 1.033445 0.011768
v -0.309000 0.960000 0.035000
v -0.311419 0.961179 0.053857
v -0.318512 0.962277 0.071429
v -0.329795 0.963220 0.086518
v -0.344500 0.963944 0.098097
v -0.361624 0.964398 0.105375
v -0.380000 0.964554 0.107858
v -0.398376 0.964398 0.105375
v -0.415500 0.963944 0.098097
v -0.430205 0.963220 0.086518
v -0.441488 0.962277 0.071429
v -0.448581 0.961179 0.053857
v -0.451000 0.960000 0.035000
v -0.448581 0.958821 0.016143
v -0.441488 0.957723 -0.001429
v -0.430205 0.956780 -0.016518
v -0.415500 0.956056 -0.028097
v -0.398376 0.955602 -0.035375
v -0.380000 0.955446 -0.037858
v -0.361624 0.955602 -0.035375
v -0.344500 0.956056 -0.028097
v -0.329795 0.956780 -0.016518
v -0.318512 0.957723 -0.001429
v -0.311419 0.958821 0.016143
v -0.190000 1.470000 -0.005000
v -0.380000 0.960000 0.035000
v 0.264431 1.543694 -0.012369
v 0.261895 1.543887 0.014923
v 0.254459 1.539045 0.040857
v 0.242630 1.529497 0.063667
v 0.227215 1.515895 0.081797
v 0.209264 1.499165 0.094012
v 0.190000 1.480448 0.099479
v 0.170736 1.461019 0.097826
v 0.152785 1.442201 0.089166
v 0.137370 1.425278 0.074089
v 0.125541 1.411403 0.053622
v 0.118105 1.401521 0.029159
v 0.115569 1.396306 0.002369
v 0.118105 1.396113 -0.024923
v 0.125541 1.400955 -0.050857
v 0.137370 1.410503 -0.073667
v 0.152785 1.424105 -0.091797
v 0.170736 1.440835 -0.104012
v 0.190000 1.459552 -0.109479
v 0.209264 1.478981 -0.107826
v 0.227215 1.497799 -0.099166
v 0.242630 1.514722 -0.084089
v 0.254459 1.528597 -0.063622
v 0.261895 1.538479 -0.039159
v 0.372119 1.423276 0.000287
v 0.369320 1.423741 0.026229
v 0.361117 1.420544 0.050724
v 0.348067 1.413903 0.072103
v 0.331059 1.404269 0.088909
v 0.311254 1.392300 0.099997
v 0.290000 1.378812 0.104611
v 0.268746 1.364723 0.102437
v 0.248941 1.350993 0.093622
v 0.231933 1.338559 0.078768
v 0.218883 1.328268 0.058887
v 0.210680 1.320820 0.035334
v 0.207881 1.316724 0.009713
v 0.210680 1.316259 -0.016229
v 0.218883 1.319456 -0.040724
v 0.231933 1.326097 -0.062103
v 0.248941 1.335731 -0.078909
v 0.268746 1.347700 -0.089997
v 0.290000 1.361188 -0.094611
v 0.311254 1.375277 -0.092437
v 0.331059 1.389007 -0.083622
v 0.348067 1.401441 -0.068768
v 0.361117 1.411732 -0.048887
v 0.369320 1.419180 -0.025334
v 0.438161 1.231195 0.016394
v 0.435498 1.232115 0.038128
v 0.427690 1.231528 0.058489
v 0.415268 1.229474 0.076092
v 0.399081 1.226093 0.089735
v 0.380230 1.221615 0.098490
v 0.360000 1.216345 0.101760
v 0.339770 1.210644 0.099322
v 0.320919 1.204898 0.091341
v 0.304732 1.199500 0.078363
v 0.292310 1.194817 0.061271
v 0.284502 1.191169 0.041230
v 0.281839 1.188805 0.019606
v 0.284502 1.187885 -0.002128
v 0.292310 1.188472 -0.022489
v 0.304732 1.190526 -0.040092
v 0.320919 1.193907 -0.053735
v 0.339770 1.198385 -0.062490
v 0.360000 1.203655 -0.065760
v 0.380230 1.209356 -0.063322
v 0.399081 1.215102 -0.055341
v 0.415268 1.220500 -0.042363
v 0.427690 1.225183 -0.025271
v 0.435498 1.228831 -0.005230
v 0.448781 1.045477 0.029628
v 0.446438 1.046555 0.048232
v 0.439566 1.047186 0.065595
v 0.428636 1.047327 0.080531
v 0.414391 1.046969 0.092024
v 0.397802 1.046136 0.099290
v 0.380000 1.044885 0.101834
v 0.362198 1.043301 0.099483
v 0.345609 1.041492 0.092396
v 0.331364 1.039581 0.081058
v 0.320434 1.037699 0.066240
v 0.313562 1.035974 0.048952
v 0.311219 1.034523 0.030372
v 0.313562 1.033445 0.011768
v 0.320434 1.032814 -0.005595
v 0.331364 1.032673 -0.020531
v 0.345609 1.033031 -0.032024
v 0.362198 1.033864 -0.039290
v 0.380000 1.035115 -0.041834
v 0.397802 1.036699 -0.039483
v 0.414391 1.038508 -0.032396
v 0.428636 1.040419 -0.021058
v 0.439566 1.042301 -0.006240
v 0.446438 1.044026 0.011048
v 0.451000 0.960000 0.035000
v 0.448581 0.961179 0.053857
v 0.441488 0.962277 0.071429
v 0.430205 0.963220 0.086518
v 0.415500 0.963944 0.098097
v 0.398376 0.964398 0.105375
v 0.380000 0.964554 0.107858
v 0.361624 0.964398 0.105375
v 0.344500 0.963944 0.098097
v 0.329795 0.963220 0.086518
v 0.318512 0.962277 0.071429
v 0.311419 0.961179 0.053857
v 0.309000 0.960000 0.035000
v 0.311419 0.958821 0.016143
v 0.318512 0.957723 -0.001429
v 0.329795 0.956780 -0.016518
v 0.344500 0.956056 -0.028097
v 0.361624 0.955602 -0.035375
v 0.380000 0.955446 -0.037858
v 0.398376 0.955602 -0.035375
v 0.415500 0.956056 -0.028097
v 0.430205 0.956780 -0.016518
v 0.441488 0.957723 -0.001429
v 0.448581 0.958821 0.016143
v 0.190000 1.470000 -0.005000
v 0.380000 0.960000 0.035000
v 0.237000 0.940000 0.000000
v 0.234972 0.940000 0.019971
v 0.228924 0.940000 0.039599
v 0.218959 0.940000 0.058551
v 0.205248 0.940000 0.076500
v 0.188025 0.940000 0.093140
v 0.167584 0.940000 0.108187
v 0.144276 0.940000 0.121383
v 0.118500 0.940000 0.132502
v 0.090696 0.940000 0.141354
v 0.061340 0.940000 0.147787
v 0.030935 0.940000 0.151691
v 0.000000 0.940000 0.153000
v -0.030935 0.940000 0.151691
v -0.061340 0.940000 0.147787
v -0.090696 0.940000 0.141354
v -0.118500 0.940000 0.132502
v -0.144276 0.940000 0.121383
v -0.167584 0.940000 0.108187
v -0.188025 0.940000 0.093140
v -0.205248 0.940000 0.076500
v -0.218959 0.940000 0.058551
v -0.228924 0.940000 0.039599
v -0.234972 0.940000 0.019971
v -0.237000 0.940000 0.000000
v -0.234972 0.940000 -0.019971
v -0.228924 0.940000 -0.039599
v -0.218959 0.940000 -0.058551
v -0.205248 0.940000 -0.076500
v -0.188025 0.940000 -0.093140
v -0.167584 0.940000 -0.108187
v -0.144276 0.940000 -0.121383
v -0.118500 0.940000 -0.132502
v -0.090696 0.940000 -0.141354
v -0.061340 0.940000 -0.147787
v -0.030935 0.940000 -0.151691
v -0.000000 0.940000 -0.153000
v 0.030935 0.940000 -0.151691
v 0.061340 0.940000 -0.147787
v 0.090696 0.940000 -0.141354
v 0.118500 0.940000 -0.132502
v 0.144276 0.940000 -0.121383
v 0.167584 0.940000 -0.108187
v 0.188025 0.940000 -0.093140
v 0.205248 0.940000 -0.076500
v 0.218959 0.940000 -0.058551
v 0.228924 0.940000 -0.039599
v 0.234972 0.940000 -0.019971
v 0.235000 1.010000 0.000000
v 0.232990 1.010000 0.019840
v 0.226993 1.010000 0.039340
v 0.217112 1.010000 0.058168
v 0.203516 1.010000 0.076000
v 0.186438 1.010000 0.092532
v 0.166170 1.010000 0.107480
v 0.143059 1.010000 0.120590
v 0.117500 1.010000 0.131636
v 0.089931 1.010000 0.140430
v 0.060822 1.010000 0.146821
v 0.030674 1.010000 0.150700
v 0.000000 1.010000 0.152000
v -0.030674 1.010000 0.150700
v -0.060822 1.010000 0.146821
v -0.089931 1.010000 0.140430
v -0.117500 1.010000 0.131636
v -0.143059 1.010000 0.120590
v -0.166170 1.010000 0.107480
v -0.186438 1.010000 0.092532
v -0.203516 1.010000 0.076000
v -0.217112 1.010000 0.058168
v -0.226993 1.010000 0.039340
v -0.232990 1.010000 0.019840
v -0.235000 1.010000 0.000000
v -0.232990 1.010000 -0.019840
v -0.226993 1.010000 -0.039340
v -0.217112 1.010000 -0.058168
v -0.203516 1.010000 -0.076000
v -0.186438 1.010000 -0.092532
v -0.166170 1.010000 -0.107480
v -0.143059 1.010000 -0.120590
v -0.117500 1.010000 -0.131636
v -0.089931 1.010000 -0.140430
v -0.060822 1.010000 -0.146821
v -0.030674 1.010000 -0.150700
v -0.000000 1.010000 -0.152000
v 0.030674 1.010000 -0.150700
v 0.060822 1.010000 -0.146821
v 0.089931 1.010000 -0.140430
v 0.117500 1.010000 -0.131636
v 0.143059 1.010000 -0.120590
v 0.166170 1.010000 -0.107480
v 0.186438 1.010000 -0.092532
v 0.203516 1.010000 -0.076000
v 0.217112 1.010000 -0.058168
v 0.226993 1.010000 -0.039340
v 0.232990 1.010000 -0.019840
v 0.221000 1.120000 0.000000
v 0.219109 1.120000 0.018665
v 0.213470 1.120000 0.037011
v 0.204177 1.120000 0.054724
v 0.191392 1.120000 0.071500
v 0.175331 1.120000 0.087053
v 0.156271 1.120000 0.101116
v 0.134536 1.120000 0.113450
v 0.110500 1.120000 0.123842
v 0.084573 1.120000 0.132115
v 0.057199 1.120000 0.138127
v 0.028846 1.120000 0.141777
v 0.000000 1.120000 0.143000
v -0.028846 1.120000 0.141777
v -0.057199 1.120000 0.138127
v -0.084573 1.120000 0.132115
v -0.110500 1.120000 0.123842
v -0.134536 1.120000 0.113450
v -0.156271 1.120000 0.101116
v -0.175331 1.120000 0.087053
v -0.191392 1.120000 0.071500
v -0.204177 1.120000 0.054724
v -0.213470 1.120000 0.037011
v -0.219109 1.120000 0.018665
v -0.221000 1.120000 0.000000
v -0.219109 1.120000 -0.018665
v -0.213470 1.120000 -0.037011
v -0.204177 1.120000 -0.054724
v -0.191392 1.120000 -0.071500
v -0.175331 1.120000 -0.087053
v -0.156271 1.120000 -0.101116
v -0.134536 1.120000 -0.113450
v -0.110500 1.120000 -0.123842
v -0.084573 1.120000 -0.132115
v -0.057199 1.120000 -0.138127
v -0.028846 1.120000 -0.141777
v -0.000000 1.120000 -0.143000
v 0.028846 1.120000 -0.141777
v 0.057199 1.120000 -0.138127
v 0.084573 1.120000 -0.132115
v 0.110500 1.120000 -0.123842
v 0.134536 1.120000 -0.113450
v 0.156271 1.120000 -0.101116
v 0.175331 1.120000 -0.087053
v 0.191392 1.120000 -0.071500
v 0.204177 1.120000 -0.054724
v 0.213470 1.120000 -0.037011
v 0.219109 1.120000 -0.018665
v 0.265000 1.260000 0.000000
v 0.262733 1.260000 0.019187
v 0.255970 1.260000 0.038046
v 0.244828 1.260000 0.056254
v 0.229497 1.260000 0.073500
v 0.210239 1.260000 0.089488
v 0.187383 1.260000 0.103945
v 0.161322 1.260000 0.116623
v 0.132500 1.260000 0.127306
v 0.101411 1.260000 0.135810
v 0.068587 1.260000 0.141991
v 0.034589 1.260000 0.145742
v 0.000000 1.260000 0.147000
v -0.034589 1.260000 0.145742
v -0.068587 1.260000 0.141991
v -0.101411 1.260000 0.135810
v -0.132500 1.260000 0.127306
v -0.161322 1.260000 0.116623
v -0.187383 1.260000 0.103945
v -0.210239 1.260000 0.089488
v -0.229497 1.260000 0.073500
v -0.244828 1.260000 0.056254
v -0.255970 1.260000 0.038046
v -0.262733 1.260000 0.019187
v -0.265000 1.260000 0.000000
v -0.262733 1.260000 -0.019187
v -0.255970 1.260000 -0.038046
v -0.244828 1.260000 -0.056254
v -0.229497 1.260000 -0.073500
v -0.210239 1.260000 -0.089488
v -0.187383 1.260000 -0.103945
v -0.161322 1.260000 -0.116623
v -0.132500 1.260000 -0.127306
v -0.101411 1.260000 -0.135810
v -0.068587 1.260000 -0.141991
v -0.034589 1.260000 -0.145742
v -0.000000 1.260000 -0.147000
v 0.034589 1.260000 -0.145742
v 0.068587 1.260000 -0.141991
v 0.101411 1.260000 -0.135810
v 0.132500 1.260000 -0.127306
v 0.161322 1.260000 -0.116623
v 0.187383 1.260000 -0.103945
v 0.210239 1.260000 -0.089488
v 0.229497 1.260000 -0.073500
v 0.244828 1.260000 -0.056254
v 0.255970 1.260000 -0.038046
v 0.262733 1.260000 -0.019187
v 0.305000 1.390000 0.000000
v 0.302391 1.390000 0.018926
v 0.294607 1.390000 0.037529
v 0.281783 1.390000 0.055489
v 0.264138 1.390000 0.072500
v 0.241973 1.390000 0.088270
v 0.215668 1.390000 0.102530
v 0.185672 1.390000 0.115036
v 0.152500 1.390000 0.125574
v 0.116718 1.390000 0.133963
v 0.078940 1.390000 0.140059
v 0.039810 1.390000 0.143760
v 0.000000 1.390000 0.145000
v -0.039810 1.390000 0.143760
v -0.078940 1.390000 0.140059
v -0.116718 1.390000 0.133963
v -0.152500 1.390000 0.125574
v -0.185672 1.390000 0.115036
v -0.215668 1.390000 0.102530
v -0.241973 1.390000 0.088270
v -0.264138 1.390000 0.072500
v -0.281783 1.390000 0.055489
v -0.294607 1.390000 0.037529
v -0.302391 1.390000 0.018926
v -0.305000 1.390000 0.000000
v -0.302391 1.390000 -0.018926
v -0.294607 1.390000 -0.037529
v -0.281783 1.390000 -0.055489
v -0.264138 1.390000 -0.072500
v -0.241973 1.390000 -0.088270
v -0.215668 1.390000 -0.102530
v -0.185672 1.390000 -0.115036
v -0.152500 1.390000 -0.125574
v -0.116718 1.390000 -0.133963
v -0.078940 1.390000 -0.140059
v -0.039810 1.390000 -0.143760
v -0.000000 1.390000 -0.145000
v 0.039810 1.390000 -0.143760
v 0.078940 1.390000 -0.140059
v 0.116718 1.390000 -0.133963
v 0.152500 1.390000 -0.125574
v 0.185672 1.390000 -0.115036
v 0.215668 1.390000 -0.102530
v 0.241973 1.390000 -0.088270
v 0.264138 1.390000 -0.072500
v 0.281783 1.390000 -0.055489
v 0.294607 1.390000 -0.037529
v 0.302391 1.390000 -0.018926
v 0.285000 1.490000 0.000000
v 0.282562 1.490000 0.016316
v 0.275289 1.490000 0.032352
v 0.263306 1.490000 0.047835
v 0.246817 1.490000 0.062500
v 0.226106 1.490000 0.076095
v 0.201525 1.490000 0.088388
v 0.173497 1.490000 0.099169
v 0.142500 1.490000 0.108253
v 0.109065 1.490000 0.115485
v 0.073763 1.490000 0.120741
v 0.037200 1.490000 0.123931
v 0.000000 1.490000 0.125000
v -0.037200 1.490000 0.123931
v -0.073763 1.490000 0.120741
v -0.109065 1.490000 0.115485
v -0.142500 1.490000 0.108253
v -0.173497 1.490000 0.099169
v -0.201525 1.490000 0.088388
v -0.226106 1.490000 0.076095
v -0.246817 1.490000 0.062500
v -0.263306 1.490000 0.047835
v -0.275289 1.490000 0.032352
v -0.282562 1.490000 0.016316
v -0.285000 1.490000 0.000000
v -0.282562 1.490000 -0.016316
v -0.275289 1.490000 -0.032352
v -0.263306 1.490000 -0.047835
v -0.246817 1.490000 -0.062500
v -0.226106 1.490000 -0.076095
v -0.201525 1.490000 -0.088388
v -0.173497 1.490000 -0.099169
v -0.142500 1.490000 -0.108253
v -0.109065 1.490000 -0.115485
v -0.073763 1.490000 -0.120741
v -0.037200 1.490000 -0.123931
v -0.000000 1.490000 -0.125000
v 0.037200 1.490000 -0.123931
v 0.073763 1.490000 -0.120741
v 0.109065 1.490000 -0.115485
v 0.142500 1.490000 -0.108253
v 0.173497 1.490000 -0.099169
v 0.201525 1.490000 -0.088388
v 0.226106 1.490000 -0.076095
v 0.246817 1.490000 -0.062500
v 0.263306 1.490000 -0.047835
v 0.275289 1.490000 -0.032352
v 0.282562 1.490000 -0.016316
v 0.151000 1.490000 0.000000
v 0.149141 1.490000 0.019241
v 0.143610 1.490000 0.038009
v 0.134542 1.490000 0.055841
v 0.122162 1.490000 0.072298
v 0.106773 1.490000 0.086974
v 0.088756 1.490000 0.099509
v 0.068553 1.490000 0.109594
v 0.046662 1.490000 0.116980
v 0.023622 1.490000 0.121486
v 0.000000 1.490000 0.123000
v -0.023622 1.490000 0.121486
v -0.046662 1.490000 0.116980
v -0.068553 1.490000 0.109594
v -0.088756 1.490000 0.099509
v -0.106773 1.490000 0.086974
v -0.122162 1.490000 0.072298
v -0.134542 1.490000 0.055841
v -0.143610 1.490000 0.038009
v -0.149141 1.490000 0.019241
v -0.151000 1.490000 0.000000
v -0.149141 1.490000 -0.019241
v -0.143610 1.490000 -0.038009
v -0.134542 1.490000 -0.055841
v -0.122162 1.490000 -0.072298
v -0.106773 1.490000 -0.086974
v -0.088756 1.490000 -0.099509
v -0.068553 1.490000 -0.109594
v -0.046662 1.490000 -0.116980
v -0.023622 1.490000 -0.121486
v -0.000000 1.490000 -0.123000
v 0.023622 1.490000 -0.121486
v 0.046662 1.490000 -0.116980
v 0.068553 1.490000 -0.109594
v 0.088756 1.490000 -0.099509
v 0.106773 1.490000 -0.086974
v 0.122162 1.490000 -0.072298
v 0.134542 1.490000 -0.055841
v 0.143610 1.490000 -0.038009
v 0.149141 1.490000 -0.019241
v 0.146000 1.515000 0.000000
v 0.144202 1.515000 0.018616
v 0.138854 1.515000 0.036773
v 0.130087 1.515000 0.054025
v 0.118116 1.515000 0.069946
v 0.103238 1.515000 0.084146
v 0.085817 1.515000 0.096273
v 0.066283 1.515000 0.106030
v 0.045116 1.515000 0.113176
v 0.022839 1.515000 0.117535
v 0.000000 1.515000 0.119000
v -0.022839 1.515000 0.117535
v -0.045116 1.515000 0.113176
v -0.066283 1.515000 0.106030
v -0.085817 1.515000 0.096273
v -0.103238 1.515000 0.084146
v -0.118116 1.515000 0.069946
v -0.130087 1.515000 0.054025
v -0.138854 1.515000 0.036773
v -0.144202 1.515000 0.018616
v -0.146000 1.515000 0.000000
v -0.144202 1.515000 -0.018616
v -0.138854 1.515000 -0.036773
v -0.130087 1.515000 -0.054025
v -0.118116 1.515000 -0.069946
v -0.103238 1.515000 -0.084146
v -0.085817 1.515000 -0.096273
v -0.066283 1.515000 -0.106030
v -0.045116 1.515000 -0.113176
v -0.022839 1.515000 -0.117535
v -0.000000 1.515000 -0.119000
v 0.022839 1.515000 -0.117535
v 0.045116 1.515000 -0.113176
v 0.066283 1.515000 -0.106030
v 0.085817 1.515000 -0.096273
v 0.103238 1.515000 -0.084146
v 0.118116 1.515000 -0.069946
v 0.130087 1.515000 -0.054025
v 0.138854 1.515000 -0.036773
v 0.144202 1.515000 -0.018616
v 0.137000 1.545000 -0.005000
v 0.135313 1.545000 0.012677
v 0.130295 1.545000 0.029919
v 0.122068 1.545000 0.046301
v 0.110835 1.545000 0.061420
v 0.096874 1.545000 0.074903
v 0.080527 1.545000 0.086419
v 0.062197 1.545000 0.095684
v 0.042335 1.545000 0.102469
v 0.021432 1.545000 0.106609
v 0.000000 1.545000 0.108000
v -0.021432 1.545000 0.106609
v -0.042335 1.545000 0.102469
v -0.062197 1.545000 0.095684
v -0.080527 1.545000 0.086419
v -0.096874 1.545000 0.074903
v -0.110835 1.545000 0.061420
v -0.122068 1.545000 0.046301
v -0.130295 1.545000 0.029919
v -0.135313 1.545000 0.012677
v -0.137000 1.545000 -0.005000
v -0.135313 1.545000 -0.022677
v -0.130295 1.545000 -0.039919
v -0.122068 1.545000 -0.056301
v -0.110835 1.545000 -0.071420
v -0.096874 1.545000 -0.084903
v -0.080527 1.545000 -0.096419
v -0.062197 1.545000 -0.105684
v -0.042335 1.545000 -0.112469
v -0.021432 1.545000 -0.116609
v -0.000000 1.545000 -0.118000
v 0.021432 1.545000 -0.116609
v 0.042335 1.545000 -0.112469
v 0.062197 1.545000 -0.105684
v 0.080527 1.545000 -0.096419
v 0.096874 1.545000 -0.084903
v 0.110835 1.545000 -0.071420
v 0.122068 1.545000 -0.056301
v 0.130295 1.545000 -0.039919
v 0.135313 1.545000 -0.022677
v 0.099000 1.000000 -0.096792
v 0.070500 1.000000 -0.103650
v 0.042000 1.000000 -0.101282
v 0.013500 1.000000 -0.095573
v -0.015000 1.000000 -0.093000
v -0.043500 1.000000 -0.074957
v -0.072000 1.000000 -0.063718
v -0.100500 1.000000 -0.055821
v -0.129000 1.000000 -0.047208
v 0.086750 0.943750 -0.117185
v 0.056937 0.943750 -0.120088
v 0.027125 0.943750 -0.114586
v -0.002688 0.943750 -0.107120
v -0.032500 0.943750 -0.104481
v -0.062312 0.943750 -0.088073
v -0.092125 0.943750 -0.079881
v -0.121937 0.943750 -0.075900
v -0.151750 0.943750 -0.071376
v 0.074500 0.887500 -0.130699
v 0.043375 0.887500 -0.130383
v 0.012250 0.887500 -0.123005
v -0.018875 0.887500 -0.115339
v -0.050000 0.887500 -0.114213
v -0.081125 0.887500 -0.100762
v -0.112250 0.887500 -0.096443
v -0.143375 0.887500 -0.096563
v -0.174500 0.887500 -0.095638
v 0.062250 0.831250 -0.135277
v 0.029812 0.831250 -0.132967
v -0.002625 0.831250 -0.125257
v -0.035063 0.831250 -0.118981
v -0.067500 0.831250 -0.120716
v -0.099938 0.831250 -0.111091
v -0.132375 0.831250 -0.110882
v -0.164813 0.831250 -0.114664
v -0.197250 0.831250 -0.116302
v 0.050000 0.775000 -0.130221
v 0.016250 0.775000 -0.127448
v -0.017500 0.775000 -0.121000
v -0.051250 0.775000 -0.117489
v -0.085000 0.775000 -0.123000
v -0.118750 0.775000 -0.117489
v -0.152500 0.775000 -0.121000
v -0.186250 0.775000 -0.127448
v -0.220000 0.775000 -0.130221
v 0.037750 0.718750 -0.116302
v 0.002687 0.718750 -0.114664
v -0.032375 0.718750 -0.110882
v -0.067438 0.718750 -0.111091
v -0.102500 0.718750 -0.120716
v -0.137563 0.718750 -0.118981
v -0.172625 0.718750 -0.125257
v -0.207687 0.718750 -0.132967
v -0.242750 0.718750 -0.135277
v 0.025500 0.662500 -0.095638
v -0.010875 0.662500 -0.096563
v -0.047250 0.662500 -0.096443
v -0.083625 0.662500 -0.100762
v -0.120000 0.662500 -0.114213
v -0.156375 0.662500 -0.115339
v -0.192750 0.662500 -0.123005
v -0.229125 0.662500 -0.130383
v -0.265500 0.662500 -0.130699
v 0.013250 0.606250 -0.071376
v -0.024438 0.606250 -0.075900
v -0.062125 0.606250 -0.079881
v -0.099812 0.606250 -0.088073
v -0.137500 0.606250 -0.104481
v -0.175188 0.606250 -0.107120
v -0.212875 0.606250 -0.114586
v -0.250563 0.606250 -0.120088
v -0.288250 0.606250 -0.117185
v 0.001000 0.550000 -0.047208
v -0.038000 0.550000 -0.055821
v -0.077000 0.550000 -0.063718
v -0.116000 0.550000 -0.074957
v -0.155000 0.550000 -0.093000
v -0.194000 0.550000 -0.095573
v -0.233000 0.550000 -0.101282
v -0.272000 0.550000 -0.103650
v -0.311000 0.550000 -0.096792
v -0.099000 1.000000 -0.096792
v -0.070500 1.000000 -0.103650
v -0.042000 1.000000 -0.101282
v -0.013500 1.000000 -0.095573
v 0.015000 1.000000 -0.093000
v 0.043500 1.000000 -0.074957
v 0.072000 1.000000 -0.063718
v 0.100500 1.000000 -0.055821
v 0.129000 1.000000 -0.047208
v -0.086750 0.943750 -0.117185
v -0.056937 0.943750 -0.120088
v -0.027125 0.943750 -0.114586
v 0.002688 0.943750 -0.107120
v 0.032500 0.943750 -0.104481
v 0.062312 0.943750 -0.088073
v 0.092125 0.943750 -0.079881
v 0.121937 0.943750 -0.075900
v 0.151750 0.943750 -0.071376
v -0.074500 0.887500 -0.130699
v -0.043375 0.887500 -0.130383
v -0.012250 0.887500 -0.123005
v 0.018875 0.887500 -0.115339
v 0.050000 0.887500 -0.114213
v 0.081125 0.887500 -0.100762
v 0.112250 0.887500 -0.096443
v 0.143375 0.887500 -0.096563
v 0.174500 0.887500 -0.095638
v -0.062250 0.831250 -0.135277
v -0.029812 0.831250 -0.132967
v 0.002625 0.831250 -0.125257
v 0.035063 0.831250 -0.118981
v 0.067500 0.831250 -0.120716
v 0.099938 0.831250 -0.111091
v 0.132375 0.831250 -0.110882
v 0.164813 0.831250 -0.114664
v 0.197250 0.831250 -0.116302
v -0.050000 0.775000 -0.130221
v -0.016250 0.775000 -0.127448
v 0.017500 0.775000 -0.121000
v 0.051250 0.775000 -0.117489
v 0.085000 0.775000 -0.123000
v 0.118750 0.775000 -0.117489
v 0.152500 0.775000 -0.121000
v 0.186250 0.775000 -0.127448
v 0.220000 0.775000 -0.130221
v -0.037750 0.718750 -0.116302
v -0.002687 0.718750 -0.114664
v 0.032375 0.718750 -0.110882
v 0.067438 0.718750 -0.111091
v 0.102500 0.718750 -0.120716
v 0.137563 0.718750 -0.118981
v 0.172625 0.718750 -0.125257
v 0.207687 0.718750 -0.132967
v 0.242750 0.718750 -0.135277
v -0.025500 0.662500 -0.095638
v 0.010875 0.662500 -0.096563
v 0.047250 0.662500 -0.096443
v 0.083625 0.662500 -0.100762
v 0.120000 0.662500 -0.114213
v 0.156375 0.662500 -0.115339
v 0.192750 0.662500 -0.123005
v 0.229125 0.662500 -0.130383
v 0.265500 0.662500 -0.130699
v -0.013250 0.606250 -0.071376
v 0.024438 0.606250 -0.075900
v 0.062125 0.606250 -0.079881
v 0.099812 0.606250 -0.088073
v 0.137500 0.606250 -0.104481
v 0.175188 0.606250 -0.107120
v 0.212875 0.606250 -0.114586
v 0.250563 0.606250 -0.120088
v 0.288250 0.606250 -0.117185
v -0.001000 0.550000 -0.047208
v 0.038000 0.550000 -0.055821
v 0.077000 0.550000 -0.063718
v 0.116000 0.550000 -0.074957
v 0.155000 0.550000 -0.093000
v 0.194000 0.550000 -0.095573
v 0.233000 0.550000 -0.101282
v 0.272000 0.550000 -0.103650
v 0.311000 0.550000 -0.096792
usemtl Cloth
f 1 2 25
f 2 26 25
f 2 3 26
f 3 27 26
f 3 4 27
f 4 28 27
f 4 5 28
f 5 29 28
f 5 6 29
f 6 30 29
f 6 7 30
f 7 31 30
f 7 8 31
f 8 32 31
f 8 9 32
f 9 33 32
f 9 10 33
f 10 34 33
f 10 11 34
f 11 35 34
f 11 12 35
f 12 36 35
f 12 13 36
f 13 37 36
f 13 14 37
f 14 38 37
f 14 15 38
f 15 39 38
f 15 16 39
f 16 40 39
f 16 17 40
f 17 41 40
f 17 18 41
f 18 42 41
f 18 19 42
f 19 43 42
f 19 20 43
f 20 44 43
f 20 21 44
f 21 45 44
f 21 22 45
f 22 46 45
f 22 23 46
f 23 47 46
f 23 24 47
f 24 48 47
f 24 1 48
f 1 25 48
f 25 26 49
f 26 50 49
f 26 27 50
f 27 51 50
f 27 28 51
f 28 52 51
f 28 29 52
f 29 53 52
f 29 30 53
f 30 54 53
f 30 31 54
f 31 55 54
f 31 32 55
f 32 56 55
f 32 33 56
f 33 57 56
f 33 34 57
f 34 58 57
f 34 35 58
f 35 59 58
f 35 36 59
f 36 60 59
f 36 37 60
f 37 61 60
f 37 38 61
f 38 62 61
f 38 39 62
f 39 63 62
f 39 40 63
f 40 64 63
f 40 41 64
f 41 65 64
f 41 42 65
f 42 66 65
f 42 43 66
f 43 67 66
f 43 44 67
f 44 68 67
f 44 45 68
f 45 69 68
f 45 46 69
f 46 70 69
f 46 47 70
f 47 71 70
f 47 48 71
f 48 72 71
f 48 25 72
f 25 49 72
f 49 50 73
f 50 74 73
f 50 51 74
f 51 75 74
f 51 52 75
f 52 76 75
f 52 53 76
f 53 77 76
f 53 54 77
f 54 78 77
f 54 55 78
f 55 79 78
f 55 56 79
f 56 80 79
f 56 57 80
f 57 81 80
f 57 58 81
f 58 82 81
f 58 59 82
f 59 83 82
f 59 60 83
f 60 84 83
f 60 61 84
f 61 85 84
f 61 62 85
f 62 86 85
f 62 63 86
f 63 87 86
f 63 64 87
f 64 88 87
f 64 65 88
f 65 89 88
f 65 66 89
f 66 90 89
f 66 67 90
f 67 91 90
f 67 68 91
f 68 92 91
f 68 69 92
f 69 93 92
f 69 70 93
f 70 94 93
f 70 71 94
f 71 95 94
f 71 72 95
f 72 96 95
f 72 49 96
f 49 73 96
f 73 74 97
f 74 98 97
f 74 75 98
f 75 99 98
f 75 76 99
f 76 100 99
f 76 77 100
f 77 101 100
f 77 78 101
f 78 102 101
f 78 79 102
f 79 103 102
f 79 80 103
f 80 104 103
f 80 81 104
f 81 105 104
f 81 82 105
f 82 106 105
f 82 83 106
f 83 107 106
f 83 84 107
f 84 108 107
f 84 85 108
f 85 109 108
f 85 86 109
f 86 110 109
f 86 87 110
f 87 111 110
f 87 88 111
f 88 112 111
f 88 89 112
f 89 113 112
f 89 90 113
f 90 114 113
f 90 91 114
f 91 115 114
f 91 92 115
f 92 116 115
f 92 93 116
f 93 117 116
f 93 94 117
f 94 118 117
f 94 95 118
f 95 119 118
f 95 96 119
f 96 120 119
f 96 73 120
f 73 97 120
f 121 2 1
f 121 3 2
f 121 4 3
f 121 5 4
f 121 6 5
f 121 7 6
f 121 8 7
f 121 9 8
f 121 10 9
f 121 11 10
f 121 12 11
f 121 13 12
f 121 14 13
f 121 15 14
f 121 16 15
f 121 17 16
f 121 18 17
f 121 19 18
f 121 20 19
f 121 21 20
f 121 22 21
f 121 23 22
f 121 24 23
f 121 1 24
f 122 97 98
f 122 98 99
f 122 99 100
f 122 100 101
f 122 101 102
f 122 102 103
f 122 103 104
f 122 104 105
f 122 105 106
f 122 106 107
f 122 107 108
f 122 108 109
f 122 109 110
f 122 110 111
f 122 111 112
f 122 112 113
f 122 113 114
f 122 114 115
f 122 115 116
f 122 116 117
f 122 117 118
f 122 118 119
f 122 119 120
f 122 120 97
f 123 124 147
f 124 148 147
f 124 125 148
f 125 149 148
f 125 126 149
f 126 150 149
f 126 127 150
f 127 151 150
f 127 128 151
f 128 152 151
f 128 129 152
f 129 153 152
f 129 130 153
f 130 154 153
f 130 131 154
f 131 155 154
f 131 132 155
f 132 156 155
f 132 133 156
f 133 157 156
f 133 134 157
f 134 158 157
f 134 135 158
f 135 159 158
f 135 136 159
f 136 160 159
f 136 137 160
f 137 161 160
f 137 138 161
f 138 162 161
f 138 139 162
f 139 163 162
f 139 140 163
f 140 164 163
f 140 141 164
f 141 165 164
f 141 142 165
f 142 166 165
f 142 143 166
f 143 167 166
f 143 144 167
f 144 168 167
f 144 145 168
f 145 169 168
f 145 146 169
f 146 170 169
f 146 123 170
f 123 147 170
f 147 148 171
f 148 172 171
f 148 149 172
f 149 173 172
f 149 150 173
f 150 174 173
f 150 151 174
f 151 175 174
f 151 152 175
f 152 176 175
f 152 153 176
f 153 177 176
f 153 154 177
f 154 178 177
f 154 155 178
f 155 179 178
f 155 156 179
f 156 180 179
f 156 157 180
f 157 181 180
f 157 158 181
f 158 182 181
f 158 159 182
f 159 183 182
f 159 160 183
f 160 184 183
f 160 161 184
f 161 185 184
f 161 162 185
f 162 186 185
f 162 163 186
f 163 187 186
f 163 164 187
f 164 188 187
f 164 165 188
f 165 189 188
f 165 166 189
f 166 190 189
f 166 167 190
f 167 191 190
f 167 168 191
f 168 192 191
f 168 169 192
f 169 193 192
f 169 170 193
f 170 194 193
f 170 147 194
f 147 171 194
f 171 172 195
f 172 196 195
f 172 173 196
f 173 197 196
f 173 174 197
f 174 198 197
f 174 175 198
f 175 199 198
f 175 176 199
f 176 200 199
f 176 177 200
f 177 201 200
f 177 178 201
f 178 202 201
f 178 179 202
f 179 203 202
f 179 180 203
f 180 204 203
f 180 181 204
f 181 205 204
f 181 182 205
f 182 206 205
f 182 183 206
f 183 207 206
f 183 184 207
f 184 208 207
f 184 185 208
f 185 209 208
f 185 186 209
f 186 210 209
f 186 187 210
f 187 211 210
f 187 188 211
f 188 212 211
f 188 189 212
f 189 213 212
f 189 190 213
f 190 214 213
f 190 191 214
f 191 215 214
f 191 192 215
f 192 216 215
f 192 193 216
f 193 217 216
f 193 194 217
f 194 218 217
f 194 171 218
f 171 195 218
f 195 196 219
f 196 220 219
f 196 197 220
f 197 221 220
f 197 198 221
f 198 222 221
f 198 199 222
f 199 223 222
f 199 200 223
f 200 224 223
f 200 201 224
f 201 225 224
f 201 202 225
f 202 226 225
f 202 203 226
f 203 227 226
f 203 204 227
f 204 228 227
f 204 205 228
f 205 229 228
f 205 206 229
f 206 230 229
f 206 207 230
f 207 231 230
f 207 208 231
f 208 232 231
f 208 209 232
f 209 233 232
f 209 210 233
f 210 234 233
f 210 211 234
f 211 235 234
f 211 212 235
f 212 236 235
f 212 213 236
f 213 237 236
f 213 214 237
f 214 238 237
f 214 215 238
f 215 239 238
f 215 216 239
f 216 240 239
f 216 217 240
f 217 241 240
f 217 218 241
f 218 242 241
f 218 195 242
f 195 219 242
f 243 124 123
f 243 125 124
f 243 126 125
f 243 127 126
f 243 128 127
f 243 129 128
f 243 130 129
f 243 131 130
f 243 132 131
f 243 133 132
f 243 134 133
f 243 135 134
f 243 136 135
f 243 137 136
f 243 138 137
f 243 139 138
f 243 140 139
f 243 141 140
f 243 142 141
f 243 143 142
f 243 144 143
f 243 145 144
f 243 146 145
f 243 123 146
f 244 219 220
f 244 220 221
f 244 221 222
f 244 222 223
f 244 223 224
f 244 224 225
f 244 225 226
f 244 226 227
f 244 227 228
f 244 228 229
f 244 229 230
f 244 230 231
f 244 231 232
f 244 232 233
f 244 233 234
f 244 234 235
f 244 235 236
f 244 236 237
f 244 237 238
f 244 238 239
f 244 239 240
f 244 240 241
f 244 241 242
f 244 242 219
f 293 246 245
f 293 294 246
f 294 247 246
f 294 295 247
f 295 248 247
f 295 296 248
f 296 249 248
f 296 297 249
f 297 250 249
f 297 298 250
f 298 251 250
f 298 299 251
f 299 252 251
f 299 300 252
f 300 253 252
f 300 301 253
f 301 254 253
f 301 302 254
f 302 255 254
f 302 303 255
f 303 256 255
f 303 304 256
f 304 257 256
f 304 305 257
f 305 258 257
f 305 306 258
f 306 259 258
f 306 307 259
f 307 260 259
f 307 308 260
f 308 261 260
f 308 309 261
f 309 262 261
f 309 310 262
f 310 263 262
f 310 311 263
f 311 264 263
f 311 312 264
f 312 265 264
f 312 313 265
f 313 266 265
f 313 314 266
f 314 267 266
f 314 315 267
f 315 268 267
f 315 316 268
f 316 269 268
f 316 317 269
f 317 270 269
f 317 318 270
f 318 271 270
f 318 319 271
f 319 272 271
f 319 320 272
f 320 273 272
f 320 321 273
f 321 274 273
f 321 322 274
f 322 275 274
f 322 323 275
f 323 276 275
f 323 324 276
f 324 277 276
f 324 325 277
f 325 278 277
f 325 326 278
f 326 279 278
f 326 327 279
f 327 280 279
f 327 328 280
f 328 281 280
f 328 329 281
f 329 282 281
f 329 330 282
f 330 283 282
f 330 331 283
f 331 284 283
f 331 332 284
f 332 285 284
f 332 333 285
f 333 286 285
f 333 334 286
f 334 287 286
f 334 335 287
f 335 288 287
f 335 336 288
f 336 289 288
f 336 337 289
f 337 290 289
f 337 338 290
f 338 291 290
f 338 339 291
f 339 292 291
f 339 340 292
f 340 245 292
f 340 293 245
f 341 294 293
f 341 342 294
f 342 295 294
f 342 343 295
f 343 296 295
f 343 344 296
f 344 297 296
f 344 345 297
f 345 298 297
f 345 346 298
f 346 299 298
f 346 347 299
f 347 300 299
f 347 348 300
f 348 301 300
f 348 349 301
f 349 302 301
f 349 350 302
f 350 303 302
f 350 351 303
f 351 304 303
f 351 352 304
f 352 305 304
f 352 353 305
f 353 306 305
f 353 354 306
f 354 307 306
f 354 355 307
f 355 308 307
f 355 356 308
f 356 309 308
f 356 357 309
f 357 310 309
f 357 358 310
f 358 311 310
f 358 359 311
f 359 312 311
f 359 360 312
f 360 313 312
f 360 361 313
f 361 314 313
f 361 362 314
f 362 315 314
f 362 363 315
f 363 316 315
f 363 364 316
f 364 317 316
f 364 365 317
f 365 318 317
f 365 366 318
f 366 319 318
f 366 367 319
f 367 320 319
f 367 368 320
f 368 321 320
f 368 369 321
f 369 322 321
f 369 370 322
f 370 323 322
f 370 371 323
f 371 324 323
f 371 372 324
f 372 325 324
f 372 373 325
f 373 326 325
f 373 374 326
f 374 327 326
f 374 375 327
f 375 328 327
f 375 376 328
f 376 329 328
f 376 377 329
f 377 330 329
f 377 378 330
f 378 331 330
f 378 379 331
f 379 332 331
f 379 380 332
f 380 333 332
f 380 381 333
f 381 334 333
f 381 382 334
f 382 335 334
f 382 383 335
f 383 336 335
f 383 384 336
f 384 337 336
f 384 385 337
f 385 338 337
f 385 386 338
f 386 339 338
f 386 387 339
f 387 340 339
f 387 388 340
f 388 293 340
f 388 341 293
f 389 342 341
f 389 390 342
f 390 343 342
f 390 391 343
f 391 344 343
f 391 392 344
f 392 345 344
f 392 393 345
f 393 346 345
f 393 394 346
f 394 347 346
f 394 395 347
f 395 348 347
f 395 396 348
f 396 349 348
f 396 397 349
f 397 350 349
f 397 398 350
f 398 351 350
f 398 399 351
f 399 352 351
f 399 400 352
f 400 353 352
f 400 401 353
f 401 354 353
f 401 402 354
f 402 355 354
f 402 403 355
f 403 356 355
f 403 404 356
f 404 357 356
f 404 405 357
f 405 358 357
f 405 406 358
f 406 359 358
f 406 407 359
f 407 360 359
f 407 408 360
f 408 361 360
f 408 409 361
f 409 362 361
f 409 410 362
f 410 363 362
f 410 411 363
f 411 364 363
f 411 412 364
f 412 365 364
f 412 413 365
f 413 366 365
f 413 414 366
f 414 367 366
f 414 415 367
f 415 368 367
f 415 416 368
f 416 369 368
f 416 417 369
f 417 370 369
f 417 418 370
f 418 371 370
f 418 419 371
f 419 372 371
f 419 420 372
f 420 373 372
f 420 421 373
f 421 374 373
f 421 422 374
f 422 375 374
f 422 423 375
f 423 376 375
f 423 424 376
f 424 377 376
f 424 425 377
f 425 378 377
f 425 426 378
f 426 379 378
f 426 427 379
f 427 380 379
f 427 428 380
f 428 381 380
f 428 429 381
f 429 382 381
f 429 430 382
f 430 383 382
f 430 431 383
f 431 384 383
f 431 432 384
f 432 385 384
f 432 433 385
f 433 386 385
f 433 434 386
f 434 387 386
f 434 435 387
f 435 388 387
f 435 436 388
f 436 341 388
f 436 389 341
f 437 390 389
f 437 438 390
f 438 391 390
f 438 439 391
f 439 392 391
f 439 440 392
f 440 393 392
f 440 441 393
f 441 394 393
f 441 442 394
f 442 395 394
f 442 443 395
f 443 396 395
f 443 444 396
f 444 397 396
f 444 445 397
f 445 398 397
f 445 446 398
f 446 399 398
f 446 447 399
f 447 400 399
f 447 448 400
f 448 401 400
f 448 449 401
f 449 402 401
f 449 450 402
f 450 403 402
f 450 451 403
f 451 404 403
f 451 452 404
f 452 405 404
f 452 453 405
f 453 406 405
f 453 454 406
f 454 407 406
f 454 455 407
f 455 408 407
f 455 456 408
f 456 409 408
f 456 457 409
f 457 410 409
f 457 458 410
f 458 411 410
f 458 459 411
f 459 412 411
f 459 460 412
f 460 413 412
f 460 461 413
f 461 414 413
f 461 462 414
f 462 415 414
f 462 463 415
f 463 416 415
f 463 464 416
f 464 417 416
f 464 465 417
f 465 418 417
f 465 466 418
f 466 419 418
f 466 467 419
f 467 420 419
f 467 468 420
f 468 421 420
f 468 469 421
f 469 422 421
f 469 470 422
f 470 423 422
f 470 471 423
f 471 424 423
f 471 472 424
f 472 425 424
f 472 473 425
f 473 426 425
f 473 474 426
f 474 427 426
f 474 475 427
f 475 428 427
f 475 476 428
f 476 429 428
f 476 477 429
f 477 430 429
f 477 478 430
f 478 431 430
f 478 479 431
f 479 432 431
f 479 480 432
f 480 433 432
f 480 481 433
f 481 434 433
f 481 482 434
f 482 435 434
f 482 483 435
f 483 436 435
f 483 484 436
f 484 389 436
f 484 437 389
f 485 438 437
f 485 486 438
f 486 439 438
f 486 487 439
f 487 440 439
f 487 488 440
f 488 441 440
f 488 489 441
f 489 442 441
f 489 490 442
f 490 443 442
f 490 491 443
f 491 444 443
f 491 492 444
f 492 445 444
f 492 493 445
f 493 446 445
f 493 494 446
f 494 447 446
f 494 495 447
f 495 448 447
f 495 496 448
f 496 449 448
f 496 497 449
f 497 450 449
f 497 498 450
f 498 451 450
f 498 499 451
f 499 452 451
f 499 500 452
f 500 453 452
f 500 501 453
f 501 454 453
f 501 502 454
f 502 455 454
f 502 503 455
f 503 456 455
f 503 504 456
f 504 457 456
f 504 505 457
f 505 458 457
f 505 506 458
f 506 459 458
f 506 507 459
f 507 460 459
f 507 508 460
f 508 461 460
f 508 509 461
f 509 462 461
f 509 510 462
f 510 463 462
f 510 511 463
f 511 464 463
f 511 512 464
f 512 465 464
f 512 513 465
f 513 466 465
f 513 514 466
f 514 467 466
f 514 515 467
f 515 468 467
f 515 516 468
f 516 469 468
f 516 517 469
f 517 470 469
f 517 518 470
f 518 471 470
f 518 519 471
f 519 472 471
f 519 520 472
f 520 473 472
f 520 521 473
f 521 474 473
f 521 522 474
f 522 475 474
f 522 523 475
f 523 476 475
f 523 524 476
f 524 477 476
f 524 525 477
f 525 478 477
f 525 526 478
f 526 479 478
f 526 527 479
f 527 480 479
f 527 528 480
f 528 481 480
f 528 529 481
f 529 482 481
f 529 530 482
f 530 483 482
f 530 531 483
f 531 484 483
f 531 532 484
f 532 437 484
f 532 485 437
f 573 534 533
f 573 574 534
f 574 535 534
f 574 575 535
f 575 536 535
f 575 576 536
f 576 537 536
f 576 577 537
f 577 538 537
f 577 578 538
f 578 539 538
f 578 579 539
f 579 540 539
f 579 580 540
f 580 541 540
f 580 581 541
f 581 542 541
f 581 582 542
f 582 543 542
f 582 583 543
f 583 544 543
f 583 584 544
f 584 545 544
f 584 585 545
f 585 546 545
f 585 586 546
f 586 547 546
f 586 587 547
f 587 548 547
f 587 588 548
f 588 549 548
f 588 589 549
f 589 550 549
f 589 590 550
f 590 551 550
f 590 591 551
f 591 552 551
f 591 592 552
f 592 553 552
f 592 593 553
f 593 554 553
f 593 594 554
f 594 555 554
f 594 595 555
f 595 556 555
f 595 596 556
f 596 557 556
f 596 597 557
f 597 558 557
f 597 598 558
f 598 559 558
f 598 599 559
f 599 560 559
f 599 600 560
f 600 561 560
f 600 601 561
f 601 562 561
f 601 602 562
f 602 563 562
f 602 603 563
f 603 564 563
f 603 604 564
f 604 565 564
f 604 605 565
f 605 566 565
f 605 606 566
f 606 567 566
f 606 607 567
f 607 568 567
f 607 608 568
f 608 569 568
f 608 609 569
f 609 570 569
f 609 610 570
f 610 571 570
f 610 611 571
f 611 572 571
f 611 612 572
f 612 533 572
f 612 573 533
f 613 574 573
f 613 614 574
f 614 575 574
f 614 615 575
f 615 576 575
f 615 616 576
f 616 577 576
f 616 617 577
f 617 578 577
f 617 618 578
f 618 579 578
f 618 619 579
f 619 580 579
f 619 620 580
f 620 581 580
f 620 621 581
f 621 582 581
f 621 622 582
f 622 583 582
f 622 623 583
f 623 584 583
f 623 624 584
f 624 585 584
f 624 625 585
f 625 586 585
f 625 626 586
f 626 587 586
f 626 627 587
f 627 588 587
f 627 628 588
f 628 589 588
f 628 629 589
f 629 590 589
f 629 630 590
f 630 591 590
f 630 631 591
f 631 592 591
f 631 632 592
f 632 593 592
f 632 633 593
f 633 594 593
f 633 634 594
f 634 595 594
f 634 635 595
f 635 596 595
f 635 636 596
f 636 597 596
f 636 637 597
f 637 598 597
f 637 638 598
f 638 599 598
f 638 639 599
f 639 600 599
f 639 640 600
f 640 601 600
f 640 641 601
f 641 602 601
f 641 642 602
f 642 603 602
f 642 643 603
f 643 604 603
f 643 644 604
f 644 605 604
f 644 645 605
f 645 606 605
f 645 646 606
f 646 607 606
f 646 647 607
f 647 608 607
f 647 648 608
f 648 609 608
f 648 649 609
f 649 610 609
f 649 650 610
f 650 611 610
f 650 651 611
f 651 612 611
f 651 652 612
f 652 573 612
f 652 613 573
f 653 654 662
f 654 663 662
f 662 654 653
f 662 663 654
f 654 655 663
f 655 664 663
f 663 655 654
f 663 664 655
f 655 656 664
f 656 665 664
f 664 656 655
f 664 665 656
f 656 657 665
f 657 666 665
f 665 657 656
f 665 666 657
f 657 658 666
f 658 667 666
f 666 658 657
f 666 667 658
f 658 659 667
f 659 668 667
f 667 659 658
f 667 668 659
f 659 660 668
f 660 669 668
f 668 660 659
f 668 669 660
f 660 661 669
f 661 670 669
f 669 661 660
f 669 670 661
f 662 663 671
f 663 672 671
f 671 663 662
f 671 672 663
f 663 664 672
f 664 673 672
f 672 664 663
f 672 673 664
f 664 665 673
f 665 674 673
f 673 665 664
f 673 674 665
f 665 666 674
f 666 675 674
f 674 666 665
f 674 675 666
f 666 667 675
f 667 676 675
f 675 667 666
f 675 676 667
f 667 668 676
f 668 677 676
f 676 668 667
f 676 677 668
f 668 669 677
f 669 678 677
f 677 669 668
f 677 678 669
f 669 670 678
f 670 679 678
f 678 670 669
f 678 679 670
f 671 672 680
f 672 681 680
f 680 672 671
f 680 681 672
f 672 673 681
f 673 682 681
f 681 673 672
f 681 682 673
f 673 674 682
f 674 683 682
f 682 674 673
f 682 683 674
f 674 675 683
f 675 684 683
f 683 675 674
f 683 684 675
f 675 676 684
f 676 685 684
f 684 676 675
f 684 685 676
f 676 677 685
f 677 686 685
f 685 677 676
f 685 686 677
f 677 678 686
f 678 687 686
f 686 678 677
f 686 687 678
f 678 679 687
f 679 688 687
f 687 679 678
f 687 688 679
f 680 681 689
f 681 690 689
f 689 681 680
f 689 690 681
f 681 682 690
f 682 691 690
f 690 682 681
f 690 691 682
f 682 683 691
f 683 692 691
f 691 683 682
f 691 692 683
f 683 684 692
f 684 693 692
f 692 684 683
f 692 693 684
f 684 685 693
f 685 694 693
f 693 685 684
f 693 694 685
f 685 686 694
f 686 695 694
f 694 686 685
f 694 695 686
f 686 687 695
f 687 696 695
f 695 687 686
f 695 696 687
f 687 688 696
f 688 697 696
f 696 688 687
f 696 697 688
f 689 690 698
f 690 699 698
f 698 690 689
f 698 699 690
f 690 691 699
f 691 700 699
f 699 691 690
f 699 700 691
f 691 692 700
f 692 701 700
f 700 692 691
f 700 701 692
f 692 693 701
f 693 702 701
f 701 693 692
f 701 702 693
f 693 694 702
f 694 703 702
f 702 694 693
f 702 703 694
f 694 695 703
f 695 704 703
f 703 695 694
f 703 704 695
f 695 696 704
f 696 705 704
f 704 696 695
f 704 705 696
f 696 697 705
f 697 706 705
f 705 697 696
f 705 706 697
f 698 699 707
f 699 708 707
f 707 699 698
f 707 708 699
f 699 700 708
f 700 709 708
f 708 700 699
f 708 709 700
f 700 701 709
f 701 710 709
f 709 701 700
f 709 710 701
f 701 702 710
f 702 711 710
f 710 702 701
f 710 711 702
f 702 703 711
f 703 712 711
f 711 703 702
f 711 712 703
f 703 704 712
f 704 713 712
f 712 704 703
f 712 713 704
f 704 705 713
f 705 714 713
f 713 705 704
f 713 714 705
f 705 706 714
f 706 715 714
f 714 706 705
f 714 715 706
f 707 708 716
f 708 717 716
f 716 708 707
f 716 717 708
f 708 709 717
f 709 718 717
f 717 709 708
f 717 718 709
f 709 710 718
f 710 719 718
f 718 710 709
f 718 719 710
f 710 711 719
f 711 720 719
f 719 711 710
f 719 720 711
f 711 712 720
f 712 721 720
f 720 712 711
f 720 721 712
f 712 713 721
f 713 722 721
f 721 713 712
f 721 722 713
f 713 714 722
f 714 723 722
f 722 714 713
f 722 723 714
f 714 715 723
f 715 724 723
f 723 715 714
f 723 724 715
f 716 717 725
f 717 726 725
f 725 717 716
f 725 726 717
f 717 718 726
f 718 727 726
f 726 718 717
f 726 727 718
f 718 719 727
f 719 728 727
f 727 719 718
f 727 728 719
f 719 720 728
f 720 729 728
f 728 720 719
f 728 729 720
f 720 721 729
f 721 730 729
f 729 721 720
f 729 730 721
f 721 722 730
f 722 731 730
f 730 722 721
f 730 731 722
f 722 723 731
f 723 732 731
f 731 723 722
f 731 732 723
f 723 724 732
f 724 733 732
f 732 724 723
f 732 733 724
f 734 735 743
f 735 744 743
f 743 735 734
f 743 744 735
f 735 736 744
f 736 745 744
f 744 736 735
f 744 745 736
f 736 737 745
f 737 746 745
f 745 737 736
f 745 746 737
f 737 738 746
f 738 747 746
f 746 738 737
f 746 747 738
f 738 739 747
f 739 748 747
f 747 739 738
f 747 748 739
f 739 740 748
f 740 749 748
f 748 740 739
f 748 749 740
f 740 741 749
f 741 750 749
f 749 741 740
f 749 750 741
f 741 742 750
f 742 751 750
f 750 742 741
f 750 751 742
f 743 744 752
f 744 753 752
f 752 744 743
f 752 753 744
f 744 745 753
f 745 754 753
f 753 745 744
f 753 754 745
f 745 746 754
f 746 755 754
f 754 746 745
f 754 755 746
f 746 747 755
f 747 756 755
f 755 747 746
f 755 756 747
f 747 748 756
f 748 757 756
f 756 748 747
f 756 757 748
f 748 749 757
f 749 758 757
f 757 749 748
f 757 758 749
f 749 750 758
f 750 759 758
f 758 750 749
f 758 759 750
f 750 751 759
f 751 760 759
f 759 751 750
f 759 760 751
f 752 753 761
f 753 762 761
f 761 753 752
f 761 762 753
f 753 754 762
f 754 763 762
f 762 754 753
f 762 763 754
f 754 755 763
f 755 764 763
f 763 755 754
f 763 764 755
f 755 756 764
f 756 765 764
f 764 756 755
f 764 765 756
f 756 757 765
f 757 766 765
f 765 757 756
f 765 766 757
f 757 758 766
f 758 767 766
f 766 758 757
f 766 767 758
f 758 759 767
f 759 768 767
f 767 759 758
f 767 768 759
f 759 760 768
f 760 769 768
f 768 760 759
f 768 769 760
f 761 762 770
f 762 771 770
f 770 762 761
f 770 771 762
f 762 763 771
f 763 772 771
f 771 763 762
f 771 772 763
f 763 764 772
f 764 773 772
f 772 764 763
f 772 773 764
f 764 765 773
f 765 774 773
f 773 765 764
f 773 774 765
f 765 766 774
f 766 775 774
f 774 766 765
f 774 775 766
f 766 767 775
f 767 776 775
f 775 767 766
f 775 776 767
f 767 768 776
f 768 777 776
f 776 768 767
f 776 777 768
f 768 769 777
f 769 778 777
f 777 769 768
f 777 778 769
f 770 771 779
f 771 780 779
f 779 771 770
f 779 780 771
f 771 772 780
f 772 781 780
f 780 772 771
f 780 781 772
f 772 773 781
f 773 782 781
f 781 773 772
f 781 782 773
f 773 774 782
f 774 783 782
f 782 774 773
f 782 783 774
f 774 775 783
f 775 784 783
f 783 775 774
f 783 784 775
f 775 776 784
f 776 785 784
f 784 776 775
f 784 785 776
f 776 777 785
f 777 786 785
f 785 777 776
f 785 786 777
f 777 778 786
f 778 787 786
f 786 778 777
f 786 787 778
f 779 780 788
f 780 789 788
f 788 780 779
f 788 789 780
f 780 781 789
f 781 790 789
f 789 781 780
f 789 790 781
f 781 782 790
f 782 791 790
f 790 782 781
f 790 791 782
f 782 783 791
f 783 792 791
f 791 783 782
f 791 792 783
f 783 784 792
f 784 793 792
f 792 784 783
f 792 793 784
f 784 785 793
f 785 794 793
f 793 785 784
f 793 794 785
f 785 786 794
f 786 795 794
f 794 786 785
f 794 795 786
f 786 787 795
f 787 796 795
f 795 787 786
f 795 796 787
f 788 789 797
f 789 798 797
f 797 789 788
f 797 798 789
f 789 790 798
f 790 799 798
f 798 790 789
f 798 799 790
f 790 791 799
f 791 800 799
f 799 791 790
f 799 800 791
f 791 792 800
f 792 801 800
f 800 792 791
f 800 801 792
f 792 793 801
f 793 802 801
f 801 793 792
f 801 802 793
f 793 794 802
f 794 803 802
f 802 794 793
f 802 803 794
f 794 795 803
f 795 804 803
f 803 795 794
f 803 804 795
f 795 796 804
f 796 805 804
f 804 796 795
f 804 805 796
f 797 798 806
f 798 807 806
f 806 798 797
f 806 807 798
f 798 799 807
f 799 808 807
f 807 799 798
f 807 808 799
f 799 800 808
f 800 809 808
f 808 800 799
f 808 809 800
f 800 801 809
f 801 810 809
f 809 801 800
f 809 810 801
f 801 802 810
f 802 811 810
f 810 802 801
f 810 811 802
f 802 803 811
f 803 812 811
f 811 803 802
f 811 812 803
f 803 804 812
f 804 813 812
f 812 804 803
f 812 813 804
f 804 805 813
f 805 814 813
f 813 805 804
f 813 814 805
v 0.300000 1.390000 0.000000
v 0.297433 1.390000 0.019709
v 0.289778 1.390000 0.039082
v 0.277164 1.390000 0.057785
v 0.259808 1.390000 0.075500
v 0.238006 1.390000 0.091923
v 0.212132 1.390000 0.106773
v 0.182628 1.390000 0.119796
v 0.150000 1.390000 0.130770
v 0.114805 1.390000 0.139506
v 0.077646 1.390000 0.145855
v 0.039158 1.390000 0.149708
v 0.000000 1.390000 0.151000
v -0.039158 1.390000 0.149708
v -0.077646 1.390000 0.145855
v -0.114805 1.390000 0.139506
v -0.150000 1.390000 0.130770
v -0.182628 1.390000 0.119796
v -0.212132 1.390000 0.106773
v -0.238006 1.390000 0.091923
v -0.259808 1.390000 0.075500
v -0.277164 1.390000 0.057785
v -0.289778 1.390000 0.039082
v -0.297433 1.390000 0.019709
v -0.300000 1.390000 0.000000
v -0.297433 1.390000 -0.019709
v -0.289778 1.390000 -0.039082
v -0.277164 1.390000 -0.057785
v -0.259808 1.390000 -0.075500
v -0.238006 1.390000 -0.091923
v -0.212132 1.390000 -0.106773
v -0.182628 1.390000 -0.119796
v -0.150000 1.390000 -0.130770
v -0.114805 1.390000 -0.139506
v -0.077646 1.390000 -0.145855
v -0.039158 1.390000 -0.149708
v -0.000000 1.390000 -0.151000
v 0.039158 1.390000 -0.149708
v 0.077646 1.390000 -0.145855
v 0.114805 1.390000 -0.139506
v 0.150000 1.390000 -0.130770
v 0.182628 1.390000 -0.119796
v 0.212132 1.390000 -0.106773
v 0.238006 1.390000 -0.091923
v 0.259808 1.390000 -0.075500
v 0.277164 1.390000 -0.057785
v 0.289778 1.390000 -0.039082
v 0.297433 1.390000 -0.019709
v 0.325000 1.430000 0.000000
v 0.322220 1.430000 0.020101
v 0.313926 1.430000 0.039858
v 0.300261 1.430000 0.058933
v 0.281458 1.430000 0.077000
v 0.257840 1.430000 0.093749
v 0.229810 1.430000 0.108894
v 0.197847 1.430000 0.122176
v 0.162500 1.430000 0.133368
v 0.124372 1.430000 0.142277
v 0.084116 1.430000 0.148753
v 0.042421 1.430000 0.152683
v 0.000000 1.430000 0.154000
v -0.042421 1.430000 0.152683
v -0.084116 1.430000 0.148753
v -0.124372 1.430000 0.142277
v -0.162500 1.430000 0.133368
v -0.197847 1.430000 0.122176
v -0.229810 1.430000 0.108894
v -0.257840 1.430000 0.093749
v -0.281458 1.430000 0.077000
v -0.300261 1.430000 0.058933
v -0.313926 1.430000 0.039858
v -0.322220 1.430000 0.020101
v -0.325000 1.430000 0.000000
v -0.322220 1.430000 -0.020101
v -0.313926 1.430000 -0.039858
v -0.300261 1.430000 -0.058933
v -0.281458 1.430000 -0.077000
v -0.257840 1.430000 -0.093749
v -0.229810 1.430000 -0.108894
v -0.197847 1.430000 -0.122176
v -0.162500 1.430000 -0.133368
v -0.124372 1.430000 -0.142277
v -0.084116 1.430000 -0.148753
v -0.042421 1.430000 -0.152683
v -0.000000 1.430000 -0.154000
v 0.042421 1.430000 -0.152683
v 0.084116 1.430000 -0.148753
v 0.124372 1.430000 -0.142277
v 0.162500 1.430000 -0.133368
v 0.197847 1.430000 -0.122176
v 0.229810 1.430000 -0.108894
v 0.257840 1.430000 -0.093749
v 0.281458 1.430000 -0.077000
v 0.300261 1.430000 -0.058933
v 0.313926 1.430000 -0.039858
v 0.322220 1.430000 -0.020101
v 0.310000 1.480000 0.000000
v 0.307348 1.480000 0.017882
v 0.299437 1.480000 0.035458
v 0.286403 1.480000 0.052428
v 0.268468 1.480000 0.068500
v 0.245940 1.480000 0.083400
v 0.219203 1.480000 0.096874
v 0.188716 1.480000 0.108689
v 0.155000 1.480000 0.118645
v 0.118632 1.480000 0.126571
v 0.080234 1.480000 0.132332
v 0.040463 1.480000 0.135828
v 0.000000 1.480000 0.137000
v -0.040463 1.480000 0.135828
v -0.080234 1.480000 0.132332
v -0.118632 1.480000 0.126571
v -0.155000 1.480000 0.118645
v -0.188716 1.480000 0.108689
v -0.219203 1.480000 0.096874
v -0.245940 1.480000 0.083400
v -0.268468 1.480000 0.068500
v -0.286403 1.480000 0.052428
v -0.299437 1.480000 0.035458
v -0.307348 1.480000 0.017882
v -0.310000 1.480000 0.000000
v -0.307348 1.480000 -0.017882
v -0.299437 1.480000 -0.035458
v -0.286403 1.480000 -0.052428
v -0.268468 1.480000 -0.068500
v -0.245940 1.480000 -0.083400
v -0.219203 1.480000 -0.096874
v -0.188716 1.480000 -0.108689
v -0.155000 1.480000 -0.118645
v -0.118632 1.480000 -0.126571
v -0.080234 1.480000 -0.132332
v -0.040463 1.480000 -0.135828
v -0.000000 1.480000 -0.137000
v 0.040463 1.480000 -0.135828
v 0.080234 1.480000 -0.132332
v 0.118632 1.480000 -0.126571
v 0.155000 1.480000 -0.118645
v 0.188716 1.480000 -0.108689
v 0.219203 1.480000 -0.096874
v 0.245940 1.480000 -0.083400
v 0.268468 1.480000 -0.068500
v 0.286403 1.480000 -0.052428
v 0.299437 1.480000 -0.035458
v 0.307348 1.480000 -0.017882
v 0.148000 1.475000 0.000000
v 0.146178 1.475000 0.018772
v 0.140756 1.475000 0.037082
v 0.131869 1.475000 0.054479
v 0.119735 1.475000 0.070534
v 0.104652 1.475000 0.084853
v 0.086992 1.475000 0.097082
v 0.067191 1.475000 0.106921
v 0.045735 1.475000 0.114127
v 0.023152 1.475000 0.118523
v 0.000000 1.475000 0.120000
v -0.023152 1.475000 0.118523
v -0.045735 1.475000 0.114127
v -0.067191 1.475000 0.106921
v -0.086992 1.475000 0.097082
v -0.104652 1.475000 0.084853
v -0.119735 1.475000 0.070534
v -0.131869 1.475000 0.054479
v -0.140756 1.475000 0.037082
v -0.146178 1.475000 0.018772
v -0.148000 1.475000 0.000000
v -0.146178 1.475000 -0.018772
v -0.140756 1.475000 -0.037082
v -0.131869 1.475000 -0.054479
v -0.119735 1.475000 -0.070534
v -0.104652 1.475000 -0.084853
v -0.086992 1.475000 -0.097082
v -0.067191 1.475000 -0.106921
v -0.045735 1.475000 -0.114127
v -0.023152 1.475000 -0.118523
v -0.000000 1.475000 -0.120000
v 0.023152 1.475000 -0.118523
v 0.045735 1.475000 -0.114127
v 0.067191 1.475000 -0.106921
v 0.086992 1.475000 -0.097082
v 0.104652 1.475000 -0.084853
v 0.119735 1.475000 -0.070534
v 0.131869 1.475000 -0.054479
v 0.140756 1.475000 -0.037082
v 0.146178 1.475000 -0.018772
v 0.142000 1.515000 0.000000
v 0.140252 1.515000 0.017990
v 0.135050 1.515000 0.035537
v 0.126523 1.515000 0.052209
v 0.114880 1.515000 0.067595
v 0.100409 1.515000 0.081317
v 0.083466 1.515000 0.093037
v 0.064467 1.515000 0.102466
v 0.043880 1.515000 0.109371
v 0.022214 1.515000 0.113584
v 0.000000 1.515000 0.115000
v -0.022214 1.515000 0.113584
v -0.043880 1.515000 0.109371
v -0.064467 1.515000 0.102466
v -0.083466 1.515000 0.093037
v -0.100409 1.515000 0.081317
v -0.114880 1.515000 0.067595
v -0.126523 1.515000 0.052209
v -0.135050 1.515000 0.035537
v -0.140252 1.515000 0.017990
v -0.142000 1.515000 0.000000
v -0.140252 1.515000 -0.017990
v -0.135050 1.515000 -0.035537
v -0.126523 1.515000 -0.052209
v -0.114880 1.515000 -0.067595
v -0.100409 1.515000 -0.081317
v -0.083466 1.515000 -0.093037
v -0.064467 1.515000 -0.102466
v -0.043880 1.515000 -0.109371
v -0.022214 1.515000 -0.113584
v -0.000000 1.515000 -0.115000
v 0.022214 1.515000 -0.113584
v 0.043880 1.515000 -0.109371
v 0.064467 1.515000 -0.102466
v 0.083466 1.515000 -0.093037
v 0.100409 1.515000 -0.081317
v 0.114880 1.515000 -0.067595
v 0.126523 1.515000 -0.052209
v 0.135050 1.515000 -0.035537
v 0.140252 1.515000 -0.017990
v 0.128000 1.565000 -0.006000
v 0.126424 1.565000 0.010895
v 0.121735 1.565000 0.027374
v 0.114049 1.565000 0.043031
v 0.103554 1.565000 0.057481
v 0.090510 1.565000 0.070368
v 0.075237 1.565000 0.081374
v 0.058111 1.565000 0.090229
v 0.039554 1.565000 0.096714
v 0.020024 1.565000 0.100670
v 0.000000 1.565000 0.102000
v -0.020024 1.565000 0.100670
v -0.039554 1.565000 0.096714
v -0.058111 1.565000 0.090229
v -0.075237 1.565000 0.081374
v -0.090510 1.565000 0.070368
v -0.103554 1.565000 0.057481
v -0.114049 1.565000 0.043031
v -0.121735 1.565000 0.027374
v -0.126424 1.565000 0.010895
v -0.128000 1.565000 -0.006000
v -0.126424 1.565000 -0.022895
v -0.121735 1.565000 -0.039374
v -0.114049 1.565000 -0.055031
v -0.103554 1.565000 -0.069481
v -0.090510 1.565000 -0.082368
v -0.075237 1.565000 -0.093374
v -0.058111 1.565000 -0.102229
v -0.039554 1.565000 -0.108714
v -0.020024 1.565000 -0.112670
v -0.000000 1.565000 -0.114000
v 0.020024 1.565000 -0.112670
v 0.039554 1.565000 -0.108714
v 0.058111 1.565000 -0.102229
v 0.075237 1.565000 -0.093374
v 0.090510 1.565000 -0.082368
v 0.103554 1.565000 -0.069481
v 0.114049 1.565000 -0.055031
v 0.121735 1.565000 -0.039374
v 0.126424 1.565000 -0.022895
v 0.001000 0.550000 -0.047208
v -0.038000 0.550000 -0.055821
v -0.077000 0.550000 -0.063718
v -0.116000 0.550000 -0.074957
v -0.155000 0.550000 -0.093000
v -0.194000 0.550000 -0.095573
v -0.233000 0.550000 -0.101282
v -0.272000 0.550000 -0.103650
v -0.311000 0.550000 -0.096792
v 0.013250 0.606250 -0.071376
v -0.024438 0.606250 -0.075900
v -0.062125 0.606250 -0.079881
v -0.099812 0.606250 -0.088073
v -0.137500 0.606250 -0.104481
v -0.175188 0.606250 -0.107120
v -0.212875 0.606250 -0.114586
v -0.250563 0.606250 -0.120088
v -0.288250 0.606250 -0.117185
v 0.025500 0.662500 -0.095638
v -0.010875 0.662500 -0.096563
v -0.047250 0.662500 -0.096443
v -0.083625 0.662500 -0.100762
v -0.120000 0.662500 -0.114213
v -0.156375 0.662500 -0.115339
v -0.192750 0.662500 -0.123005
v -0.229125 0.662500 -0.130383
v -0.265500 0.662500 -0.130699
v -0.001000 0.550000 -0.047208
v 0.038000 0.550000 -0.055821
v 0.077000 0.550000 -0.063718
v 0.116000 0.550000 -0.074957
v 0.155000 0.550000 -0.093000
v 0.194000 0.550000 -0.095573
v 0.233000 0.550000 -0.101282
v 0.272000 0.550000 -0.103650
v 0.311000 0.550000 -0.096792
v -0.013250 0.606250 -0.071376
v 0.024438 0.606250 -0.075900
v 0.062125 0.606250 -0.079881
v 0.099812 0.606250 -0.088073
v 0.137500 0.606250 -0.104481
v 0.175188 0.606250 -0.107120
v 0.212875 0.606250 -0.114586
v 0.250563 0.606250 -0.120088
v 0.288250 0.606250 -0.117185
v -0.025500 0.662500 -0.095638
v 0.010875 0.662500 -0.096563
v 0.047250 0.662500 -0.096443
v 0.083625 0.662500 -0.100762
v 0.120000 0.662500 -0.114213
v 0.156375 0.662500 -0.115339
v 0.192750 0.662500 -0.123005
v 0.229125 0.662500 -0.130383
v 0.265500 0.662500 -0.130699
v -0.069350 1.470000 0.152700
v -0.052012 1.470000 0.154996
v -0.034675 1.470000 0.156943
v -0.017337 1.470000 0.158243
v 0.000000 1.470000 0.158700
v 0.017338 1.470000 0.158243
v 0.034675 1.470000 0.156943
v 0.052012 1.470000 0.154996
v 0.069350 1.470000 0.152700
v -0.079166 1.421250 0.152700
v -0.059374 1.421250 0.154996
v -0.039583 1.421250 0.156943
v -0.019791 1.421250 0.158243
v 0.000000 1.421250 0.158700
v 0.019791 1.421250 0.158243
v 0.039583 1.421250 0.156943
v 0.059374 1.421250 0.154996
v 0.079166 1.421250 0.152700
v -0.087487 1.372500 0.152700
v -0.065615 1.372500 0.154996
v -0.043744 1.372500 0.156943
v -0.021872 1.372500 0.158243
v 0.000000 1.372500 0.158700
v 0.021872 1.372500 0.158243
v 0.043744 1.372500 0.156943
v 0.065615 1.372500 0.154996
v 0.087487 1.372500 0.152700
v -0.093048 1.323750 0.152700
v -0.069786 1.323750 0.154996
v -0.046524 1.323750 0.156943
v -0.023262 1.323750 0.158243
v 0.000000 1.323750 0.158700
v 0.023262 1.323750 0.158243
v 0.046524 1.323750 0.156943
v 0.069786 1.323750 0.154996
v 0.093048 1.323750 0.152700
v -0.095000 1.275000 0.152700
v -0.071250 1.275000 0.154996
v -0.047500 1.275000 0.156943
v -0.023750 1.275000 0.158243
v 0.000000 1.275000 0.158700
v 0.023750 1.275000 0.158243
v 0.047500 1.275000 0.156943
v 0.071250 1.275000 0.154996
v 0.095000 1.275000 0.152700
v -0.093048 1.226250 0.152700
v -0.069786 1.226250 0.154996
v -0.046524 1.226250 0.156943
v -0.023262 1.226250 0.158243
v 0.000000 1.226250 0.158700
v 0.023262 1.226250 0.158243
v 0.046524 1.226250 0.156943
v 0.069786 1.226250 0.154996
v 0.093048 1.226250 0.152700
v -0.087487 1.177500 0.152700
v -0.065615 1.177500 0.154996
v -0.043744 1.177500 0.156943
v -0.021872 1.177500 0.158243
v 0.000000 1.177500 0.158700
v 0.021872 1.177500 0.158243
v 0.043744 1.177500 0.156943
v 0.065615 1.177500 0.154996
v 0.087487 1.177500 0.152700
v -0.079166 1.128750 0.152700
v -0.059374 1.128750 0.154996
v -0.039583 1.128750 0.156943
v -0.019791 1.128750 0.158243
v 0.000000 1.128750 0.158700
v 0.019791 1.128750 0.158243
v 0.039583 1.128750 0.156943
v 0.059374 1.128750 0.154996
v 0.079166 1.128750 0.152700
v -0.069350 1.080000 0.152700
v -0.052012 1.080000 0.154996
v -0.034675 1.080000 0.156943
v -0.017337 1.080000 0.158243
v 0.000000 1.080000 0.158700
v 0.017338 1.080000 0.158243
v 0.034675 1.080000 0.156943
v 0.052012 1.080000 0.154996
v 0.069350 1.080000 0.152700
v -0.107500 1.500000 0.141000
v -0.126250 1.500000 0.158819
v -0.145000 1.500000 0.166200
v -0.163750 1.500000 0.158819
v -0.182500 1.500000 0.141000
v -0.089357 1.451429 0.141000
v -0.108107 1.451429 0.159910
v -0.126857 1.451429 0.167743
v -0.145607 1.451429 0.159910
v -0.164357 1.451429 0.141000
v -0.071214 1.402857 0.141000
v -0.089964 1.402857 0.161001
v -0.108714 1.402857 0.169286
v -0.127464 1.402857 0.161001
v -0.146214 1.402857 0.141000
v -0.053071 1.354286 0.141000
v -0.071821 1.354286 0.162092
v -0.090571 1.354286 0.170829
v -0.109321 1.354286 0.162092
v -0.128071 1.354286 0.141000
v -0.034929 1.305714 0.141000
v -0.053679 1.305714 0.163183
v -0.072429 1.305714 0.172371
v -0.091179 1.305714 0.163183
v -0.109929 1.305714 0.141000
v -0.016786 1.257143 0.141000
v -0.035536 1.257143 0.164274
v -0.054286 1.257143 0.173914
v -0.073036 1.257143 0.164274
v -0.091786 1.257143 0.141000
v 0.001357 1.208571 0.141000
v -0.017393 1.208571 0.165365
v -0.036143 1.208571 0.175457
v -0.054893 1.208571 0.165365
v -0.073643 1.208571 0.141000
v 0.019500 1.160000 0.141000
v 0.000750 1.160000 0.166456
v -0.018000 1.160000 0.177000
v -0.036750 1.160000 0.166456
v -0.055500 1.160000 0.141000
v 0.107500 1.500000 0.141000
v 0.126250 1.500000 0.158819
v 0.145000 1.500000 0.166200
v 0.163750 1.500000 0.158819
v 0.182500 1.500000 0.141000
v 0.089357 1.451429 0.141000
v 0.108107 1.451429 0.159910
v 0.126857 1.451429 0.167743
v 0.145607 1.451429 0.159910
v 0.164357 1.451429 0.141000
v 0.071214 1.402857 0.141000
v 0.089964 1.402857 0.161001
v 0.108714 1.402857 0.169286
v 0.127464 1.402857 0.161001
v 0.146214 1.402857 0.141000
v 0.053071 1.354286 0.141000
v 0.071821 1.354286 0.162092
v 0.090571 1.354286 0.170829
v 0.109321 1.354286 0.162092
v 0.128071 1.354286 0.141000
v 0.034929 1.305714 0.141000
v 0.053679 1.305714 0.163183
v 0.072429 1.305714 0.172371
v 0.091179 1.305714 0.163183
v 0.109929 1.305714 0.141000
v 0.016786 1.257143 0.141000
v 0.035536 1.257143 0.164274
v 0.054286 1.257143 0.173914
v 0.073036 1.257143 0.164274
v 0.091786 1.257143 0.141000
v -0.001357 1.208571 0.141000
v 0.017393 1.208571 0.165365
v 0.036143 1.208571 0.175457
v 0.054893 1.208571 0.165365
v 0.073643 1.208571 0.141000
v -0.019500 1.160000 0.141000
v -0.000750 1.160000 0.166456
v 0.018000 1.160000 0.177000
v 0.036750 1.160000 0.166456
v 0.055500 1.160000 0.141000
v 0.000000 1.337000 0.194000
v 0.006898 1.336072 0.194000
v 0.006663 1.336072 0.194346
v 0.005974 1.336072 0.194668
v 0.004878 1.336072 0.194944
v 0.003449 1.336072 0.195156
v 0.001785 1.336072 0.195290
v 0.000000 1.336072 0.195335
v -0.001785 1.336072 0.195290
v -0.003449 1.336072 0.195156
v -0.004878 1.336072 0.194944
v -0.005974 1.336072 0.194668
v -0.006663 1.336072 0.194346
v -0.006898 1.336072 0.194000
v -0.006663 1.336072 0.193654
v -0.005974 1.336072 0.193332
v -0.004878 1.336072 0.193056
v -0.003449 1.336072 0.192844
v -0.001785 1.336072 0.192710
v -0.000000 1.336072 0.192665
v 0.001785 1.336072 0.192710
v 0.003449 1.336072 0.192844
v 0.004878 1.336072 0.193056
v 0.005974 1.336072 0.193332
v 0.006663 1.336072 0.193654
v 0.013450 1.333336 0.194000
v 0.012992 1.333336 0.194674
v 0.011648 1.333336 0.195302
v 0.009511 1.333336 0.195841
v 0.006725 1.333336 0.196255
v 0.003481 1.333336 0.196515
v 0.000000 1.333336 0.196603
v -0.003481 1.333336 0.196515
v -0.006725 1.333336 0.196255
v -0.009511 1.333336 0.195841
v -0.011648 1.333336 0.195302
v -0.012992 1.333336 0.194674
v -0.013450 1.333336 0.194000
v -0.012992 1.333336 0.193326
v -0.011648 1.333336 0.192698
v -0.009511 1.333336 0.192159
v -0.006725 1.333336 0.191745
v -0.003481 1.333336 0.191485
v -0.000000 1.333336 0.191397
v 0.003481 1.333336 0.191485
v 0.006725 1.333336 0.191745
v 0.009511 1.333336 0.192159
v 0.011648 1.333336 0.192698
v 0.012992 1.333336 0.193326
v 0.019328 1.328928 0.194000
v 0.018670 1.328928 0.194968
v 0.016739 1.328928 0.195870
v 0.013667 1.328928 0.196645
v 0.009664 1.328928 0.197240
v 0.005003 1.328928 0.197613
v 0.000000 1.328928 0.197741
v -0.005003 1.328928 0.197613
v -0.009664 1.328928 0.197240
v -0.013667 1.328928 0.196645
v -0.016739 1.328928 0.195870
v -0.018670 1.328928 0.194968
v -0.019328 1.328928 0.194000
v -0.018670 1.328928 0.193032
v -0.016739 1.328928 0.192130
v -0.013667 1.328928 0.191355
v -0.009664 1.328928 0.190760
v -0.005003 1.328928 0.190387
v -0.000000 1.328928 0.190259
v 0.005003 1.328928 0.190387
v 0.009664 1.328928 0.190760
v 0.013667 1.328928 0.191355
v 0.016739 1.328928 0.192130
v 0.018670 1.328928 0.193032
v 0.024237 1.323069 0.194000
v 0.023411 1.323069 0.195214
v 0.020990 1.323069 0.196345
v 0.017138 1.323069 0.197317
v 0.012118 1.323069 0.198063
v 0.006273 1.323069 0.198531
v 0.000000 1.323069 0.198691
v -0.006273 1.323069 0.198531
v -0.012118 1.323069 0.198063
v -0.017138 1.323069 0.197317
v -0.020990 1.323069 0.196345
v -0.023411 1.323069 0.195214
v -0.024237 1.323069 0.194000
v -0.023411 1.323069 0.192786
v -0.020990 1.323069 0.191655
v -0.017138 1.323069 0.190683
v -0.012118 1.323069 0.189937
v -0.006273 1.323069 0.189469
v -0.000000 1.323069 0.189309
v 0.006273 1.323069 0.189469
v 0.012118 1.323069 0.189937
v 0.017138 1.323069 0.190683
v 0.020990 1.323069 0.191655
v 0.023411 1.323069 0.192786
v 0.027930 1.316054 0.194000
v 0.026978 1.316054 0.195399
v 0.024188 1.316054 0.196703
v 0.019750 1.316054 0.197822
v 0.013965 1.316054 0.198682
v 0.007229 1.316054 0.199222
v 0.000000 1.316054 0.199406
v -0.007229 1.316054 0.199222
v -0.013965 1.316054 0.198682
v -0.019750 1.316054 0.197822
v -0.024188 1.316054 0.196703
v -0.026978 1.316054 0.195399
v -0.027930 1.316054 0.194000
v -0.026978 1.316054 0.192601
v -0.024188 1.316054 0.191297
v -0.019750 1.316054 0.190178
v -0.013965 1.316054 0.189318
v -0.007229 1.316054 0.188778
v -0.000000 1.316054 0.188594
v 0.007229 1.316054 0.188778
v 0.013965 1.316054 0.189318
v 0.019750 1.316054 0.190178
v 0.024188 1.316054 0.191297
v 0.026978 1.316054 0.192601
v 0.030223 1.308233 0.194000
v 0.029193 1.308233 0.195514
v 0.026174 1.308233 0.196925
v 0.021371 1.308233 0.198136
v 0.015111 1.308233 0.199066
v 0.007822 1.308233 0.199650
v 0.000000 1.308233 0.199850
v -0.007822 1.308233 0.199650
v -0.015111 1.308233 0.199066
v -0.021371 1.308233 0.198136
v -0.026174 1.308233 0.196925
v -0.029193 1.308233 0.195514
v -0.030223 1.308233 0.194000
v -0.029193 1.308233 0.192486
v -0.026174 1.308233 0.191075
v -0.021371 1.308233 0.189864
v -0.015111 1.308233 0.188934
v -0.007822 1.308233 0.188350
v -0.000000 1.308233 0.188150
v 0.007822 1.308233 0.188350
v 0.015111 1.308233 0.188934
v 0.021371 1.308233 0.189864
v 0.026174 1.308233 0.191075
v 0.029193 1.308233 0.192486
v 0.031000 1.300000 0.194000
v 0.029944 1.300000 0.195553
v 0.026847 1.300000 0.197000
v 0.021920 1.300000 0.198243
v 0.015500 1.300000 0.199196
v 0.008023 1.300000 0.199796
v 0.000000 1.300000 0.200000
v -0.008023 1.300000 0.199796
v -0.015500 1.300000 0.199196
v -0.021920 1.300000 0.198243
v -0.026847 1.300000 0.197000
v -0.029944 1.300000 0.195553
v -0.031000 1.300000 0.194000
v -0.029944 1.300000 0.192447
v -0.026847 1.300000 0.191000
v -0.021920 1.300000 0.189757
v -0.015500 1.300000 0.188804
v -0.008023 1.300000 0.188204
v -0.000000 1.300000 0.188000
v 0.008023 1.300000 0.188204
v 0.015500 1.300000 0.188804
v 0.021920 1.300000 0.189757
v 0.026847 1.300000 0.191000
v 0.029944 1.300000 0.192447
v 0.030223 1.291767 0.194000
v 0.029193 1.291767 0.195514
v 0.026174 1.291767 0.196925
v 0.021371 1.291767 0.198136
v 0.015111 1.291767 0.199066
v 0.007822 1.291767 0.199650
v 0.000000 1.291767 0.199850
v -0.007822 1.291767 0.199650
v -0.015111 1.291767 0.199066
v -0.021371 1.291767 0.198136
v -0.026174 1.291767 0.196925
v -0.029193 1.291767 0.195514
v -0.030223 1.291767 0.194000
v -0.029193 1.291767 0.192486
v -0.026174 1.291767 0.191075
v -0.021371 1.291767 0.189864
v -0.015111 1.291767 0.188934
v -0.007822 1.291767 0.188350
v -0.000000 1.291767 0.188150
v 0.007822 1.291767 0.188350
v 0.015111 1.291767 0.188934
v 0.021371 1.291767 0.189864
v 0.026174 1.291767 0.191075
v 0.029193 1.291767 0.192486
v 0.027930 1.283946 0.194000
v 0.026978 1.283946 0.195399
v 0.024188 1.283946 0.196703
v 0.019750 1.283946 0.197822
v 0.013965 1.283946 0.198682
v 0.007229 1.283946 0.199222
v 0.000000 1.283946 0.199406
v -0.007229 1.283946 0.199222
v -0.013965 1.283946 0.198682
v -0.019750 1.283946 0.197822
v -0.024188 1.283946 0.196703
v -0.026978 1.283946 0.195399
v -0.027930 1.283946 0.194000
v -0.026978 1.283946 0.192601
v -0.024188 1.283946 0.191297
v -0.019750 1.283946 0.190178
v -0.013965 1.283946 0.189318
v -0.007229 1.283946 0.188778
v -0.000000 1.283946 0.188594
v 0.007229 1.283946 0.188778
v 0.013965 1.283946 0.189318
v 0.019750 1.283946 0.190178
v 0.024188 1.283946 0.191297
v 0.026978 1.283946 0.192601
v 0.024237 1.276931 0.194000
v 0.023411 1.276931 0.195214
v 0.020990 1.276931 0.196345
v 0.017138 1.276931 0.197317
v 0.012118 1.276931 0.198063
v 0.006273 1.276931 0.198531
v 0.000000 1.276931 0.198691
v -0.006273 1.276931 0.198531
v -0.012118 1.276931 0.198063
v -0.017138 1.276931 0.197317
v -0.020990 1.276931 0.196345
v -0.023411 1.276931 0.195214
v -0.024237 1.276931 0.194000
v -0.023411 1.276931 0.192786
v -0.020990 1.276931 0.191655
v -0.017138 1.276931 0.190683
v -0.012118 1.276931 0.189937
v -0.006273 1.276931 0.189469
v -0.000000 1.276931 0.189309
v 0.006273 1.276931 0.189469
v 0.012118 1.276931 0.189937
v 0.017138 1.276931 0.190683
v 0.020990 1.276931 0.191655
v 0.023411 1.276931 0.192786
v 0.019328 1.271072 0.194000
v 0.018670 1.271072 0.194968
v 0.016739 1.271072 0.195870
v 0.013667 1.271072 0.196645
v 0.009664 1.271072 0.197240
v 0.005003 1.271072 0.197613
v 0.000000 1.271072 0.197741
v -0.005003 1.271072 0.197613
v -0.009664 1.271072 0.197240
v -0.013667 1.271072 0.196645
v -0.016739 1.271072 0.195870
v -0.018670 1.271072 0.194968
v -0.019328 1.271072 0.194000
v -0.018670 1.271072 0.193032
v -0.016739 1.271072 0.192130
v -0.013667 1.271072 0.191355
v -0.009664 1.271072 0.190760
v -0.005003 1.271072 0.190387
v -0.000000 1.271072 0.190259
v 0.005003 1.271072 0.190387
v 0.009664 1.271072 0.190760
v 0.013667 1.271072 0.191355
v 0.016739 1.271072 0.192130
v 0.018670 1.271072 0.193032
v 0.013450 1.266664 0.194000
v 0.012992 1.266664 0.194674
v 0.011648 1.266664 0.195302
v 0.009511 1.266664 0.195841
v 0.006725 1.266664 0.196255
v 0.003481 1.266664 0.196515
v 0.000000 1.266664 0.196603
v -0.003481 1.266664 0.196515
v -0.006725 1.266664 0.196255
v -0.009511 1.266664 0.195841
v -0.011648 1.266664 0.195302
v -0.012992 1.266664 0.194674
v -0.013450 1.266664 0.194000
v -0.012992 1.266664 0.193326
v -0.011648 1.266664 0.192698
v -0.009511 1.266664 0.192159
v -0.006725 1.266664 0.191745
v -0.003481 1.266664 0.191485
v -0.000000 1.266664 0.191397
v 0.003481 1.266664 0.191485
v 0.006725 1.266664 0.191745
v 0.009511 1.266664 0.192159
v 0.011648 1.266664 0.192698
v 0.012992 1.266664 0.193326
v 0.006898 1.263928 0.194000
v 0.006663 1.263928 0.194346
v 0.005974 1.263928 0.194668
v 0.004878 1.263928 0.194944
v 0.003449 1.263928 0.195156
v 0.001785 1.263928 0.195290
v 0.000000 1.263928 0.195335
v -0.001785 1.263928 0.195290
v -0.003449 1.263928 0.195156
v -0.004878 1.263928 0.194944
v -0.005974 1.263928 0.194668
v -0.006663 1.263928 0.194346
v -0.006898 1.263928 0.194000
v -0.006663 1.263928 0.193654
v -0.005974 1.263928 0.193332
v -0.004878 1.263928 0.193056
v -0.003449 1.263928 0.192844
v -0.001785 1.263928 0.192710
v -0.000000 1.263928 0.192665
v 0.001785 1.263928 0.192710
v 0.003449 1.263928 0.192844
v 0.004878 1.263928 0.193056
v 0.005974 1.263928 0.193332
v 0.006663 1.263928 0.193654
v 0.000000 1.263000 0.194000
v -0.167121 1.058299 -0.150486
v -0.168846 1.057153 -0.145613
v -0.173560 1.056770 -0.141916
v -0.180000 1.057253 -0.140385
v -0.186440 1.058471 -0.141430
v -0.191154 1.060100 -0.144771
v -0.192879 1.061701 -0.149514
v -0.191154 1.062847 -0.154387
v -0.186440 1.063230 -0.158084
v -0.180000 1.062747 -0.159615
v -0.173560 1.061529 -0.158570
v -0.168846 1.059900 -0.155229
v -0.181122 0.988527 -0.170098
v -0.182311 0.988458 -0.166094
v -0.185561 0.988803 -0.163136
v -0.190000 0.989468 -0.162018
v -0.194439 0.990276 -0.163038
v -0.197689 0.991010 -0.165924
v -0.198878 0.991473 -0.169902
v -0.197689 0.991542 -0.173906
v -0.194439 0.991197 -0.176864
v -0.190000 0.990532 -0.177982
v -0.185561 0.989724 -0.176962
v -0.182311 0.988990 -0.174076
v -0.203034 0.909637 -0.159955
v -0.203297 0.909872 -0.158472
v -0.204017 0.910141 -0.157399
v -0.205000 0.910372 -0.157023
v -0.205983 0.910504 -0.157445
v -0.206703 0.910500 -0.158551
v -0.206966 0.910363 -0.160045
v -0.206703 0.910128 -0.161528
v -0.205983 0.909859 -0.162601
v -0.205000 0.909628 -0.162977
v -0.204017 0.909496 -0.162555
v -0.203297 0.909500 -0.161449
v -0.180000 1.060000 -0.150000
v -0.205000 0.910000 -0.160000
v 0.192879 1.061701 -0.149514
v 0.191154 1.060100 -0.144771
v 0.186440 1.058471 -0.141430
v 0.180000 1.057253 -0.140385
v 0.173560 1.056770 -0.141916
v 0.168846 1.057153 -0.145613
v 0.167121 1.058299 -0.150486
v 0.168846 1.059900 -0.155229
v 0.173560 1.061529 -0.158570
v 0.180000 1.062747 -0.159615
v 0.186440 1.063230 -0.158084
v 0.191154 1.062847 -0.154387
v 0.198878 0.991473 -0.169902
v 0.197689 0.991010 -0.165924
v 0.194439 0.990276 -0.163038
v 0.190000 0.989468 -0.162018
v 0.185561 0.988803 -0.163136
v 0.182311 0.988458 -0.166094
v 0.181122 0.988527 -0.170098
v 0.182311 0.988990 -0.174076
v 0.185561 0.989724 -0.176962
v 0.190000 0.990532 -0.177982
v 0.194439 0.991197 -0.176864
v 0.197689 0.991542 -0.173906
v 0.206966 0.910363 -0.160045
v 0.206703 0.910500 -0.158551
v 0.205983 0.910504 -0.157445
v 0.205000 0.910372 -0.157023
v 0.204017 0.910141 -0.157399
v 0.203297 0.909872 -0.158472
v 0.203034 0.909637 -0.159955
v 0.203297 0.909500 -0.161449
v 0.204017 0.909496 -0.162555
v 0.205000 0.909628 -0.162977
v 0.205983 0.909859 -0.162601
v 0.206703 0.910128 -0.161528
v 0.180000 1.060000 -0.150000
v 0.205000 0.910000 -0.160000
usemtl ClothAccent
f 863 816 815
f 863 864 816
f 864 817 816
f 864 865 817
f 865 818 817
f 865 866 818
f 866 819 818
f 866 867 819
f 867 820 819
f 867 868 820
f 868 821 820
f 868 869 821
f 869 822 821
f 869 870 822
f 870 823 822
f 870 871 823
f 871 824 823
f 871 872 824
f 872 825 824
f 872 873 825
f 873 826 825
f 873 874 826
f 874 827 826
f 874 875 827
f 875 828 827
f 875 876 828
f 876 829 828
f 876 877 829
f 877 830 829
f 877 878 830
f 878 831 830
f 878 879 831
f 879 832 831
f 879 880 832
f 880 833 832
f 880 881 833
f 881 834 833
f 881 882 834
f 882 835 834
f 882 883 835
f 883 836 835
f 883 884 836
f 884 837 836
f 884 885 837
f 885 838 837
f 885 886 838
f 886 839 838
f 886 887 839
f 887 840 839
f 887 888 840
f 888 841 840
f 888 889 841
f 889 842 841
f 889 890 842
f 890 843 842
f 890 891 843
f 891 844 843
f 891 892 844
f 892 845 844
f 892 893 845
f 893 846 845
f 893 894 846
f 894 847 846
f 894 895 847
f 895 848 847
f 895 896 848
f 896 849 848
f 896 897 849
f 897 850 849
f 897 898 850
f 898 851 850
f 898 899 851
f 899 852 851
f 899 900 852
f 900 853 852
f 900 901 853
f 901 854 853
f 901 902 854
f 902 855 854
f 902 903 855
f 903 856 855
f 903 904 856
f 904 857 856
f 904 905 857
f 905 858 857
f 905 906 858
f 906 859 858
f 906 907 859
f 907 860 859
f 907 908 860
f 908 861 860
f 908 909 861
f 909 862 861
f 909 910 862
f 910 815 862
f 910 863 815
f 911 864 863
f 911 912 864
f 912 865 864
f 912 913 865
f 913 866 865
f 913 914 866
f 914 867 866
f 914 915 867
f 915 868 867
f 915 916 868
f 916 869 868
f 916 917 869
f 917 870 869
f 917 918 870
f 918 871 870
f 918 919 871
f 919 872 871
f 919 920 872
f 920 873 872
f 920 921 873
f 921 874 873
f 921 922 874
f 922 875 874
f 922 923 875
f 923 876 875
f 923 924 876
f 924 877 876
f 924 925 877
f 925 878 877
f 925 926 878
f 926 879 878
f 926 927 879
f 927 880 879
f 927 928 880
f 928 881 880
f 928 929 881
f 929 882 881
f 929 930 882
f 930 883 882
f 930 931 883
f 931 884 883
f 931 932 884
f 932 885 884
f 932 933 885
f 933 886 885
f 933 934 886
f 934 887 886
f 934 935 887
f 935 888 887
f 935 936 888
f 936 889 888
f 936 937 889
f 937 890 889
f 937 938 890
f 938 891 890
f 938 939 891
f 939 892 891
f 939 940 892
f 940 893 892
f 940 941 893
f 941 894 893
f 941 942 894
f 942 895 894
f 942 943 895
f 943 896 895
f 943 944 896
f 944 897 896
f 944 945 897
f 945 898 897
f 945 946 898
f 946 899 898
f 946 947 899
f 947 900 899
f 947 948 900
f 948 901 900
f 948 949 901
f 949 902 901
f 949 950 902
f 950 903 902
f 950 951 903
f 951 904 903
f 951 952 904
f 952 905 904
f 952 953 905
f 953 906 905
f 953 954 906
f 954 907 906
f 954 955 907
f 955 908 907
f 955 956 908
f 956 909 908
f 956 957 909
f 957 910 909
f 957 958 910
f 958 863 910
f 958 911 863
f 999 960 959
f 999 1000 960
f 1000 961 960
f 1000 1001 961
f 1001 962 961
f 1001 1002 962
f 1002 963 962
f 1002 1003 963
f 1003 964 963
f 1003 1004 964
f 1004 965 964
f 1004 1005 965
f 1005 966 965
f 1005 1006 966
f 1006 967 966
f 1006 1007 967
f 1007 968 967
f 1007 1008 968
f 1008 969 968
f 1008 1009 969
f 1009 970 969
f 1009 1010 970
f 1010 971 970
f 1010 1011 971
f 1011 972 971
f 1011 1012 972
f 1012 973 972
f 1012 1013 973
f 1013 974 973
f 1013 1014 974
f 1014 975 974
f 1014 1015 975
f 1015 976 975
f 1015 1016 976
f 1016 977 976
f 1016 1017 977
f 1017 978 977
f 1017 1018 978
f 1018 979 978
f 1018 1019 979
f 1019 980 979
f 1019 1020 980
f 1020 981 980
f 1020 1021 981
f 1021 982 981
f 1021 1022 982
f 1022 983 982
f 1022 1023 983
f 1023 984 983
f 1023 1024 984
f 1024 985 984
f 1024 1025 985
f 1025 986 985
f 1025 1026 986
f 1026 987 986
f 1026 1027 987
f 1027 988 987
f 1027 1028 988
f 1028 989 988
f 1028 1029 989
f 1029 990 989
f 1029 1030 990
f 1030 991 990
f 1030 1031 991
f 1031 992 991
f 1031 1032 992
f 1032 993 992
f 1032 1033 993
f 1033 994 993
f 1033 1034 994
f 1034 995 994
f 1034 1035 995
f 1035 996 995
f 1035 1036 996
f 1036 997 996
f 1036 1037 997
f 1037 998 997
f 1037 1038 998
f 1038 959 998
f 1038 999 959
f 1039 1000 999
f 1039 1040 1000
f 1040 1001 1000
f 1040 1041 1001
f 1041 1002 1001
f 1041 1042 1002
f 1042 1003 1002
f 1042 1043 1003
f 1043 1004 1003
f 1043 1044 1004
f 1044 1005 1004
f 1044 1045 1005
f 1045 1006 1005
f 1045 1046 1006
f 1046 1007 1006
f 1046 1047 1007
f 1047 1008 1007
f 1047 1048 1008
f 1048 1009 1008
f 1048 1049 1009
f 1049 1010 1009
f 1049 1050 1010
f 1050 1011 1010
f 1050 1051 1011
f 1051 1012 1011
f 1051 1052 1012
f 1052 1013 1012
f 1052 1053 1013
f 1053 1014 1013
f 1053 1054 1014
f 1054 1015 1014
f 1054 1055 1015
f 1055 1016 1015
f 1055 1056 1016
f 1056 1017 1016
f 1056 1057 1017
f 1057 1018 1017
f 1057 1058 1018
f 1058 1019 1018
f 1058 1059 1019
f 1059 1020 1019
f 1059 1060 1020
f 1060 1021 1020
f 1060 1061 1021
f 1061 1022 1021
f 1061 1062 1022
f 1062 1023 1022
f 1062 1063 1023
f 1063 1024 1023
f 1063 1064 1024
f 1064 1025 1024
f 1064 1065 1025
f 1065 1026 1025
f 1065 1066 1026
f 1066 1027 1026
f 1066 1067 1027
f 1067 1028 1027
f 1067 1068 1028
f 1068 1029 1028
f 1068 1069 1029
f 1069 1030 1029
f 1069 1070 1030
f 1070 1031 1030
f 1070 1071 1031
f 1071 1032 1031
f 1071 1072 1032
f 1072 1033 1032
f 1072 1073 1033
f 1073 1034 1033
f 1073 1074 1034
f 1074 1035 1034
f 1074 1075 1035
f 1075 1036 1035
f 1075 1076 1036
f 1076 1037 1036
f 1076 1077 1037
f 1077 1038 1037
f 1077 1078 1038
f 1078 999 1038
f 1078 1039 999
f 1079 1080 1088
f 1080 1089 1088
f 1088 1080 1079
f 1088 1089 1080
f 1080 1081 1089
f 1081 1090 1089
f 1089 1081 1080
f 1089 1090 1081
f 1081 1082 1090
f 1082 1091 1090
f 1090 1082 1081
f 1090 1091 1082
f 1082 1083 1091
f 1083 1092 1091
f 1091 1083 1082
f 1091 1092 1083
f 1083 1084 1092
f 1084 1093 1092
f 1092 1084 1083
f 1092 1093 1084
f 1084 1085 1093
f 1085 1094 1093
f 1093 1085 1084
f 1093 1094 1085
f 1085 1086 1094
f 1086 1095 1094
f 1094 1086 1085
f 1094 1095 1086
f 1086 1087 1095
f 1087 1096 1095
f 1095 1087 1086
f 1095 1096 1087
f 1088 1089 1097
f 1089 1098 1097
f 1097 1089 1088
f 1097 1098 1089
f 1089 1090 1098
f 1090 1099 1098
f 1098 1090 1089
f 1098 1099 1090
f 1090 1091 1099
f 1091 1100 1099
f 1099 1091 1090
f 1099 1100 1091
f 1091 1092 1100
f 1092 1101 1100
f 1100 1092 1091
f 1100 1101 1092
f 1092 1093 1101
f 1093 1102 1101
f 1101 1093 1092
f 1101 1102 1093
f 1093 1094 1102
f 1094 1103 1102
f 1102 1094 1093
f 1102 1103 1094
f 1094 1095 1103
f 1095 1104 1103
f 1103 1095 1094
f 1103 1104 1095
f 1095 1096 1104
f 1096 1105 1104
f 1104 1096 1095
f 1104 1105 1096
f 1106 1107 1115
f 1107 1116 1115
f 1115 1107 1106
f 1115 1116 1107
f 1107 1108 1116
f 1108 1117 1116
f 1116 1108 1107
f 1116 1117 1108
f 1108 1109 1117
f 1109 1118 1117
f 1117 1109 1108
f 1117 1118 1109
f 1109 1110 1118
f 1110 1119 1118
f 1118 1110 1109
f 1118 1119 1110
f 1110 1111 1119
f 1111 1120 1119
f 1119 1111 1110
f 1119 1120 1111
f 1111 1112 1120
f 1112 1121 1120
f 1120 1112 1111
f 1120 1121 1112
f 1112 1113 1121
f 1113 1122 1121
f 1121 1113 1112
f 1121 1122 1113
f 1113 1114 1122
f 1114 1123 1122
f 1122 1114 1113
f 1122 1123 1114
f 1115 1116 1124
f 1116 1125 1124
f 1124 1116 1115
f 1124 1125 1116
f 1116 1117 1125
f 1117 1126 1125
f 1125 1117 1116
f 1125 1126 1117
f 1117 1118 1126
f 1118 1127 1126
f 1126 1118 1117
f 1126 1127 1118
f 1118 1119 1127
f 1119 1128 1127
f 1127 1119 1118
f 1127 1128 1119
f 1119 1120 1128
f 1120 1129 1128
f 1128 1120 1119
f 1128 1129 1120
f 1120 1121 1129
f 1121 1130 1129
f 1129 1121 1120
f 1129 1130 1121
f 1121 1122 1130
f 1122 1131 1130
f 1130 1122 1121
f 1130 1131 1122
f 1122 1123 1131
f 1123 1132 1131
f 1131 1123 1122
f 1131 1132 1123
f 1133 1134 1142
f 1134 1143 1142
f 1142 1134 1133
f 1142 1143 1134
f 1134 1135 1143
f 1135 1144 1143
f 1143 1135 1134
f 1143 1144 1135
f 1135 1136 1144
f 1136 1145 1144
f 1144 1136 1135
f 1144 1145 1136
f 1136 1137 1145
f 1137 1146 1145
f 1145 1137 1136
f 1145 1146 1137
f 1137 1138 1146
f 1138 1147 1146
f 1146 1138 1137
f 1146 1147 1138
f 1138 1139 1147
f 1139 1148 1147
f 1147 1139 1138
f 1147 1148 1139
f 1139 1140 1148
f 1140 1149 1148
f 1148 1140 1139
f 1148 1149 1140
f 1140 1141 1149
f 1141 1150 1149
f 1149 1141 1140
f 1149 1150 1141
f 1142 1143 1151
f 1143 1152 1151
f 1151 1143 1142
f 1151 1152 1143
f 1143 1144 1152
f 1144 1153 1152
f 1152 1144 1143
f 1152 1153 1144
f 1144 1145 1153
f 1145 1154 1153
f 1153 1145 1144
f 1153 1154 1145
f 1145 1146 1154
f 1146 1155 1154
f 1154 1146 1145
f 1154 1155 1146
f 1146 1147 1155
f 1147 1156 1155
f 1155 1147 1146
f 1155 1156 1147
f 1147 1148 1156
f 1148 1157 1156
f 1156 1148 1147
f 1156 1157 1148
f 1148 1149 1157
f 1149 1158 1157
f 1157 1149 1148
f 1157 1158 1149
f 1149 1150 1158
f 1150 1159 1158
f 1158 1150 1149
f 1158 1159 1150
f 1151 1152 1160
f 1152 1161 1160
f 1160 1152 1151
f 1160 1161 1152
f 1152 1153 1161
f 1153 1162 1161
f 1161 1153 1152
f 1161 1162 1153
f 1153 1154 1162
f 1154 1163 1162
f 1162 1154 1153
f 1162 1163 1154
f 1154 1155 1163
f 1155 1164 1163
f 1163 1155 1154
f 1163 1164 1155
f 1155 1156 1164
f 1156 1165 1164
f 1164 1156 1155
f 1164 1165 1156
f 1156 1157 1165
f 1157 1166 1165
f 1165 1157 1156
f 1165 1166 1157
f 1157 1158 1166
f 1158 1167 1166
f 1166 1158 1157
f 1166 1167 1158
f 1158 1159 1167
f 1159 1168 1167
f 1167 1159 1158
f 1167 1168 1159
f 1160 1161 1169
f 1161 1170 1169
f 1169 1161 1160
f 1169 1170 1161
f 1161 1162 1170
f 1162 1171 1170
f 1170 1162 1161
f 1170 1171 1162
f 1162 1163 1171
f 1163 1172 1171
f 1171 1163 1162
f 1171 1172 1163
f 1163 1164 1172
f 1164 1173 1172
f 1172 1164 1163
f 1172 1173 1164
f 1164 1165 1173
f 1165 1174 1173
f 1173 1165 1164
f 1173 1174 1165
f 1165 1166 1174
f 1166 1175 1174
f 1174 1166 1165
f 1174 1175 1166
f 1166 1167 1175
f 1167 1176 1175
f 1175 1167 1166
f 1175 1176 1167
f 1167 1168 1176
f 1168 1177 1176
f 1176 1168 1167
f 1176 1177 1168
f 1169 1170 1178
f 1170 1179 1178
f 1178 1170 1169
f 1178 1179 1170
f 1170 1171 1179
f 1171 1180 1179
f 1179 1171 1170
f 1179 1180 1171
f 1171 1172 1180
f 1172 1181 1180
f 1180 1172 1171
f 1180 1181 1172
f 1172 1173 1181
f 1173 1182 1181
f 1181 1173 1172
f 1181 1182 1173
f 1173 1174 1182
f 1174 1183 1182
f 1182 1174 1173
f 1182 1183 1174
f 1174 1175 1183
f 1175 1184 1183
f 1183 1175 1174
f 1183 1184 1175
f 1175 1176 1184
f 1176 1185 1184
f 1184 1176 1175
f 1184 1185 1176
f 1176 1177 1185
f 1177 1186 1185
f 1185 1177 1176
f 1185 1186 1177
f 1178 1179 1187
f 1179 1188 1187
f 1187 1179 1178
f 1187 1188 1179
f 1179 1180 1188
f 1180 1189 1188
f 1188 1180 1179
f 1188 1189 1180
f 1180 1181 1189
f 1181 1190 1189
f 1189 1181 1180
f 1189 1190 1181
f 1181 1182 1190
f 1182 1191 1190
f 1190 1182 1181
f 1190 1191 1182
f 1182 1183 1191
f 1183 1192 1191
f 1191 1183 1182
f 1191 1192 1183
f 1183 1184 1192
f 1184 1193 1192
f 1192 1184 1183
f 1192 1193 1184
f 1184 1185 1193
f 1185 1194 1193
f 1193 1185 1184
f 1193 1194 1185
f 1185 1186 1194
f 1186 1195 1194
f 1194 1186 1185
f 1194 1195 1186
f 1187 1188 1196
f 1188 1197 1196
f 1196 1188 1187
f 1196 1197 1188
f 1188 1189 1197
f 1189 1198 1197
f 1197 1189 1188
f 1197 1198 1189
f 1189 1190 1198
f 1190 1199 1198
f 1198 1190 1189
f 1198 1199 1190
f 1190 1191 1199
f 1191 1200 1199
f 1199 1191 1190
f 1199 1200 1191
f 1191 1192 1200
f 1192 1201 1200
f 1200 1192 1191
f 1200 1201 1192
f 1192 1193 1201
f 1193 1202 1201
f 1201 1193 1192
f 1201 1202 1193
f 1193 1194 1202
f 1194 1203 1202
f 1202 1194 1193
f 1202 1203 1194
f 1194 1195 1203
f 1195 1204 1203
f 1203 1195 1194
f 1203 1204 1195
f 1196 1197 1205
f 1197 1206 1205
f 1205 1197 1196
f 1205 1206 1197
f 1197 1198 1206
f 1198 1207 1206
f 1206 1198 1197
f 1206 1207 1198
f 1198 1199 1207
f 1199 1208 1207
f 1207 1199 1198
f 1207 1208 1199
f 1199 1200 1208
f 1200 1209 1208
f 1208 1200 1199
f 1208 1209 1200
f 1200 1201 1209
f 1201 1210 1209
f 1209 1201 1200
f 1209 1210 1201
f 1201 1202 1210
f 1202 1211 1210
f 1210 1202 1201
f 1210 1211 1202
f 1202 1203 1211
f 1203 1212 1211
f 1211 1203 1202
f 1211 1212 1203
f 1203 1204 1212
f 1204 1213 1212
f 1212 1204 1203
f 1212 1213 1204
f 1214 1215 1219
f 1215 1220 1219
f 1219 1215 1214
f 1219 1220 1215
f 1215 1216 1220
f 1216 1221 1220
f 1220 1216 1215
f 1220 1221 1216
f 1216 1217 1221
f 1217 1222 1221
f 1221 1217 1216
f 1221 1222 1217
f 1217 1218 1222
f 1218 1223 1222
f 1222 1218 1217
f 1222 1223 1218
f 1219 1220 1224
f 1220 1225 1224
f 1224 1220 1219
f 1224 1225 1220
f 1220 1221 1225
f 1221 1226 1225
f 1225 1221 1220
f 1225 1226 1221
f 1221 1222 1226
f 1222 1227 1226
f 1226 1222 1221
f 1226 1227 1222
f 1222 1223 1227
f 1223 1228 1227
f 1227 1223 1222
f 1227 1228 1223
f 1224 1225 1229
f 1225 1230 1229
f 1229 1225 1224
f 1229 1230 1225
f 1225 1226 1230
f 1226 1231 1230
f 1230 1226 1225
f 1230 1231 1226
f 1226 1227 1231
f 1227 1232 1231
f 1231 1227 1226
f 1231 1232 1227
f 1227 1228 1232
f 1228 1233 1232
f 1232 1228 1227
f 1232 1233 1228
f 1229 1230 1234
f 1230 1235 1234
f 1234 1230 1229
f 1234 1235 1230
f 1230 1231 1235
f 1231 1236 1235
f 1235 1231 1230
f 1235 1236 1231
f 1231 1232 1236
f 1232 1237 1236
f 1236 1232 1231
f 1236 1237 1232
f 1232 1233 1237
f 1233 1238 1237
f 1237 1233 1232
f 1237 1238 1233
f 1234 1235 1239
f 1235 1240 1239
f 1239 1235 1234
f 1239 1240 1235
f 1235 1236 1240
f 1236 1241 1240
f 1240 1236 1235
f 1240 1241 1236
f 1236 1237 1241
f 1237 1242 1241
f 1241 1237 1236
f 1241 1242 1237
f 1237 1238 1242
f 1238 1243 1242
f 1242 1238 1237
f 1242 1243 1238
f 1239 1240 1244
f 1240 1245 1244
f 1244 1240 1239
f 1244 1245 1240
f 1240 1241 1245
f 1241 1246 1245
f 1245 1241 1240
f 1245 1246 1241
f 1241 1242 1246
f 1242 1247 1246
f 1246 1242 1241
f 1246 1247 1242
f 1242 1243 1247
f 1243 1248 1247
f 1247 1243 1242
f 1247 1248 1243
f 1244 1245 1249
f 1245 1250 1249
f 1249 1245 1244
f 1249 1250 1245
f 1245 1246 1250
f 1246 1251 1250
f 1250 1246 1245
f 1250 1251 1246
f 1246 1247 1251
f 1247 1252 1251
f 1251 1247 1246
f 1251 1252 1247
f 1247 1248 1252
f 1248 1253 1252
f 1252 1248 1247
f 1252 1253 1248
f 1254 1255 1259
f 1255 1260 1259
f 1259 1255 1254
f 1259 1260 1255
f 1255 1256 1260
f 1256 1261 1260
f 1260 1256 1255
f 1260 1261 1256
f 1256 1257 1261
f 1257 1262 1261
f 1261 1257 1256
f 1261 1262 1257
f 1257 1258 1262
f 1258 1263 1262
f 1262 1258 1257
f 1262 1263 1258
f 1259 1260 1264
f 1260 1265 1264
f 1264 1260 1259
f 1264 1265 1260
f 1260 1261 1265
f 1261 1266 1265
f 1265 1261 1260
f 1265 1266 1261
f 1261 1262 1266
f 1262 1267 1266
f 1266 1262 1261
f 1266 1267 1262
f 1262 1263 1267
f 1263 1268 1267
f 1267 1263 1262
f 1267 1268 1263
f 1264 1265 1269
f 1265 1270 1269
f 1269 1265 1264
f 1269 1270 1265
f 1265 1266 1270
f 1266 1271 1270
f 1270 1266 1265
f 1270 1271 1266
f 1266 1267 1271
f 1267 1272 1271
f 1271 1267 1266
f 1271 1272 1267
f 1267 1268 1272
f 1268 1273 1272
f 1272 1268 1267
f 1272 1273 1268
f 1269 1270 1274
f 1270 1275 1274
f 1274 1270 1269
f 1274 1275 1270
f 1270 1271 1275
f 1271 1276 1275
f 1275 1271 1270
f 1275 1276 1271
f 1271 1272 1276
f 1272 1277 1276
f 1276 1272 1271
f 1276 1277 1272
f 1272 1273 1277
f 1273 1278 1277
f 1277 1273 1272
f 1277 1278 1273
f 1274 1275 1279
f 1275 1280 1279
f 1279 1275 1274
f 1279 1280 1275
f 1275 1276 1280
f 1276 1281 1280
f 1280 1276 1275
f 1280 1281 1276
f 1276 1277 1281
f 1277 1282 1281
f 1281 1277 1276
f 1281 1282 1277
f 1277 1278 1282
f 1278 1283 1282
f 1282 1278 1277
f 1282 1283 1278
f 1279 1280 1284
f 1280 1285 1284
f 1284 1280 1279
f 1284 1285 1280
f 1280 1281 1285
f 1281 1286 1285
f 1285 1281 1280
f 1285 1286 1281
f 1281 1282 1286
f 1282 1287 1286
f 1286 1282 1281
f 1286 1287 1282
f 1282 1283 1287
f 1283 1288 1287
f 1287 1283 1282
f 1287 1288 1283
f 1284 1285 1289
f 1285 1290 1289
f 1289 1285 1284
f 1289 1290 1285
f 1285 1286 1290
f 1286 1291 1290
f 1290 1286 1285
f 1290 1291 1286
f 1286 1287 1291
f 1287 1292 1291
f 1291 1287 1286
f 1291 1292 1287
f 1287 1288 1292
f 1288 1293 1292
f 1292 1288 1287
f 1292 1293 1288
f 1294 1296 1295
f 1294 1297 1296
f 1294 1298 1297
f 1294 1299 1298
f 1294 1300 1299
f 1294 1301 1300
f 1294 1302 1301
f 1294 1303 1302
f 1294 1304 1303
f 1294 1305 1304
f 1294 1306 1305
f 1294 1307 1306
f 1294 1308 1307
f 1294 1309 1308
f 1294 1310 1309
f 1294 1311 1310
f 1294 1312 1311
f 1294 1313 1312
f 1294 1314 1313
f 1294 1315 1314
f 1294 1316 1315
f 1294 1317 1316
f 1294 1318 1317
f 1294 1295 1318
f 1296 1319 1295
f 1320 1319 1296
f 1297 1320 1296
f 1321 1320 1297
f 1298 1321 1297
f 1322 1321 1298
f 1299 1322 1298
f 1323 1322 1299
f 1300 1323 1299
f 1324 1323 1300
f 1301 1324 1300
f 1325 1324 1301
f 1302 1325 1301
f 1326 1325 1302
f 1303 1326 1302
f 1327 1326 1303
f 1304 1327 1303
f 1328 1327 1304
f 1305 1328 1304
f 1329 1328 1305
f 1306 1329 1305
f 1330 1329 1306
f 1307 1330 1306
f 1331 1330 1307
f 1308 1331 1307
f 1332 1331 1308
f 1309 1332 1308
f 1333 1332 1309
f 1310 1333 1309
f 1334 1333 1310
f 1311 1334 1310
f 1335 1334 1311
f 1312 1335 1311
f 1336 1335 1312
f 1313 1336 1312
f 1337 1336 1313
f 1314 1337 1313
f 1338 1337 1314
f 1315 1338 1314
f 1339 1338 1315
f 1316 1339 1315
f 1340 1339 1316
f 1317 1340 1316
f 1341 1340 1317
f 1318 1341 1317
f 1342 1341 1318
f 1295 1342 1318
f 1319 1342 1295
f 1320 1343 1319
f 1344 1343 1320
f 1321 1344 1320
f 1345 1344 1321
f 1322 1345 1321
f 1346 1345 1322
f 1323 1346 1322
f 1347 1346 1323
f 1324 1347 1323
f 1348 1347 1324
f 1325 1348 1324
f 1349 1348 1325
f 1326 1349 1325
f 1350 1349 1326
f 1327 1350 1326
f 1351 1350 1327
f 1328 1351 1327
f 1352 1351 1328
f 1329 1352 1328
f 1353 1352 1329
f 1330 1353 1329
f 1354 1353 1330
f 1331 1354 1330
f 1355 1354 1331
f 1332 1355 1331
f 1356 1355 1332
f 1333 1356 1332
f 1357 1356 1333
f 1334 1357 1333
f 1358 1357 1334
f 1335 1358 1334
f 1359 1358 1335
f 1336 1359 1335
f 1360 1359 1336
f 1337 1360 1336
f 1361 1360 1337
f 1338 1361 1337
f 1362 1361 1338
f 1339 1362 1338
f 1363 1362 1339
f 1340 1363 1339
f 1364 1363 1340
f 1341 1364 1340
f 1365 1364 1341
f 1342 1365 1341
f 1366 1365 1342
f 1319 1366 1342
f 1343 1366 1319
f 1344 1367 1343
f 1368 1367 1344
f 1345 1368 1344
f 1369 1368 1345
f 1346 1369 1345
f 1370 1369 1346
f 1347 1370 1346
f 1371 1370 1347
f 1348 1371 1347
f 1372 1371 1348
f 1349 1372 1348
f 1373 1372 1349
f 1350 1373 1349
f 1374 1373 1350
f 1351 1374 1350
f 1375 1374 1351
f 1352 1375 1351
f 1376 1375 1352
f 1353 1376 1352
f 1377 1376 1353
f 1354 1377 1353
f 1378 1377 1354
f 1355 1378 1354
f 1379 1378 1355
f 1356 1379 1355
f 1380 1379 1356
f 1357 1380 1356
f 1381 1380 1357
f 1358 1381 1357
f 1382 1381 1358
f 1359 1382 1358
f 1383 1382 1359
f 1360 1383 1359
f 1384 1383 1360
f 1361 1384 1360
f 1385 1384 1361
f 1362 1385 1361
f 1386 1385 1362
f 1363 1386 1362
f 1387 1386 1363
f 1364 1387 1363
f 1388 1387 1364
f 1365 1388 1364
f 1389 1388 1365
f 1366 1389 1365
f 1390 1389 1366
f 1343 1390 1366
f 1367 1390 1343
f 1368 1391 1367
f 1392 1391 1368
f 1369 1392 1368
f 1393 1392 1369
f 1370 1393 1369
f 1394 1393 1370
f 1371 1394 1370
f 1395 1394 1371
f 1372 1395 1371
f 1396 1395 1372
f 1373 1396 1372
f 1397 1396 1373
f 1374 1397 1373
f 1398 1397 1374
f 1375 1398 1374
f 1399 1398 1375
f 1376 1399 1375
f 1400 1399 1376
f 1377 1400 1376
f 1401 1400 1377
f 1378 1401 1377
f 1402 1401 1378
f 1379 1402 1378
f 1403 1402 1379
f 1380 1403 1379
f 1404 1403 1380
f 1381 1404 1380
f 1405 1404 1381
f 1382 1405 1381
f 1406 1405 1382
f 1383 1406 1382
f 1407 1406 1383
f 1384 1407 1383
f 1408 1407 1384
f 1385 1408 1384
f 1409 1408 1385
f 1386 1409 1385
f 1410 1409 1386
f 1387 1410 1386
f 1411 1410 1387
f 1388 1411 1387
f 1412 1411 1388
f 1389 1412 1388
f 1413 1412 1389
f 1390 1413 1389
f 1414 1413 1390
f 1367 1414 1390
f 1391 1414 1367
f 1392 1415 1391
f 1416 1415 1392
f 1393 1416 1392
f 1417 1416 1393
f 1394 1417 1393
f 1418 1417 1394
f 1395 1418 1394
f 1419 1418 1395
f 1396 1419 1395
f 1420 1419 1396
f 1397 1420 1396
f 1421 1420 1397
f 1398 1421 1397
f 1422 1421 1398
f 1399 1422 1398
f 1423 1422 1399
f 1400 1423 1399
f 1424 1423 1400
f 1401 1424 1400
f 1425 1424 1401
f 1402 1425 1401
f 1426 1425 1402
f 1403 1426 1402
f 1427 1426 1403
f 1404 1427 1403
f 1428 1427 1404
f 1405 1428 1404
f 1429 1428 1405
f 1406 1429 1405
f 1430 1429 1406
f 1407 1430 1406
f 1431 1430 1407
f 1408 1431 1407
f 1432 1431 1408
f 1409 1432 1408
f 1433 1432 1409
f 1410 1433 1409
f 1434 1433 1410
f 1411 1434 1410
f 1435 1434 1411
f 1412 1435 1411
f 1436 1435 1412
f 1413 1436 1412
f 1437 1436 1413
f 1414 1437 1413
f 1438 1437 1414
f 1391 1438 1414
f 1415 1438 1391
f 1416 1439 1415
f 1440 1439 1416
f 1417 1440 1416
f 1441 1440 1417
f 1418 1441 1417
f 1442 1441 1418
f 1419 1442 1418
f 1443 1442 1419
f 1420 1443 1419
f 1444 1443 1420
f 1421 1444 1420
f 1445 1444 1421
f 1422 1445 1421
f 1446 1445 1422
f 1423 1446 1422
f 1447 1446 1423
f 1424 1447 1423
f 1448 1447 1424
f 1425 1448 1424
f 1449 1448 1425
f 1426 1449 1425
f 1450 1449 1426
f 1427 1450 1426
f 1451 1450 1427
f 1428 1451 1427
f 1452 1451 1428
f 1429 1452 1428
f 1453 1452 1429
f 1430 1453 1429
f 1454 1453 1430
f 1431 1454 1430
f 1455 1454 1431
f 1432 1455 1431
f 1456 1455 1432
f 1433 1456 1432
f 1457 1456 1433
f 1434 1457 1433
f 1458 1457 1434
f 1435 1458 1434
f 1459 1458 1435
f 1436 1459 1435
f 1460 1459 1436
f 1437 1460 1436
f 1461 1460 1437
f 1438 1461 1437
f 1462 1461 1438
f 1415 1462 1438
f 1439 1462 1415
f 1440 1463 1439
f 1464 1463 1440
f 1441 1464 1440
f 1465 1464 1441
f 1442 1465 1441
f 1466 1465 1442
f 1443 1466 1442
f 1467 1466 1443
f 1444 1467 1443
f 1468 1467 1444
f 1445 1468 1444
f 1469 1468 1445
f 1446 1469 1445
f 1470 1469 1446
f 1447 1470 1446
f 1471 1470 1447
f 1448 1471 1447
f 1472 1471 1448
f 1449 1472 1448
f 1473 1472 1449
f 1450 1473 1449
f 1474 1473 1450
f 1451 1474 1450
f 1475 1474 1451
f 1452 1475 1451
f 1476 1475 1452
f 1453 1476 1452
f 1477 1476 1453
f 1454 1477 1453
f 1478 1477 1454
f 1455 1478 1454
f 1479 1478 1455
f 1456 1479 1455
f 1480 1479 1456
f 1457 1480 1456
f 1481 1480 1457
f 1458 1481 1457
f 1482 1481 1458
f 1459 1482 1458
f 1483 1482 1459
f 1460 1483 1459
f 1484 1483 1460
f 1461 1484 1460
f 1485 1484 1461
f 1462 1485 1461
f 1486 1485 1462
f 1439 1486 1462
f 1463 1486 1439
f 1464 1487 1463
f 1488 1487 1464
f 1465 1488 1464
f 1489 1488 1465
f 1466 1489 1465
f 1490 1489 1466
f 1467 1490 1466
f 1491 1490 1467
f 1468 1491 1467
f 1492 1491 1468
f 1469 1492 1468
f 1493 1492 1469
f 1470 1493 1469
f 1494 1493 1470
f 1471 1494 1470
f 1495 1494 1471
f 1472 1495 1471
f 1496 1495 1472
f 1473 1496 1472
f 1497 1496 1473
f 1474 1497 1473
f 1498 1497 1474
f 1475 1498 1474
f 1499 1498 1475
f 1476 1499 1475
f 1500 1499 1476
f 1477 1500 1476
f 1501 1500 1477
f 1478 1501 1477
f 1502 1501 1478
f 1479 1502 1478
f 1503 1502 1479
f 1480 1503 1479
f 1504 1503 1480
f 1481 1504 1480
f 1505 1504 1481
f 1482 1505 1481
f 1506 1505 1482
f 1483 1506 1482
f 1507 1506 1483
f 1484 1507 1483
f 1508 1507 1484
f 1485 1508 1484
f 1509 1508 1485
f 1486 1509 1485
f 1510 1509 1486
f 1463 1510 1486
f 1487 1510 1463
f 1488 1511 1487
f 1512 1511 1488
f 1489 1512 1488
f 1513 1512 1489
f 1490 1513 1489
f 1514 1513 1490
f 1491 1514 1490
f 1515 1514 1491
f 1492 1515 1491
f 1516 1515 1492
f 1493 1516 1492
f 1517 1516 1493
f 1494 1517 1493
f 1518 1517 1494
f 1495 1518 1494
f 1519 1518 1495
f 1496 1519 1495
f 1520 1519 1496
f 1497 1520 1496
f 1521 1520 1497
f 1498 1521 1497
f 1522 1521 1498
f 1499 1522 1498
f 1523 1522 1499
f 1500 1523 1499
f 1524 1523 1500
f 1501 1524 1500
f 1525 1524 1501
f 1502 1525 1501
f 1526 1525 1502
f 1503 1526 1502
f 1527 1526 1503
f 1504 1527 1503
f 1528 1527 1504
f 1505 1528 1504
f 1529 1528 1505
f 1506 1529 1505
f 1530 1529 1506
f 1507 1530 1506
f 1531 1530 1507
f 1508 1531 1507
f 1532 1531 1508
f 1509 1532 1508
f 1533 1532 1509
f 1510 1533 1509
f 1534 1533 1510
f 1487 1534 1510
f 1511 1534 1487
f 1512 1535 1511
f 1536 1535 1512
f 1513 1536 1512
f 1537 1536 1513
f 1514 1537 1513
f 1538 1537 1514
f 1515 1538 1514
f 1539 1538 1515
f 1516 1539 1515
f 1540 1539 1516
f 1517 1540 1516
f 1541 1540 1517
f 1518 1541 1517
f 1542 1541 1518
f 1519 1542 1518
f 1543 1542 1519
f 1520 1543 1519
f 1544 1543 1520
f 1521 1544 1520
f 1545 1544 1521
f 1522 1545 1521
f 1546 1545 1522
f 1523 1546 1522
f 1547 1546 1523
f 1524 1547 1523
f 1548 1547 1524
f 1525 1548 1524
f 1549 1548 1525
f 1526 1549 1525
f 1550 1549 1526
f 1527 1550 1526
f 1551 1550 1527
f 1528 1551 1527
f 1552 1551 1528
f 1529 1552 1528
f 1553 1552 1529
f 1530 1553 1529
f 1554 1553 1530
f 1531 1554 1530
f 1555 1554 1531
f 1532 1555 1531
f 1556 1555 1532
f 1533 1556 1532
f 1557 1556 1533
f 1534 1557 1533
f 1558 1557 1534
f 1511 1558 1534
f 1535 1558 1511
f 1536 1559 1535
f 1560 1559 1536
f 1537 1560 1536
f 1561 1560 1537
f 1538 1561 1537
f 1562 1561 1538
f 1539 1562 1538
f 1563 1562 1539
f 1540 1563 1539
f 1564 1563 1540
f 1541 1564 1540
f 1565 1564 1541
f 1542 1565 1541
f 1566 1565 1542
f 1543 1566 1542
f 1567 1566 1543
f 1544 1567 1543
f 1568 1567 1544
f 1545 1568 1544
f 1569 1568 1545
f 1546 1569 1545
f 1570 1569 1546
f 1547 1570 1546
f 1571 1570 1547
f 1548 1571 1547
f 1572 1571 1548
f 1549 1572 1548
f 1573 1572 1549
f 1550 1573 1549
f 1574 1573 1550
f 1551 1574 1550
f 1575 1574 1551
f 1552 1575 1551
f 1576 1575 1552
f 1553 1576 1552
f 1577 1576 1553
f 1554 1577 1553
f 1578 1577 1554
f 1555 1578 1554
f 1579 1578 1555
f 1556 1579 1555
f 1580 1579 1556
f 1557 1580 1556
f 1581 1580 1557
f 1558 1581 1557
f 1582 1581 1558
f 1535 1582 1558
f 1559 1582 1535
f 1560 1583 1559
f 1584 1583 1560
f 1561 1584 1560
f 1585 1584 1561
f 1562 1585 1561
f 1586 1585 1562
f 1563 1586 1562
f 1587 1586 1563
f 1564 1587 1563
f 1588 1587 1564
f 1565 1588 1564
f 1589 1588 1565
f 1566 1589 1565
f 1590 1589 1566
f 1567 1590 1566
f 1591 1590 1567
f 1568 1591 1567
f 1592 1591 1568
f 1569 1592 1568
f 1593 1592 1569
f 1570 1593 1569
f 1594 1593 1570
f 1571 1594 1570
f 1595 1594 1571
f 1572 1595 1571
f 1596 1595 1572
f 1573 1596 1572
f 1597 1596 1573
f 1574 1597 1573
f 1598 1597 1574
f 1575 1598 1574
f 1599 1598 1575
f 1576 1599 1575
f 1600 1599 1576
f 1577 1600 1576
f 1601 1600 1577
f 1578 1601 1577
f 1602 1601 1578
f 1579 1602 1578
f 1603 1602 1579
f 1580 1603 1579
f 1604 1603 1580
f 1581 1604 1580
f 1605 1604 1581
f 1582 1605 1581
f 1606 1605 1582
f 1559 1606 1582
f 1583 1606 1559
f 1584 1607 1583
f 1585 1607 1584
f 1586 1607 1585
f 1587 1607 1586
f 1588 1607 1587
f 1589 1607 1588
f 1590 1607 1589
f 1591 1607 1590
f 1592 1607 1591
f 1593 1607 1592
f 1594 1607 1593
f 1595 1607 1594
f 1596 1607 1595
f 1597 1607 1596
f 1598 1607 1597
f 1599 1607 1598
f 1600 1607 1599
f 1601 1607 1600
f 1602 1607 1601
f 1603 1607 1602
f 1604 1607 1603
f 1605 1607 1604
f 1606 1607 1605
f 1583 1607 1606
f 1608 1609 1620
f 1609 1621 1620
f 1609 1610 1621
f 1610 1622 1621
f 1610 1611 1622
f 1611 1623 1622
f 1611 1612 1623
f 1612 1624 1623
f 1612 1613 1624
f 1613 1625 1624
f 1613 1614 1625
f 1614 1626 1625
f 1614 1615 1626
f 1615 1627 1626
f 1615 1616 1627
f 1616 1628 1627
f 1616 1617 1628
f 1617 1629 1628
f 1617 1618 1629
f 1618 1630 1629
f 1618 1619 1630
f 1619 1631 1630
f 1619 1608 1631
f 1608 1620 1631
f 1620 1621 1632
f 1621 1633 1632
f 1621 1622 1633
f 1622 1634 1633
f 1622 1623 1634
f 1623 1635 1634
f 1623 1624 1635
f 1624 1636 1635
f 1624 1625 1636
f 1625 1637 1636
f 1625 1626 1637
f 1626 1638 1637
f 1626 1627 1638
f 1627 1639 1638
f 1627 1628 1639
f 1628 1640 1639
f 1628 1629 1640
f 1629 1641 1640
f 1629 1630 1641
f 1630 1642 1641
f 1630 1631 1642
f 1631 1643 1642
f 1631 1620 1643
f 1620 1632 1643
f 1644 1609 1608
f 1644 1610 1609
f 1644 1611 1610
f 1644 1612 1611
f 1644 1613 1612
f 1644 1614 1613
f 1644 1615 1614
f 1644 1616 1615
f 1644 1617 1616
f 1644 1618 1617
f 1644 1619 1618
f 1644 1608 1619
f 1645 1632 1633
f 1645 1633 1634
f 1645 1634 1635
f 1645 1635 1636
f 1645 1636 1637
f 1645 1637 1638
f 1645 1638 1639
f 1645 1639 1640
f 1645 1640 1641
f 1645 1641 1642
f 1645 1642 1643
f 1645 1643 1632
f 1646 1647 1658
f 1647 1659 1658
f 1647 1648 1659
f 1648 1660 1659
f 1648 1649 1660
f 1649 1661 1660
f 1649 1650 1661
f 1650 1662 1661
f 1650 1651 1662
f 1651 1663 1662
f 1651 1652 1663
f 1652 1664 1663
f 1652 1653 1664
f 1653 1665 1664
f 1653 1654 1665
f 1654 1666 1665
f 1654 1655 1666
f 1655 1667 1666
f 1655 1656 1667
f 1656 1668 1667
f 1656 1657 1668
f 1657 1669 1668
f 1657 1646 1669
f 1646 1658 1669
f 1658 1659 1670
f 1659 1671 1670
f 1659 1660 1671
f 1660 1672 1671
f 1660 1661 1672
f 1661 1673 1672
f 1661 1662 1673
f 1662 1674 1673
f 1662 1663 1674
f 1663 1675 1674
f 1663 1664 1675
f 1664 1676 1675
f 1664 1665 1676
f 1665 1677 1676
f 1665 1666 1677
f 1666 1678 1677
f 1666 1667 1678
f 1667 1679 1678
f 1667 1668 1679
f 1668 1680 1679
f 1668 1669 1680
f 1669 1681 1680
f 1669 1658 1681
f 1658 1670 1681
f 1682 1647 1646
f 1682 1648 1647
f 1682 1649 1648
f 1682 1650 1649
f 1682 1651 1650
f 1682 1652 1651
f 1682 1653 1652
f 1682 1654 1653
f 1682 1655 1654
f 1682 1656 1655
f 1682 1657 1656
f 1682 1646 1657
f 1683 1670 1671
f 1683 1671 1672
f 1683 1672 1673
f 1683 1673 1674
f 1683 1674 1675
f 1683 1675 1676
f 1683 1676 1677
f 1683 1677 1678
f 1683 1678 1679
f 1683 1679 1680
f 1683 1680 1681
f 1683 1681 1670
v -0.003111 0.825250 -0.000158
v -0.007238 0.824392 0.031385
v -0.019285 0.823987 0.060385
v -0.038277 0.824070 0.084493
v -0.062674 0.824633 0.101756
v -0.090500 0.825631 0.110776
v -0.119500 0.826983 0.110821
v -0.147326 0.828579 0.101888
v -0.171723 0.830290 0.084701
v -0.190715 0.831978 0.060651
v -0.202762 0.833506 0.031688
v -0.206889 0.834750 0.000158
v -0.202762 0.835608 -0.031385
v -0.190715 0.836013 -0.060385
v -0.171723 0.835930 -0.084493
v -0.147326 0.835367 -0.101756
v -0.119500 0.834369 -0.110776
v -0.090500 0.833017 -0.110821
v -0.062674 0.831421 -0.101888
v -0.038277 0.829710 -0.084701
v -0.019285 0.828022 -0.060651
v -0.007238 0.826494 -0.031688
v -0.022037 0.677436 -0.004868
v -0.025681 0.678958 0.022700
v -0.036318 0.680565 0.048024
v -0.053087 0.682125 0.069052
v -0.074628 0.683514 0.084081
v -0.099197 0.684617 0.091893
v -0.124803 0.685347 0.091856
v -0.149372 0.685643 0.083972
v -0.170913 0.685483 0.068879
v -0.187682 0.684878 0.047802
v -0.198319 0.683878 0.022447
v -0.201963 0.682564 -0.005132
v -0.198319 0.681042 -0.032700
v -0.187682 0.679435 -0.058024
v -0.170913 0.677875 -0.079052
v -0.149372 0.676486 -0.094081
v -0.124803 0.675383 -0.101893
v -0.099197 0.674653 -0.101856
v -0.074628 0.674357 -0.093972
v -0.053087 0.674517 -0.078879
v -0.036318 0.675122 -0.057802
v -0.025681 0.676122 -0.032447
v -0.042015 0.478543 0.018062
v -0.044971 0.479535 0.040015
v -0.053601 0.480565 0.060184
v -0.067205 0.481549 0.076936
v -0.084681 0.482407 0.088913
v -0.104613 0.483071 0.095145
v -0.125387 0.483486 0.095128
v -0.145319 0.483618 0.088862
v -0.162795 0.483457 0.076855
v -0.176399 0.483016 0.060080
v -0.185029 0.482331 0.039896
v -0.187985 0.481457 0.017938
v -0.185029 0.480465 -0.004015
v -0.176399 0.479435 -0.024184
v -0.162795 0.478451 -0.040936
v -0.145319 0.477593 -0.052913
v -0.125387 0.476929 -0.059145
v -0.104613 0.476514 -0.059128
v -0.084681 0.476382 -0.052862
v -0.067205 0.476543 -0.040855
v -0.053601 0.476984 -0.024080
v -0.044971 0.477669 -0.003896
v -0.052021 0.278302 0.011949
v -0.054775 0.277754 0.032508
v -0.062813 0.277388 0.051406
v -0.075483 0.277234 0.067112
v -0.091761 0.277303 0.078352
v -0.110326 0.277592 0.084217
v -0.129674 0.278075 0.084232
v -0.148239 0.278714 0.078394
v -0.164517 0.279458 0.067178
v -0.177187 0.280245 0.051492
v -0.185225 0.281012 0.032606
v -0.187979 0.281698 0.012051
v -0.185225 0.282246 -0.008508
v -0.177187 0.282612 -0.027406
v -0.164517 0.282766 -0.043112
v -0.148239 0.282697 -0.054352
v -0.129674 0.282408 -0.060217
v -0.110326 0.281925 -0.060232
v -0.091761 0.281286 -0.054394
v -0.075483 0.280542 -0.043178
v -0.062813 0.279755 -0.027492
v -0.054775 0.278988 -0.008606
v -0.105000 0.830000 0.000000
v -0.120000 0.280000 0.012000
v 0.206889 0.834750 0.000158
v 0.202762 0.833506 0.031688
v 0.190715 0.831978 0.060651
v 0.171723 0.830290 0.084701
v 0.147326 0.828579 0.101888
v 0.119500 0.826983 0.110821
v 0.090500 0.825631 0.110776
v 0.062674 0.824633 0.101756
v 0.038277 0.824070 0.084493
v 0.019285 0.823987 0.060385
v 0.007238 0.824392 0.031385
v 0.003111 0.825250 -0.000158
v 0.007238 0.826494 -0.031688
v 0.019285 0.828022 -0.060651
v 0.038277 0.829710 -0.084701
v 0.062674 0.831421 -0.101888
v 0.090500 0.833017 -0.110821
v 0.119500 0.834369 -0.110776
v 0.147326 0.835367 -0.101756
v 0.171723 0.835930 -0.084493
v 0.190715 0.836013 -0.060385
v 0.202762 0.835608 -0.031385
v 0.201963 0.682564 -0.005132
v 0.198319 0.683878 0.022447
v 0.187682 0.684878 0.047802
v 0.170913 0.685483 0.068879
v 0.149372 0.685643 0.083972
v 0.124803 0.685347 0.091856
v 0.099197 0.684617 0.091893
v 0.074628 0.683514 0.084081
v 0.053087 0.682125 0.069052
v 0.036318 0.680565 0.048024
v 0.025681 0.678958 0.022700
v 0.022037 0.677436 -0.004868
v 0.025681 0.676122 -0.032447
v 0.036318 0.675122 -0.057802
v 0.053087 0.674517 -0.078879
v 0.074628 0.674357 -0.093972
v 0.099197 0.674653 -0.101856
v 0.124803 0.675383 -0.101893
v 0.149372 0.676486 -0.094081
v 0.170913 0.677875 -0.079052
v 0.187682 0.679435 -0.058024
v 0.198319 0.681042 -0.032700
v 0.187985 0.481457 0.017938
v 0.185029 0.482331 0.039896
v 0.176399 0.483016 0.060080
v 0.162795 0.483457 0.076855
v 0.145319 0.483618 0.088862
v 0.125387 0.483486 0.095128
v 0.104613 0.483071 0.095145
v 0.084681 0.482407 0.088913
v 0.067205 0.481549 0.076936
v 0.053601 0.480565 0.060184
v 0.044971 0.479535 0.040015
v 0.042015 0.478543 0.018062
v 0.044971 0.477669 -0.003896
v 0.053601 0.476984 -0.024080
v 0.067205 0.476543 -0.040855
v 0.084681 0.476382 -0.052862
v 0.104613 0.476514 -0.059128
v 0.125387 0.476929 -0.059145
v 0.145319 0.477593 -0.052913
v 0.162795 0.478451 -0.040936
v 0.176399 0.479435 -0.024184
v 0.185029 0.480465 -0.004015
v 0.187979 0.281698 0.012051
v 0.185225 0.281012 0.032606
v 0.177187 0.280245 0.051492
v 0.164517 0.279458 0.067178
v 0.148239 0.278714 0.078394
v 0.129674 0.278075 0.084232
v 0.110326 0.277592 0.084217
v 0.091761 0.277303 0.078352
v 0.075483 0.277234 0.067112
v 0.062813 0.277388 0.051406
v 0.054775 0.277754 0.032508
v 0.052021 0.278302 0.011949
v 0.054775 0.278988 -0.008606
v 0.062813 0.279755 -0.027492
v 0.075483 0.280542 -0.043178
v 0.091761 0.281286 -0.054394
v 0.110326 0.281925 -0.060232
v 0.129674 0.282408 -0.060217
v 0.148239 0.282697 -0.054352
v 0.164517 0.282766 -0.043112
v 0.177187 0.282612 -0.027406
v 0.185225 0.282246 -0.008508
v 0.105000 0.830000 0.000000
v 0.120000 0.280000 0.012000
v 0.200000 0.720000 0.000000
v 0.197538 0.720000 0.019554
v 0.190211 0.720000 0.038627
v 0.178201 0.720000 0.056749
v 0.161803 0.720000 0.073473
v 0.141421 0.720000 0.088388
v 0.117557 0.720000 0.101127
v 0.090798 0.720000 0.111376
v 0.061803 0.720000 0.118882
v 0.031287 0.720000 0.123461
v 0.000000 0.720000 0.125000
v -0.031287 0.720000 0.123461
v -0.061803 0.720000 0.118882
v -0.090798 0.720000 0.111376
v -0.117557 0.720000 0.101127
v -0.141421 0.720000 0.088388
v -0.161803 0.720000 0.073473
v -0.178201 0.720000 0.056749
v -0.190211 0.720000 0.038627
v -0.197538 0.720000 0.019554
v -0.200000 0.720000 0.000000
v -0.197538 0.720000 -0.019554
v -0.190211 0.720000 -0.038627
v -0.178201 0.720000 -0.056749
v -0.161803 0.720000 -0.073473
v -0.141421 0.720000 -0.088388
v -0.117557 0.720000 -0.101127
v -0.090798 0.720000 -0.111376
v -0.061803 0.720000 -0.118882
v -0.031287 0.720000 -0.123461
v -0.000000 0.720000 -0.125000
v 0.031287 0.720000 -0.123461
v 0.061803 0.720000 -0.118882
v 0.090798 0.720000 -0.111376
v 0.117557 0.720000 -0.101127
v 0.141421 0.720000 -0.088388
v 0.161803 0.720000 -0.073473
v 0.178201 0.720000 -0.056749
v 0.190211 0.720000 -0.038627
v 0.197538 0.720000 -0.019554
v 0.205000 0.800000 0.000000
v 0.202476 0.800000 0.020336
v 0.194967 0.800000 0.040172
v 0.182656 0.800000 0.059019
v 0.165848 0.800000 0.076412
v 0.144957 0.800000 0.091924
v 0.120496 0.800000 0.105172
v 0.093068 0.800000 0.115831
v 0.063348 0.800000 0.123637
v 0.032069 0.800000 0.128399
v 0.000000 0.800000 0.130000
v -0.032069 0.800000 0.128399
v -0.063348 0.800000 0.123637
v -0.093068 0.800000 0.115831
v -0.120496 0.800000 0.105172
v -0.144957 0.800000 0.091924
v -0.165848 0.800000 0.076412
v -0.182656 0.800000 0.059019
v -0.194967 0.800000 0.040172
v -0.202476 0.800000 0.020336
v -0.205000 0.800000 0.000000
v -0.202476 0.800000 -0.020336
v -0.194967 0.800000 -0.040172
v -0.182656 0.800000 -0.059019
v -0.165848 0.800000 -0.076412
v -0.144957 0.800000 -0.091924
v -0.120496 0.800000 -0.105172
v -0.093068 0.800000 -0.115831
v -0.063348 0.800000 -0.123637
v -0.032069 0.800000 -0.128399
v -0.000000 0.800000 -0.130000
v 0.032069 0.800000 -0.128399
v 0.063348 0.800000 -0.123637
v 0.093068 0.800000 -0.115831
v 0.120496 0.800000 -0.105172
v 0.144957 0.800000 -0.091924
v 0.165848 0.800000 -0.076412
v 0.182656 0.800000 -0.059019
v 0.194967 0.800000 -0.040172
v 0.202476 0.800000 -0.020336
v 0.235000 0.940000 0.000000
v 0.232107 0.940000 0.021901
v 0.223498 0.940000 0.043262
v 0.209387 0.940000 0.063559
v 0.190119 0.940000 0.082290
v 0.166170 0.940000 0.098995
v 0.138130 0.940000 0.113262
v 0.106688 0.940000 0.124741
v 0.072619 0.940000 0.133148
v 0.036762 0.940000 0.138276
v 0.000000 0.940000 0.140000
v -0.036762 0.940000 0.138276
v -0.072619 0.940000 0.133148
v -0.106688 0.940000 0.124741
v -0.138130 0.940000 0.113262
v -0.166170 0.940000 0.098995
v -0.190119 0.940000 0.082290
v -0.209387 0.940000 0.063559
v -0.223498 0.940000 0.043262
v -0.232107 0.940000 0.021901
v -0.235000 0.940000 0.000000
v -0.232107 0.940000 -0.021901
v -0.223498 0.940000 -0.043262
v -0.209387 0.940000 -0.063559
v -0.190119 0.940000 -0.082290
v -0.166170 0.940000 -0.098995
v -0.138130 0.940000 -0.113262
v -0.106688 0.940000 -0.124741
v -0.072619 0.940000 -0.133148
v -0.036762 0.940000 -0.138276
v -0.000000 0.940000 -0.140000
v 0.036762 0.940000 -0.138276
v 0.072619 0.940000 -0.133148
v 0.106688 0.940000 -0.124741
v 0.138130 0.940000 -0.113262
v 0.166170 0.940000 -0.098995
v 0.190119 0.940000 -0.082290
v 0.209387 0.940000 -0.063559
v 0.223498 0.940000 -0.043262
v 0.232107 0.940000 -0.021901
v 0.245000 1.040000 0.000000
v 0.241984 1.040000 0.022683
v 0.233009 1.040000 0.044807
v 0.218297 1.040000 0.065829
v 0.198209 1.040000 0.085229
v 0.173241 1.040000 0.102530
v 0.144007 1.040000 0.117307
v 0.111228 1.040000 0.129196
v 0.075709 1.040000 0.137903
v 0.038326 1.040000 0.143215
v 0.000000 1.040000 0.145000
v -0.038326 1.040000 0.143215
v -0.075709 1.040000 0.137903
v -0.111228 1.040000 0.129196
v -0.144007 1.040000 0.117307
v -0.173241 1.040000 0.102530
v -0.198209 1.040000 0.085229
v -0.218297 1.040000 0.065829
v -0.233009 1.040000 0.044807
v -0.241984 1.040000 0.022683
v -0.245000 1.040000 0.000000
v -0.241984 1.040000 -0.022683
v -0.233009 1.040000 -0.044807
v -0.218297 1.040000 -0.065829
v -0.198209 1.040000 -0.085229
v -0.173241 1.040000 -0.102530
v -0.144007 1.040000 -0.117307
v -0.111228 1.040000 -0.129196
v -0.075709 1.040000 -0.137903
v -0.038326 1.040000 -0.143215
v -0.000000 1.040000 -0.145000
v 0.038326 1.040000 -0.143215
v 0.075709 1.040000 -0.137903
v 0.111228 1.040000 -0.129196
v 0.144007 1.040000 -0.117307
v 0.173241 1.040000 -0.102530
v 0.198209 1.040000 -0.085229
v 0.218297 1.040000 -0.065829
v 0.233009 1.040000 -0.044807
v 0.241984 1.040000 -0.022683
v 0.000000 1.060000 0.000000
v 0.040807 1.057721 0.000000
v 0.040023 1.057721 0.004811
v 0.037701 1.057721 0.009436
v 0.033930 1.057721 0.013699
v 0.028855 1.057721 0.017436
v 0.022671 1.057721 0.020502
v 0.015616 1.057721 0.022781
v 0.007961 1.057721 0.024184
v 0.000000 1.057721 0.024658
v -0.007961 1.057721 0.024184
v -0.015616 1.057721 0.022781
v -0.022671 1.057721 0.020502
v -0.028855 1.057721 0.017436
v -0.033930 1.057721 0.013699
v -0.037701 1.057721 0.009436
v -0.040023 1.057721 0.004811
v -0.040807 1.057721 0.000000
v -0.040023 1.057721 -0.004811
v -0.037701 1.057721 -0.009436
v -0.033930 1.057721 -0.013699
v -0.028855 1.057721 -0.017436
v -0.022671 1.057721 -0.020502
v -0.015616 1.057721 -0.022781
v -0.007961 1.057721 -0.024184
v -0.000000 1.057721 -0.024658
v 0.007961 1.057721 -0.024184
v 0.015616 1.057721 -0.022781
v 0.022671 1.057721 -0.020502
v 0.028855 1.057721 -0.017436
v 0.033930 1.057721 -0.013699
v 0.037701 1.057721 -0.009436
v 0.040023 1.057721 -0.004811
v 0.080375 1.050954 0.000000
v 0.078830 1.050954 0.009475
v 0.074257 1.050954 0.018586
v 0.066829 1.050954 0.026982
v 0.056834 1.050954 0.034342
v 0.044654 1.050954 0.040382
v 0.030758 1.050954 0.044870
v 0.015680 1.050954 0.047634
v 0.000000 1.050954 0.048567
v -0.015680 1.050954 0.047634
v -0.030758 1.050954 0.044870
v -0.044654 1.050954 0.040382
v -0.056834 1.050954 0.034342
v -0.066829 1.050954 0.026982
v -0.074257 1.050954 0.018586
v -0.078830 1.050954 0.009475
v -0.080375 1.050954 0.000000
v -0.078830 1.050954 -0.009475
v -0.074257 1.050954 -0.018586
v -0.066829 1.050954 -0.026982
v -0.056834 1.050954 -0.034342
v -0.044654 1.050954 -0.040382
v -0.030758 1.050954 -0.044870
v -0.015680 1.050954 -0.047634
v -0.000000 1.050954 -0.048567
v 0.015680 1.050954 -0.047634
v 0.030758 1.050954 -0.044870
v 0.044654 1.050954 -0.040382
v 0.056834 1.050954 -0.034342
v 0.066829 1.050954 -0.026982
v 0.074257 1.050954 -0.018586
v 0.078830 1.050954 -0.009475
v 0.117500 1.039904 0.000000
v 0.115242 1.039904 0.013851
v 0.108556 1.039904 0.027171
v 0.097698 1.039904 0.039445
v 0.083085 1.039904 0.050205
v 0.065280 1.039904 0.059034
v 0.044965 1.039904 0.065595
v 0.022923 1.039904 0.069636
v 0.000000 1.039904 0.071000
v -0.022923 1.039904 0.069636
v -0.044965 1.039904 0.065595
v -0.065280 1.039904 0.059034
v -0.083085 1.039904 0.050205
v -0.097698 1.039904 0.039445
v -0.108556 1.039904 0.027171
v -0.115242 1.039904 0.013851
v -0.117500 1.039904 0.000000
v -0.115242 1.039904 -0.013851
v -0.108556 1.039904 -0.027171
v -0.097698 1.039904 -0.039445
v -0.083085 1.039904 -0.050205
v -0.065280 1.039904 -0.059034
v -0.044965 1.039904 -0.065595
v -0.022923 1.039904 -0.069636
v -0.000000 1.039904 -0.071000
v 0.022923 1.039904 -0.069636
v 0.044965 1.039904 -0.065595
v 0.065280 1.039904 -0.059034
v 0.083085 1.039904 -0.050205
v 0.097698 1.039904 -0.039445
v 0.108556 1.039904 -0.027171
v 0.115242 1.039904 -0.013851
v 0.151055 1.024907 0.000000
v 0.148153 1.024907 0.017807
v 0.139557 1.024907 0.034930
v 0.125598 1.024907 0.050710
v 0.106812 1.024907 0.064542
v 0.083922 1.024907 0.075893
v 0.057806 1.024907 0.084328
v 0.029469 1.024907 0.089522
v 0.000000 1.024907 0.091276
v -0.029469 1.024907 0.089522
v -0.057806 1.024907 0.084328
v -0.083922 1.024907 0.075893
v -0.106812 1.024907 0.064542
v -0.125598 1.024907 0.050710
v -0.139557 1.024907 0.034930
v -0.148153 1.024907 0.017807
v -0.151055 1.024907 0.000000
v -0.148153 1.024907 -0.017807
v -0.139557 1.024907 -0.034930
v -0.125598 1.024907 -0.050710
v -0.106812 1.024907 -0.064542
v -0.083922 1.024907 -0.075893
v -0.057806 1.024907 -0.084328
v -0.029469 1.024907 -0.089522
v -0.000000 1.024907 -0.091276
v 0.029469 1.024907 -0.089522
v 0.057806 1.024907 -0.084328
v 0.083922 1.024907 -0.075893
v 0.106812 1.024907 -0.064542
v 0.125598 1.024907 -0.050710
v 0.139557 1.024907 -0.034930
v 0.148153 1.024907 -0.017807
v 0.180020 1.006418 0.000000
v 0.176561 1.006418 0.021222
v 0.166317 1.006418 0.041628
v 0.149682 1.006418 0.060434
v 0.127294 1.006418 0.076918
v 0.100014 1.006418 0.090446
v 0.068891 1.006418 0.100498
v 0.035120 1.006418 0.106688
v 0.000000 1.006418 0.108778
v -0.035120 1.006418 0.106688
v -0.068891 1.006418 0.100498
v -0.100014 1.006418 0.090446
v -0.127294 1.006418 0.076918
v -0.149682 1.006418 0.060434
v -0.166317 1.006418 0.041628
v -0.176561 1.006418 0.021222
v -0.180020 1.006418 0.000000
v -0.176561 1.006418 -0.021222
v -0.166317 1.006418 -0.041628
v -0.149682 1.006418 -0.060434
v -0.127294 1.006418 -0.076918
v -0.100014 1.006418 -0.090446
v -0.068891 1.006418 -0.100498
v -0.035120 1.006418 -0.106688
v -0.000000 1.006418 -0.108778
v 0.035120 1.006418 -0.106688
v 0.068891 1.006418 -0.100498
v 0.100014 1.006418 -0.090446
v 0.127294 1.006418 -0.076918
v 0.149682 1.006418 -0.060434
v 0.166317 1.006418 -0.041628
v 0.176561 1.006418 -0.021222
v 0.203516 0.985000 0.000000
v 0.199605 0.985000 0.023991
v 0.188024 0.985000 0.047061
v 0.169217 0.985000 0.068322
v 0.143908 0.985000 0.086957
v 0.113067 0.985000 0.102250
v 0.077882 0.985000 0.113615
v 0.039704 0.985000 0.120613
v 0.000000 0.985000 0.122976
v -0.039704 0.985000 0.120613
v -0.077882 0.985000 0.113615
v -0.113067 0.985000 0.102250
v -0.143908 0.985000 0.086957
v -0.169217 0.985000 0.068322
v -0.188024 0.985000 0.047061
v -0.199605 0.985000 0.023991
v -0.203516 0.985000 0.000000
v -0.199605 0.985000 -0.023991
v -0.188024 0.985000 -0.047061
v -0.169217 0.985000 -0.068322
v -0.143908 0.985000 -0.086957
v -0.113067 0.985000 -0.102250
v -0.077882 0.985000 -0.113615
v -0.039704 0.985000 -0.120613
v -0.000000 0.985000 -0.122976
v 0.039704 0.985000 -0.120613
v 0.077882 0.985000 -0.113615
v 0.113067 0.985000 -0.102250
v 0.143908 0.985000 -0.086957
v 0.169217 0.985000 -0.068322
v 0.188024 0.985000 -0.047061
v 0.199605 0.985000 -0.023991
v 0.220828 0.961303 0.000000
v 0.216585 0.961303 0.026032
v 0.204018 0.961303 0.051064
v 0.183612 0.961303 0.074133
v 0.156149 0.961303 0.094354
v 0.122685 0.961303 0.110948
v 0.084507 0.961303 0.123279
v 0.043081 0.961303 0.130872
v 0.000000 0.961303 0.133436
v -0.043081 0.961303 0.130872
v -0.084507 0.961303 0.123279
v -0.122685 0.961303 0.110948
v -0.156149 0.961303 0.094354
v -0.183612 0.961303 0.074133
v -0.204018 0.961303 0.051064
v -0.216585 0.961303 0.026032
v -0.220828 0.961303 0.000000
v -0.216585 0.961303 -0.026032
v -0.204018 0.961303 -0.051064
v -0.183612 0.961303 -0.074133
v -0.156149 0.961303 -0.094354
v -0.122685 0.961303 -0.110948
v -0.084507 0.961303 -0.123279
v -0.043081 0.961303 -0.130872
v -0.000000 0.961303 -0.133436
v 0.043081 0.961303 -0.130872
v 0.084507 0.961303 -0.123279
v 0.122685 0.961303 -0.110948
v 0.156149 0.961303 -0.094354
v 0.183612 0.961303 -0.074133
v 0.204018 0.961303 -0.051064
v 0.216585 0.961303 -0.026032
v 0.231430 0.936047 0.000000
v 0.226983 0.936047 0.027282
v 0.213813 0.936047 0.053515
v 0.192427 0.936047 0.077692
v 0.163646 0.936047 0.098884
v 0.128576 0.936047 0.116275
v 0.088564 0.936047 0.129198
v 0.045150 0.936047 0.137156
v 0.000000 0.936047 0.139843
v -0.045150 0.936047 0.137156
v -0.088564 0.936047 0.129198
v -0.128576 0.936047 0.116275
v -0.163646 0.936047 0.098884
v -0.192427 0.936047 0.077692
v -0.213813 0.936047 0.053515
v -0.226983 0.936047 0.027282
v -0.231430 0.936047 0.000000
v -0.226983 0.936047 -0.027282
v -0.213813 0.936047 -0.053515
v -0.192427 0.936047 -0.077692
v -0.163646 0.936047 -0.098884
v -0.128576 0.936047 -0.116275
v -0.088564 0.936047 -0.129198
v -0.045150 0.936047 -0.137156
v -0.000000 0.936047 -0.139843
v 0.045150 0.936047 -0.137156
v 0.088564 0.936047 -0.129198
v 0.128576 0.936047 -0.116275
v 0.163646 0.936047 -0.098884
v 0.192427 0.936047 -0.077692
v 0.213813 0.936047 -0.053515
v 0.226983 0.936047 -0.027282
v 0.235000 0.910000 0.000000
v 0.230485 0.910000 0.027703
v 0.217112 0.910000 0.054341
v 0.195395 0.910000 0.078891
v 0.166170 0.910000 0.100409
v 0.130559 0.910000 0.118069
v 0.089931 0.910000 0.131191
v 0.045846 0.910000 0.139272
v 0.000000 0.910000 0.142000
v -0.045846 0.910000 0.139272
v -0.089931 0.910000 0.131191
v -0.130559 0.910000 0.118069
v -0.166170 0.910000 0.100409
v -0.195395 0.910000 0.078891
v -0.217112 0.910000 0.054341
v -0.230485 0.910000 0.027703
v -0.235000 0.910000 0.000000
v -0.230485 0.910000 -0.027703
v -0.217112 0.910000 -0.054341
v -0.195395 0.910000 -0.078891
v -0.166170 0.910000 -0.100409
v -0.130559 0.910000 -0.118069
v -0.089931 0.910000 -0.131191
v -0.045846 0.910000 -0.139272
v -0.000000 0.910000 -0.142000
v 0.045846 0.910000 -0.139272
v 0.089931 0.910000 -0.131191
v 0.130559 0.910000 -0.118069
v 0.166170 0.910000 -0.100409
v 0.195395 0.910000 -0.078891
v 0.217112 0.910000 -0.054341
v 0.230485 0.910000 -0.027703
v 0.231430 0.883953 0.000000
v 0.226983 0.883953 0.027282
v 0.213813 0.883953 0.053515
v 0.192427 0.883953 0.077692
v 0.163646 0.883953 0.098884
v 0.128576 0.883953 0.116275
v 0.088564 0.883953 0.129198
v 0.045150 0.883953 0.137156
v 0.000000 0.883953 0.139843
v -0.045150 0.883953 0.137156
v -0.088564 0.883953 0.129198
v -0.128576 0.883953 0.116275
v -0.163646 0.883953 0.098884
v -0.192427 0.883953 0.077692
v -0.213813 0.883953 0.053515
v -0.226983 0.883953 0.027282
v -0.231430 0.883953 0.000000
v -0.226983 0.883953 -0.027282
v -0.213813 0.883953 -0.053515
v -0.192427 0.883953 -0.077692
v -0.163646 0.883953 -0.098884
v -0.128576 0.883953 -0.116275
v -0.088564 0.883953 -0.129198
v -0.045150 0.883953 -0.137156
v -0.000000 0.883953 -0.139843
v 0.045150 0.883953 -0.137156
v 0.088564 0.883953 -0.129198
v 0.128576 0.883953 -0.116275
v 0.163646 0.883953 -0.098884
v 0.192427 0.883953 -0.077692
v 0.213813 0.883953 -0.053515
v 0.226983 0.883953 -0.027282
v 0.220828 0.858697 0.000000
v 0.216585 0.858697 0.026032
v 0.204018 0.858697 0.051064
v 0.183612 0.858697 0.074133
v 0.156149 0.858697 0.094354
v 0.122685 0.858697 0.110948
v 0.084507 0.858697 0.123279
v 0.043081 0.858697 0.130872
v 0.000000 0.858697 0.133436
v -0.043081 0.858697 0.130872
v -0.084507 0.858697 0.123279
v -0.122685 0.858697 0.110948
v -0.156149 0.858697 0.094354
v -0.183612 0.858697 0.074133
v -0.204018 0.858697 0.051064
v -0.216585 0.858697 0.026032
v -0.220828 0.858697 0.000000
v -0.216585 0.858697 -0.026032
v -0.204018 0.858697 -0.051064
v -0.183612 0.858697 -0.074133
v -0.156149 0.858697 -0.094354
v -0.122685 0.858697 -0.110948
v -0.084507 0.858697 -0.123279
v -0.043081 0.858697 -0.130872
v -0.000000 0.858697 -0.133436
v 0.043081 0.858697 -0.130872
v 0.084507 0.858697 -0.123279
v 0.122685 0.858697 -0.110948
v 0.156149 0.858697 -0.094354
v 0.183612 0.858697 -0.074133
v 0.204018 0.858697 -0.051064
v 0.216585 0.858697 -0.026032
v 0.203516 0.835000 0.000000
v 0.199605 0.835000 0.023991
v 0.188024 0.835000 0.047061
v 0.169217 0.835000 0.068322
v 0.143908 0.835000 0.086957
v 0.113067 0.835000 0.102250
v 0.077882 0.835000 0.113615
v 0.039704 0.835000 0.120613
v 0.000000 0.835000 0.122976
v -0.039704 0.835000 0.120613
v -0.077882 0.835000 0.113615
v -0.113067 0.835000 0.102250
v -0.143908 0.835000 0.086957
v -0.169217 0.835000 0.068322
v -0.188024 0.835000 0.047061
v -0.199605 0.835000 0.023991
v -0.203516 0.835000 0.000000
v -0.199605 0.835000 -0.023991
v -0.188024 0.835000 -0.047061
v -0.169217 0.835000 -0.068322
v -0.143908 0.835000 -0.086957
v -0.113067 0.835000 -0.102250
v -0.077882 0.835000 -0.113615
v -0.039704 0.835000 -0.120613
v -0.000000 0.835000 -0.122976
v 0.039704 0.835000 -0.120613
v 0.077882 0.835000 -0.113615
v 0.113067 0.835000 -0.102250
v 0.143908 0.835000 -0.086957
v 0.169217 0.835000 -0.068322
v 0.188024 0.835000 -0.047061
v 0.199605 0.835000 -0.023991
v 0.180020 0.813582 0.000000
v 0.176561 0.813582 0.021222
v 0.166317 0.813582 0.041628
v 0.149682 0.813582 0.060434
v 0.127294 0.813582 0.076918
v 0.100014 0.813582 0.090446
v 0.068891 0.813582 0.100498
v 0.035120 0.813582 0.106688
v 0.000000 0.813582 0.108778
v -0.035120 0.813582 0.106688
v -0.068891 0.813582 0.100498
v -0.100014 0.813582 0.090446
v -0.127294 0.813582 0.076918
v -0.149682 0.813582 0.060434
v -0.166317 0.813582 0.041628
v -0.176561 0.813582 0.021222
v -0.180020 0.813582 0.000000
v -0.176561 0.813582 -0.021222
v -0.166317 0.813582 -0.041628
v -0.149682 0.813582 -0.060434
v -0.127294 0.813582 -0.076918
v -0.100014 0.813582 -0.090446
v -0.068891 0.813582 -0.100498
v -0.035120 0.813582 -0.106688
v -0.000000 0.813582 -0.108778
v 0.035120 0.813582 -0.106688
v 0.068891 0.813582 -0.100498
v 0.100014 0.813582 -0.090446
v 0.127294 0.813582 -0.076918
v 0.149682 0.813582 -0.060434
v 0.166317 0.813582 -0.041628
v 0.176561 0.813582 -0.021222
v 0.151055 0.795093 0.000000
v 0.148153 0.795093 0.017807
v 0.139557 0.795093 0.034930
v 0.125598 0.795093 0.050710
v 0.106812 0.795093 0.064542
v 0.083922 0.795093 0.075893
v 0.057806 0.795093 0.084328
v 0.029469 0.795093 0.089522
v 0.000000 0.795093 0.091276
v -0.029469 0.795093 0.089522
v -0.057806 0.795093 0.084328
v -0.083922 0.795093 0.075893
v -0.106812 0.795093 0.064542
v -0.125598 0.795093 0.050710
v -0.139557 0.795093 0.034930
v -0.148153 0.795093 0.017807
v -0.151055 0.795093 0.000000
v -0.148153 0.795093 -0.017807
v -0.139557 0.795093 -0.034930
v -0.125598 0.795093 -0.050710
v -0.106812 0.795093 -0.064542
v -0.083922 0.795093 -0.075893
v -0.057806 0.795093 -0.084328
v -0.029469 0.795093 -0.089522
v -0.000000 0.795093 -0.091276
v 0.029469 0.795093 -0.089522
v 0.057806 0.795093 -0.084328
v 0.083922 0.795093 -0.075893
v 0.106812 0.795093 -0.064542
v 0.125598 0.795093 -0.050710
v 0.139557 0.795093 -0.034930
v 0.148153 0.795093 -0.017807
v 0.117500 0.780096 0.000000
v 0.115242 0.780096 0.013851
v 0.108556 0.780096 0.027171
v 0.097698 0.780096 0.039445
v 0.083085 0.780096 0.050205
v 0.065280 0.780096 0.059034
v 0.044965 0.780096 0.065595
v 0.022923 0.780096 0.069636
v 0.000000 0.780096 0.071000
v -0.022923 0.780096 0.069636
v -0.044965 0.780096 0.065595
v -0.065280 0.780096 0.059034
v -0.083085 0.780096 0.050205
v -0.097698 0.780096 0.039445
v -0.108556 0.780096 0.027171
v -0.115242 0.780096 0.013851
v -0.117500 0.780096 0.000000
v -0.115242 0.780096 -0.013851
v -0.108556 0.780096 -0.027171
v -0.097698 0.780096 -0.039445
v -0.083085 0.780096 -0.050205
v -0.065280 0.780096 -0.059034
v -0.044965 0.780096 -0.065595
v -0.022923 0.780096 -0.069636
v -0.000000 0.780096 -0.071000
v 0.022923 0.780096 -0.069636
v 0.044965 0.780096 -0.065595
v 0.065280 0.780096 -0.059034
v 0.083085 0.780096 -0.050205
v 0.097698 0.780096 -0.039445
v 0.108556 0.780096 -0.027171
v 0.115242 0.780096 -0.013851
v 0.080375 0.769046 0.000000
v 0.078830 0.769046 0.009475
v 0.074257 0.769046 0.018586
v 0.066829 0.769046 0.026982
v 0.056834 0.769046 0.034342
v 0.044654 0.769046 0.040382
v 0.030758 0.769046 0.044870
v 0.015680 0.769046 0.047634
v 0.000000 0.769046 0.048567
v -0.015680 0.769046 0.047634
v -0.030758 0.769046 0.044870
v -0.044654 0.769046 0.040382
v -0.056834 0.769046 0.034342
v -0.066829 0.769046 0.026982
v -0.074257 0.769046 0.018586
v -0.078830 0.769046 0.009475
v -0.080375 0.769046 0.000000
v -0.078830 0.769046 -0.009475
v -0.074257 0.769046 -0.018586
v -0.066829 0.769046 -0.026982
v -0.056834 0.769046 -0.034342
v -0.044654 0.769046 -0.040382
v -0.030758 0.769046 -0.044870
v -0.015680 0.769046 -0.047634
v -0.000000 0.769046 -0.048567
v 0.015680 0.769046 -0.047634
v 0.030758 0.769046 -0.044870
v 0.044654 0.769046 -0.040382
v 0.056834 0.769046 -0.034342
v 0.066829 0.769046 -0.026982
v 0.074257 0.769046 -0.018586
v 0.078830 0.769046 -0.009475
v 0.040807 0.762279 0.000000
v 0.040023 0.762279 0.004811
v 0.037701 0.762279 0.009436
v 0.033930 0.762279 0.013699
v 0.028855 0.762279 0.017436
v 0.022671 0.762279 0.020502
v 0.015616 0.762279 0.022781
v 0.007961 0.762279 0.024184
v 0.000000 0.762279 0.024658
v -0.007961 0.762279 0.024184
v -0.015616 0.762279 0.022781
v -0.022671 0.762279 0.020502
v -0.028855 0.762279 0.017436
v -0.033930 0.762279 0.013699
v -0.037701 0.762279 0.009436
v -0.040023 0.762279 0.004811
v -0.040807 0.762279 0.000000
v -0.040023 0.762279 -0.004811
v -0.037701 0.762279 -0.009436
v -0.033930 0.762279 -0.013699
v -0.028855 0.762279 -0.017436
v -0.022671 0.762279 -0.020502
v -0.015616 0.762279 -0.022781
v -0.007961 0.762279 -0.024184
v -0.000000 0.762279 -0.024658
v 0.007961 0.762279 -0.024184
v 0.015616 0.762279 -0.022781
v 0.022671 0.762279 -0.020502
v 0.028855 0.762279 -0.017436
v 0.033930 0.762279 -0.013699
v 0.037701 0.762279 -0.009436
v 0.040023 0.762279 -0.004811
v 0.000000 0.760000 0.000000
usemtl Trouser
f 1684 1685 1706
f 1685 1707 1706
f 1685 1686 1707
f 1686 1708 1707
f 1686 1687 1708
f 1687 1709 1708
f 1687 1688 1709
f 1688 1710 1709
f 1688 1689 1710
f 1689 1711 1710
f 1689 1690 1711
f 1690 1712 1711
f 1690 1691 1712
f 1691 1713 1712
f 1691 1692 1713
f 1692 1714 1713
f 1692 1693 1714
f 1693 1715 1714
f 1693 1694 1715
f 1694 1716 1715
f 1694 1695 1716
f 1695 1717 1716
f 1695 1696 1717
f 1696 1718 1717
f 1696 1697 1718
f 1697 1719 1718
f 1697 1698 1719
f 1698 1720 1719
f 1698 1699 1720
f 1699 1721 1720
f 1699 1700 1721
f 1700 1722 1721
f 1700 1701 1722
f 1701 1723 1722
f 1701 1702 1723
f 1702 1724 1723
f 1702 1703 1724
f 1703 1725 1724
f 1703 1704 1725
f 1704 1726 1725
f 1704 1705 1726
f 1705 1727 1726
f 1705 1684 1727
f 1684 1706 1727
f 1706 1707 1728
f 1707 1729 1728
f 1707 1708 1729
f 1708 1730 1729
f 1708 1709 1730
f 1709 1731 1730
f 1709 1710 1731
f 1710 1732 1731
f 1710 1711 1732
f 1711 1733 1732
f 1711 1712 1733
f 1712 1734 1733
f 1712 1713 1734
f 1713 1735 1734
f 1713 1714 1735
f 1714 1736 1735
f 1714 1715 1736
f 1715 1737 1736
f 1715 1716 1737
f 1716 1738 1737
f 1716 1717 1738
f 1717 1739 1738
f 1717 1718 1739
f 1718 1740 1739
f 1718 1719 1740
f 1719 1741 1740
f 1719 1720 1741
f 1720 1742 1741
f 1720 1721 1742
f 1721 1743 1742
f 1721 1722 1743
f 1722 1744 1743
f 1722 1723 1744
f 1723 1745 1744
f 1723 1724 1745
f 1724 1746 1745
f 1724 1725 1746
f 1725 1747 1746
f 1725 1726 1747
f 1726 1748 1747
f 1726 1727 1748
f 1727 1749 1748
f 1727 1706 1749
f 1706 1728 1749
f 1728 1729 1750
f 1729 1751 1750
f 1729 1730 1751
f 1730 1752 1751
f 1730 1731 1752
f 1731 1753 1752
f 1731 1732 1753
f 1732 1754 1753
f 1732 1733 1754
f 1733 1755 1754
f 1733 1734 1755
f 1734 1756 1755
f 1734 1735 1756
f 1735 1757 1756
f 1735 1736 1757
f 1736 1758 1757
f 1736 1737 1758
f 1737 1759 1758
f 1737 1738 1759
f 1738 1760 1759
f 1738 1739 1760
f 1739 1761 1760
f 1739 1740 1761
f 1740 1762 1761
f 1740 1741 1762
f 1741 1763 1762
f 1741 1742 1763
f 1742 1764 1763
f 1742 1743 1764
f 1743 1765 1764
f 1743 1744 1765
f 1744 1766 1765
f 1744 1745 1766
f 1745 1767 1766
f 1745 1746 1767
f 1746 1768 1767
f 1746 1747 1768
f 1747 1769 1768
f 1747 1748 1769
f 1748 1770 1769
f 1748 1749 1770
f 1749 1771 1770
f 1749 1728 1771
f 1728 1750 1771
f 1772 1685 1684
f 1772 1686 1685
f 1772 1687 1686
f 1772 1688 1687
f 1772 1689 1688
f 1772 1690 1689
f 1772 1691 1690
f 1772 1692 1691
f 1772 1693 1692
f 1772 1694 1693
f 1772 1695 1694
f 1772 1696 1695
f 1772 1697 1696
f 1772 1698 1697
f 1772 1699 1698
f 1772 1700 1699
f 1772 1701 1700
f 1772 1702 1701
f 1772 1703 1702
f 1772 1704 1703
f 1772 1705 1704
f 1772 1684 1705
f 1773 1750 1751
f 1773 1751 1752
f 1773 1752 1753
f 1773 1753 1754
f 1773 1754 1755
f 1773 1755 1756
f 1773 1756 1757
f 1773 1757 1758
f 1773 1758 1759
f 1773 1759 1760
f 1773 1760 1761
f 1773 1761 1762
f 1773 1762 1763
f 1773 1763 1764
f 1773 1764 1765
f 1773 1765 1766
f 1773 1766 1767
f 1773 1767 1768
f 1773 1768 1769
f 1773 1769 1770
f 1773 1770 1771
f 1773 1771 1750
f 1774 1775 1796
f 1775 1797 1796
f 1775 1776 1797
f 1776 1798 1797
f 1776 1777 1798
f 1777 1799 1798
f 1777 1778 1799
f 1778 1800 1799
f 1778 1779 1800
f 1779 1801 1800
f 1779 1780 1801
f 1780 1802 1801
f 1780 1781 1802
f 1781 1803 1802
f 1781 1782 1803
f 1782 1804 1803
f 1782 1783 1804
f 1783 1805 1804
f 1783 1784 1805
f 1784 1806 1805
f 1784 1785 1806
f 1785 1807 1806
f 1785 1786 1807
f 1786 1808 1807
f 1786 1787 1808
f 1787 1809 1808
f 1787 1788 1809
f 1788 1810 1809
f 1788 1789 1810
f 1789 1811 1810
f 1789 1790 1811
f 1790 1812 1811
f 1790 1791 1812
f 1791 1813 1812
f 1791 1792 1813
f 1792 1814 1813
f 1792 1793 1814
f 1793 1815 1814
f 1793 1794 1815
f 1794 1816 1815
f 1794 1795 1816
f 1795 1817 1816
f 1795 1774 1817
f 1774 1796 1817
f 1796 1797 1818
f 1797 1819 1818
f 1797 1798 1819
f 1798 1820 1819
f 1798 1799 1820
f 1799 1821 1820
f 1799 1800 1821
f 1800 1822 1821
f 1800 1801 1822
f 1801 1823 1822
f 1801 1802 1823
f 1802 1824 1823
f 1802 1803 1824
f 1803 1825 1824
f 1803 1804 1825
f 1804 1826 1825
f 1804 1805 1826
f 1805 1827 1826
f 1805 1806 1827
f 1806 1828 1827
f 1806 1807 1828
f 1807 1829 1828
f 1807 1808 1829
f 1808 1830 1829
f 1808 1809 1830
f 1809 1831 1830
f 1809 1810 1831
f 1810 1832 1831
f 1810 1811 1832
f 1811 1833 1832
f 1811 1812 1833
f 1812 1834 1833
f 1812 1813 1834
f 1813 1835 1834
f 1813 1814 1835
f 1814 1836 1835
f 1814 1815 1836
f 1815 1837 1836
f 1815 1816 1837
f 1816 1838 1837
f 1816 1817 1838
f 1817 1839 1838
f 1817 1796 1839
f 1796 1818 1839
f 1818 1819 1840
f 1819 1841 1840
f 1819 1820 1841
f 1820 1842 1841
f 1820 1821 1842
f 1821 1843 1842
f 1821 1822 1843
f 1822 1844 1843
f 1822 1823 1844
f 1823 1845 1844
f 1823 1824 1845
f 1824 1846 1845
f 1824 1825 1846
f 1825 1847 1846
f 1825 1826 1847
f 1826 1848 1847
f 1826 1827 1848
f 1827 1849 1848
f 1827 1828 1849
f 1828 1850 1849
f 1828 1829 1850
f 1829 1851 1850
f 1829 1830 1851
f 1830 1852 1851
f 1830 1831 1852
f 1831 1853 1852
f 1831 1832 1853
f 1832 1854 1853
f 1832 1833 1854
f 1833 1855 1854
f 1833 1834 1855
f 1834 1856 1855
f 1834 1835 1856
f 1835 1857 1856
f 1835 1836 1857
f 1836 1858 1857
f 1836 1837 1858
f 1837 1859 1858
f 1837 1838 1859
f 1838 1860 1859
f 1838 1839 1860
f 1839 1861 1860
f 1839 1818 1861
f 1818 1840 1861
f 1862 1775 1774
f 1862 1776 1775
f 1862 1777 1776
f 1862 1778 1777
f 1862 1779 1778
f 1862 1780 1779
f 1862 1781 1780
f 1862 1782 1781
f 1862 1783 1782
f 1862 1784 1783
f 1862 1785 1784
f 1862 1786 1785
f 1862 1787 1786
f 1862 1788 1787
f 1862 1789 1788
f 1862 1790 1789
f 1862 1791 1790
f 1862 1792 1791
f 1862 1793 1792
f 1862 1794 1793
f 1862 1795 1794
f 1862 1774 1795
f 1863 1840 1841
f 1863 1841 1842
f 1863 1842 1843
f 1863 1843 1844
f 1863 1844 1845
f 1863 1845 1846
f 1863 1846 1847
f 1863 1847 1848
f 1863 1848 1849
f 1863 1849 1850
f 1863 1850 1851
f 1863 1851 1852
f 1863 1852 1853
f 1863 1853 1854
f 1863 1854 1855
f 1863 1855 1856
f 1863 1856 1857
f 1863 1857 1858
f 1863 1858 1859
f 1863 1859 1860
f 1863 1860 1861
f 1863 1861 1840
f 1904 1865 1864
f 1904 1905 1865
f 1905 1866 1865
f 1905 1906 1866
f 1906 1867 1866
f 1906 1907 1867
f 1907 1868 1867
f 1907 1908 1868
f 1908 1869 1868
f 1908 1909 1869
f 1909 1870 1869
f 1909 1910 1870
f 1910 1871 1870
f 1910 1911 1871
f 1911 1872 1871
f 1911 1912 1872
f 1912 1873 1872
f 1912 1913 1873
f 1913 1874 1873
f 1913 1914 1874
f 1914 1875 1874
f 1914 1915 1875
f 1915 1876 1875
f 1915 1916 1876
f 1916 1877 1876
f 1916 1917 1877
f 1917 1878 1877
f 1917 1918 1878
f 1918 1879 1878
f 1918 1919 1879
f 1919 1880 1879
f 1919 1920 1880
f 1920 1881 1880
f 1920 1921 1881
f 1921 1882 1881
f 1921 1922 1882
f 1922 1883 1882
f 1922 1923 1883
f 1923 1884 1883
f 1923 1924 1884
f 1924 1885 1884
f 1924 1925 1885
f 1925 1886 1885
f 1925 1926 1886
f 1926 1887 1886
f 1926 1927 1887
f 1927 1888 1887
f 1927 1928 1888
f 1928 1889 1888
f 1928 1929 1889
f 1929 1890 1889
f 1929 1930 1890
f 1930 1891 1890
f 1930 1931 1891
f 1931 1892 1891
f 1931 1932 1892
f 1932 1893 1892
f 1932 1933 1893
f 1933 1894 1893
f 1933 1934 1894
f 1934 1895 1894
f 1934 1935 1895
f 1935 1896 1895
f 1935 1936 1896
f 1936 1897 1896
f 1936 1937 1897
f 1937 1898 1897
f 1937 1938 1898
f 1938 1899 1898
f 1938 1939 1899
f 1939 1900 1899
f 1939 1940 1900
f 1940 1901 1900
f 1940 1941 1901
f 1941 1902 1901
f 1941 1942 1902
f 1942 1903 1902
f 1942 1943 1903
f 1943 1864 1903
f 1943 1904 1864
f 1944 1905 1904
f 1944 1945 1905
f 1945 1906 1905
f 1945 1946 1906
f 1946 1907 1906
f 1946 1947 1907
f 1947 1908 1907
f 1947 1948 1908
f 1948 1909 1908
f 1948 1949 1909
f 1949 1910 1909
f 1949 1950 1910
f 1950 1911 1910
f 1950 1951 1911
f 1951 1912 1911
f 1951 1952 1912
f 1952 1913 1912
f 1952 1953 1913
f 1953 1914 1913
f 1953 1954 1914
f 1954 1915 1914
f 1954 1955 1915
f 1955 1916 1915
f 1955 1956 1916
f 1956 1917 1916
f 1956 1957 1917
f 1957 1918 1917
f 1957 1958 1918
f 1958 1919 1918
f 1958 1959 1919
f 1959 1920 1919
f 1959 1960 1920
f 1960 1921 1920
f 1960 1961 1921
f 1961 1922 1921
f 1961 1962 1922
f 1962 1923 1922
f 1962 1963 1923
f 1963 1924 1923
f 1963 1964 1924
f 1964 1925 1924
f 1964 1965 1925
f 1965 1926 1925
f 1965 1966 1926
f 1966 1927 1926
f 1966 1967 1927
f 1967 1928 1927
f 1967 1968 1928
f 1968 1929 1928
f 1968 1969 1929
f 1969 1930 1929
f 1969 1970 1930
f 1970 1931 1930
f 1970 1971 1931
f 1971 1932 1931
f 1971 1972 1932
f 1972 1933 1932
f 1972 1973 1933
f 1973 1934 1933
f 1973 1974 1934
f 1974 1935 1934
f 1974 1975 1935
f 1975 1936 1935
f 1975 1976 1936
f 1976 1937 1936
f 1976 1977 1937
f 1977 1938 1937
f 1977 1978 1938
f 1978 1939 1938
f 1978 1979 1939
f 1979 1940 1939
f 1979 1980 1940
f 1980 1941 1940
f 1980 1981 1941
f 1981 1942 1941
f 1981 1982 1942
f 1982 1943 1942
f 1982 1983 1943
f 1983 1904 1943
f 1983 1944 1904
f 1984 1945 1944
f 1984 1985 1945
f 1985 1946 1945
f 1985 1986 1946
f 1986 1947 1946
f 1986 1987 1947
f 1987 1948 1947
f 1987 1988 1948
f 1988 1949 1948
f 1988 1989 1949
f 1989 1950 1949
f 1989 1990 1950
f 1990 1951 1950
f 1990 1991 1951
f 1991 1952 1951
f 1991 1992 1952
f 1992 1953 1952
f 1992 1993 1953
f 1993 1954 1953
f 1993 1994 1954
f 1994 1955 1954
f 1994 1995 1955
f 1995 1956 1955
f 1995 1996 1956
f 1996 1957 1956
f 1996 1997 1957
f 1997 1958 1957
f 1997 1998 1958
f 1998 1959 1958
f 1998 1999 1959
f 1999 1960 1959
f 1999 2000 1960
f 2000 1961 1960
f 2000 2001 1961
f 2001 1962 1961
f 2001 2002 1962
f 2002 1963 1962
f 2002 2003 1963
f 2003 1964 1963
f 2003 2004 1964
f 2004 1965 1964
f 2004 2005 1965
f 2005 1966 1965
f 2005 2006 1966
f 2006 1967 1966
f 2006 2007 1967
f 2007 1968 1967
f 2007 2008 1968
f 2008 1969 1968
f 2008 2009 1969
f 2009 1970 1969
f 2009 2010 1970
f 2010 1971 1970
f 2010 2011 1971
f 2011 1972 1971
f 2011 2012 1972
f 2012 1973 1972
f 2012 2013 1973
f 2013 1974 1973
f 2013 2014 1974
f 2014 1975 1974
f 2014 2015 1975
f 2015 1976 1975
f 2015 2016 1976
f 2016 1977 1976
f 2016 2017 1977
f 2017 1978 1977
f 2017 2018 1978
f 2018 1979 1978
f 2018 2019 1979
f 2019 1980 1979
f 2019 2020 1980
f 2020 1981 1980
f 2020 2021 1981
f 2021 1982 1981
f 2021 2022 1982
f 2022 1983 1982
f 2022 2023 1983
f 2023 1944 1983
f 2023 1984 1944
f 2024 2026 2025
f 2024 2027 2026
f 2024 2028 2027
f 2024 2029 2028
f 2024 2030 2029
f 2024 2031 2030
f 2024 2032 2031
f 2024 2033 2032
f 2024 2034 2033
f 2024 2035 2034
f 2024 2036 2035
f 2024 2037 2036
f 2024 2038 2037
f 2024 2039 2038
f 2024 2040 2039
f 2024 2041 2040
f 2024 2042 2041
f 2024 2043 2042
f 2024 2044 2043
f 2024 2045 2044
f 2024 2046 2045
f 2024 2047 2046
f 2024 2048 2047
f 2024 2049 2048
f 2024 2050 2049
f 2024 2051 2050
f 2024 2052 2051
f 2024 2053 2052
f 2024 2054 2053
f 2024 2055 2054
f 2024 2056 2055
f 2024 2025 2056
f 2026 2057 2025
f 2058 2057 2026
f 2027 2058 2026
f 2059 2058 2027
f 2028 2059 2027
f 2060 2059 2028
f 2029 2060 2028
f 2061 2060 2029
f 2030 2061 2029
f 2062 2061 2030
f 2031 2062 2030
f 2063 2062 2031
f 2032 2063 2031
f 2064 2063 2032
f 2033 2064 2032
f 2065 2064 2033
f 2034 2065 2033
f 2066 2065 2034
f 2035 2066 2034
f 2067 2066 2035
f 2036 2067 2035
f 2068 2067 2036
f 2037 2068 2036
f 2069 2068 2037
f 2038 2069 2037
f 2070 2069 2038
f 2039 2070 2038
f 2071 2070 2039
f 2040 2071 2039
f 2072 2071 2040
f 2041 2072 2040
f 2073 2072 2041
f 2042 2073 2041
f 2074 2073 2042
f 2043 2074 2042
f 2075 2074 2043
f 2044 2075 2043
f 2076 2075 2044
f 2045 2076 2044
f 2077 2076 2045
f 2046 2077 2045
f 2078 2077 2046
f 2047 2078 2046
f 2079 2078 2047
f 2048 2079 2047
f 2080 2079 2048
f 2049 2080 2048
f 2081 2080 2049
f 2050 2081 2049
f 2082 2081 2050
f 2051 2082 2050
f 2083 2082 2051
f 2052 2083 2051
f 2084 2083 2052
f 2053 2084 2052
f 2085 2084 2053
f 2054 2085 2053
f 2086 2085 2054
f 2055 2086 2054
f 2087 2086 2055
f 2056 2087 2055
f 2088 2087 2056
f 2025 2088 2056
f 2057 2088 2025
f 2058 2089 2057
f 2090 2089 2058
f 2059 2090 2058
f 2091 2090 2059
f 2060 2091 2059
f 2092 2091 2060
f 2061 2092 2060
f 2093 2092 2061
f 2062 2093 2061
f 2094 2093 2062
f 2063 2094 2062
f 2095 2094 2063
f 2064 2095 2063
f 2096 2095 2064
f 2065 2096 2064
f 2097 2096 2065
f 2066 2097 2065
f 2098 2097 2066
f 2067 2098 2066
f 2099 2098 2067
f 2068 2099 2067
f 2100 2099 2068
f 2069 2100 2068
f 2101 2100 2069
f 2070 2101 2069
f 2102 2101 2070
f 2071 2102 2070
f 2103 2102 2071
f 2072 2103 2071
f 2104 2103 2072
f 2073 2104 2072
f 2105 2104 2073
f 2074 2105 2073
f 2106 2105 2074
f 2075 2106 2074
f 2107 2106 2075
f 2076 2107 2075
f 2108 2107 2076
f 2077 2108 2076
f 2109 2108 2077
f 2078 2109 2077
f 2110 2109 2078
f 2079 2110 2078
f 2111 2110 2079
f 2080 2111 2079
f 2112 2111 2080
f 2081 2112 2080
f 2113 2112 2081
f 2082 2113 2081
f 2114 2113 2082
f 2083 2114 2082
f 2115 2114 2083
f 2084 2115 2083
f 2116 2115 2084
f 2085 2116 2084
f 2117 2116 2085
f 2086 2117 2085
f 2118 2117 2086
f 2087 2118 2086
f 2119 2118 2087
f 2088 2119 2087
f 2120 2119 2088
f 2057 2120 2088
f 2089 2120 2057
f 2090 2121 2089
f 2122 2121 2090
f 2091 2122 2090
f 2123 2122 2091
f 2092 2123 2091
f 2124 2123 2092
f 2093 2124 2092
f 2125 2124 2093
f 2094 2125 2093
f 2126 2125 2094
f 2095 2126 2094
f 2127 2126 2095
f 2096 2127 2095
f 2128 2127 2096
f 2097 2128 2096
f 2129 2128 2097
f 2098 2129 2097
f 2130 2129 2098
f 2099 2130 2098
f 2131 2130 2099
f 2100 2131 2099
f 2132 2131 2100
f 2101 2132 2100
f 2133 2132 2101
f 2102 2133 2101
f 2134 2133 2102
f 2103 2134 2102
f 2135 2134 2103
f 2104 2135 2103
f 2136 2135 2104
f 2105 2136 2104
f 2137 2136 2105
f 2106 2137 2105
f 2138 2137 2106
f 2107 2138 2106
f 2139 2138 2107
f 2108 2139 2107
f 2140 2139 2108
f 2109 2140 2108
f 2141 2140 2109
f 2110 2141 2109
f 2142 2141 2110
f 2111 2142 2110
f 2143 2142 2111
f 2112 2143 2111
f 2144 2143 2112
f 2113 2144 2112
f 2145 2144 2113
f 2114 2145 2113
f 2146 2145 2114
f 2115 2146 2114
f 2147 2146 2115
f 2116 2147 2115
f 2148 2147 2116
f 2117 2148 2116
f 2149 2148 2117
f 2118 2149 2117
f 2150 2149 2118
f 2119 2150 2118
f 2151 2150 2119
f 2120 2151 2119
f 2152 2151 2120
f 2089 2152 2120
f 2121 2152 2089
f 2122 2153 2121
f 2154 2153 2122
f 2123 2154 2122
f 2155 2154 2123
f 2124 2155 2123
f 2156 2155 2124
f 2125 2156 2124
f 2157 2156 2125
f 2126 2157 2125
f 2158 2157 2126
f 2127 2158 2126
f 2159 2158 2127
f 2128 2159 2127
f 2160 2159 2128
f 2129 2160 2128
f 2161 2160 2129
f 2130 2161 2129
f 2162 2161 2130
f 2131 2162 2130
f 2163 2162 2131
f 2132 2163 2131
f 2164 2163 2132
f 2133 2164 2132
f 2165 2164 2133
f 2134 2165 2133
f 2166 2165 2134
f 2135 2166 2134
f 2167 2166 2135
f 2136 2167 2135
f 2168 2167 2136
f 2137 2168 2136
f 2169 2168 2137
f 2138 2169 2137
f 2170 2169 2138
f 2139 2170 2138
f 2171 2170 2139
f 2140 2171 2139
f 2172 2171 2140
f 2141 2172 2140
f 2173 2172 2141
f 2142 2173 2141
f 2174 2173 2142
f 2143 2174 2142
f 2175 2174 2143
f 2144 2175 2143
f 2176 2175 2144
f 2145 2176 2144
f 2177 2176 2145
f 2146 2177 2145
f 2178 2177 2146
f 2147 2178 2146
f 2179 2178 2147
f 2148 2179 2147
f 2180 2179 2148
f 2149 2180 2148
f 2181 2180 2149
f 2150 2181 2149
f 2182 2181 2150
f 2151 2182 2150
f 2183 2182 2151
f 2152 2183 2151
f 2184 2183 2152
f 2121 2184 2152
f 2153 2184 2121
f 2154 2185 2153
f 2186 2185 2154
f 2155 2186 2154
f 2187 2186 2155
f 2156 2187 2155
f 2188 2187 2156
f 2157 2188 2156
f 2189 2188 2157
f 2158 2189 2157
f 2190 2189 2158
f 2159 2190 2158
f 2191 2190 2159
f 2160 2191 2159
f 2192 2191 2160
f 2161 2192 2160
f 2193 2192 2161
f 2162 2193 2161
f 2194 2193 2162
f 2163 2194 2162
f 2195 2194 2163
f 2164 2195 2163
f 2196 2195 2164
f 2165 2196 2164
f 2197 2196 2165
f 2166 2197 2165
f 2198 2197 2166
f 2167 2198 2166
f 2199 2198 2167
f 2168 2199 2167
f 2200 2199 2168
f 2169 2200 2168
f 2201 2200 2169
f 2170 2201 2169
f 2202 2201 2170
f 2171 2202 2170
f 2203 2202 2171
f 2172 2203 2171
f 2204 2203 2172
f 2173 2204 2172
f 2205 2204 2173
f 2174 2205 2173
f 2206 2205 2174
f 2175 2206 2174
f 2207 2206 2175
f 2176 2207 2175
f 2208 2207 2176
f 2177 2208 2176
f 2209 2208 2177
f 2178 2209 2177
f 2210 2209 2178
f 2179 2210 2178
f 2211 2210 2179
f 2180 2211 2179
f 2212 2211 2180
f 2181 2212 2180
f 2213 2212 2181
f 2182 2213 2181
f 2214 2213 2182
f 2183 2214 2182
f 2215 2214 2183
f 2184 2215 2183
f 2216 2215 2184
f 2153 2216 2184
f 2185 2216 2153
f 2186 2217 2185
f 2218 2217 2186
f 2187 2218 2186
f 2219 2218 2187
f 2188 2219 2187
f 2220 2219 2188
f 2189 2220 2188
f 2221 2220 2189
f 2190 2221 2189
f 2222 2221 2190
f 2191 2222 2190
f 2223 2222 2191
f 2192 2223 2191
f 2224 2223 2192
f 2193 2224 2192
f 2225 2224 2193
f 2194 2225 2193
f 2226 2225 2194
f 2195 2226 2194
f 2227 2226 2195
f 2196 2227 2195
f 2228 2227 2196
f 2197 2228 2196
f 2229 2228 2197
f 2198 2229 2197
f 2230 2229 2198
f 2199 2230 2198
f 2231 2230 2199
f 2200 2231 2199
f 2232 2231 2200
f 2201 2232 2200
f 2233 2232 2201
f 2202 2233 2201
f 2234 2233 2202
f 2203 2234 2202
f 2235 2234 2203
f 2204 2235 2203
f 2236 2235 2204
f 2205 2236 2204
f 2237 2236 2205
f 2206 2237 2205
f 2238 2237 2206
f 2207 2238 2206
f 2239 2238 2207
f 2208 2239 2207
f 2240 2239 2208
f 2209 2240 2208
f 2241 2240 2209
f 2210 2241 2209
f 2242 2241 2210
f 2211 2242 2210
f 2243 2242 2211
f 2212 2243 2211
f 2244 2243 2212
f 2213 2244 2212
f 2245 2244 2213
f 2214 2245 2213
f 2246 2245 2214
f 2215 2246 2214
f 2247 2246 2215
f 2216 2247 2215
f 2248 2247 2216
f 2185 2248 2216
f 2217 2248 2185
f 2218 2249 2217
f 2250 2249 2218
f 2219 2250 2218
f 2251 2250 2219
f 2220 2251 2219
f 2252 2251 2220
f 2221 2252 2220
f 2253 2252 2221
f 2222 2253 2221
f 2254 2253 2222
f 2223 2254 2222
f 2255 2254 2223
f 2224 2255 2223
f 2256 2255 2224
f 2225 2256 2224
f 2257 2256 2225
f 2226 2257 2225
f 2258 2257 2226
f 2227 2258 2226
f 2259 2258 2227
f 2228 2259 2227
f 2260 2259 2228
f 2229 2260 2228
f 2261 2260 2229
f 2230 2261 2229
f 2262 2261 2230
f 2231 2262 2230
f 2263 2262 2231
f 2232 2263 2231
f 2264 2263 2232
f 2233 2264 2232
f 2265 2264 2233
f 2234 2265 2233
f 2266 2265 2234
f 2235 2266 2234
f 2267 2266 2235
f 2236 2267 2235
f 2268 2267 2236
f 2237 2268 2236
f 2269 2268 2237
f 2238 2269 2237
f 2270 2269 2238
f 2239 2270 2238
f 2271 2270 2239
f 2240 2271 2239
f 2272 2271 2240
f 2241 2272 2240
f 2273 2272 2241
f 2242 2273 2241
f 2274 2273 2242
f 2243 2274 2242
f 2275 2274 2243
f 2244 2275 2243
f 2276 2275 2244
f 2245 2276 2244
f 2277 2276 2245
f 2246 2277 2245
f 2278 2277 2246
f 2247 2278 2246
f 2279 2278 2247
f 2248 2279 2247
f 2280 2279 2248
f 2217 2280 2248
f 2249 2280 2217
f 2250 2281 2249
f 2282 2281 2250
f 2251 2282 2250
f 2283 2282 2251
f 2252 2283 2251
f 2284 2283 2252
f 2253 2284 2252
f 2285 2284 2253
f 2254 2285 2253
f 2286 2285 2254
f 2255 2286 2254
f 2287 2286 2255
f 2256 2287 2255
f 2288 2287 2256
f 2257 2288 2256
f 2289 2288 2257
f 2258 2289 2257
f 2290 2289 2258
f 2259 2290 2258
f 2291 2290 2259
f 2260 2291 2259
f 2292 2291 2260
f 2261 2292 2260
f 2293 2292 2261
f 2262 2293 2261
f 2294 2293 2262
f 2263 2294 2262
f 2295 2294 2263
f 2264 2295 2263
f 2296 2295 2264
f 2265 2296 2264
f 2297 2296 2265
f 2266 2297 2265
f 2298 2297 2266
f 2267 2298 2266
f 2299 2298 2267
f 2268 2299 2267
f 2300 2299 2268
f 2269 2300 2268
f 2301 2300 2269
f 2270 2301 2269
f 2302 2301 2270
f 2271 2302 2270
f 2303 2302 2271
f 2272 2303 2271
f 2304 2303 2272
f 2273 2304 2272
f 2305 2304 2273
f 2274 2305 2273
f 2306 2305 2274
f 2275 2306 2274
f 2307 2306 2275
f 2276 2307 2275
f 2308 2307 2276
f 2277 2308 2276
f 2309 2308 2277
f 2278 2309 2277
f 2310 2309 2278
f 2279 2310 2278
f 2311 2310 2279
f 2280 2311 2279
f 2312 2311 2280
f 2249 2312 2280
f 2281 2312 2249
f 2282 2313 2281
f 2314 2313 2282
f 2283 2314 2282
f 2315 2314 2283
f 2284 2315 2283
f 2316 2315 2284
f 2285 2316 2284
f 2317 2316 2285
f 2286 2317 2285
f 2318 2317 2286
f 2287 2318 2286
f 2319 2318 2287
f 2288 2319 2287
f 2320 2319 2288
f 2289 2320 2288
f 2321 2320 2289
f 2290 2321 2289
f 2322 2321 2290
f 2291 2322 2290
f 2323 2322 2291
f 2292 2323 2291
f 2324 2323 2292
f 2293 2324 2292
f 2325 2324 2293
f 2294 2325 2293
f 2326 2325 2294
f 2295 2326 2294
f 2327 2326 2295
f 2296 2327 2295
f 2328 2327 2296
f 2297 2328 2296
f 2329 2328 2297
f 2298 2329 2297
f 2330 2329 2298
f 2299 2330 2298
f 2331 2330 2299
f 2300 2331 2299
f 2332 2331 2300
f 2301 2332 2300
f 2333 2332 2301
f 2302 2333 2301
f 2334 2333 2302
f 2303 2334 2302
f 2335 2334 2303
f 2304 2335 2303
f 2336 2335 2304
f 2305 2336 2304
f 2337 2336 2305
f 2306 2337 2305
f 2338 2337 2306
f 2307 2338 2306
f 2339 2338 2307
f 2308 2339 2307
f 2340 2339 2308
f 2309 2340 2308
f 2341 2340 2309
f 2310 2341 2309
f 2342 2341 2310
f 2311 2342 2310
f 2343 2342 2311
f 2312 2343 2311
f 2344 2343 2312
f 2281 2344 2312
f 2313 2344 2281
f 2314 2345 2313
f 2346 2345 2314
f 2315 2346 2314
f 2347 2346 2315
f 2316 2347 2315
f 2348 2347 2316
f 2317 2348 2316
f 2349 2348 2317
f 2318 2349 2317
f 2350 2349 2318
f 2319 2350 2318
f 2351 2350 2319
f 2320 2351 2319
f 2352 2351 2320
f 2321 2352 2320
f 2353 2352 2321
f 2322 2353 2321
f 2354 2353 2322
f 2323 2354 2322
f 2355 2354 2323
f 2324 2355 2323
f 2356 2355 2324
f 2325 2356 2324
f 2357 2356 2325
f 2326 2357 2325
f 2358 2357 2326
f 2327 2358 2326
f 2359 2358 2327
f 2328 2359 2327
f 2360 2359 2328
f 2329 2360 2328
f 2361 2360 2329
f 2330 2361 2329
f 2362 2361 2330
f 2331 2362 2330
f 2363 2362 2331
f 2332 2363 2331
f 2364 2363 2332
f 2333 2364 2332
f 2365 2364 2333
f 2334 2365 2333
f 2366 2365 2334
f 2335 2366 2334
f 2367 2366 2335
f 2336 2367 2335
f 2368 2367 2336
f 2337 2368 2336
f 2369 2368 2337
f 2338 2369 2337
f 2370 2369 2338
f 2339 2370 2338
f 2371 2370 2339
f 2340 2371 2339
f 2372 2371 2340
f 2341 2372 2340
f 2373 2372 2341
f 2342 2373 2341
f 2374 2373 2342
f 2343 2374 2342
f 2375 2374 2343
f 2344 2375 2343
f 2376 2375 2344
f 2313 2376 2344
f 2345 2376 2313
f 2346 2377 2345
f 2378 2377 2346
f 2347 2378 2346
f 2379 2378 2347
f 2348 2379 2347
f 2380 2379 2348
f 2349 2380 2348
f 2381 2380 2349
f 2350 2381 2349
f 2382 2381 2350
f 2351 2382 2350
f 2383 2382 2351
f 2352 2383 2351
f 2384 2383 2352
f 2353 2384 2352
f 2385 2384 2353
f 2354 2385 2353
f 2386 2385 2354
f 2355 2386 2354
f 2387 2386 2355
f 2356 2387 2355
f 2388 2387 2356
f 2357 2388 2356
f 2389 2388 2357
f 2358 2389 2357
f 2390 2389 2358
f 2359 2390 2358
f 2391 2390 2359
f 2360 2391 2359
f 2392 2391 2360
f 2361 2392 2360
f 2393 2392 2361
f 2362 2393 2361
f 2394 2393 2362
f 2363 2394 2362
f 2395 2394 2363
f 2364 2395 2363
f 2396 2395 2364
f 2365 2396 2364
f 2397 2396 2365
f 2366 2397 2365
f 2398 2397 2366
f 2367 2398 2366
f 2399 2398 2367
f 2368 2399 2367
f 2400 2399 2368
f 2369 2400 2368
f 2401 2400 2369
f 2370 2401 2369
f 2402 2401 2370
f 2371 2402 2370
f 2403 2402 2371
f 2372 2403 2371
f 2404 2403 2372
f 2373 2404 2372
f 2405 2404 2373
f 2374 2405 2373
f 2406 2405 2374
f 2375 2406 2374
f 2407 2406 2375
f 2376 2407 2375
f 2408 2407 2376
f 2345 2408 2376
f 2377 2408 2345
f 2378 2409 2377
f 2410 2409 2378
f 2379 2410 2378
f 2411 2410 2379
f 2380 2411 2379
f 2412 2411 2380
f 2381 2412 2380
f 2413 2412 2381
f 2382 2413 2381
f 2414 2413 2382
f 2383 2414 2382
f 2415 2414 2383
f 2384 2415 2383
f 2416 2415 2384
f 2385 2416 2384
f 2417 2416 2385
f 2386 2417 2385
f 2418 2417 2386
f 2387 2418 2386
f 2419 2418 2387
f 2388 2419 2387
f 2420 2419 2388
f 2389 2420 2388
f 2421 2420 2389
f 2390 2421 2389
f 2422 2421 2390
f 2391 2422 2390
f 2423 2422 2391
f 2392 2423 2391
f 2424 2423 2392
f 2393 2424 2392
f 2425 2424 2393
f 2394 2425 2393
f 2426 2425 2394
f 2395 2426 2394
f 2427 2426 2395
f 2396 2427 2395
f 2428 2427 2396
f 2397 2428 2396
f 2429 2428 2397
f 2398 2429 2397
f 2430 2429 2398
f 2399 2430 2398
f 2431 2430 2399
f 2400 2431 2399
f 2432 2431 2400
f 2401 2432 2400
f 2433 2432 2401
f 2402 2433 2401
f 2434 2433 2402
f 2403 2434 2402
f 2435 2434 2403
f 2404 2435 2403
f 2436 2435 2404
f 2405 2436 2404
f 2437 2436 2405
f 2406 2437 2405
f 2438 2437 2406
f 2407 2438 2406
f 2439 2438 2407
f 2408 2439 2407
f 2440 2439 2408
f 2377 2440 2408
f 2409 2440 2377
f 2410 2441 2409
f 2442 2441 2410
f 2411 2442 2410
f 2443 2442 2411
f 2412 2443 2411
f 2444 2443 2412
f 2413 2444 2412
f 2445 2444 2413
f 2414 2445 2413
f 2446 2445 2414
f 2415 2446 2414
f 2447 2446 2415
f 2416 2447 2415
f 2448 2447 2416
f 2417 2448 2416
f 2449 2448 2417
f 2418 2449 2417
f 2450 2449 2418
f 2419 2450 2418
f 2451 2450 2419
f 2420 2451 2419
f 2452 2451 2420
f 2421 2452 2420
f 2453 2452 2421
f 2422 2453 2421
f 2454 2453 2422
f 2423 2454 2422
f 2455 2454 2423
f 2424 2455 2423
f 2456 2455 2424
f 2425 2456 2424
f 2457 2456 2425
f 2426 2457 2425
f 2458 2457 2426
f 2427 2458 2426
f 2459 2458 2427
f 2428 2459 2427
f 2460 2459 2428
f 2429 2460 2428
f 2461 2460 2429
f 2430 2461 2429
f 2462 2461 2430
f 2431 2462 2430
f 2463 2462 2431
f 2432 2463 2431
f 2464 2463 2432
f 2433 2464 2432
f 2465 2464 2433
f 2434 2465 2433
f 2466 2465 2434
f 2435 2466 2434
f 2467 2466 2435
f 2436 2467 2435
f 2468 2467 2436
f 2437 2468 2436
f 2469 2468 2437
f 2438 2469 2437
f 2470 2469 2438
f 2439 2470 2438
f 2471 2470 2439
f 2440 2471 2439
f 2472 2471 2440
f 2409 2472 2440
f 2441 2472 2409
f 2442 2473 2441
f 2474 2473 2442
f 2443 2474 2442
f 2475 2474 2443
f 2444 2475 2443
f 2476 2475 2444
f 2445 2476 2444
f 2477 2476 2445
f 2446 2477 2445
f 2478 2477 2446
f 2447 2478 2446
f 2479 2478 2447
f 2448 2479 2447
f 2480 2479 2448
f 2449 2480 2448
f 2481 2480 2449
f 2450 2481 2449
f 2482 2481 2450
f 2451 2482 2450
f 2483 2482 2451
f 2452 2483 2451
f 2484 2483 2452
f 2453 2484 2452
f 2485 2484 2453
f 2454 2485 2453
f 2486 2485 2454
f 2455 2486 2454
f 2487 2486 2455
f 2456 2487 2455
f 2488 2487 2456
f 2457 2488 2456
f 2489 2488 2457
f 2458 2489 2457
f 2490 2489 2458
f 2459 2490 2458
f 2491 2490 2459
f 2460 2491 2459
f 2492 2491 2460
f 2461 2492 2460
f 2493 2492 2461
f 2462 2493 2461
f 2494 2493 2462
f 2463 2494 2462
f 2495 2494 2463
f 2464 2495 2463
f 2496 2495 2464
f 2465 2496 2464
f 2497 2496 2465
f 2466 2497 2465
f 2498 2497 2466
f 2467 2498 2466
f 2499 2498 2467
f 2468 2499 2467
f 2500 2499 2468
f 2469 2500 2468
f 2501 2500 2469
f 2470 2501 2469
f 2502 2501 2470
f 2471 2502 2470
f 2503 2502 2471
f 2472 2503 2471
f 2504 2503 2472
f 2441 2504 2472
f 2473 2504 2441
f 2474 2505 2473
f 2506 2505 2474
f 2475 2506 2474
f 2507 2506 2475
f 2476 2507 2475
f 2508 2507 2476
f 2477 2508 2476
f 2509 2508 2477
f 2478 2509 2477
f 2510 2509 2478
f 2479 2510 2478
f 2511 2510 2479
f 2480 2511 2479
f 2512 2511 2480
f 2481 2512 2480
f 2513 2512 2481
f 2482 2513 2481
f 2514 2513 2482
f 2483 2514 2482
f 2515 2514 2483
f 2484 2515 2483
f 2516 2515 2484
f 2485 2516 2484
f 2517 2516 2485
f 2486 2517 2485
f 2518 2517 2486
f 2487 2518 2486
f 2519 2518 2487
f 2488 2519 2487
f 2520 2519 2488
f 2489 2520 2488
f 2521 2520 2489
f 2490 2521 2489
f 2522 2521 2490
f 2491 2522 2490
f 2523 2522 2491
f 2492 2523 2491
f 2524 2523 2492
f 2493 2524 2492
f 2525 2524 2493
f 2494 2525 2493
f 2526 2525 2494
f 2495 2526 2494
f 2527 2526 2495
f 2496 2527 2495
f 2528 2527 2496
f 2497 2528 2496
f 2529 2528 2497
f 2498 2529 2497
f 2530 2529 2498
f 2499 2530 2498
f 2531 2530 2499
f 2500 2531 2499
f 2532 2531 2500
f 2501 2532 2500
f 2533 2532 2501
f 2502 2533 2501
f 2534 2533 2502
f 2503 2534 2502
f 2535 2534 2503
f 2504 2535 2503
f 2536 2535 2504
f 2473 2536 2504
f 2505 2536 2473
f 2506 2537 2505
f 2538 2537 2506
f 2507 2538 2506
f 2539 2538 2507
f 2508 2539 2507
f 2540 2539 2508
f 2509 2540 2508
f 2541 2540 2509
f 2510 2541 2509
f 2542 2541 2510
f 2511 2542 2510
f 2543 2542 2511
f 2512 2543 2511
f 2544 2543 2512
f 2513 2544 2512
f 2545 2544 2513
f 2514 2545 2513
f 2546 2545 2514
f 2515 2546 2514
f 2547 2546 2515
f 2516 2547 2515
f 2548 2547 2516
f 2517 2548 2516
f 2549 2548 2517
f 2518 2549 2517
f 2550 2549 2518
f 2519 2550 2518
f 2551 2550 2519
f 2520 2551 2519
f 2552 2551 2520
f 2521 2552 2520
f 2553 2552 2521
f 2522 2553 2521
f 2554 2553 2522
f 2523 2554 2522
f 2555 2554 2523
f 2524 2555 2523
f 2556 2555 2524
f 2525 2556 2524
f 2557 2556 2525
f 2526 2557 2525
f 2558 2557 2526
f 2527 2558 2526
f 2559 2558 2527
f 2528 2559 2527
f 2560 2559 2528
f 2529 2560 2528
f 2561 2560 2529
f 2530 2561 2529
f 2562 2561 2530
f 2531 2562 2530
f 2563 2562 2531
f 2532 2563 2531
f 2564 2563 2532
f 2533 2564 2532
f 2565 2564 2533
f 2534 2565 2533
f 2566 2565 2534
f 2535 2566 2534
f 2567 2566 2535
f 2536 2567 2535
f 2568 2567 2536
f 2505 2568 2536
f 2537 2568 2505
f 2538 2569 2537
f 2539 2569 2538
f 2540 2569 2539
f 2541 2569 2540
f 2542 2569 2541
f 2543 2569 2542
f 2544 2569 2543
f 2545 2569 2544
f 2546 2569 2545
f 2547 2569 2546
f 2548 2569 2547
f 2549 2569 2548
f 2550 2569 2549
f 2551 2569 2550
f 2552 2569 2551
f 2553 2569 2552
f 2554 2569 2553
f 2555 2569 2554
f 2556 2569 2555
f 2557 2569 2556
f 2558 2569 2557
f 2559 2569 2558
f 2560 2569 2559
f 2561 2569 2560
f 2562 2569 2561
f 2563 2569 2562
f 2564 2569 2563
f 2565 2569 2564
f 2566 2569 2565
f 2567 2569 2566
f 2568 2569 2567
f 2537 2569 2568
v -0.306000 1.010000 0.032000
v -0.308521 1.011326 0.051885
v -0.315914 1.012561 0.070415
v -0.327674 1.013622 0.086327
v -0.343000 1.014436 0.098536
v -0.360847 1.014947 0.106212
v -0.380000 1.015122 0.108829
v -0.399153 1.014947 0.106212
v -0.417000 1.014436 0.098536
v -0.432326 1.013622 0.086327
v -0.444086 1.012561 0.070415
v -0.451479 1.011326 0.051885
v -0.454000 1.010000 0.032000
v -0.451479 1.008674 0.012115
v -0.444086 1.007439 -0.006415
v -0.432326 1.006378 -0.022327
v -0.417000 1.005564 -0.034536
v -0.399153 1.005053 -0.042212
v -0.380000 1.004878 -0.044829
v -0.360847 1.005053 -0.042212
v -0.343000 1.005564 -0.034536
v -0.327674 1.006378 -0.022327
v -0.315914 1.007439 -0.006415
v -0.308521 1.008674 0.012115
v -0.309000 0.965000 0.035000
v -0.311419 0.966257 0.053852
v -0.318512 0.967428 0.071419
v -0.329795 0.968434 0.086504
v -0.344500 0.969205 0.098080
v -0.361624 0.969690 0.105356
v -0.380000 0.969856 0.107838
v -0.398376 0.969690 0.105356
v -0.415500 0.969205 0.098080
v -0.430205 0.968434 0.086504
v -0.441488 0.967428 0.071419
v -0.448581 0.966257 0.053852
v -0.451000 0.965000 0.035000
v -0.448581 0.963743 0.016148
v -0.441488 0.962572 -0.001419
v -0.430205 0.961566 -0.016504
v -0.415500 0.960795 -0.028080
v -0.398376 0.960310 -0.035356
v -0.380000 0.960144 -0.037838
v -0.361624 0.960310 -0.035356
v -0.344500 0.960795 -0.028080
v -0.329795 0.961566 -0.016504
v -0.318512 0.962572 -0.001419
v -0.311419 0.963743 0.016148
v -0.380000 1.010000 0.032000
v -0.380000 0.965000 0.035000
v -0.313212 0.964894 0.038532
v -0.316481 0.971360 0.059176
v -0.325968 0.977692 0.077649
v -0.340743 0.983272 0.092143
v -0.359362 0.987552 0.101240
v -0.380000 0.990114 0.104048
v -0.400638 0.990708 0.100293
v -0.419257 0.989274 0.090342
v -0.434032 0.985954 0.075170
v -0.443519 0.981072 0.056262
v -0.446788 0.975106 0.035468
v -0.443519 0.968640 0.014824
v -0.434032 0.962308 -0.003649
v -0.419257 0.956728 -0.018143
v -0.400638 0.952448 -0.027240
v -0.380000 0.949886 -0.030048
v -0.359362 0.949292 -0.026293
v -0.340743 0.950726 -0.016342
v -0.325968 0.954046 -0.001170
v -0.316481 0.958928 0.017738
v -0.325213 0.905092 0.056195
v -0.328139 0.909572 0.073551
v -0.336631 0.914094 0.089091
v -0.349858 0.918216 0.101293
v -0.366525 0.921533 0.108965
v -0.385000 0.923721 0.111354
v -0.403475 0.924566 0.108226
v -0.420142 0.923985 0.099889
v -0.433369 0.922036 0.087157
v -0.441861 0.918908 0.071278
v -0.444787 0.914908 0.053805
v -0.441861 0.910428 0.036449
v -0.433369 0.905906 0.020909
v -0.420142 0.901784 0.008707
v -0.403475 0.898467 0.001035
v -0.385000 0.896279 -0.001354
v -0.366525 0.895434 0.001774
v -0.349858 0.896015 0.010111
v -0.336631 0.897964 0.022843
v -0.328139 0.901092 0.038722
v -0.339203 0.850530 0.065813
v -0.341689 0.853347 0.080063
v -0.348904 0.856325 0.092838
v -0.360142 0.859174 0.102888
v -0.374303 0.861615 0.109230
v -0.390000 0.863408 0.111242
v -0.405697 0.864377 0.108727
v -0.419858 0.864429 0.101933
v -0.431096 0.863558 0.091523
v -0.438311 0.861849 0.078517
v -0.440797 0.859470 0.064187
v -0.438311 0.856653 0.049937
v -0.431096 0.853675 0.037162
v -0.419858 0.850826 0.027112
v -0.405697 0.848385 0.020770
v -0.390000 0.846592 0.018758
v -0.374303 0.845623 0.021273
v -0.360142 0.845571 0.028067
v -0.348904 0.846442 0.038477
v -0.341689 0.848151 0.051483
v -0.380000 0.970000 0.037000
v -0.390000 0.855000 0.065000
v -0.412039 0.873969 0.067129
v -0.413909 0.874975 0.074058
v -0.419019 0.875988 0.079095
v -0.426000 0.876736 0.080892
v -0.432981 0.877019 0.078966
v -0.438091 0.876761 0.073834
v -0.439961 0.876031 0.066871
v -0.438091 0.875025 0.059942
v -0.432981 0.874012 0.054905
v -0.426000 0.873264 0.053108
v -0.419019 0.872981 0.055034
v -0.413909 0.873239 0.060166
v -0.417036 0.834086 0.072168
v -0.418639 0.835296 0.078046
v -0.423018 0.836426 0.082304
v -0.429000 0.837174 0.083801
v -0.434982 0.837339 0.082136
v -0.439361 0.836878 0.077755
v -0.440964 0.835914 0.071832
v -0.439361 0.834704 0.065954
v -0.434982 0.833574 0.061696
v -0.429000 0.832826 0.060199
v -0.423018 0.832661 0.061864
v -0.418639 0.833122 0.066245
v -0.424026 0.798375 0.081156
v -0.425094 0.799550 0.085501
v -0.428013 0.800578 0.088640
v -0.432000 0.801183 0.089731
v -0.435987 0.801203 0.088483
v -0.438906 0.800633 0.085230
v -0.439974 0.799625 0.080844
v -0.438906 0.798450 0.076499
v -0.435987 0.797422 0.073360
v -0.432000 0.796817 0.072269
v -0.428013 0.796797 0.073517
v -0.425094 0.797367 0.076770
v -0.426000 0.875000 0.067000
v -0.432000 0.799000 0.081000
v -0.388039 0.873969 0.079129
v -0.389909 0.874975 0.086058
v -0.395019 0.875988 0.091095
v -0.402000 0.876736 0.092892
v -0.408981 0.877019 0.090966
v -0.414091 0.876761 0.085834
v -0.415961 0.876031 0.078871
v -0.414091 0.875025 0.071942
v -0.408981 0.874012 0.066905
v -0.402000 0.873264 0.065108
v -0.395019 0.872981 0.067034
v -0.389909 0.873239 0.072166
v -0.393025 0.834237 0.084116
v -0.394629 0.835242 0.090032
v -0.399012 0.836182 0.094332
v -0.405000 0.836805 0.095863
v -0.410988 0.836945 0.094216
v -0.415371 0.836564 0.089831
v -0.416975 0.835763 0.083884
v -0.415371 0.834758 0.077968
v -0.410988 0.833818 0.073668
v -0.405000 0.833195 0.072137
v -0.399012 0.833055 0.073784
v -0.394629 0.833436 0.078169
v -0.400013 0.782553 0.093077
v -0.401083 0.783380 0.097501
v -0.404006 0.784106 0.100719
v -0.408000 0.784535 0.101868
v -0.411994 0.784553 0.100641
v -0.414917 0.784155 0.097367
v -0.415987 0.783447 0.092923
v -0.414917 0.782620 0.088499
v -0.411994 0.781894 0.085281
v -0.408000 0.781465 0.084132
v -0.404006 0.781447 0.085359
v -0.401083 0.781845 0.088633
v -0.402000 0.875000 0.079000
v -0.408000 0.783000 0.093000
v -0.364039 0.873969 0.079129
v -0.365909 0.874975 0.086058
v -0.371019 0.875988 0.091095
v -0.378000 0.876736 0.092892
v -0.384981 0.877019 0.090966
v -0.390091 0.876761 0.085834
v -0.391961 0.876031 0.078871
v -0.390091 0.875025 0.071942
v -0.384981 0.874012 0.066905
v -0.378000 0.873264 0.065108
v -0.371019 0.872981 0.067034
v -0.365909 0.873239 0.072166
v -0.369025 0.834229 0.084119
v -0.370630 0.835244 0.090033
v -0.375013 0.836195 0.094331
v -0.381000 0.836825 0.095860
v -0.386987 0.836966 0.094212
v -0.391370 0.836580 0.089827
v -0.392975 0.835771 0.083881
v -0.391370 0.834756 0.077967
v -0.386987 0.833805 0.073669
v -0.381000 0.833175 0.072140
v -0.375013 0.833034 0.073788
v -0.370630 0.833420 0.078173
v -0.376013 0.783544 0.093080
v -0.377083 0.784387 0.097501
v -0.380007 0.785127 0.100716
v -0.384000 0.785564 0.101863
v -0.387993 0.785582 0.100635
v -0.390917 0.785177 0.097362
v -0.391987 0.784456 0.092920
v -0.390917 0.783613 0.088499
v -0.387993 0.782873 0.085284
v -0.384000 0.782436 0.084137
v -0.380007 0.782418 0.085365
v -0.377083 0.782823 0.088638
v -0.378000 0.875000 0.079000
v -0.384000 0.784000 0.093000
v -0.340039 0.873969 0.067129
v -0.341909 0.874975 0.074058
v -0.347019 0.875988 0.079095
v -0.354000 0.876736 0.080892
v -0.360981 0.877019 0.078966
v -0.366091 0.876761 0.073834
v -0.367961 0.876031 0.066871
v -0.366091 0.875025 0.059942
v -0.360981 0.874012 0.054905
v -0.354000 0.873264 0.053108
v -0.347019 0.872981 0.055034
v -0.341909 0.873239 0.060166
v -0.345039 0.834052 0.072182
v -0.346641 0.835309 0.078050
v -0.351019 0.836483 0.082297
v -0.357000 0.837260 0.083785
v -0.362981 0.837431 0.082115
v -0.367359 0.836951 0.077735
v -0.368961 0.835948 0.071818
v -0.367359 0.834691 0.065950
v -0.362981 0.833517 0.061703
v -0.357000 0.832740 0.060215
v -0.351019 0.832569 0.061885
v -0.346641 0.833049 0.066265
v -0.352031 0.801326 0.081184
v -0.353098 0.802600 0.085501
v -0.356015 0.803714 0.088612
v -0.360000 0.804368 0.089683
v -0.363985 0.804388 0.088428
v -0.366902 0.803768 0.085182
v -0.367969 0.802674 0.080816
v -0.366902 0.801400 0.076499
v -0.363985 0.800286 0.073388
v -0.360000 0.799632 0.072317
v -0.356015 0.799612 0.073572
v -0.353098 0.800232 0.076818
v -0.354000 0.875000 0.067000
v -0.360000 0.802000 0.081000
v -0.326096 0.917743 0.050133
v -0.327968 0.922056 0.058696
v -0.333214 0.923981 0.066528
v -0.340793 0.923137 0.072076
v -0.349207 0.919691 0.074242
v -0.356786 0.914326 0.072597
v -0.362032 0.908104 0.067467
v -0.363904 0.902257 0.059867
v -0.362032 0.897944 0.051304
v -0.356786 0.896019 0.043472
v -0.349207 0.896863 0.037924
v -0.340793 0.900309 0.035758
v -0.333214 0.905674 0.037403
v -0.327968 0.911896 0.042533
v -0.308894 0.879948 0.074738
v -0.310489 0.882705 0.082065
v -0.314958 0.883936 0.088389
v -0.321416 0.883397 0.092457
v -0.328584 0.881195 0.093463
v -0.335042 0.877766 0.091209
v -0.339511 0.873789 0.086141
v -0.341106 0.870052 0.079262
v -0.339511 0.867295 0.071935
v -0.335042 0.866064 0.065611
v -0.328584 0.866603 0.061543
v -0.321416 0.868805 0.060537
v -0.314958 0.872234 0.062791
v -0.310489 0.876211 0.067859
v -0.308146 0.841720 0.086509
v -0.309221 0.842980 0.091563
v -0.312233 0.843650 0.095715
v -0.316585 0.843597 0.098140
v -0.321415 0.842831 0.098358
v -0.325767 0.841505 0.096327
v -0.328779 0.839881 0.092449
v -0.329854 0.838280 0.087491
v -0.328779 0.837020 0.082437
v -0.325767 0.836350 0.078285
v -0.321415 0.836403 0.075860
v -0.316585 0.837169 0.075642
v -0.312233 0.838495 0.077673
v -0.309221 0.840119 0.081551
v -0.345000 0.910000 0.055000
v -0.319000 0.840000 0.087000
v -0.035000 0.330000 0.005000
v -0.037896 0.331846 0.028740
v -0.046388 0.333567 0.050861
v -0.059896 0.335045 0.069858
v -0.077500 0.336178 0.084434
v -0.098000 0.336891 0.093598
v -0.120000 0.337134 0.096723
v -0.142000 0.336891 0.093598
v -0.162500 0.336178 0.084434
v -0.180104 0.335045 0.069858
v -0.193612 0.333567 0.050861
v -0.202104 0.331846 0.028740
v -0.205000 0.330000 0.005000
v -0.202104 0.328154 -0.018740
v -0.193612 0.326433 -0.040861
v -0.180104 0.324955 -0.059858
v -0.162500 0.323822 -0.074434
v -0.142000 0.323109 -0.083598
v -0.120000 0.322866 -0.086723
v -0.098000 0.323109 -0.083598
v -0.077500 0.323822 -0.074434
v -0.059896 0.324955 -0.059858
v -0.046388 0.326433 -0.040861
v -0.037896 0.328154 -0.018740
v -0.032000 0.240000 0.012000
v -0.034999 0.242177 0.036491
v -0.043790 0.244206 0.059313
v -0.057775 0.245948 0.078911
v -0.076000 0.247284 0.093949
v -0.097224 0.248125 0.103403
v -0.120000 0.248411 0.106627
v -0.142776 0.248125 0.103403
v -0.164000 0.247284 0.093949
v -0.182225 0.245948 0.078911
v -0.196210 0.244206 0.059313
v -0.205001 0.242177 0.036491
v -0.208000 0.240000 0.012000
v -0.205001 0.237823 -0.012491
v -0.196210 0.235794 -0.035313
v -0.182225 0.234052 -0.054911
v -0.164000 0.232716 -0.069949
v -0.142776 0.231875 -0.079403
v -0.120000 0.231589 -0.082627
v -0.097224 0.231875 -0.079403
v -0.076000 0.232716 -0.069949
v -0.057775 0.234052 -0.054911
v -0.043790 0.235794 -0.035313
v -0.034999 0.237823 -0.012491
v -0.025000 0.105000 0.025000
v -0.028237 0.108710 0.053227
v -0.037728 0.112167 0.079531
v -0.052825 0.115136 0.102119
v -0.072500 0.117413 0.119451
v -0.095412 0.118845 0.130346
v -0.120000 0.119334 0.134062
v -0.144588 0.118845 0.130346
v -0.167500 0.117413 0.119451
v -0.187175 0.115136 0.102119
v -0.202272 0.112167 0.079531
v -0.211763 0.108710 0.053227
v -0.215000 0.105000 0.025000
v -0.211763 0.101290 -0.003227
v -0.202272 0.097833 -0.029531
v -0.187175 0.094864 -0.052119
v -0.167500 0.092587 -0.069451
v -0.144588 0.091155 -0.080346
v -0.120000 0.090666 -0.084062
v -0.095412 0.091155 -0.080346
v -0.072500 0.092587 -0.069451
v -0.052825 0.094864 -0.052119
v -0.037728 0.097833 -0.029531
v -0.028237 0.101290 -0.003227
v -0.020000 0.065000 0.035000
v -0.023407 0.072219 0.063876
v -0.033397 0.078946 0.090783
v -0.049289 0.084722 0.113889
v -0.070000 0.089155 0.131619
v -0.094118 0.091941 0.142765
v -0.120000 0.092892 0.146566
v -0.145882 0.091941 0.142765
v -0.170000 0.089155 0.131619
v -0.190711 0.084722 0.113889
v -0.206603 0.078946 0.090783
v -0.216593 0.072219 0.063876
v -0.220000 0.065000 0.035000
v -0.216593 0.057781 0.006124
v -0.206603 0.051054 -0.020783
v -0.190711 0.045278 -0.043889
v -0.170000 0.040845 -0.061619
v -0.145882 0.038059 -0.072765
v -0.120000 0.037108 -0.076566
v -0.094118 0.038059 -0.072765
v -0.070000 0.040845 -0.061619
v -0.049289 0.045278 -0.043889
v -0.033397 0.051054 -0.020783
v -0.023407 0.057781 0.006124
v -0.120000 0.330000 0.005000
v -0.120000 0.065000 0.035000
v -0.120000 0.183000 0.092000
v -0.103330 0.181815 0.092000
v -0.103650 0.181815 0.097827
v -0.104599 0.181815 0.103430
v -0.106139 0.181815 0.108593
v -0.108212 0.181815 0.113120
v -0.110739 0.181815 0.116834
v -0.113621 0.181815 0.119594
v -0.116748 0.181815 0.121294
v -0.120000 0.181815 0.121867
v -0.123252 0.181815 0.121294
v -0.126379 0.181815 0.119594
v -0.129261 0.181815 0.116834
v -0.131788 0.181815 0.113120
v -0.133861 0.181815 0.108593
v -0.135401 0.181815 0.103430
v -0.136350 0.181815 0.097827
v -0.136670 0.181815 0.092000
v -0.136350 0.181815 0.086173
v -0.135401 0.181815 0.080570
v -0.133861 0.181815 0.075407
v -0.131788 0.181815 0.070880
v -0.129261 0.181815 0.067166
v -0.126379 0.181815 0.064406
v -0.123252 0.181815 0.062706
v -0.120000 0.181815 0.062133
v -0.116748 0.181815 0.062706
v -0.113621 0.181815 0.064406
v -0.110739 0.181815 0.067166
v -0.108212 0.181815 0.070880
v -0.106139 0.181815 0.075407
v -0.104599 0.181815 0.080570
v -0.103650 0.181815 0.086173
v -0.087166 0.178296 0.092000
v -0.087797 0.178296 0.103477
v -0.089665 0.178296 0.114512
v -0.092700 0.178296 0.124683
v -0.096783 0.178296 0.133597
v -0.101758 0.178296 0.140913
v -0.107435 0.178296 0.146349
v -0.113594 0.178296 0.149697
v -0.120000 0.178296 0.150827
v -0.126406 0.178296 0.149697
v -0.132565 0.178296 0.146349
v -0.138242 0.178296 0.140913
v -0.143217 0.178296 0.133597
v -0.147300 0.178296 0.124683
v -0.150335 0.178296 0.114512
v -0.152203 0.178296 0.103477
v -0.152834 0.178296 0.092000
v -0.152203 0.178296 0.080523
v -0.150335 0.178296 0.069488
v -0.147300 0.178296 0.059317
v -0.143217 0.178296 0.050403
v -0.138242 0.178296 0.043087
v -0.132565 0.178296 0.037651
v -0.126406 0.178296 0.034303
v -0.120000 0.178296 0.033173
v -0.113594 0.178296 0.034303
v -0.107435 0.178296 0.037651
v -0.101758 0.178296 0.043087
v -0.096783 0.178296 0.050403
v -0.092700 0.178296 0.059317
v -0.089665 0.178296 0.069488
v -0.087797 0.178296 0.080523
v -0.072000 0.172550 0.092000
v -0.072922 0.172550 0.108778
v -0.075654 0.172550 0.124911
v -0.080089 0.172550 0.139779
v -0.086059 0.172550 0.152811
v -0.093333 0.172550 0.163506
v -0.101631 0.172550 0.171454
v -0.110636 0.172550 0.176348
v -0.120000 0.172550 0.178000
v -0.129364 0.172550 0.176348
v -0.138369 0.172550 0.171454
v -0.146667 0.172550 0.163506
v -0.153941 0.172550 0.152811
v -0.159911 0.172550 0.139779
v -0.164346 0.172550 0.124911
v -0.167078 0.172550 0.108778
v -0.168000 0.172550 0.092000
v -0.167078 0.172550 0.075222
v -0.164346 0.172550 0.059089
v -0.159911 0.172550 0.044221
v -0.153941 0.172550 0.031189
v -0.146667 0.172550 0.020494
v -0.138369 0.172550 0.012546
v -0.129364 0.172550 0.007652
v -0.120000 0.172550 0.006000
v -0.110636 0.172550 0.007652
v -0.101631 0.172550 0.012546
v -0.093333 0.172550 0.020494
v -0.086059 0.172550 0.031189
v -0.080089 0.172550 0.044221
v -0.075654 0.172550 0.059089
v -0.072922 0.172550 0.075222
v -0.058292 0.164751 0.092000
v -0.059478 0.164751 0.113569
v -0.062990 0.164751 0.134309
v -0.068692 0.164751 0.153424
v -0.076366 0.164751 0.170177
v -0.085717 0.164751 0.183927
v -0.096386 0.164751 0.194144
v -0.107961 0.164751 0.200435
v -0.120000 0.164751 0.202559
v -0.132039 0.164751 0.200435
v -0.143614 0.164751 0.194144
v -0.154283 0.164751 0.183927
v -0.163634 0.164751 0.170177
v -0.171308 0.164751 0.153424
v -0.177010 0.164751 0.134309
v -0.180522 0.164751 0.113569
v -0.181708 0.164751 0.092000
v -0.180522 0.164751 0.070431
v -0.177010 0.164751 0.049691
v -0.171308 0.164751 0.030576
v -0.163634 0.164751 0.013823
v -0.154283 0.164751 0.000073
v -0.143614 0.164751 -0.010144
v -0.132039 0.164751 -0.016435
v -0.120000 0.164751 -0.018559
v -0.107961 0.164751 -0.016435
v -0.096386 0.164751 -0.010144
v -0.085717 0.164751 0.000073
v -0.076366 0.164751 0.013823
v -0.068692 0.164751 0.030576
v -0.062990 0.164751 0.049691
v -0.059478 0.164751 0.070431
v -0.046460 0.155137 0.092000
v -0.047873 0.155137 0.117705
v -0.052058 0.155137 0.142422
v -0.058854 0.155137 0.165202
v -0.067999 0.155137 0.185168
v -0.079143 0.155137 0.201554
v -0.091857 0.155137 0.213730
v -0.105653 0.155137 0.221228
v -0.120000 0.155137 0.223760
v -0.134347 0.155137 0.221228
v -0.148143 0.155137 0.213730
v -0.160857 0.155137 0.201554
v -0.172001 0.155137 0.185168
v -0.181146 0.155137 0.165202
v -0.187942 0.155137 0.142422
v -0.192127 0.155137 0.117705
v -0.193540 0.155137 0.092000
v -0.192127 0.155137 0.066295
v -0.187942 0.155137 0.041578
v -0.181146 0.155137 0.018798
v -0.172001 0.155137 -0.001168
v -0.160857 0.155137 -0.017554
v -0.148143 0.155137 -0.029730
v -0.134347 0.155137 -0.037228
v -0.120000 0.155137 -0.039760
v -0.105653 0.155137 -0.037228
v -0.091857 0.155137 -0.029730
v -0.079143 0.155137 -0.017554
v -0.067999 0.155137 -0.001168
v -0.058854 0.155137 0.018798
v -0.052058 0.155137 0.041578
v -0.047873 0.155137 0.066295
v -0.036862 0.144000 0.092000
v -0.038459 0.144000 0.121060
v -0.043190 0.144000 0.149003
v -0.050873 0.144000 0.174756
v -0.061212 0.144000 0.197328
v -0.073811 0.144000 0.215853
v -0.088184 0.144000 0.229618
v -0.103780 0.144000 0.238094
v -0.120000 0.144000 0.240956
v -0.136220 0.144000 0.238094
v -0.151816 0.144000 0.229618
v -0.166189 0.144000 0.215853
v -0.178788 0.144000 0.197328
v -0.189127 0.144000 0.174756
v -0.196810 0.144000 0.149003
v -0.201541 0.144000 0.121060
v -0.203138 0.144000 0.092000
v -0.201541 0.144000 0.062940
v -0.196810 0.144000 0.034997
v -0.189127 0.144000 0.009244
v -0.178788 0.144000 -0.013328
v -0.166189 0.144000 -0.031853
v -0.151816 0.144000 -0.045618
v -0.136220 0.144000 -0.054094
v -0.120000 0.144000 -0.056956
v -0.103780 0.144000 -0.054094
v -0.088184 0.144000 -0.045618
v -0.073811 0.144000 -0.031853
v -0.061212 0.144000 -0.013328
v -0.050873 0.144000 0.009244
v -0.043190 0.144000 0.034997
v -0.038459 0.144000 0.062940
v -0.029790 0.131678 0.092000
v -0.031523 0.131678 0.123532
v -0.036656 0.131678 0.153852
v -0.044993 0.131678 0.181795
v -0.056212 0.131678 0.206288
v -0.069882 0.131678 0.226388
v -0.085478 0.131678 0.241324
v -0.102401 0.131678 0.250522
v -0.120000 0.131678 0.253627
v -0.137599 0.131678 0.250522
v -0.154522 0.131678 0.241324
v -0.170118 0.131678 0.226388
v -0.183788 0.131678 0.206288
v -0.195007 0.131678 0.181795
v -0.203344 0.131678 0.153852
v -0.208477 0.131678 0.123532
v -0.210210 0.131678 0.092000
v -0.208477 0.131678 0.060468
v -0.203344 0.131678 0.030148
v -0.195007 0.131678 0.002205
v -0.183788 0.131678 -0.022288
v -0.170118 0.131678 -0.042388
v -0.154522 0.131678 -0.057324
v -0.137599 0.131678 -0.066522
v -0.120000 0.131678 -0.069627
v -0.102401 0.131678 -0.066522
v -0.085478 0.131678 -0.057324
v -0.069882 0.131678 -0.042388
v -0.056212 0.131678 -0.022288
v -0.044993 0.131678 0.002205
v -0.036656 0.131678 0.030148
v -0.031523 0.131678 0.060468
v -0.025458 0.118545 0.092000
v -0.027275 0.118545 0.125046
v -0.032655 0.118545 0.156822
v -0.041392 0.118545 0.186106
v -0.053149 0.118545 0.211775
v -0.067476 0.118545 0.232840
v -0.083821 0.118545 0.248493
v -0.101556 0.118545 0.258132
v -0.120000 0.118545 0.261387
v -0.138444 0.118545 0.258132
v -0.156179 0.118545 0.248493
v -0.172524 0.118545 0.232840
v -0.186851 0.118545 0.211775
v -0.198608 0.118545 0.186106
v -0.207345 0.118545 0.156822
v -0.212725 0.118545 0.125046
v -0.214542 0.118545 0.092000
v -0.212725 0.118545 0.058954
v -0.207345 0.118545 0.027178
v -0.198608 0.118545 -0.002106
v -0.186851 0.118545 -0.027775
v -0.172524 0.118545 -0.048840
v -0.156179 0.118545 -0.064493
v -0.138444 0.118545 -0.074132
v -0.120000 0.118545 -0.077387
v -0.101556 0.118545 -0.074132
v -0.083821 0.118545 -0.064493
v -0.067476 0.118545 -0.048840
v -0.053149 0.118545 -0.027775
v -0.041392 0.118545 -0.002106
v -0.032655 0.118545 0.027178
v -0.027275 0.118545 0.058954
v -0.024000 0.105000 0.092000
v -0.025845 0.105000 0.125556
v -0.031308 0.105000 0.157822
v -0.040179 0.105000 0.187558
v -0.052118 0.105000 0.213622
v -0.066665 0.105000 0.235013
v -0.083262 0.105000 0.250907
v -0.101271 0.105000 0.260695
v -0.120000 0.105000 0.264000
v -0.138729 0.105000 0.260695
v -0.156738 0.105000 0.250907
v -0.173335 0.105000 0.235013
v -0.187882 0.105000 0.213622
v -0.199821 0.105000 0.187558
v -0.208692 0.105000 0.157822
v -0.214155 0.105000 0.125556
v -0.216000 0.105000 0.092000
v -0.214155 0.105000 0.058444
v -0.208692 0.105000 0.026178
v -0.199821 0.105000 -0.003558
v -0.187882 0.105000 -0.029622
v -0.173335 0.105000 -0.051013
v -0.156738 0.105000 -0.066907
v -0.138729 0.105000 -0.076695
v -0.120000 0.105000 -0.080000
v -0.101271 0.105000 -0.076695
v -0.083262 0.105000 -0.066907
v -0.066665 0.105000 -0.051013
v -0.052118 0.105000 -0.029622
v -0.040179 0.105000 -0.003558
v -0.031308 0.105000 0.026178
v -0.025845 0.105000 0.058444
v -0.025458 0.091455 0.092000
v -0.027275 0.091455 0.125046
v -0.032655 0.091455 0.156822
v -0.041392 0.091455 0.186106
v -0.053149 0.091455 0.211775
v -0.067476 0.091455 0.232840
v -0.083821 0.091455 0.248493
v -0.101556 0.091455 0.258132
v -0.120000 0.091455 0.261387
v -0.138444 0.091455 0.258132
v -0.156179 0.091455 0.248493
v -0.172524 0.091455 0.232840
v -0.186851 0.091455 0.211775
v -0.198608 0.091455 0.186106
v -0.207345 0.091455 0.156822
v -0.212725 0.091455 0.125046
v -0.214542 0.091455 0.092000
v -0.212725 0.091455 0.058954
v -0.207345 0.091455 0.027178
v -0.198608 0.091455 -0.002106
v -0.186851 0.091455 -0.027775
v -0.172524 0.091455 -0.048840
v -0.156179 0.091455 -0.064493
v -0.138444 0.091455 -0.074132
v -0.120000 0.091455 -0.077387
v -0.101556 0.091455 -0.074132
v -0.083821 0.091455 -0.064493
v -0.067476 0.091455 -0.048840
v -0.053149 0.091455 -0.027775
v -0.041392 0.091455 -0.002106
v -0.032655 0.091455 0.027178
v -0.027275 0.091455 0.058954
v -0.029790 0.078322 0.092000
v -0.031523 0.078322 0.123532
v -0.036656 0.078322 0.153852
v -0.044993 0.078322 0.181795
v -0.056212 0.078322 0.206288
v -0.069882 0.078322 0.226388
v -0.085478 0.078322 0.241324
v -0.102401 0.078322 0.250522
v -0.120000 0.078322 0.253627
v -0.137599 0.078322 0.250522
v -0.154522 0.078322 0.241324
v -0.170118 0.078322 0.226388
v -0.183788 0.078322 0.206288
v -0.195007 0.078322 0.181795
v -0.203344 0.078322 0.153852
v -0.208477 0.078322 0.123532
v -0.210210 0.078322 0.092000
v -0.208477 0.078322 0.060468
v -0.203344 0.078322 0.030148
v -0.195007 0.078322 0.002205
v -0.183788 0.078322 -0.022288
v -0.170118 0.078322 -0.042388
v -0.154522 0.078322 -0.057324
v -0.137599 0.078322 -0.066522
v -0.120000 0.078322 -0.069627
v -0.102401 0.078322 -0.066522
v -0.085478 0.078322 -0.057324
v -0.069882 0.078322 -0.042388
v -0.056212 0.078322 -0.022288
v -0.044993 0.078322 0.002205
v -0.036656 0.078322 0.030148
v -0.031523 0.078322 0.060468
v -0.036862 0.066000 0.092000
v -0.038459 0.066000 0.121060
v -0.043190 0.066000 0.149003
v -0.050873 0.066000 0.174756
v -0.061212 0.066000 0.197328
v -0.073811 0.066000 0.215853
v -0.088184 0.066000 0.229618
v -0.103780 0.066000 0.238094
v -0.120000 0.066000 0.240956
v -0.136220 0.066000 0.238094
v -0.151816 0.066000 0.229618
v -0.166189 0.066000 0.215853
v -0.178788 0.066000 0.197328
v -0.189127 0.066000 0.174756
v -0.196810 0.066000 0.149003
v -0.201541 0.066000 0.121060
v -0.203138 0.066000 0.092000
v -0.201541 0.066000 0.062940
v -0.196810 0.066000 0.034997
v -0.189127 0.066000 0.009244
v -0.178788 0.066000 -0.013328
v -0.166189 0.066000 -0.031853
v -0.151816 0.066000 -0.045618
v -0.136220 0.066000 -0.054094
v -0.120000 0.066000 -0.056956
v -0.103780 0.066000 -0.054094
v -0.088184 0.066000 -0.045618
v -0.073811 0.066000 -0.031853
v -0.061212 0.066000 -0.013328
v -0.050873 0.066000 0.009244
v -0.043190 0.066000 0.034997
v -0.038459 0.066000 0.062940
v -0.046460 0.054863 0.092000
v -0.047873 0.054863 0.117705
v -0.052058 0.054863 0.142422
v -0.058854 0.054863 0.165202
v -0.067999 0.054863 0.185168
v -0.079143 0.054863 0.201554
v -0.091857 0.054863 0.213730
v -0.105653 0.054863 0.221228
v -0.120000 0.054863 0.223760
v -0.134347 0.054863 0.221228
v -0.148143 0.054863 0.213730
v -0.160857 0.054863 0.201554
v -0.172001 0.054863 0.185168
v -0.181146 0.054863 0.165202
v -0.187942 0.054863 0.142422
v -0.192127 0.054863 0.117705
v -0.193540 0.054863 0.092000
v -0.192127 0.054863 0.066295
v -0.187942 0.054863 0.041578
v -0.181146 0.054863 0.018798
v -0.172001 0.054863 -0.001168
v -0.160857 0.054863 -0.017554
v -0.148143 0.054863 -0.029730
v -0.134347 0.054863 -0.037228
v -0.120000 0.054863 -0.039760
v -0.105653 0.054863 -0.037228
v -0.091857 0.054863 -0.029730
v -0.079143 0.054863 -0.017554
v -0.067999 0.054863 -0.001168
v -0.058854 0.054863 0.018798
v -0.052058 0.054863 0.041578
v -0.047873 0.054863 0.066295
v -0.058292 0.045249 0.092000
v -0.059478 0.045249 0.113569
v -0.062990 0.045249 0.134309
v -0.068692 0.045249 0.153424
v -0.076366 0.045249 0.170177
v -0.085717 0.045249 0.183927
v -0.096386 0.045249 0.194144
v -0.107961 0.045249 0.200435
v -0.120000 0.045249 0.202559
v -0.132039 0.045249 0.200435
v -0.143614 0.045249 0.194144
v -0.154283 0.045249 0.183927
v -0.163634 0.045249 0.170177
v -0.171308 0.045249 0.153424
v -0.177010 0.045249 0.134309
v -0.180522 0.045249 0.113569
v -0.181708 0.045249 0.092000
v -0.180522 0.045249 0.070431
v -0.177010 0.045249 0.049691
v -0.171308 0.045249 0.030576
v -0.163634 0.045249 0.013823
v -0.154283 0.045249 0.000073
v -0.143614 0.045249 -0.010144
v -0.132039 0.045249 -0.016435
v -0.120000 0.045249 -0.018559
v -0.107961 0.045249 -0.016435
v -0.096386 0.045249 -0.010144
v -0.085717 0.045249 0.000073
v -0.076366 0.045249 0.013823
v -0.068692 0.045249 0.030576
v -0.062990 0.045249 0.049691
v -0.059478 0.045249 0.070431
v -0.072000 0.037450 0.092000
v -0.072922 0.037450 0.108778
v -0.075654 0.037450 0.124911
v -0.080089 0.037450 0.139779
v -0.086059 0.037450 0.152811
v -0.093333 0.037450 0.163506
v -0.101631 0.037450 0.171454
v -0.110636 0.037450 0.176348
v -0.120000 0.037450 0.178000
v -0.129364 0.037450 0.176348
v -0.138369 0.037450 0.171454
v -0.146667 0.037450 0.163506
v -0.153941 0.037450 0.152811
v -0.159911 0.037450 0.139779
v -0.164346 0.037450 0.124911
v -0.167078 0.037450 0.108778
v -0.168000 0.037450 0.092000
v -0.167078 0.037450 0.075222
v -0.164346 0.037450 0.059089
v -0.159911 0.037450 0.044221
v -0.153941 0.037450 0.031189
v -0.146667 0.037450 0.020494
v -0.138369 0.037450 0.012546
v -0.129364 0.037450 0.007652
v -0.120000 0.037450 0.006000
v -0.110636 0.037450 0.007652
v -0.101631 0.037450 0.012546
v -0.093333 0.037450 0.020494
v -0.086059 0.037450 0.031189
v -0.080089 0.037450 0.044221
v -0.075654 0.037450 0.059089
v -0.072922 0.037450 0.075222
v -0.087166 0.031704 0.092000
v -0.087797 0.031704 0.103477
v -0.089665 0.031704 0.114512
v -0.092700 0.031704 0.124683
v -0.096783 0.031704 0.133597
v -0.101758 0.031704 0.140913
v -0.107435 0.031704 0.146349
v -0.113594 0.031704 0.149697
v -0.120000 0.031704 0.150827
v -0.126406 0.031704 0.149697
v -0.132565 0.031704 0.146349
v -0.138242 0.031704 0.140913
v -0.143217 0.031704 0.133597
v -0.147300 0.031704 0.124683
v -0.150335 0.031704 0.114512
v -0.152203 0.031704 0.103477
v -0.152834 0.031704 0.092000
v -0.152203 0.031704 0.080523
v -0.150335 0.031704 0.069488
v -0.147300 0.031704 0.059317
v -0.143217 0.031704 0.050403
v -0.138242 0.031704 0.043087
v -0.132565 0.031704 0.037651
v -0.126406 0.031704 0.034303
v -0.120000 0.031704 0.033173
v -0.113594 0.031704 0.034303
v -0.107435 0.031704 0.037651
v -0.101758 0.031704 0.043087
v -0.096783 0.031704 0.050403
v -0.092700 0.031704 0.059317
v -0.089665 0.031704 0.069488
v -0.087797 0.031704 0.080523
v -0.103330 0.028185 0.092000
v -0.103650 0.028185 0.097827
v -0.104599 0.028185 0.103430
v -0.106139 0.028185 0.108593
v -0.108212 0.028185 0.113120
v -0.110739 0.028185 0.116834
v -0.113621 0.028185 0.119594
v -0.116748 0.028185 0.121294
v -0.120000 0.028185 0.121867
v -0.123252 0.028185 0.121294
v -0.126379 0.028185 0.119594
v -0.129261 0.028185 0.116834
v -0.131788 0.028185 0.113120
v -0.133861 0.028185 0.108593
v -0.135401 0.028185 0.103430
v -0.136350 0.028185 0.097827
v -0.136670 0.028185 0.092000
v -0.136350 0.028185 0.086173
v -0.135401 0.028185 0.080570
v -0.133861 0.028185 0.075407
v -0.131788 0.028185 0.070880
v -0.129261 0.028185 0.067166
v -0.126379 0.028185 0.064406
v -0.123252 0.028185 0.062706
v -0.120000 0.028185 0.062133
v -0.116748 0.028185 0.062706
v -0.113621 0.028185 0.064406
v -0.110739 0.028185 0.067166
v -0.108212 0.028185 0.070880
v -0.106139 0.028185 0.075407
v -0.104599 0.028185 0.080570
v -0.103650 0.028185 0.086173
v -0.120000 0.027000 0.092000
v 0.454000 1.010000 0.032000
v 0.451479 1.011326 0.051885
v 0.444086 1.012561 0.070415
v 0.432326 1.013622 0.086327
v 0.417000 1.014436 0.098536
v 0.399153 1.014947 0.106212
v 0.380000 1.015122 0.108829
v 0.360847 1.014947 0.106212
v 0.343000 1.014436 0.098536
v 0.327674 1.013622 0.086327
v 0.315914 1.012561 0.070415
v 0.308521 1.011326 0.051885
v 0.306000 1.010000 0.032000
v 0.308521 1.008674 0.012115
v 0.315914 1.007439 -0.006415
v 0.327674 1.006378 -0.022327
v 0.343000 1.005564 -0.034536
v 0.360847 1.005053 -0.042212
v 0.380000 1.004878 -0.044829
v 0.399153 1.005053 -0.042212
v 0.417000 1.005564 -0.034536
v 0.432326 1.006378 -0.022327
v 0.444086 1.007439 -0.006415
v 0.451479 1.008674 0.012115
v 0.451000 0.965000 0.035000
v 0.448581 0.966257 0.053852
v 0.441488 0.967428 0.071419
v 0.430205 0.968434 0.086504
v 0.415500 0.969205 0.098080
v 0.398376 0.969690 0.105356
v 0.380000 0.969856 0.107838
v 0.361624 0.969690 0.105356
v 0.344500 0.969205 0.098080
v 0.329795 0.968434 0.086504
v 0.318512 0.967428 0.071419
v 0.311419 0.966257 0.053852
v 0.309000 0.965000 0.035000
v 0.311419 0.963743 0.016148
v 0.318512 0.962572 -0.001419
v 0.329795 0.961566 -0.016504
v 0.344500 0.960795 -0.028080
v 0.361624 0.960310 -0.035356
v 0.380000 0.960144 -0.037838
v 0.398376 0.960310 -0.035356
v 0.415500 0.960795 -0.028080
v 0.430205 0.961566 -0.016504
v 0.441488 0.962572 -0.001419
v 0.448581 0.963743 0.016148
v 0.380000 1.010000 0.032000
v 0.380000 0.965000 0.035000
v 0.446788 0.975106 0.035468
v 0.443519 0.981072 0.056262
v 0.434032 0.985954 0.075170
v 0.419257 0.989274 0.090342
v 0.400638 0.990708 0.100293
v 0.380000 0.990114 0.104048
v 0.359362 0.987552 0.101240
v 0.340743 0.983272 0.092143
v 0.325968 0.977692 0.077649
v 0.316481 0.971360 0.059176
v 0.313212 0.964894 0.038532
v 0.316481 0.958928 0.017738
v 0.325968 0.954046 -0.001170
v 0.340743 0.950726 -0.016342
v 0.359362 0.949292 -0.026293
v 0.380000 0.949886 -0.030048
v 0.400638 0.952448 -0.027240
v 0.419257 0.956728 -0.018143
v 0.434032 0.962308 -0.003649
v 0.443519 0.968640 0.014824
v 0.444787 0.914908 0.053805
v 0.441861 0.918908 0.071278
v 0.433369 0.922036 0.087157
v 0.420142 0.923985 0.099889
v 0.403475 0.924566 0.108226
v 0.385000 0.923721 0.111354
v 0.366525 0.921533 0.108965
v 0.349858 0.918216 0.101293
v 0.336631 0.914094 0.089091
v 0.328139 0.909572 0.073551
v 0.325213 0.905092 0.056195
v 0.328139 0.901092 0.038722
v 0.336631 0.897964 0.022843
v 0.349858 0.896015 0.010111
v 0.366525 0.895434 0.001774
v 0.385000 0.896279 -0.001354
v 0.403475 0.898467 0.001035
v 0.420142 0.901784 0.008707
v 0.433369 0.905906 0.020909
v 0.441861 0.910428 0.036449
v 0.440797 0.859470 0.064187
v 0.438311 0.861849 0.078517
v 0.431096 0.863558 0.091523
v 0.419858 0.864429 0.101933
v 0.405697 0.864377 0.108727
v 0.390000 0.863408 0.111242
v 0.374303 0.861615 0.109230
v 0.360142 0.859174 0.102888
v 0.348904 0.856325 0.092838
v 0.341689 0.853347 0.080063
v 0.339203 0.850530 0.065813
v 0.341689 0.848151 0.051483
v 0.348904 0.846442 0.038477
v 0.360142 0.845571 0.028067
v 0.374303 0.845623 0.021273
v 0.390000 0.846592 0.018758
v 0.405697 0.848385 0.020770
v 0.419858 0.850826 0.027112
v 0.431096 0.853675 0.037162
v 0.438311 0.856653 0.049937
v 0.380000 0.970000 0.037000
v 0.390000 0.855000 0.065000
v 0.367961 0.876031 0.066871
v 0.366091 0.876761 0.073834
v 0.360981 0.877019 0.078966
v 0.354000 0.876736 0.080892
v 0.347019 0.875988 0.079095
v 0.341909 0.874975 0.074058
v 0.340039 0.873969 0.067129
v 0.341909 0.873239 0.060166
v 0.347019 0.872981 0.055034
v 0.354000 0.873264 0.053108
v 0.360981 0.874012 0.054905
v 0.366091 0.875025 0.059942
v 0.368964 0.835914 0.071832
v 0.367361 0.836878 0.077755
v 0.362982 0.837339 0.082136
v 0.357000 0.837174 0.083801
v 0.351018 0.836426 0.082304
v 0.346639 0.835296 0.078046
v 0.345036 0.834086 0.072168
v 0.346639 0.833122 0.066245
v 0.351018 0.832661 0.061864
v 0.357000 0.832826 0.060199
v 0.362982 0.833574 0.061696
v 0.367361 0.834704 0.065954
v 0.367974 0.799625 0.080844
v 0.366906 0.800633 0.085230
v 0.363987 0.801203 0.088483
v 0.360000 0.801183 0.089731
v 0.356013 0.800578 0.088640
v 0.353094 0.799550 0.085501
v 0.352026 0.798375 0.081156
v 0.353094 0.797367 0.076770
v 0.356013 0.796797 0.073517
v 0.360000 0.796817 0.072269
v 0.363987 0.797422 0.073360
v 0.366906 0.798450 0.076499
v 0.354000 0.875000 0.067000
v 0.360000 0.799000 0.081000
v 0.391961 0.876031 0.078871
v 0.390091 0.876761 0.085834
v 0.384981 0.877019 0.090966
v 0.378000 0.876736 0.092892
v 0.371019 0.875988 0.091095
v 0.365909 0.874975 0.086058
v 0.364039 0.873969 0.079129
v 0.365909 0.873239 0.072166
v 0.371019 0.872981 0.067034
v 0.378000 0.873264 0.065108
v 0.384981 0.874012 0.066905
v 0.390091 0.875025 0.071942
v 0.392975 0.835763 0.083884
v 0.391371 0.836564 0.089831
v 0.386988 0.836945 0.094216
v 0.381000 0.836805 0.095863
v 0.375012 0.836182 0.094332
v 0.370629 0.835242 0.090032
v 0.369025 0.834237 0.084116
v 0.370629 0.833436 0.078169
v 0.375012 0.833055 0.073784
v 0.381000 0.833195 0.072137
v 0.386988 0.833818 0.073668
v 0.391371 0.834758 0.077968
v 0.391987 0.783447 0.092923
v 0.390917 0.784155 0.097367
v 0.387994 0.784553 0.100641
v 0.384000 0.784535 0.101868
v 0.380006 0.784106 0.100719
v 0.377083 0.783380 0.097501
v 0.376013 0.782553 0.093077
v 0.377083 0.781845 0.088633
v 0.380006 0.781447 0.085359
v 0.384000 0.781465 0.084132
v 0.387994 0.781894 0.085281
v 0.390917 0.782620 0.088499
v 0.378000 0.875000 0.079000
v 0.384000 0.783000 0.093000
v 0.415961 0.876031 0.078871
v 0.414091 0.876761 0.085834
v 0.408981 0.877019 0.090966
v 0.402000 0.876736 0.092892
v 0.395019 0.875988 0.091095
v 0.389909 0.874975 0.086058
v 0.388039 0.873969 0.079129
v 0.389909 0.873239 0.072166
v 0.395019 0.872981 0.067034
v 0.402000 0.873264 0.065108
v 0.408981 0.874012 0.066905
v 0.414091 0.875025 0.071942
v 0.416975 0.835771 0.083881
v 0.415370 0.836580 0.089827
v 0.410987 0.836966 0.094212
v 0.405000 0.836825 0.095860
v 0.399013 0.836195 0.094331
v 0.394630 0.835244 0.090033
v 0.393025 0.834229 0.084119
v 0.394630 0.833420 0.078173
v 0.399013 0.833034 0.073788
v 0.405000 0.833175 0.072140
v 0.410987 0.833805 0.073669
v 0.415370 0.834756 0.077967
v 0.415987 0.784456 0.092920
v 0.414917 0.785177 0.097362
v 0.411993 0.785582 0.100635
v 0.408000 0.785564 0.101863
v 0.404007 0.785127 0.100716
v 0.401083 0.784387 0.097501
v 0.400013 0.783544 0.093080
v 0.401083 0.782823 0.088638
v 0.404007 0.782418 0.085365
v 0.408000 0.782436 0.084137
v 0.411993 0.782873 0.085284
v 0.414917 0.783613 0.088499
v 0.402000 0.875000 0.079000
v 0.408000 0.784000 0.093000
v 0.439961 0.876031 0.066871
v 0.438091 0.876761 0.073834
v 0.432981 0.877019 0.078966
v 0.426000 0.876736 0.080892
v 0.419019 0.875988 0.079095
v 0.413909 0.874975 0.074058
v 0.412039 0.873969 0.067129
v 0.413909 0.873239 0.060166
v 0.419019 0.872981 0.055034
v 0.426000 0.873264 0.053108
v 0.432981 0.874012 0.054905
v 0.438091 0.875025 0.059942
v 0.440961 0.835948 0.071818
v 0.439359 0.836951 0.077735
v 0.434981 0.837431 0.082115
v 0.429000 0.837260 0.083785
v 0.423019 0.836483 0.082297
v 0.418641 0.835309 0.078050
v 0.417039 0.834052 0.072182
v 0.418641 0.833049 0.066265
v 0.423019 0.832569 0.061885
v 0.429000 0.832740 0.060215
v 0.434981 0.833517 0.061703
v 0.439359 0.834691 0.065950
v 0.439969 0.802674 0.080816
v 0.438902 0.803768 0.085182
v 0.435985 0.804388 0.088428
v 0.432000 0.804368 0.089683
v 0.428015 0.803714 0.088612
v 0.425098 0.802600 0.085501
v 0.424031 0.801326 0.081184
v 0.425098 0.800232 0.076818
v 0.428015 0.799612 0.073572
v 0.432000 0.799632 0.072317
v 0.435985 0.800286 0.073388
v 0.438902 0.801400 0.076499
v 0.426000 0.875000 0.067000
v 0.432000 0.802000 0.081000
v 0.363904 0.902257 0.059867
v 0.362032 0.908104 0.067467
v 0.356786 0.914326 0.072597
v 0.349207 0.919691 0.074242
v 0.340793 0.923137 0.072076
v 0.333214 0.923981 0.066528
v 0.327968 0.922056 0.058696
v 0.326096 0.917743 0.050133
v 0.327968 0.911896 0.042533
v 0.333214 0.905674 0.037403
v 0.340793 0.900309 0.035758
v 0.349207 0.896863 0.037924
v 0.356786 0.896019 0.043472
v 0.362032 0.897944 0.051304
v 0.341106 0.870052 0.079262
v 0.339511 0.873789 0.086141
v 0.335042 0.877766 0.091209
v 0.328584 0.881195 0.093463
v 0.321416 0.883397 0.092457
v 0.314958 0.883936 0.088389
v 0.310489 0.882705 0.082065
v 0.308894 0.879948 0.074738
v 0.310489 0.876211 0.067859
v 0.314958 0.872234 0.062791
v 0.321416 0.868805 0.060537
v 0.328584 0.866603 0.061543
v 0.335042 0.866064 0.065611
v 0.339511 0.867295 0.071935
v 0.329854 0.838280 0.087491
v 0.328779 0.839881 0.092449
v 0.325767 0.841505 0.096327
v 0.321415 0.842831 0.098358
v 0.316585 0.843597 0.098140
v 0.312233 0.843650 0.095715
v 0.309221 0.842980 0.091563
v 0.308146 0.841720 0.086509
v 0.309221 0.840119 0.081551
v 0.312233 0.838495 0.077673
v 0.316585 0.837169 0.075642
v 0.321415 0.836403 0.075860
v 0.325767 0.836350 0.078285
v 0.328779 0.837020 0.082437
v 0.345000 0.910000 0.055000
v 0.319000 0.840000 0.087000
v 0.205000 0.330000 0.005000
v 0.202104 0.331846 0.028740
v 0.193612 0.333567 0.050861
v 0.180104 0.335045 0.069858
v 0.162500 0.336178 0.084434
v 0.142000 0.336891 0.093598
v 0.120000 0.337134 0.096723
v 0.098000 0.336891 0.093598
v 0.077500 0.336178 0.084434
v 0.059896 0.335045 0.069858
v 0.046388 0.333567 0.050861
v 0.037896 0.331846 0.028740
v 0.035000 0.330000 0.005000
v 0.037896 0.328154 -0.018740
v 0.046388 0.326433 -0.040861
v 0.059896 0.324955 -0.059858
v 0.077500 0.323822 -0.074434
v 0.098000 0.323109 -0.083598
v 0.120000 0.322866 -0.086723
v 0.142000 0.323109 -0.083598
v 0.162500 0.323822 -0.074434
v 0.180104 0.324955 -0.059858
v 0.193612 0.326433 -0.040861
v 0.202104 0.328154 -0.018740
v 0.208000 0.240000 0.012000
v 0.205001 0.242177 0.036491
v 0.196210 0.244206 0.059313
v 0.182225 0.245948 0.078911
v 0.164000 0.247284 0.093949
v 0.142776 0.248125 0.103403
v 0.120000 0.248411 0.106627
v 0.097224 0.248125 0.103403
v 0.076000 0.247284 0.093949
v 0.057775 0.245948 0.078911
v 0.043790 0.244206 0.059313
v 0.034999 0.242177 0.036491
v 0.032000 0.240000 0.012000
v 0.034999 0.237823 -0.012491
v 0.043790 0.235794 -0.035313
v 0.057775 0.234052 -0.054911
v 0.076000 0.232716 -0.069949
v 0.097224 0.231875 -0.079403
v 0.120000 0.231589 -0.082627
v 0.142776 0.231875 -0.079403
v 0.164000 0.232716 -0.069949
v 0.182225 0.234052 -0.054911
v 0.196210 0.235794 -0.035313
v 0.205001 0.237823 -0.012491
v 0.215000 0.105000 0.025000
v 0.211763 0.108710 0.053227
v 0.202272 0.112167 0.079531
v 0.187175 0.115136 0.102119
v 0.167500 0.117413 0.119451
v 0.144588 0.118845 0.130346
v 0.120000 0.119334 0.134062
v 0.095412 0.118845 0.130346
v 0.072500 0.117413 0.119451
v 0.052825 0.115136 0.102119
v 0.037728 0.112167 0.079531
v 0.028237 0.108710 0.053227
v 0.025000 0.105000 0.025000
v 0.028237 0.101290 -0.003227
v 0.037728 0.097833 -0.029531
v 0.052825 0.094864 -0.052119
v 0.072500 0.092587 -0.069451
v 0.095412 0.091155 -0.080346
v 0.120000 0.090666 -0.084062
v 0.144588 0.091155 -0.080346
v 0.167500 0.092587 -0.069451
v 0.187175 0.094864 -0.052119
v 0.202272 0.097833 -0.029531
v 0.211763 0.101290 -0.003227
v 0.220000 0.065000 0.035000
v 0.216593 0.072219 0.063876
v 0.206603 0.078946 0.090783
v 0.190711 0.084722 0.113889
v 0.170000 0.089155 0.131619
v 0.145882 0.091941 0.142765
v 0.120000 0.092892 0.146566
v 0.094118 0.091941 0.142765
v 0.070000 0.089155 0.131619
v 0.049289 0.084722 0.113889
v 0.033397 0.078946 0.090783
v 0.023407 0.072219 0.063876
v 0.020000 0.065000 0.035000
v 0.023407 0.057781 0.006124
v 0.033397 0.051054 -0.020783
v 0.049289 0.045278 -0.043889
v 0.070000 0.040845 -0.061619
v 0.094118 0.038059 -0.072765
v 0.120000 0.037108 -0.076566
v 0.145882 0.038059 -0.072765
v 0.170000 0.040845 -0.061619
v 0.190711 0.045278 -0.043889
v 0.206603 0.051054 -0.020783
v 0.216593 0.057781 0.006124
v 0.120000 0.330000 0.005000
v 0.120000 0.065000 0.035000
v 0.120000 0.183000 0.092000
v 0.136670 0.181815 0.092000
v 0.136350 0.181815 0.097827
v 0.135401 0.181815 0.103430
v 0.133861 0.181815 0.108593
v 0.131788 0.181815 0.113120
v 0.129261 0.181815 0.116834
v 0.126379 0.181815 0.119594
v 0.123252 0.181815 0.121294
v 0.120000 0.181815 0.121867
v 0.116748 0.181815 0.121294
v 0.113621 0.181815 0.119594
v 0.110739 0.181815 0.116834
v 0.108212 0.181815 0.113120
v 0.106139 0.181815 0.108593
v 0.104599 0.181815 0.103430
v 0.103650 0.181815 0.097827
v 0.103330 0.181815 0.092000
v 0.103650 0.181815 0.086173
v 0.104599 0.181815 0.080570
v 0.106139 0.181815 0.075407
v 0.108212 0.181815 0.070880
v 0.110739 0.181815 0.067166
v 0.113621 0.181815 0.064406
v 0.116748 0.181815 0.062706
v 0.120000 0.181815 0.062133
v 0.123252 0.181815 0.062706
v 0.126379 0.181815 0.064406
v 0.129261 0.181815 0.067166
v 0.131788 0.181815 0.070880
v 0.133861 0.181815 0.075407
v 0.135401 0.181815 0.080570
v 0.136350 0.181815 0.086173
v 0.152834 0.178296 0.092000
v 0.152203 0.178296 0.103477
v 0.150335 0.178296 0.114512
v 0.147300 0.178296 0.124683
v 0.143217 0.178296 0.133597
v 0.138242 0.178296 0.140913
v 0.132565 0.178296 0.146349
v 0.126406 0.178296 0.149697
v 0.120000 0.178296 0.150827
v 0.113594 0.178296 0.149697
v 0.107435 0.178296 0.146349
v 0.101758 0.178296 0.140913
v 0.096783 0.178296 0.133597
v 0.092700 0.178296 0.124683
v 0.089665 0.178296 0.114512
v 0.087797 0.178296 0.103477
v 0.087166 0.178296 0.092000
v 0.087797 0.178296 0.080523
v 0.089665 0.178296 0.069488
v 0.092700 0.178296 0.059317
v 0.096783 0.178296 0.050403
v 0.101758 0.178296 0.043087
v 0.107435 0.178296 0.037651
v 0.113594 0.178296 0.034303
v 0.120000 0.178296 0.033173
v 0.126406 0.178296 0.034303
v 0.132565 0.178296 0.037651
v 0.138242 0.178296 0.043087
v 0.143217 0.178296 0.050403
v 0.147300 0.178296 0.059317
v 0.150335 0.178296 0.069488
v 0.152203 0.178296 0.080523
v 0.168000 0.172550 0.092000
v 0.167078 0.172550 0.108778
v 0.164346 0.172550 0.124911
v 0.159911 0.172550 0.139779
v 0.153941 0.172550 0.152811
v 0.146667 0.172550 0.163506
v 0.138369 0.172550 0.171454
v 0.129364 0.172550 0.176348
v 0.120000 0.172550 0.178000
v 0.110636 0.172550 0.176348
v 0.101631 0.172550 0.171454
v 0.093333 0.172550 0.163506
v 0.086059 0.172550 0.152811
v 0.080089 0.172550 0.139779
v 0.075654 0.172550 0.124911
v 0.072922 0.172550 0.108778
v 0.072000 0.172550 0.092000
v 0.072922 0.172550 0.075222
v 0.075654 0.172550 0.059089
v 0.080089 0.172550 0.044221
v 0.086059 0.172550 0.031189
v 0.093333 0.172550 0.020494
v 0.101631 0.172550 0.012546
v 0.110636 0.172550 0.007652
v 0.120000 0.172550 0.006000
v 0.129364 0.172550 0.007652
v 0.138369 0.172550 0.012546
v 0.146667 0.172550 0.020494
v 0.153941 0.172550 0.031189
v 0.159911 0.172550 0.044221
v 0.164346 0.172550 0.059089
v 0.167078 0.172550 0.075222
v 0.181708 0.164751 0.092000
v 0.180522 0.164751 0.113569
v 0.177010 0.164751 0.134309
v 0.171308 0.164751 0.153424
v 0.163634 0.164751 0.170177
v 0.154283 0.164751 0.183927
v 0.143614 0.164751 0.194144
v 0.132039 0.164751 0.200435
v 0.120000 0.164751 0.202559
v 0.107961 0.164751 0.200435
v 0.096386 0.164751 0.194144
v 0.085717 0.164751 0.183927
v 0.076366 0.164751 0.170177
v 0.068692 0.164751 0.153424
v 0.062990 0.164751 0.134309
v 0.059478 0.164751 0.113569
v 0.058292 0.164751 0.092000
v 0.059478 0.164751 0.070431
v 0.062990 0.164751 0.049691
v 0.068692 0.164751 0.030576
v 0.076366 0.164751 0.013823
v 0.085717 0.164751 0.000073
v 0.096386 0.164751 -0.010144
v 0.107961 0.164751 -0.016435
v 0.120000 0.164751 -0.018559
v 0.132039 0.164751 -0.016435
v 0.143614 0.164751 -0.010144
v 0.154283 0.164751 0.000073
v 0.163634 0.164751 0.013823
v 0.171308 0.164751 0.030576
v 0.177010 0.164751 0.049691
v 0.180522 0.164751 0.070431
v 0.193540 0.155137 0.092000
v 0.192127 0.155137 0.117705
v 0.187942 0.155137 0.142422
v 0.181146 0.155137 0.165202
v 0.172001 0.155137 0.185168
v 0.160857 0.155137 0.201554
v 0.148143 0.155137 0.213730
v 0.134347 0.155137 0.221228
v 0.120000 0.155137 0.223760
v 0.105653 0.155137 0.221228
v 0.091857 0.155137 0.213730
v 0.079143 0.155137 0.201554
v 0.067999 0.155137 0.185168
v 0.058854 0.155137 0.165202
v 0.052058 0.155137 0.142422
v 0.047873 0.155137 0.117705
v 0.046460 0.155137 0.092000
v 0.047873 0.155137 0.066295
v 0.052058 0.155137 0.041578
v 0.058854 0.155137 0.018798
v 0.067999 0.155137 -0.001168
v 0.079143 0.155137 -0.017554
v 0.091857 0.155137 -0.029730
v 0.105653 0.155137 -0.037228
v 0.120000 0.155137 -0.039760
v 0.134347 0.155137 -0.037228
v 0.148143 0.155137 -0.029730
v 0.160857 0.155137 -0.017554
v 0.172001 0.155137 -0.001168
v 0.181146 0.155137 0.018798
v 0.187942 0.155137 0.041578
v 0.192127 0.155137 0.066295
v 0.203138 0.144000 0.092000
v 0.201541 0.144000 0.121060
v 0.196810 0.144000 0.149003
v 0.189127 0.144000 0.174756
v 0.178788 0.144000 0.197328
v 0.166189 0.144000 0.215853
v 0.151816 0.144000 0.229618
v 0.136220 0.144000 0.238094
v 0.120000 0.144000 0.240956
v 0.103780 0.144000 0.238094
v 0.088184 0.144000 0.229618
v 0.073811 0.144000 0.215853
v 0.061212 0.144000 0.197328
v 0.050873 0.144000 0.174756
v 0.043190 0.144000 0.149003
v 0.038459 0.144000 0.121060
v 0.036862 0.144000 0.092000
v 0.038459 0.144000 0.062940
v 0.043190 0.144000 0.034997
v 0.050873 0.144000 0.009244
v 0.061212 0.144000 -0.013328
v 0.073811 0.144000 -0.031853
v 0.088184 0.144000 -0.045618
v 0.103780 0.144000 -0.054094
v 0.120000 0.144000 -0.056956
v 0.136220 0.144000 -0.054094
v 0.151816 0.144000 -0.045618
v 0.166189 0.144000 -0.031853
v 0.178788 0.144000 -0.013328
v 0.189127 0.144000 0.009244
v 0.196810 0.144000 0.034997
v 0.201541 0.144000 0.062940
v 0.210210 0.131678 0.092000
v 0.208477 0.131678 0.123532
v 0.203344 0.131678 0.153852
v 0.195007 0.131678 0.181795
v 0.183788 0.131678 0.206288
v 0.170118 0.131678 0.226388
v 0.154522 0.131678 0.241324
v 0.137599 0.131678 0.250522
v 0.120000 0.131678 0.253627
v 0.102401 0.131678 0.250522
v 0.085478 0.131678 0.241324
v 0.069882 0.131678 0.226388
v 0.056212 0.131678 0.206288
v 0.044993 0.131678 0.181795
v 0.036656 0.131678 0.153852
v 0.031523 0.131678 0.123532
v 0.029790 0.131678 0.092000
v 0.031523 0.131678 0.060468
v 0.036656 0.131678 0.030148
v 0.044993 0.131678 0.002205
v 0.056212 0.131678 -0.022288
v 0.069882 0.131678 -0.042388
v 0.085478 0.131678 -0.057324
v 0.102401 0.131678 -0.066522
v 0.120000 0.131678 -0.069627
v 0.137599 0.131678 -0.066522
v 0.154522 0.131678 -0.057324
v 0.170118 0.131678 -0.042388
v 0.183788 0.131678 -0.022288
v 0.195007 0.131678 0.002205
v 0.203344 0.131678 0.030148
v 0.208477 0.131678 0.060468
v 0.214542 0.118545 0.092000
v 0.212725 0.118545 0.125046
v 0.207345 0.118545 0.156822
v 0.198608 0.118545 0.186106
v 0.186851 0.118545 0.211775
v 0.172524 0.118545 0.232840
v 0.156179 0.118545 0.248493
v 0.138444 0.118545 0.258132
v 0.120000 0.118545 0.261387
v 0.101556 0.118545 0.258132
v 0.083821 0.118545 0.248493
v 0.067476 0.118545 0.232840
v 0.053149 0.118545 0.211775
v 0.041392 0.118545 0.186106
v 0.032655 0.118545 0.156822
v 0.027275 0.118545 0.125046
v 0.025458 0.118545 0.092000
v 0.027275 0.118545 0.058954
v 0.032655 0.118545 0.027178
v 0.041392 0.118545 -0.002106
v 0.053149 0.118545 -0.027775
v 0.067476 0.118545 -0.048840
v 0.083821 0.118545 -0.064493
v 0.101556 0.118545 -0.074132
v 0.120000 0.118545 -0.077387
v 0.138444 0.118545 -0.074132
v 0.156179 0.118545 -0.064493
v 0.172524 0.118545 -0.048840
v 0.186851 0.118545 -0.027775
v 0.198608 0.118545 -0.002106
v 0.207345 0.118545 0.027178
v 0.212725 0.118545 0.058954
v 0.216000 0.105000 0.092000
v 0.214155 0.105000 0.125556
v 0.208692 0.105000 0.157822
v 0.199821 0.105000 0.187558
v 0.187882 0.105000 0.213622
v 0.173335 0.105000 0.235013
v 0.156738 0.105000 0.250907
v 0.138729 0.105000 0.260695
v 0.120000 0.105000 0.264000
v 0.101271 0.105000 0.260695
v 0.083262 0.105000 0.250907
v 0.066665 0.105000 0.235013
v 0.052118 0.105000 0.213622
v 0.040179 0.105000 0.187558
v 0.031308 0.105000 0.157822
v 0.025845 0.105000 0.125556
v 0.024000 0.105000 0.092000
v 0.025845 0.105000 0.058444
v 0.031308 0.105000 0.026178
v 0.040179 0.105000 -0.003558
v 0.052118 0.105000 -0.029622
v 0.066665 0.105000 -0.051013
v 0.083262 0.105000 -0.066907
v 0.101271 0.105000 -0.076695
v 0.120000 0.105000 -0.080000
v 0.138729 0.105000 -0.076695
v 0.156738 0.105000 -0.066907
v 0.173335 0.105000 -0.051013
v 0.187882 0.105000 -0.029622
v 0.199821 0.105000 -0.003558
v 0.208692 0.105000 0.026178
v 0.214155 0.105000 0.058444
v 0.214542 0.091455 0.092000
v 0.212725 0.091455 0.125046
v 0.207345 0.091455 0.156822
v 0.198608 0.091455 0.186106
v 0.186851 0.091455 0.211775
v 0.172524 0.091455 0.232840
v 0.156179 0.091455 0.248493
v 0.138444 0.091455 0.258132
v 0.120000 0.091455 0.261387
v 0.101556 0.091455 0.258132
v 0.083821 0.091455 0.248493
v 0.067476 0.091455 0.232840
v 0.053149 0.091455 0.211775
v 0.041392 0.091455 0.186106
v 0.032655 0.091455 0.156822
v 0.027275 0.091455 0.125046
v 0.025458 0.091455 0.092000
v 0.027275 0.091455 0.058954
v 0.032655 0.091455 0.027178
v 0.041392 0.091455 -0.002106
v 0.053149 0.091455 -0.027775
v 0.067476 0.091455 -0.048840
v 0.083821 0.091455 -0.064493
v 0.101556 0.091455 -0.074132
v 0.120000 0.091455 -0.077387
v 0.138444 0.091455 -0.074132
v 0.156179 0.091455 -0.064493
v 0.172524 0.091455 -0.048840
v 0.186851 0.091455 -0.027775
v 0.198608 0.091455 -0.002106
v 0.207345 0.091455 0.027178
v 0.212725 0.091455 0.058954
v 0.210210 0.078322 0.092000
v 0.208477 0.078322 0.123532
v 0.203344 0.078322 0.153852
v 0.195007 0.078322 0.181795
v 0.183788 0.078322 0.206288
v 0.170118 0.078322 0.226388
v 0.154522 0.078322 0.241324
v 0.137599 0.078322 0.250522
v 0.120000 0.078322 0.253627
v 0.102401 0.078322 0.250522
v 0.085478 0.078322 0.241324
v 0.069882 0.078322 0.226388
v 0.056212 0.078322 0.206288
v 0.044993 0.078322 0.181795
v 0.036656 0.078322 0.153852
v 0.031523 0.078322 0.123532
v 0.029790 0.078322 0.092000
v 0.031523 0.078322 0.060468
v 0.036656 0.078322 0.030148
v 0.044993 0.078322 0.002205
v 0.056212 0.078322 -0.022288
v 0.069882 0.078322 -0.042388
v 0.085478 0.078322 -0.057324
v 0.102401 0.078322 -0.066522
v 0.120000 0.078322 -0.069627
v 0.137599 0.078322 -0.066522
v 0.154522 0.078322 -0.057324
v 0.170118 0.078322 -0.042388
v 0.183788 0.078322 -0.022288
v 0.195007 0.078322 0.002205
v 0.203344 0.078322 0.030148
v 0.208477 0.078322 0.060468
v 0.203138 0.066000 0.092000
v 0.201541 0.066000 0.121060
v 0.196810 0.066000 0.149003
v 0.189127 0.066000 0.174756
v 0.178788 0.066000 0.197328
v 0.166189 0.066000 0.215853
v 0.151816 0.066000 0.229618
v 0.136220 0.066000 0.238094
v 0.120000 0.066000 0.240956
v 0.103780 0.066000 0.238094
v 0.088184 0.066000 0.229618
v 0.073811 0.066000 0.215853
v 0.061212 0.066000 0.197328
v 0.050873 0.066000 0.174756
v 0.043190 0.066000 0.149003
v 0.038459 0.066000 0.121060
v 0.036862 0.066000 0.092000
v 0.038459 0.066000 0.062940
v 0.043190 0.066000 0.034997
v 0.050873 0.066000 0.009244
v 0.061212 0.066000 -0.013328
v 0.073811 0.066000 -0.031853
v 0.088184 0.066000 -0.045618
v 0.103780 0.066000 -0.054094
v 0.120000 0.066000 -0.056956
v 0.136220 0.066000 -0.054094
v 0.151816 0.066000 -0.045618
v 0.166189 0.066000 -0.031853
v 0.178788 0.066000 -0.013328
v 0.189127 0.066000 0.009244
v 0.196810 0.066000 0.034997
v 0.201541 0.066000 0.062940
v 0.193540 0.054863 0.092000
v 0.192127 0.054863 0.117705
v 0.187942 0.054863 0.142422
v 0.181146 0.054863 0.165202
v 0.172001 0.054863 0.185168
v 0.160857 0.054863 0.201554
v 0.148143 0.054863 0.213730
v 0.134347 0.054863 0.221228
v 0.120000 0.054863 0.223760
v 0.105653 0.054863 0.221228
v 0.091857 0.054863 0.213730
v 0.079143 0.054863 0.201554
v 0.067999 0.054863 0.185168
v 0.058854 0.054863 0.165202
v 0.052058 0.054863 0.142422
v 0.047873 0.054863 0.117705
v 0.046460 0.054863 0.092000
v 0.047873 0.054863 0.066295
v 0.052058 0.054863 0.041578
v 0.058854 0.054863 0.018798
v 0.067999 0.054863 -0.001168
v 0.079143 0.054863 -0.017554
v 0.091857 0.054863 -0.029730
v 0.105653 0.054863 -0.037228
v 0.120000 0.054863 -0.039760
v 0.134347 0.054863 -0.037228
v 0.148143 0.054863 -0.029730
v 0.160857 0.054863 -0.017554
v 0.172001 0.054863 -0.001168
v 0.181146 0.054863 0.018798
v 0.187942 0.054863 0.041578
v 0.192127 0.054863 0.066295
v 0.181708 0.045249 0.092000
v 0.180522 0.045249 0.113569
v 0.177010 0.045249 0.134309
v 0.171308 0.045249 0.153424
v 0.163634 0.045249 0.170177
v 0.154283 0.045249 0.183927
v 0.143614 0.045249 0.194144
v 0.132039 0.045249 0.200435
v 0.120000 0.045249 0.202559
v 0.107961 0.045249 0.200435
v 0.096386 0.045249 0.194144
v 0.085717 0.045249 0.183927
v 0.076366 0.045249 0.170177
v 0.068692 0.045249 0.153424
v 0.062990 0.045249 0.134309
v 0.059478 0.045249 0.113569
v 0.058292 0.045249 0.092000
v 0.059478 0.045249 0.070431
v 0.062990 0.045249 0.049691
v 0.068692 0.045249 0.030576
v 0.076366 0.045249 0.013823
v 0.085717 0.045249 0.000073
v 0.096386 0.045249 -0.010144
v 0.107961 0.045249 -0.016435
v 0.120000 0.045249 -0.018559
v 0.132039 0.045249 -0.016435
v 0.143614 0.045249 -0.010144
v 0.154283 0.045249 0.000073
v 0.163634 0.045249 0.013823
v 0.171308 0.045249 0.030576
v 0.177010 0.045249 0.049691
v 0.180522 0.045249 0.070431
v 0.168000 0.037450 0.092000
v 0.167078 0.037450 0.108778
v 0.164346 0.037450 0.124911
v 0.159911 0.037450 0.139779
v 0.153941 0.037450 0.152811
v 0.146667 0.037450 0.163506
v 0.138369 0.037450 0.171454
v 0.129364 0.037450 0.176348
v 0.120000 0.037450 0.178000
v 0.110636 0.037450 0.176348
v 0.101631 0.037450 0.171454
v 0.093333 0.037450 0.163506
v 0.086059 0.037450 0.152811
v 0.080089 0.037450 0.139779
v 0.075654 0.037450 0.124911
v 0.072922 0.037450 0.108778
v 0.072000 0.037450 0.092000
v 0.072922 0.037450 0.075222
v 0.075654 0.037450 0.059089
v 0.080089 0.037450 0.044221
v 0.086059 0.037450 0.031189
v 0.093333 0.037450 0.020494
v 0.101631 0.037450 0.012546
v 0.110636 0.037450 0.007652
v 0.120000 0.037450 0.006000
v 0.129364 0.037450 0.007652
v 0.138369 0.037450 0.012546
v 0.146667 0.037450 0.020494
v 0.153941 0.037450 0.031189
v 0.159911 0.037450 0.044221
v 0.164346 0.037450 0.059089
v 0.167078 0.037450 0.075222
v 0.152834 0.031704 0.092000
v 0.152203 0.031704 0.103477
v 0.150335 0.031704 0.114512
v 0.147300 0.031704 0.124683
v 0.143217 0.031704 0.133597
v 0.138242 0.031704 0.140913
v 0.132565 0.031704 0.146349
v 0.126406 0.031704 0.149697
v 0.120000 0.031704 0.150827
v 0.113594 0.031704 0.149697
v 0.107435 0.031704 0.146349
v 0.101758 0.031704 0.140913
v 0.096783 0.031704 0.133597
v 0.092700 0.031704 0.124683
v 0.089665 0.031704 0.114512
v 0.087797 0.031704 0.103477
v 0.087166 0.031704 0.092000
v 0.087797 0.031704 0.080523
v 0.089665 0.031704 0.069488
v 0.092700 0.031704 0.059317
v 0.096783 0.031704 0.050403
v 0.101758 0.031704 0.043087
v 0.107435 0.031704 0.037651
v 0.113594 0.031704 0.034303
v 0.120000 0.031704 0.033173
v 0.126406 0.031704 0.034303
v 0.132565 0.031704 0.037651
v 0.138242 0.031704 0.043087
v 0.143217 0.031704 0.050403
v 0.147300 0.031704 0.059317
v 0.150335 0.031704 0.069488
v 0.152203 0.031704 0.080523
v 0.136670 0.028185 0.092000
v 0.136350 0.028185 0.097827
v 0.135401 0.028185 0.103430
v 0.133861 0.028185 0.108593
v 0.131788 0.028185 0.113120
v 0.129261 0.028185 0.116834
v 0.126379 0.028185 0.119594
v 0.123252 0.028185 0.121294
v 0.120000 0.028185 0.121867
v 0.116748 0.028185 0.121294
v 0.113621 0.028185 0.119594
v 0.110739 0.028185 0.116834
v 0.108212 0.028185 0.113120
v 0.106139 0.028185 0.108593
v 0.104599 0.028185 0.103430
v 0.103650 0.028185 0.097827
v 0.103330 0.028185 0.092000
v 0.103650 0.028185 0.086173
v 0.104599 0.028185 0.080570
v 0.106139 0.028185 0.075407
v 0.108212 0.028185 0.070880
v 0.110739 0.028185 0.067166
v 0.113621 0.028185 0.064406
v 0.116748 0.028185 0.062706
v 0.120000 0.028185 0.062133
v 0.123252 0.028185 0.062706
v 0.126379 0.028185 0.064406
v 0.129261 0.028185 0.067166
v 0.131788 0.028185 0.070880
v 0.133861 0.028185 0.075407
v 0.135401 0.028185 0.080570
v 0.136350 0.028185 0.086173
v 0.120000 0.027000 0.092000
v -0.026006 1.625895 0.108315
v -0.026195 1.627397 0.109385
v -0.026693 1.627983 0.111073
v -0.027307 1.627430 0.112732
v -0.027805 1.625949 0.113730
v -0.027994 1.624105 0.113685
v -0.027805 1.622603 0.112615
v -0.027307 1.622017 0.110927
v -0.026693 1.622570 0.109268
v -0.026195 1.624051 0.108270
v 0.000000 1.622000 0.124000
v 0.000000 1.619649 0.123236
v 0.000000 1.618196 0.121236
v 0.000000 1.618196 0.118764
v 0.000000 1.619649 0.116764
v 0.000000 1.622000 0.116000
v 0.000000 1.624351 0.116764
v 0.000000 1.625804 0.118764
v 0.000000 1.625804 0.121236
v 0.000000 1.624351 0.123236
v 0.027994 1.624105 0.113685
v 0.027805 1.622603 0.112615
v 0.027307 1.622017 0.110927
v 0.026693 1.622570 0.109268
v 0.026195 1.624051 0.108270
v 0.026006 1.625895 0.108315
v 0.026195 1.627397 0.109385
v 0.026693 1.627983 0.111073
v 0.027307 1.627430 0.112732
v 0.027805 1.625949 0.113730
v -0.027000 1.625000 0.111000
v 0.027000 1.625000 0.111000
v -0.196870 1.433750 -0.071932
v -0.198666 1.435226 -0.064827
v -0.203696 1.440618 -0.058747
v -0.210966 1.448859 -0.054895
v -0.219034 1.458316 -0.054035
v -0.226304 1.467117 -0.056338
v -0.231334 1.473517 -0.061346
v -0.233130 1.476250 -0.068068
v -0.231334 1.474774 -0.075173
v -0.226304 1.469382 -0.081253
v -0.219034 1.461141 -0.085105
v -0.210966 1.451684 -0.085965
v -0.203696 1.442883 -0.083662
v -0.198666 1.436483 -0.078654
v -0.261226 1.383670 -0.072581
v -0.263085 1.386177 -0.066812
v -0.268294 1.391422 -0.062664
v -0.275822 1.398366 -0.060960
v -0.284178 1.405634 -0.062037
v -0.291706 1.411786 -0.065681
v -0.296915 1.415603 -0.071171
v -0.298774 1.416330 -0.077419
v -0.296915 1.413823 -0.083188
v -0.291706 1.408578 -0.087336
v -0.284178 1.401634 -0.089040
v -0.275822 1.394366 -0.087963
v -0.268294 1.388214 -0.084319
v -0.263085 1.384397 -0.078829
v -0.326639 1.314763 -0.048364
v -0.327467 1.316576 -0.044384
v -0.329787 1.319067 -0.041517
v -0.333140 1.321743 -0.040330
v -0.336860 1.324073 -0.041059
v -0.340213 1.325597 -0.043558
v -0.342533 1.326012 -0.047333
v -0.343361 1.325237 -0.051636
v -0.342533 1.323424 -0.055616
v -0.340213 1.320933 -0.058483
v -0.336860 1.318257 -0.059670
v -0.333140 1.315927 -0.058941
v -0.329787 1.314403 -0.056442
v -0.327467 1.313988 -0.052667
v -0.215000 1.455000 -0.070000
v -0.335000 1.320000 -0.050000
v 0.233130 1.476250 -0.068068
v 0.231334 1.473517 -0.061346
v 0.226304 1.467117 -0.056338
v 0.219034 1.458316 -0.054035
v 0.210966 1.448859 -0.054895
v 0.203696 1.440618 -0.058747
v 0.198666 1.435226 -0.064827
v 0.196870 1.433750 -0.071932
v 0.198666 1.436483 -0.078654
v 0.203696 1.442883 -0.083662
v 0.210966 1.451684 -0.085965
v 0.219034 1.461141 -0.085105
v 0.226304 1.469382 -0.081253
v 0.231334 1.474774 -0.075173
v 0.298774 1.416330 -0.077419
v 0.296915 1.415603 -0.071171
v 0.291706 1.411786 -0.065681
v 0.284178 1.405634 -0.062037
v 0.275822 1.398366 -0.060960
v 0.268294 1.391422 -0.062664
v 0.263085 1.386177 -0.066812
v 0.261226 1.383670 -0.072581
v 0.263085 1.384397 -0.078829
v 0.268294 1.388214 -0.084319
v 0.275822 1.394366 -0.087963
v 0.284178 1.401634 -0.089040
v 0.291706 1.408578 -0.087336
v 0.296915 1.413823 -0.083188
v 0.343361 1.325237 -0.051636
v 0.342533 1.326012 -0.047333
v 0.340213 1.325597 -0.043558
v 0.336860 1.324073 -0.041059
v 0.333140 1.321743 -0.040330
v 0.329787 1.319067 -0.041517
v 0.327467 1.316576 -0.044384
v 0.326639 1.314763 -0.048364
v 0.327467 1.313988 -0.052667
v 0.329787 1.314403 -0.056442
v 0.333140 1.315927 -0.058941
v 0.336860 1.318257 -0.059670
v 0.340213 1.320933 -0.058483
v 0.342533 1.323424 -0.055616
v 0.215000 1.455000 -0.070000
v 0.335000 1.320000 -0.050000
v 0.242000 0.995000 0.000000
v 0.239930 0.995000 0.021015
v 0.233754 0.995000 0.041670
v 0.223579 0.995000 0.061612
v 0.209578 0.995000 0.080500
v 0.191992 0.995000 0.098011
v 0.171120 0.995000 0.113844
v 0.147320 0.995000 0.127730
v 0.121000 0.995000 0.139430
v 0.092609 0.995000 0.148745
v 0.062634 0.995000 0.155514
v 0.031587 0.995000 0.159623
v 0.000000 0.995000 0.161000
v -0.031587 0.995000 0.159623
v -0.062634 0.995000 0.155514
v -0.092609 0.995000 0.148745
v -0.121000 0.995000 0.139430
v -0.147320 0.995000 0.127730
v -0.171120 0.995000 0.113844
v -0.191992 0.995000 0.098011
v -0.209578 0.995000 0.080500
v -0.223579 0.995000 0.061612
v -0.233754 0.995000 0.041670
v -0.239930 0.995000 0.021015
v -0.242000 0.995000 0.000000
v -0.239930 0.995000 -0.021015
v -0.233754 0.995000 -0.041670
v -0.223579 0.995000 -0.061612
v -0.209578 0.995000 -0.080500
v -0.191992 0.995000 -0.098011
v -0.171120 0.995000 -0.113844
v -0.147320 0.995000 -0.127730
v -0.121000 0.995000 -0.139430
v -0.092609 0.995000 -0.148745
v -0.062634 0.995000 -0.155514
v -0.031587 0.995000 -0.159623
v -0.000000 0.995000 -0.161000
v 0.031587 0.995000 -0.159623
v 0.062634 0.995000 -0.155514
v 0.092609 0.995000 -0.148745
v 0.121000 0.995000 -0.139430
v 0.147320 0.995000 -0.127730
v 0.171120 0.995000 -0.113844
v 0.191992 0.995000 -0.098011
v 0.209578 0.995000 -0.080500
v 0.223579 0.995000 -0.061612
v 0.233754 0.995000 -0.041670
v 0.239930 0.995000 -0.021015
v 0.246000 1.035000 0.000000
v 0.243895 1.035000 0.021537
v 0.237618 1.035000 0.042705
v 0.227274 1.035000 0.063143
v 0.213042 1.035000 0.082500
v 0.195165 1.035000 0.100446
v 0.173948 1.035000 0.116673
v 0.149755 1.035000 0.130903
v 0.123000 1.035000 0.142894
v 0.094140 1.035000 0.152440
v 0.063669 1.035000 0.159378
v 0.032109 1.035000 0.163588
v 0.000000 1.035000 0.165000
v -0.032109 1.035000 0.163588
v -0.063669 1.035000 0.159378
v -0.094140 1.035000 0.152440
v -0.123000 1.035000 0.142894
v -0.149755 1.035000 0.130903
v -0.173948 1.035000 0.116673
v -0.195165 1.035000 0.100446
v -0.213042 1.035000 0.082500
v -0.227274 1.035000 0.063143
v -0.237618 1.035000 0.042705
v -0.243895 1.035000 0.021537
v -0.246000 1.035000 0.000000
v -0.243895 1.035000 -0.021537
v -0.237618 1.035000 -0.042705
v -0.227274 1.035000 -0.063143
v -0.213042 1.035000 -0.082500
v -0.195165 1.035000 -0.100446
v -0.173948 1.035000 -0.116673
v -0.149755 1.035000 -0.130903
v -0.123000 1.035000 -0.142894
v -0.094140 1.035000 -0.152440
v -0.063669 1.035000 -0.159378
v -0.032109 1.035000 -0.163588
v -0.000000 1.035000 -0.165000
v 0.032109 1.035000 -0.163588
v 0.063669 1.035000 -0.159378
v 0.094140 1.035000 -0.152440
v 0.123000 1.035000 -0.142894
v 0.149755 1.035000 -0.130903
v 0.173948 1.035000 -0.116673
v 0.195165 1.035000 -0.100446
v 0.213042 1.035000 -0.082500
v 0.227274 1.035000 -0.063143
v 0.237618 1.035000 -0.042705
v 0.243895 1.035000 -0.021537
v 0.238000 1.075000 0.000000
v 0.235964 1.075000 0.020493
v 0.229890 1.075000 0.040635
v 0.219883 1.075000 0.060081
v 0.206114 1.075000 0.078500
v 0.188818 1.075000 0.095576
v 0.168291 1.075000 0.111016
v 0.144885 1.075000 0.124556
v 0.119000 1.075000 0.135966
v 0.091079 1.075000 0.145049
v 0.061599 1.075000 0.151650
v 0.031065 1.075000 0.155657
v 0.000000 1.075000 0.157000
v -0.031065 1.075000 0.155657
v -0.061599 1.075000 0.151650
v -0.091079 1.075000 0.145049
v -0.119000 1.075000 0.135966
v -0.144885 1.075000 0.124556
v -0.168291 1.075000 0.111016
v -0.188818 1.075000 0.095576
v -0.206114 1.075000 0.078500
v -0.219883 1.075000 0.060081
v -0.229890 1.075000 0.040635
v -0.235964 1.075000 0.020493
v -0.238000 1.075000 0.000000
v -0.235964 1.075000 -0.020493
v -0.229890 1.075000 -0.040635
v -0.219883 1.075000 -0.060081
v -0.206114 1.075000 -0.078500
v -0.188818 1.075000 -0.095576
v -0.168291 1.075000 -0.111016
v -0.144885 1.075000 -0.124556
v -0.119000 1.075000 -0.135966
v -0.091079 1.075000 -0.145049
v -0.061599 1.075000 -0.151650
v -0.031065 1.075000 -0.155657
v -0.000000 1.075000 -0.157000
v 0.031065 1.075000 -0.155657
v 0.061599 1.075000 -0.151650
v 0.091079 1.075000 -0.145049
v 0.119000 1.075000 -0.135966
v 0.144885 1.075000 -0.124556
v 0.168291 1.075000 -0.111016
v 0.188818 1.075000 -0.095576
v 0.206114 1.075000 -0.078500
v 0.219883 1.075000 -0.060081
v 0.229890 1.075000 -0.040635
v 0.235964 1.075000 -0.020493
v -0.205000 1.087000 0.038000
v -0.195654 1.085696 0.038000
v -0.196112 1.085696 0.040200
v -0.197439 1.085696 0.042185
v -0.199507 1.085696 0.043761
v -0.202112 1.085696 0.044772
v -0.205000 1.085696 0.045121
v -0.207888 1.085696 0.044772
v -0.210493 1.085696 0.043761
v -0.212561 1.085696 0.042185
v -0.213888 1.085696 0.040200
v -0.214346 1.085696 0.038000
v -0.213888 1.085696 0.035800
v -0.212561 1.085696 0.033815
v -0.210493 1.085696 0.032239
v -0.207888 1.085696 0.031228
v -0.205000 1.085696 0.030879
v -0.202112 1.085696 0.031228
v -0.199507 1.085696 0.032239
v -0.197439 1.085696 0.033815
v -0.196112 1.085696 0.035800
v -0.186777 1.081850 0.038000
v -0.187669 1.081850 0.042290
v -0.190257 1.081850 0.046161
v -0.194289 1.081850 0.049233
v -0.199369 1.081850 0.051205
v -0.205000 1.081850 0.051884
v -0.210631 1.081850 0.051205
v -0.215711 1.081850 0.049233
v -0.219743 1.081850 0.046161
v -0.222331 1.081850 0.042290
v -0.223223 1.081850 0.038000
v -0.222331 1.081850 0.033710
v -0.219743 1.081850 0.029839
v -0.215711 1.081850 0.026767
v -0.210631 1.081850 0.024795
v -0.205000 1.081850 0.024116
v -0.199369 1.081850 0.024795
v -0.194289 1.081850 0.026767
v -0.190257 1.081850 0.029839
v -0.187669 1.081850 0.033710
v -0.178813 1.075655 0.038000
v -0.180095 1.075655 0.044165
v -0.183815 1.075655 0.049727
v -0.189608 1.075655 0.054141
v -0.196908 1.075655 0.056975
v -0.205000 1.075655 0.057952
v -0.213092 1.075655 0.056975
v -0.220392 1.075655 0.054141
v -0.226185 1.075655 0.049727
v -0.229905 1.075655 0.044165
v -0.231187 1.075655 0.038000
v -0.229905 1.075655 0.031835
v -0.226185 1.075655 0.026273
v -0.220392 1.075655 0.021859
v -0.213092 1.075655 0.019025
v -0.205000 1.075655 0.018048
v -0.196908 1.075655 0.019025
v -0.189608 1.075655 0.021859
v -0.183815 1.075655 0.026273
v -0.180095 1.075655 0.031835
v -0.172163 1.067421 0.038000
v -0.173770 1.067421 0.045731
v -0.178434 1.067421 0.052706
v -0.185699 1.067421 0.058240
v -0.194853 1.067421 0.061794
v -0.205000 1.067421 0.063019
v -0.215147 1.067421 0.061794
v -0.224301 1.067421 0.058240
v -0.231566 1.067421 0.052706
v -0.236230 1.067421 0.045731
v -0.237837 1.067421 0.038000
v -0.236230 1.067421 0.030269
v -0.231566 1.067421 0.023294
v -0.224301 1.067421 0.017760
v -0.215147 1.067421 0.014206
v -0.205000 1.067421 0.012981
v -0.194853 1.067421 0.014206
v -0.185699 1.067421 0.017760
v -0.178434 1.067421 0.023294
v -0.173770 1.067421 0.030269
v -0.167159 1.057562 0.038000
v -0.169011 1.057562 0.046909
v -0.174386 1.057562 0.054946
v -0.182758 1.057562 0.061325
v -0.193307 1.057562 0.065420
v -0.205000 1.057562 0.066831
v -0.216693 1.057562 0.065420
v -0.227242 1.057562 0.061325
v -0.235614 1.057562 0.054946
v -0.240989 1.057562 0.046909
v -0.242841 1.057562 0.038000
v -0.240989 1.057562 0.029091
v -0.235614 1.057562 0.021054
v -0.227242 1.057562 0.014675
v -0.216693 1.057562 0.010580
v -0.205000 1.057562 0.009169
v -0.193307 1.057562 0.010580
v -0.182758 1.057562 0.014675
v -0.174386 1.057562 0.021054
v -0.169011 1.057562 0.029091
v -0.164053 1.046571 0.038000
v -0.166057 1.046571 0.047641
v -0.171873 1.046571 0.056338
v -0.180932 1.046571 0.063239
v -0.192347 1.046571 0.067671
v -0.205000 1.046571 0.069198
v -0.217653 1.046571 0.067671
v -0.229068 1.046571 0.063239
v -0.238127 1.046571 0.056338
v -0.243943 1.046571 0.047641
v -0.245947 1.046571 0.038000
v -0.243943 1.046571 0.028359
v -0.238127 1.046571 0.019662
v -0.229068 1.046571 0.012761
v -0.217653 1.046571 0.008329
v -0.205000 1.046571 0.006802
v -0.192347 1.046571 0.008329
v -0.180932 1.046571 0.012761
v -0.171873 1.046571 0.019662
v -0.166057 1.046571 0.028359
v -0.163000 1.035000 0.038000
v -0.165056 1.035000 0.047889
v -0.171021 1.035000 0.056809
v -0.180313 1.035000 0.063889
v -0.192021 1.035000 0.068434
v -0.205000 1.035000 0.070000
v -0.217979 1.035000 0.068434
v -0.229687 1.035000 0.063889
v -0.238979 1.035000 0.056809
v -0.244944 1.035000 0.047889
v -0.247000 1.035000 0.038000
v -0.244944 1.035000 0.028111
v -0.238979 1.035000 0.019191
v -0.229687 1.035000 0.012111
v -0.217979 1.035000 0.007566
v -0.205000 1.035000 0.006000
v -0.192021 1.035000 0.007566
v -0.180313 1.035000 0.012111
v -0.171021 1.035000 0.019191
v -0.165056 1.035000 0.028111
v -0.164053 1.023429 0.038000
v -0.166057 1.023429 0.047641
v -0.171873 1.023429 0.056338
v -0.180932 1.023429 0.063239
v -0.192347 1.023429 0.067671
v -0.205000 1.023429 0.069198
v -0.217653 1.023429 0.067671
v -0.229068 1.023429 0.063239
v -0.238127 1.023429 0.056338
v -0.243943 1.023429 0.047641
v -0.245947 1.023429 0.038000
v -0.243943 1.023429 0.028359
v -0.238127 1.023429 0.019662
v -0.229068 1.023429 0.012761
v -0.217653 1.023429 0.008329
v -0.205000 1.023429 0.006802
v -0.192347 1.023429 0.008329
v -0.180932 1.023429 0.012761
v -0.171873 1.023429 0.019662
v -0.166057 1.023429 0.028359
v -0.167159 1.012438 0.038000
v -0.169011 1.012438 0.046909
v -0.174386 1.012438 0.054946
v -0.182758 1.012438 0.061325
v -0.193307 1.012438 0.065420
v -0.205000 1.012438 0.066831
v -0.216693 1.012438 0.065420
v -0.227242 1.012438 0.061325
v -0.235614 1.012438 0.054946
v -0.240989 1.012438 0.046909
v -0.242841 1.012438 0.038000
v -0.240989 1.012438 0.029091
v -0.235614 1.012438 0.021054
v -0.227242 1.012438 0.014675
v -0.216693 1.012438 0.010580
v -0.205000 1.012438 0.009169
v -0.193307 1.012438 0.010580
v -0.182758 1.012438 0.014675
v -0.174386 1.012438 0.021054
v -0.169011 1.012438 0.029091
v -0.172163 1.002579 0.038000
v -0.173770 1.002579 0.045731
v -0.178434 1.002579 0.052706
v -0.185699 1.002579 0.058240
v -0.194853 1.002579 0.061794
v -0.205000 1.002579 0.063019
v -0.215147 1.002579 0.061794
v -0.224301 1.002579 0.058240
v -0.231566 1.002579 0.052706
v -0.236230 1.002579 0.045731
v -0.237837 1.002579 0.038000
v -0.236230 1.002579 0.030269
v -0.231566 1.002579 0.023294
v -0.224301 1.002579 0.017760
v -0.215147 1.002579 0.014206
v -0.205000 1.002579 0.012981
v -0.194853 1.002579 0.014206
v -0.185699 1.002579 0.017760
v -0.178434 1.002579 0.023294
v -0.173770 1.002579 0.030269
v -0.178813 0.994345 0.038000
v -0.180095 0.994345 0.044165
v -0.183815 0.994345 0.049727
v -0.189608 0.994345 0.054141
v -0.196908 0.994345 0.056975
v -0.205000 0.994345 0.057952
v -0.213092 0.994345 0.056975
v -0.220392 0.994345 0.054141
v -0.226185 0.994345 0.049727
v -0.229905 0.994345 0.044165
v -0.231187 0.994345 0.038000
v -0.229905 0.994345 0.031835
v -0.226185 0.994345 0.026273
v -0.220392 0.994345 0.021859
v -0.213092 0.994345 0.019025
v -0.205000 0.994345 0.018048
v -0.196908 0.994345 0.019025
v -0.189608 0.994345 0.021859
v -0.183815 0.994345 0.026273
v -0.180095 0.994345 0.031835
v -0.186777 0.988150 0.038000
v -0.187669 0.988150 0.042290
v -0.190257 0.988150 0.046161
v -0.194289 0.988150 0.049233
v -0.199369 0.988150 0.051205
v -0.205000 0.988150 0.051884
v -0.210631 0.988150 0.051205
v -0.215711 0.988150 0.049233
v -0.219743 0.988150 0.046161
v -0.222331 0.988150 0.042290
v -0.223223 0.988150 0.038000
v -0.222331 0.988150 0.033710
v -0.219743 0.988150 0.029839
v -0.215711 0.988150 0.026767
v -0.210631 0.988150 0.024795
v -0.205000 0.988150 0.024116
v -0.199369 0.988150 0.024795
v -0.194289 0.988150 0.026767
v -0.190257 0.988150 0.029839
v -0.187669 0.988150 0.033710
v -0.195654 0.984304 0.038000
v -0.196112 0.984304 0.040200
v -0.197439 0.984304 0.042185
v -0.199507 0.984304 0.043761
v -0.202112 0.984304 0.044772
v -0.205000 0.984304 0.045121
v -0.207888 0.984304 0.044772
v -0.210493 0.984304 0.043761
v -0.212561 0.984304 0.042185
v -0.213888 0.984304 0.040200
v -0.214346 0.984304 0.038000
v -0.213888 0.984304 0.035800
v -0.212561 0.984304 0.033815
v -0.210493 0.984304 0.032239
v -0.207888 0.984304 0.031228
v -0.205000 0.984304 0.030879
v -0.202112 0.984304 0.031228
v -0.199507 0.984304 0.032239
v -0.197439 0.984304 0.033815
v -0.196112 0.984304 0.035800
v -0.205000 0.983000 0.038000
v 0.205000 1.087000 0.038000
v 0.214346 1.085696 0.038000
v 0.213888 1.085696 0.040200
v 0.212561 1.085696 0.042185
v 0.210493 1.085696 0.043761
v 0.207888 1.085696 0.044772
v 0.205000 1.085696 0.045121
v 0.202112 1.085696 0.044772
v 0.199507 1.085696 0.043761
v 0.197439 1.085696 0.042185
v 0.196112 1.085696 0.040200
v 0.195654 1.085696 0.038000
v 0.196112 1.085696 0.035800
v 0.197439 1.085696 0.033815
v 0.199507 1.085696 0.032239
v 0.202112 1.085696 0.031228
v 0.205000 1.085696 0.030879
v 0.207888 1.085696 0.031228
v 0.210493 1.085696 0.032239
v 0.212561 1.085696 0.033815
v 0.213888 1.085696 0.035800
v 0.223223 1.081850 0.038000
v 0.222331 1.081850 0.042290
v 0.219743 1.081850 0.046161
v 0.215711 1.081850 0.049233
v 0.210631 1.081850 0.051205
v 0.205000 1.081850 0.051884
v 0.199369 1.081850 0.051205
v 0.194289 1.081850 0.049233
v 0.190257 1.081850 0.046161
v 0.187669 1.081850 0.042290
v 0.186777 1.081850 0.038000
v 0.187669 1.081850 0.033710
v 0.190257 1.081850 0.029839
v 0.194289 1.081850 0.026767
v 0.199369 1.081850 0.024795
v 0.205000 1.081850 0.024116
v 0.210631 1.081850 0.024795
v 0.215711 1.081850 0.026767
v 0.219743 1.081850 0.029839
v 0.222331 1.081850 0.033710
v 0.231187 1.075655 0.038000
v 0.229905 1.075655 0.044165
v 0.226185 1.075655 0.049727
v 0.220392 1.075655 0.054141
v 0.213092 1.075655 0.056975
v 0.205000 1.075655 0.057952
v 0.196908 1.075655 0.056975
v 0.189608 1.075655 0.054141
v 0.183815 1.075655 0.049727
v 0.180095 1.075655 0.044165
v 0.178813 1.075655 0.038000
v 0.180095 1.075655 0.031835
v 0.183815 1.075655 0.026273
v 0.189608 1.075655 0.021859
v 0.196908 1.075655 0.019025
v 0.205000 1.075655 0.018048
v 0.213092 1.075655 0.019025
v 0.220392 1.075655 0.021859
v 0.226185 1.075655 0.026273
v 0.229905 1.075655 0.031835
v 0.237837 1.067421 0.038000
v 0.236230 1.067421 0.045731
v 0.231566 1.067421 0.052706
v 0.224301 1.067421 0.058240
v 0.215147 1.067421 0.061794
v 0.205000 1.067421 0.063019
v 0.194853 1.067421 0.061794
v 0.185699 1.067421 0.058240
v 0.178434 1.067421 0.052706
v 0.173770 1.067421 0.045731
v 0.172163 1.067421 0.038000
v 0.173770 1.067421 0.030269
v 0.178434 1.067421 0.023294
v 0.185699 1.067421 0.017760
v 0.194853 1.067421 0.014206
v 0.205000 1.067421 0.012981
v 0.215147 1.067421 0.014206
v 0.224301 1.067421 0.017760
v 0.231566 1.067421 0.023294
v 0.236230 1.067421 0.030269
v 0.242841 1.057562 0.038000
v 0.240989 1.057562 0.046909
v 0.235614 1.057562 0.054946
v 0.227242 1.057562 0.061325
v 0.216693 1.057562 0.065420
v 0.205000 1.057562 0.066831
v 0.193307 1.057562 0.065420
v 0.182758 1.057562 0.061325
v 0.174386 1.057562 0.054946
v 0.169011 1.057562 0.046909
v 0.167159 1.057562 0.038000
v 0.169011 1.057562 0.029091
v 0.174386 1.057562 0.021054
v 0.182758 1.057562 0.014675
v 0.193307 1.057562 0.010580
v 0.205000 1.057562 0.009169
v 0.216693 1.057562 0.010580
v 0.227242 1.057562 0.014675
v 0.235614 1.057562 0.021054
v 0.240989 1.057562 0.029091
v 0.245947 1.046571 0.038000
v 0.243943 1.046571 0.047641
v 0.238127 1.046571 0.056338
v 0.229068 1.046571 0.063239
v 0.217653 1.046571 0.067671
v 0.205000 1.046571 0.069198
v 0.192347 1.046571 0.067671
v 0.180932 1.046571 0.063239
v 0.171873 1.046571 0.056338
v 0.166057 1.046571 0.047641
v 0.164053 1.046571 0.038000
v 0.166057 1.046571 0.028359
v 0.171873 1.046571 0.019662
v 0.180932 1.046571 0.012761
v 0.192347 1.046571 0.008329
v 0.205000 1.046571 0.006802
v 0.217653 1.046571 0.008329
v 0.229068 1.046571 0.012761
v 0.238127 1.046571 0.019662
v 0.243943 1.046571 0.028359
v 0.247000 1.035000 0.038000
v 0.244944 1.035000 0.047889
v 0.238979 1.035000 0.056809
v 0.229687 1.035000 0.063889
v 0.217979 1.035000 0.068434
v 0.205000 1.035000 0.070000
v 0.192021 1.035000 0.068434
v 0.180313 1.035000 0.063889
v 0.171021 1.035000 0.056809
v 0.165056 1.035000 0.047889
v 0.163000 1.035000 0.038000
v 0.165056 1.035000 0.028111
v 0.171021 1.035000 0.019191
v 0.180313 1.035000 0.012111
v 0.192021 1.035000 0.007566
v 0.205000 1.035000 0.006000
v 0.217979 1.035000 0.007566
v 0.229687 1.035000 0.012111
v 0.238979 1.035000 0.019191
v 0.244944 1.035000 0.028111
v 0.245947 1.023429 0.038000
v 0.243943 1.023429 0.047641
v 0.238127 1.023429 0.056338
v 0.229068 1.023429 0.063239
v 0.217653 1.023429 0.067671
v 0.205000 1.023429 0.069198
v 0.192347 1.023429 0.067671
v 0.180932 1.023429 0.063239
v 0.171873 1.023429 0.056338
v 0.166057 1.023429 0.047641
v 0.164053 1.023429 0.038000
v 0.166057 1.023429 0.028359
v 0.171873 1.023429 0.019662
v 0.180932 1.023429 0.012761
v 0.192347 1.023429 0.008329
v 0.205000 1.023429 0.006802
v 0.217653 1.023429 0.008329
v 0.229068 1.023429 0.012761
v 0.238127 1.023429 0.019662
v 0.243943 1.023429 0.028359
v 0.242841 1.012438 0.038000
v 0.240989 1.012438 0.046909
v 0.235614 1.012438 0.054946
v 0.227242 1.012438 0.061325
v 0.216693 1.012438 0.065420
v 0.205000 1.012438 0.066831
v 0.193307 1.012438 0.065420
v 0.182758 1.012438 0.061325
v 0.174386 1.012438 0.054946
v 0.169011 1.012438 0.046909
v 0.167159 1.012438 0.038000
v 0.169011 1.012438 0.029091
v 0.174386 1.012438 0.021054
v 0.182758 1.012438 0.014675
v 0.193307 1.012438 0.010580
v 0.205000 1.012438 0.009169
v 0.216693 1.012438 0.010580
v 0.227242 1.012438 0.014675
v 0.235614 1.012438 0.021054
v 0.240989 1.012438 0.029091
v 0.237837 1.002579 0.038000
v 0.236230 1.002579 0.045731
v 0.231566 1.002579 0.052706
v 0.224301 1.002579 0.058240
v 0.215147 1.002579 0.061794
v 0.205000 1.002579 0.063019
v 0.194853 1.002579 0.061794
v 0.185699 1.002579 0.058240
v 0.178434 1.002579 0.052706
v 0.173770 1.002579 0.045731
v 0.172163 1.002579 0.038000
v 0.173770 1.002579 0.030269
v 0.178434 1.002579 0.023294
v 0.185699 1.002579 0.017760
v 0.194853 1.002579 0.014206
v 0.205000 1.002579 0.012981
v 0.215147 1.002579 0.014206
v 0.224301 1.002579 0.017760
v 0.231566 1.002579 0.023294
v 0.236230 1.002579 0.030269
v 0.231187 0.994345 0.038000
v 0.229905 0.994345 0.044165
v 0.226185 0.994345 0.049727
v 0.220392 0.994345 0.054141
v 0.213092 0.994345 0.056975
v 0.205000 0.994345 0.057952
v 0.196908 0.994345 0.056975
v 0.189608 0.994345 0.054141
v 0.183815 0.994345 0.049727
v 0.180095 0.994345 0.044165
v 0.178813 0.994345 0.038000
v 0.180095 0.994345 0.031835
v 0.183815 0.994345 0.026273
v 0.189608 0.994345 0.021859
v 0.196908 0.994345 0.019025
v 0.205000 0.994345 0.018048
v 0.213092 0.994345 0.019025
v 0.220392 0.994345 0.021859
v 0.226185 0.994345 0.026273
v 0.229905 0.994345 0.031835
v 0.223223 0.988150 0.038000
v 0.222331 0.988150 0.042290
v 0.219743 0.988150 0.046161
v 0.215711 0.988150 0.049233
v 0.210631 0.988150 0.051205
v 0.205000 0.988150 0.051884
v 0.199369 0.988150 0.051205
v 0.194289 0.988150 0.049233
v 0.190257 0.988150 0.046161
v 0.187669 0.988150 0.042290
v 0.186777 0.988150 0.038000
v 0.187669 0.988150 0.033710
v 0.190257 0.988150 0.029839
v 0.194289 0.988150 0.026767
v 0.199369 0.988150 0.024795
v 0.205000 0.988150 0.024116
v 0.210631 0.988150 0.024795
v 0.215711 0.988150 0.026767
v 0.219743 0.988150 0.029839
v 0.222331 0.988150 0.033710
v 0.214346 0.984304 0.038000
v 0.213888 0.984304 0.040200
v 0.212561 0.984304 0.042185
v 0.210493 0.984304 0.043761
v 0.207888 0.984304 0.044772
v 0.205000 0.984304 0.045121
v 0.202112 0.984304 0.044772
v 0.199507 0.984304 0.043761
v 0.197439 0.984304 0.042185
v 0.196112 0.984304 0.040200
v 0.195654 0.984304 0.038000
v 0.196112 0.984304 0.035800
v 0.197439 0.984304 0.033815
v 0.199507 0.984304 0.032239
v 0.202112 0.984304 0.031228
v 0.205000 0.984304 0.030879
v 0.207888 0.984304 0.031228
v 0.210493 0.984304 0.032239
v 0.212561 0.984304 0.033815
v 0.213888 0.984304 0.035800
v 0.205000 0.983000 0.038000
v -0.194250 1.443316 0.097343
v -0.196360 1.443775 0.102270
v -0.202125 1.440543 0.107929
v -0.210000 1.434486 0.112802
v -0.217875 1.427227 0.115585
v -0.223640 1.420711 0.115532
v -0.225750 1.416684 0.112657
v -0.223640 1.416225 0.107730
v -0.217875 1.419457 0.102071
v -0.210000 1.425514 0.097198
v -0.202125 1.432773 0.094415
v -0.196360 1.439289 0.094468
v -0.104435 1.364617 0.145701
v -0.106520 1.364192 0.150642
v -0.112218 1.359965 0.155678
v -0.120000 1.353067 0.159461
v -0.127782 1.345348 0.160977
v -0.133480 1.338875 0.159819
v -0.135565 1.335383 0.156299
v -0.133480 1.335808 0.151358
v -0.127782 1.340035 0.146322
v -0.120000 1.346933 0.142539
v -0.112218 1.354652 0.141023
v -0.106520 1.361125 0.142181
v -0.025330 1.286395 0.163096
v -0.027296 1.284172 0.167583
v -0.032665 1.278152 0.170842
v -0.040000 1.269947 0.172000
v -0.047335 1.261757 0.170746
v -0.052704 1.255775 0.167416
v -0.054670 1.253605 0.162904
v -0.052704 1.255828 0.158417
v -0.047335 1.261848 0.155158
v -0.040000 1.270053 0.154000
v -0.032665 1.278243 0.155254
v -0.027296 1.284225 0.158584
v 0.083375 1.196861 0.154562
v 0.081583 1.193427 0.158295
v 0.076687 1.186395 0.159805
v 0.070000 1.177649 0.158688
v 0.063313 1.169534 0.155242
v 0.058417 1.164223 0.150393
v 0.056625 1.163139 0.145438
v 0.058417 1.166573 0.141705
v 0.063313 1.173605 0.140195
v 0.070000 1.182351 0.141312
v 0.076687 1.190466 0.144758
v 0.081583 1.195777 0.149607
v 0.202868 1.116496 0.123804
v 0.201144 1.112570 0.127053
v 0.196434 1.105276 0.127608
v 0.190000 1.096568 0.125320
v 0.183566 1.088780 0.120803
v 0.178856 1.083998 0.115267
v 0.177132 1.083504 0.110196
v 0.178856 1.087430 0.106947
v 0.183566 1.094724 0.106392
v 0.190000 1.103432 0.108680
v 0.196434 1.111220 0.113197
v 0.201144 1.116002 0.118733
v -0.210000 1.430000 0.105000
v 0.190000 1.100000 0.117000
v 0.203728 1.420128 0.106170
v 0.201889 1.423835 0.109159
v 0.196864 1.429195 0.109695
v 0.190000 1.434770 0.107632
v 0.183136 1.439067 0.103524
v 0.178111 1.440935 0.098473
v 0.176272 1.439872 0.093830
v 0.178111 1.436165 0.090841
v 0.183136 1.430805 0.090305
v 0.190000 1.425230 0.092368
v 0.196864 1.420933 0.096476
v 0.201889 1.419065 0.101527
v 0.122963 1.338312 0.154400
v 0.121226 1.341464 0.158022
v 0.116481 1.346902 0.159494
v 0.110000 1.353171 0.158423
v 0.103519 1.358590 0.155094
v 0.098774 1.361707 0.150401
v 0.097037 1.361688 0.145600
v 0.098774 1.358536 0.141978
v 0.103519 1.353098 0.140506
v 0.110000 1.346829 0.141577
v 0.116481 1.341410 0.144906
v 0.121226 1.338293 0.149599
v 0.027076 1.246652 0.164000
v 0.025459 1.248441 0.168500
v 0.021038 1.253326 0.171794
v 0.015000 1.260000 0.173000
v 0.008962 1.266674 0.171794
v 0.004541 1.271559 0.168500
v 0.002924 1.273348 0.164000
v 0.004541 1.271559 0.159500
v 0.008962 1.266674 0.156206
v 0.015000 1.260000 0.155000
v 0.021038 1.253326 0.156206
v 0.025459 1.248441 0.159500
v -0.088882 1.146588 0.145473
v -0.090371 1.146945 0.150343
v -0.094441 1.150801 0.155122
v -0.100000 1.157122 0.158527
v -0.105559 1.164214 0.159648
v -0.109629 1.170176 0.158184
v -0.111118 1.173412 0.154527
v -0.109629 1.173055 0.149657
v -0.105559 1.169199 0.144878
v -0.100000 1.162878 0.141473
v -0.094441 1.155786 0.140352
v -0.090371 1.149824 0.141816
v -0.189472 1.087852 0.101901
v -0.190882 1.086983 0.106731
v -0.194736 1.089603 0.112436
v -0.200000 1.095008 0.117488
v -0.205264 1.101750 0.120534
v -0.209118 1.108024 0.120758
v -0.210528 1.112148 0.118099
v -0.209118 1.113017 0.113269
v -0.205264 1.110397 0.107564
v -0.200000 1.104992 0.102512
v -0.194736 1.098250 0.099466
v -0.190882 1.091976 0.099242
v 0.190000 1.430000 0.100000
v -0.200000 1.100000 0.110000
usemtl Leather
f 2570 2571 2594
f 2571 2595 2594
f 2571 2572 2595
f 2572 2596 2595
f 2572 2573 2596
f 2573 2597 2596
f 2573 2574 2597
f 2574 2598 2597
f 2574 2575 2598
f 2575 2599 2598
f 2575 2576 2599
f 2576 2600 2599
f 2576 2577 2600
f 2577 2601 2600
f 2577 2578 2601
f 2578 2602 2601
f 2578 2579 2602
f 2579 2603 2602
f 2579 2580 2603
f 2580 2604 2603
f 2580 2581 2604
f 2581 2605 2604
f 2581 2582 2605
f 2582 2606 2605
f 2582 2583 2606
f 2583 2607 2606
f 2583 2584 2607
f 2584 2608 2607
f 2584 2585 2608
f 2585 2609 2608
f 2585 2586 2609
f 2586 2610 2609
f 2586 2587 2610
f 2587 2611 2610
f 2587 2588 2611
f 2588 2612 2611
f 2588 2589 2612
f 2589 2613 2612
f 2589 2590 2613
f 2590 2614 2613
f 2590 2591 2614
f 2591 2615 2614
f 2591 2592 2615
f 2592 2616 2615
f 2592 2593 2616
f 2593 2617 2616
f 2593 2570 2617
f 2570 2594 2617
f 2618 2571 2570
f 2618 2572 2571
f 2618 2573 2572
f 2618 2574 2573
f 2618 2575 2574
f 2618 2576 2575
f 2618 2577 2576
f 2618 2578 2577
f 2618 2579 2578
f 2618 2580 2579
f 2618 2581 2580
f 2618 2582 2581
f 2618 2583 2582
f 2618 2584 2583
f 2618 2585 2584
f 2618 2586 2585
f 2618 2587 2586
f 2618 2588 2587
f 2618 2589 2588
f 2618 2590 2589
f 2618 2591 2590
f 2618 2592 2591
f 2618 2593 2592
f 2618 2570 2593
f 2619 2594 2595
f 2619 2595 2596
f 2619 2596 2597
f 2619 2597 2598
f 2619 2598 2599
f 2619 2599 2600
f 2619 2600 2601
f 2619 2601 2602
f 2619 2602 2603
f 2619 2603 2604
f 2619 2604 2605
f 2619 2605 2606
f 2619 2606 2607
f 2619 2607 2608
f 2619 2608 2609
f 2619 2609 2610
f 2619 2610 2611
f 2619 2611 2612
f 2619 2612 2613
f 2619 2613 2614
f 2619 2614 2615
f 2619 2615 2616
f 2619 2616 2617
f 2619 2617 2594
f 2620 2621 2640
f 2621 2641 2640
f 2621 2622 2641
f 2622 2642 2641
f 2622 2623 2642
f 2623 2643 2642
f 2623 2624 2643
f 2624 2644 2643
f 2624 2625 2644
f 2625 2645 2644
f 2625 2626 2645
f 2626 2646 2645
f 2626 2627 2646
f 2627 2647 2646
f 2627 2628 2647
f 2628 2648 2647
f 2628 2629 2648
f 2629 2649 2648
f 2629 2630 2649
f 2630 2650 2649
f 2630 2631 2650
f 2631 2651 2650
f 2631 2632 2651
f 2632 2652 2651
f 2632 2633 2652
f 2633 2653 2652
f 2633 2634 2653
f 2634 2654 2653
f 2634 2635 2654
f 2635 2655 2654
f 2635 2636 2655
f 2636 2656 2655
f 2636 2637 2656
f 2637 2657 2656
f 2637 2638 2657
f 2638 2658 2657
f 2638 2639 2658
f 2639 2659 2658
f 2639 2620 2659
f 2620 2640 2659
f 2640 2641 2660
f 2641 2661 2660
f 2641 2642 2661
f 2642 2662 2661
f 2642 2643 2662
f 2643 2663 2662
f 2643 2644 2663
f 2644 2664 2663
f 2644 2645 2664
f 2645 2665 2664
f 2645 2646 2665
f 2646 2666 2665
f 2646 2647 2666
f 2647 2667 2666
f 2647 2648 2667
f 2648 2668 2667
f 2648 2649 2668
f 2649 2669 2668
f 2649 2650 2669
f 2650 2670 2669
f 2650 2651 2670
f 2651 2671 2670
f 2651 2652 2671
f 2652 2672 2671
f 2652 2653 2672
f 2653 2673 2672
f 2653 2654 2673
f 2654 2674 2673
f 2654 2655 2674
f 2655 2675 2674
f 2655 2656 2675
f 2656 2676 2675
f 2656 2657 2676
f 2657 2677 2676
f 2657 2658 2677
f 2658 2678 2677
f 2658 2659 2678
f 2659 2679 2678
f 2659 2640 2679
f 2640 2660 2679
f 2680 2621 2620
f 2680 2622 2621
f 2680 2623 2622
f 2680 2624 2623
f 2680 2625 2624
f 2680 2626 2625
f 2680 2627 2626
f 2680 2628 2627
f 2680 2629 2628
f 2680 2630 2629
f 2680 2631 2630
f 2680 2632 2631
f 2680 2633 2632
f 2680 2634 2633
f 2680 2635 2634
f 2680 2636 2635
f 2680 2637 2636
f 2680 2638 2637
f 2680 2639 2638
f 2680 2620 2639
f 2681 2660 2661
f 2681 2661 2662
f 2681 2662 2663
f 2681 2663 2664
f 2681 2664 2665
f 2681 2665 2666
f 2681 2666 2667
f 2681 2667 2668
f 2681 2668 2669
f 2681 2669 2670
f 2681 2670 2671
f 2681 2671 2672
f 2681 2672 2673
f 2681 2673 2674
f 2681 2674 2675
f 2681 2675 2676
f 2681 2676 2677
f 2681 2677 2678
f 2681 2678 2679
f 2681 2679 2660
f 2682 2683 2694
f 2683 2695 2694
f 2683 2684 2695
f 2684 2696 2695
f 2684 2685 2696
f 2685 2697 2696
f 2685 2686 2697
f 2686 2698 2697
f 2686 2687 2698
f 2687 2699 2698
f 2687 2688 2699
f 2688 2700 2699
f 2688 2689 2700
f 2689 2701 2700
f 2689 2690 2701
f 2690 2702 2701
f 2690 2691 2702
f 2691 2703 2702
f 2691 2692 2703
f 2692 2704 2703
f 2692 2693 2704
f 2693 2705 2704
f 2693 2682 2705
f 2682 2694 2705
f 2694 2695 2706
f 2695 2707 2706
f 2695 2696 2707
f 2696 2708 2707
f 2696 2697 2708
f 2697 2709 2708
f 2697 2698 2709
f 2698 2710 2709
f 2698 2699 2710
f 2699 2711 2710
f 2699 2700 2711
f 2700 2712 2711
f 2700 2701 2712
f 2701 2713 2712
f 2701 2702 2713
f 2702 2714 2713
f 2702 2703 2714
f 2703 2715 2714
f 2703 2704 2715
f 2704 2716 2715
f 2704 2705 2716
f 2705 2717 2716
f 2705 2694 2717
f 2694 2706 2717
f 2718 2683 2682
f 2718 2684 2683
f 2718 2685 2684
f 2718 2686 2685
f 2718 2687 2686
f 2718 2688 2687
f 2718 2689 2688
f 2718 2690 2689
f 2718 2691 2690
f 2718 2692 2691
f 2718 2693 2692
f 2718 2682 2693
f 2719 2706 2707
f 2719 2707 2708
f 2719 2708 2709
f 2719 2709 2710
f 2719 2710 2711
f 2719 2711 2712
f 2719 2712 2713
f 2719 2713 2714
f 2719 2714 2715
f 2719 2715 2716
f 2719 2716 2717
f 2719 2717 2706
f 2720 2721 2732
f 2721 2733 2732
f 2721 2722 2733
f 2722 2734 2733
f 2722 2723 2734
f 2723 2735 2734
f 2723 2724 2735
f 2724 2736 2735
f 2724 2725 2736
f 2725 2737 2736
f 2725 2726 2737
f 2726 2738 2737
f 2726 2727 2738
f 2727 2739 2738
f 2727 2728 2739
f 2728 2740 2739
f 2728 2729 2740
f 2729 2741 2740
f 2729 2730 2741
f 2730 2742 2741
f 2730 2731 2742
f 2731 2743 2742
f 2731 2720 2743
f 2720 2732 2743
f 2732 2733 2744
f 2733 2745 2744
f 2733 2734 2745
f 2734 2746 2745
f 2734 2735 2746
f 2735 2747 2746
f 2735 2736 2747
f 2736 2748 2747
f 2736 2737 2748
f 2737 2749 2748
f 2737 2738 2749
f 2738 2750 2749
f 2738 2739 2750
f 2739 2751 2750
f 2739 2740 2751
f 2740 2752 2751
f 2740 2741 2752
f 2741 2753 2752
f 2741 2742 2753
f 2742 2754 2753
f 2742 2743 2754
f 2743 2755 2754
f 2743 2732 2755
f 2732 2744 2755
f 2756 2721 2720
f 2756 2722 2721
f 2756 2723 2722
f 2756 2724 2723
f 2756 2725 2724
f 2756 2726 2725
f 2756 2727 2726
f 2756 2728 2727
f 2756 2729 2728
f 2756 2730 2729
f 2756 2731 2730
f 2756 2720 2731
f 2757 2744 2745
f 2757 2745 2746
f 2757 2746 2747
f 2757 2747 2748
f 2757 2748 2749
f 2757 2749 2750
f 2757 2750 2751
f 2757 2751 2752
f 2757 2752 2753
f 2757 2753 2754
f 2757 2754 2755
f 2757 2755 2744
f 2758 2759 2770
f 2759 2771 2770
f 2759 2760 2771
f 2760 2772 2771
f 2760 2761 2772
f 2761 2773 2772
f 2761 2762 2773
f 2762 2774 2773
f 2762 2763 2774
f 2763 2775 2774
f 2763 2764 2775
f 2764 2776 2775
f 2764 2765 2776
f 2765 2777 2776
f 2765 2766 2777
f 2766 2778 2777
f 2766 2767 2778
f 2767 2779 2778
f 2767 2768 2779
f 2768 2780 2779
f 2768 2769 2780
f 2769 2781 2780
f 2769 2758 2781
f 2758 2770 2781
f 2770 2771 2782
f 2771 2783 2782
f 2771 2772 2783
f 2772 2784 2783
f 2772 2773 2784
f 2773 2785 2784
f 2773 2774 2785
f 2774 2786 2785
f 2774 2775 2786
f 2775 2787 2786
f 2775 2776 2787
f 2776 2788 2787
f 2776 2777 2788
f 2777 2789 2788
f 2777 2778 2789
f 2778 2790 2789
f 2778 2779 2790
f 2779 2791 2790
f 2779 2780 2791
f 2780 2792 2791
f 2780 2781 2792
f 2781 2793 2792
f 2781 2770 2793
f 2770 2782 2793
f 2794 2759 2758
f 2794 2760 2759
f 2794 2761 2760
f 2794 2762 2761
f 2794 2763 2762
f 2794 2764 2763
f 2794 2765 2764
f 2794 2766 2765
f 2794 2767 2766
f 2794 2768 2767
f 2794 2769 2768
f 2794 2758 2769
f 2795 2782 2783
f 2795 2783 2784
f 2795 2784 2785
f 2795 2785 2786
f 2795 2786 2787
f 2795 2787 2788
f 2795 2788 2789
f 2795 2789 2790
f 2795 2790 2791
f 2795 2791 2792
f 2795 2792 2793
f 2795 2793 2782
f 2796 2797 2808
f 2797 2809 2808
f 2797 2798 2809
f 2798 2810 2809
f 2798 2799 2810
f 2799 2811 2810
f 2799 2800 2811
f 2800 2812 2811
f 2800 2801 2812
f 2801 2813 2812
f 2801 2802 2813
f 2802 2814 2813
f 2802 2803 2814
f 2803 2815 2814
f 2803 2804 2815
f 2804 2816 2815
f 2804 2805 2816
f 2805 2817 2816
f 2805 2806 2817
f 2806 2818 2817
f 2806 2807 2818
f 2807 2819 2818
f 2807 2796 2819
f 2796 2808 2819
f 2808 2809 2820
f 2809 2821 2820
f 2809 2810 2821
f 2810 2822 2821
f 2810 2811 2822
f 2811 2823 2822
f 2811 2812 2823
f 2812 2824 2823
f 2812 2813 2824
f 2813 2825 2824
f 2813 2814 2825
f 2814 2826 2825
f 2814 2815 2826
f 2815 2827 2826
f 2815 2816 2827
f 2816 2828 2827
f 2816 2817 2828
f 2817 2829 2828
f 2817 2818 2829
f 2818 2830 2829
f 2818 2819 2830
f 2819 2831 2830
f 2819 2808 2831
f 2808 2820 2831
f 2832 2797 2796
f 2832 2798 2797
f 2832 2799 2798
f 2832 2800 2799
f 2832 2801 2800
f 2832 2802 2801
f 2832 2803 2802
f 2832 2804 2803
f 2832 2805 2804
f 2832 2806 2805
f 2832 2807 2806
f 2832 2796 2807
f 2833 2820 2821
f 2833 2821 2822
f 2833 2822 2823
f 2833 2823 2824
f 2833 2824 2825
f 2833 2825 2826
f 2833 2826 2827
f 2833 2827 2828
f 2833 2828 2829
f 2833 2829 2830
f 2833 2830 2831
f 2833 2831 2820
f 2834 2835 2848
f 2835 2849 2848
f 2835 2836 2849
f 2836 2850 2849
f 2836 2837 2850
f 2837 2851 2850
f 2837 2838 2851
f 2838 2852 2851
f 2838 2839 2852
f 2839 2853 2852
f 2839 2840 2853
f 2840 2854 2853
f 2840 2841 2854
f 2841 2855 2854
f 2841 2842 2855
f 2842 2856 2855
f 2842 2843 2856
f 2843 2857 2856
f 2843 2844 2857
f 2844 2858 2857
f 2844 2845 2858
f 2845 2859 2858
f 2845 2846 2859
f 2846 2860 2859
f 2846 2847 2860
f 2847 2861 2860
f 2847 2834 2861
f 2834 2848 2861
f 2848 2849 2862
f 2849 2863 2862
f 2849 2850 2863
f 2850 2864 2863
f 2850 2851 2864
f 2851 2865 2864
f 2851 2852 2865
f 2852 2866 2865
f 2852 2853 2866
f 2853 2867 2866
f 2853 2854 2867
f 2854 2868 2867
f 2854 2855 2868
f 2855 2869 2868
f 2855 2856 2869
f 2856 2870 2869
f 2856 2857 2870
f 2857 2871 2870
f 2857 2858 2871
f 2858 2872 2871
f 2858 2859 2872
f 2859 2873 2872
f 2859 2860 2873
f 2860 2874 2873
f 2860 2861 2874
f 2861 2875 2874
f 2861 2848 2875
f 2848 2862 2875
f 2876 2835 2834
f 2876 2836 2835
f 2876 2837 2836
f 2876 2838 2837
f 2876 2839 2838
f 2876 2840 2839
f 2876 2841 2840
f 2876 2842 2841
f 2876 2843 2842
f 2876 2844 2843
f 2876 2845 2844
f 2876 2846 2845
f 2876 2847 2846
f 2876 2834 2847
f 2877 2862 2863
f 2877 2863 2864
f 2877 2864 2865
f 2877 2865 2866
f 2877 2866 2867
f 2877 2867 2868
f 2877 2868 2869
f 2877 2869 2870
f 2877 2870 2871
f 2877 2871 2872
f 2877 2872 2873
f 2877 2873 2874
f 2877 2874 2875
f 2877 2875 2862
f 2878 2879 2902
f 2879 2903 2902
f 2879 2880 2903
f 2880 2904 2903
f 2880 2881 2904
f 2881 2905 2904
f 2881 2882 2905
f 2882 2906 2905
f 2882 2883 2906
f 2883 2907 2906
f 2883 2884 2907
f 2884 2908 2907
f 2884 2885 2908
f 2885 2909 2908
f 2885 2886 2909
f 2886 2910 2909
f 2886 2887 2910
f 2887 2911 2910
f 2887 2888 2911
f 2888 2912 2911
f 2888 2889 2912
f 2889 2913 2912
f 2889 2890 2913
f 2890 2914 2913
f 2890 2891 2914
f 2891 2915 2914
f 2891 2892 2915
f 2892 2916 2915
f 2892 2893 2916
f 2893 2917 2916
f 2893 2894 2917
f 2894 2918 2917
f 2894 2895 2918
f 2895 2919 2918
f 2895 2896 2919
f 2896 2920 2919
f 2896 2897 2920
f 2897 2921 2920
f 2897 2898 2921
f 2898 2922 2921
f 2898 2899 2922
f 2899 2923 2922
f 2899 2900 2923
f 2900 2924 2923
f 2900 2901 2924
f 2901 2925 2924
f 2901 2878 2925
f 2878 2902 2925
f 2902 2903 2926
f 2903 2927 2926
f 2903 2904 2927
f 2904 2928 2927
f 2904 2905 2928
f 2905 2929 2928
f 2905 2906 2929
f 2906 2930 2929
f 2906 2907 2930
f 2907 2931 2930
f 2907 2908 2931
f 2908 2932 2931
f 2908 2909 2932
f 2909 2933 2932
f 2909 2910 2933
f 2910 2934 2933
f 2910 2911 2934
f 2911 2935 2934
f 2911 2912 2935
f 2912 2936 2935
f 2912 2913 2936
f 2913 2937 2936
f 2913 2914 2937
f 2914 2938 2937
f 2914 2915 2938
f 2915 2939 2938
f 2915 2916 2939
f 2916 2940 2939
f 2916 2917 2940
f 2917 2941 2940
f 2917 2918 2941
f 2918 2942 2941
f 2918 2919 2942
f 2919 2943 2942
f 2919 2920 2943
f 2920 2944 2943
f 2920 2921 2944
f 2921 2945 2944
f 2921 2922 2945
f 2922 2946 2945
f 2922 2923 2946
f 2923 2947 2946
f 2923 2924 2947
f 2924 2948 2947
f 2924 2925 2948
f 2925 2949 2948
f 2925 2902 2949
f 2902 2926 2949
f 2926 2927 2950
f 2927 2951 2950
f 2927 2928 2951
f 2928 2952 2951
f 2928 2929 2952
f 2929 2953 2952
f 2929 2930 2953
f 2930 2954 2953
f 2930 2931 2954
f 2931 2955 2954
f 2931 2932 2955
f 2932 2956 2955
f 2932 2933 2956
f 2933 2957 2956
f 2933 2934 2957
f 2934 2958 2957
f 2934 2935 2958
f 2935 2959 2958
f 2935 2936 2959
f 2936 2960 2959
f 2936 2937 2960
f 2937 2961 2960
f 2937 2938 2961
f 2938 2962 2961
f 2938 2939 2962
f 2939 2963 2962
f 2939 2940 2963
f 2940 2964 2963
f 2940 2941 2964
f 2941 2965 2964
f 2941 2942 2965
f 2942 2966 2965
f 2942 2943 2966
f 2943 2967 2966
f 2943 2944 2967
f 2944 2968 2967
f 2944 2945 2968
f 2945 2969 2968
f 2945 2946 2969
f 2946 2970 2969
f 2946 2947 2970
f 2947 2971 2970
f 2947 2948 2971
f 2948 2972 2971
f 2948 2949 2972
f 2949 2973 2972
f 2949 2926 2973
f 2926 2950 2973
f 2974 2879 2878
f 2974 2880 2879
f 2974 2881 2880
f 2974 2882 2881
f 2974 2883 2882
f 2974 2884 2883
f 2974 2885 2884
f 2974 2886 2885
f 2974 2887 2886
f 2974 2888 2887
f 2974 2889 2888
f 2974 2890 2889
f 2974 2891 2890
f 2974 2892 2891
f 2974 2893 2892
f 2974 2894 2893
f 2974 2895 2894
f 2974 2896 2895
f 2974 2897 2896
f 2974 2898 2897
f 2974 2899 2898
f 2974 2900 2899
f 2974 2901 2900
f 2974 2878 2901
f 2975 2950 2951
f 2975 2951 2952
f 2975 2952 2953
f 2975 2953 2954
f 2975 2954 2955
f 2975 2955 2956
f 2975 2956 2957
f 2975 2957 2958
f 2975 2958 2959
f 2975 2959 2960
f 2975 2960 2961
f 2975 2961 2962
f 2975 2962 2963
f 2975 2963 2964
f 2975 2964 2965
f 2975 2965 2966
f 2975 2966 2967
f 2975 2967 2968
f 2975 2968 2969
f 2975 2969 2970
f 2975 2970 2971
f 2975 2971 2972
f 2975 2972 2973
f 2975 2973 2950
f 2976 2978 2977
f 2976 2979 2978
f 2976 2980 2979
f 2976 2981 2980
f 2976 2982 2981
f 2976 2983 2982
f 2976 2984 2983
f 2976 2985 2984
f 2976 2986 2985
f 2976 2987 2986
f 2976 2988 2987
f 2976 2989 2988
f 2976 2990 2989
f 2976 2991 2990
f 2976 2992 2991
f 2976 2993 2992
f 2976 2994 2993
f 2976 2995 2994
f 2976 2996 2995
f 2976 2997 2996
f 2976 2998 2997
f 2976 2999 2998
f 2976 3000 2999
f 2976 3001 3000
f 2976 3002 3001
f 2976 3003 3002
f 2976 3004 3003
f 2976 3005 3004
f 2976 3006 3005
f 2976 3007 3006
f 2976 3008 3007
f 2976 2977 3008
f 2978 3009 2977
f 3010 3009 2978
f 2979 3010 2978
f 3011 3010 2979
f 2980 3011 2979
f 3012 3011 2980
f 2981 3012 2980
f 3013 3012 2981
f 2982 3013 2981
f 3014 3013 2982
f 2983 3014 2982
f 3015 3014 2983
f 2984 3015 2983
f 3016 3015 2984
f 2985 3016 2984
f 3017 3016 2985
f 2986 3017 2985
f 3018 3017 2986
f 2987 3018 2986
f 3019 3018 2987
f 2988 3019 2987
f 3020 3019 2988
f 2989 3020 2988
f 3021 3020 2989
f 2990 3021 2989
f 3022 3021 2990
f 2991 3022 2990
f 3023 3022 2991
f 2992 3023 2991
f 3024 3023 2992
f 2993 3024 2992
f 3025 3024 2993
f 2994 3025 2993
f 3026 3025 2994
f 2995 3026 2994
f 3027 3026 2995
f 2996 3027 2995
f 3028 3027 2996
f 2997 3028 2996
f 3029 3028 2997
f 2998 3029 2997
f 3030 3029 2998
f 2999 3030 2998
f 3031 3030 2999
f 3000 3031 2999
f 3032 3031 3000
f 3001 3032 3000
f 3033 3032 3001
f 3002 3033 3001
f 3034 3033 3002
f 3003 3034 3002
f 3035 3034 3003
f 3004 3035 3003
f 3036 3035 3004
f 3005 3036 3004
f 3037 3036 3005
f 3006 3037 3005
f 3038 3037 3006
f 3007 3038 3006
f 3039 3038 3007
f 3008 3039 3007
f 3040 3039 3008
f 2977 3040 3008
f 3009 3040 2977
f 3010 3041 3009
f 3042 3041 3010
f 3011 3042 3010
f 3043 3042 3011
f 3012 3043 3011
f 3044 3043 3012
f 3013 3044 3012
f 3045 3044 3013
f 3014 3045 3013
f 3046 3045 3014
f 3015 3046 3014
f 3047 3046 3015
f 3016 3047 3015
f 3048 3047 3016
f 3017 3048 3016
f 3049 3048 3017
f 3018 3049 3017
f 3050 3049 3018
f 3019 3050 3018
f 3051 3050 3019
f 3020 3051 3019
f 3052 3051 3020
f 3021 3052 3020
f 3053 3052 3021
f 3022 3053 3021
f 3054 3053 3022
f 3023 3054 3022
f 3055 3054 3023
f 3024 3055 3023
f 3056 3055 3024
f 3025 3056 3024
f 3057 3056 3025
f 3026 3057 3025
f 3058 3057 3026
f 3027 3058 3026
f 3059 3058 3027
f 3028 3059 3027
f 3060 3059 3028
f 3029 3060 3028
f 3061 3060 3029
f 3030 3061 3029
f 3062 3061 3030
f 3031 3062 3030
f 3063 3062 3031
f 3032 3063 3031
f 3064 3063 3032
f 3033 3064 3032
f 3065 3064 3033
f 3034 3065 3033
f 3066 3065 3034
f 3035 3066 3034
f 3067 3066 3035
f 3036 3067 3035
f 3068 3067 3036
f 3037 3068 3036
f 3069 3068 3037
f 3038 3069 3037
f 3070 3069 3038
f 3039 3070 3038
f 3071 3070 3039
f 3040 3071 3039
f 3072 3071 3040
f 3009 3072 3040
f 3041 3072 3009
f 3042 3073 3041
f 3074 3073 3042
f 3043 3074 3042
f 3075 3074 3043
f 3044 3075 3043
f 3076 3075 3044
f 3045 3076 3044
f 3077 3076 3045
f 3046 3077 3045
f 3078 3077 3046
f 3047 3078 3046
f 3079 3078 3047
f 3048 3079 3047
f 3080 3079 3048
f 3049 3080 3048
f 3081 3080 3049
f 3050 3081 3049
f 3082 3081 3050
f 3051 3082 3050
f 3083 3082 3051
f 3052 3083 3051
f 3084 3083 3052
f 3053 3084 3052
f 3085 3084 3053
f 3054 3085 3053
f 3086 3085 3054
f 3055 3086 3054
f 3087 3086 3055
f 3056 3087 3055
f 3088 3087 3056
f 3057 3088 3056
f 3089 3088 3057
f 3058 3089 3057
f 3090 3089 3058
f 3059 3090 3058
f 3091 3090 3059
f 3060 3091 3059
f 3092 3091 3060
f 3061 3092 3060
f 3093 3092 3061
f 3062 3093 3061
f 3094 3093 3062
f 3063 3094 3062
f 3095 3094 3063
f 3064 3095 3063
f 3096 3095 3064
f 3065 3096 3064
f 3097 3096 3065
f 3066 3097 3065
f 3098 3097 3066
f 3067 3098 3066
f 3099 3098 3067
f 3068 3099 3067
f 3100 3099 3068
f 3069 3100 3068
f 3101 3100 3069
f 3070 3101 3069
f 3102 3101 3070
f 3071 3102 3070
f 3103 3102 3071
f 3072 3103 3071
f 3104 3103 3072
f 3041 3104 3072
f 3073 3104 3041
f 3074 3105 3073
f 3106 3105 3074
f 3075 3106 3074
f 3107 3106 3075
f 3076 3107 3075
f 3108 3107 3076
f 3077 3108 3076
f 3109 3108 3077
f 3078 3109 3077
f 3110 3109 3078
f 3079 3110 3078
f 3111 3110 3079
f 3080 3111 3079
f 3112 3111 3080
f 3081 3112 3080
f 3113 3112 3081
f 3082 3113 3081
f 3114 3113 3082
f 3083 3114 3082
f 3115 3114 3083
f 3084 3115 3083
f 3116 3115 3084
f 3085 3116 3084
f 3117 3116 3085
f 3086 3117 3085
f 3118 3117 3086
f 3087 3118 3086
f 3119 3118 3087
f 3088 3119 3087
f 3120 3119 3088
f 3089 3120 3088
f 3121 3120 3089
f 3090 3121 3089
f 3122 3121 3090
f 3091 3122 3090
f 3123 3122 3091
f 3092 3123 3091
f 3124 3123 3092
f 3093 3124 3092
f 3125 3124 3093
f 3094 3125 3093
f 3126 3125 3094
f 3095 3126 3094
f 3127 3126 3095
f 3096 3127 3095
f 3128 3127 3096
f 3097 3128 3096
f 3129 3128 3097
f 3098 3129 3097
f 3130 3129 3098
f 3099 3130 3098
f 3131 3130 3099
f 3100 3131 3099
f 3132 3131 3100
f 3101 3132 3100
f 3133 3132 3101
f 3102 3133 3101
f 3134 3133 3102
f 3103 3134 3102
f 3135 3134 3103
f 3104 3135 3103
f 3136 3135 3104
f 3073 3136 3104
f 3105 3136 3073
f 3106 3137 3105
f 3138 3137 3106
f 3107 3138 3106
f 3139 3138 3107
f 3108 3139 3107
f 3140 3139 3108
f 3109 3140 3108
f 3141 3140 3109
f 3110 3141 3109
f 3142 3141 3110
f 3111 3142 3110
f 3143 3142 3111
f 3112 3143 3111
f 3144 3143 3112
f 3113 3144 3112
f 3145 3144 3113
f 3114 3145 3113
f 3146 3145 3114
f 3115 3146 3114
f 3147 3146 3115
f 3116 3147 3115
f 3148 3147 3116
f 3117 3148 3116
f 3149 3148 3117
f 3118 3149 3117
f 3150 3149 3118
f 3119 3150 3118
f 3151 3150 3119
f 3120 3151 3119
f 3152 3151 3120
f 3121 3152 3120
f 3153 3152 3121
f 3122 3153 3121
f 3154 3153 3122
f 3123 3154 3122
f 3155 3154 3123
f 3124 3155 3123
f 3156 3155 3124
f 3125 3156 3124
f 3157 3156 3125
f 3126 3157 3125
f 3158 3157 3126
f 3127 3158 3126
f 3159 3158 3127
f 3128 3159 3127
f 3160 3159 3128
f 3129 3160 3128
f 3161 3160 3129
f 3130 3161 3129
f 3162 3161 3130
f 3131 3162 3130
f 3163 3162 3131
f 3132 3163 3131
f 3164 3163 3132
f 3133 3164 3132
f 3165 3164 3133
f 3134 3165 3133
f 3166 3165 3134
f 3135 3166 3134
f 3167 3166 3135
f 3136 3167 3135
f 3168 3167 3136
f 3105 3168 3136
f 3137 3168 3105
f 3138 3169 3137
f 3170 3169 3138
f 3139 3170 3138
f 3171 3170 3139
f 3140 3171 3139
f 3172 3171 3140
f 3141 3172 3140
f 3173 3172 3141
f 3142 3173 3141
f 3174 3173 3142
f 3143 3174 3142
f 3175 3174 3143
f 3144 3175 3143
f 3176 3175 3144
f 3145 3176 3144
f 3177 3176 3145
f 3146 3177 3145
f 3178 3177 3146
f 3147 3178 3146
f 3179 3178 3147
f 3148 3179 3147
f 3180 3179 3148
f 3149 3180 3148
f 3181 3180 3149
f 3150 3181 3149
f 3182 3181 3150
f 3151 3182 3150
f 3183 3182 3151
f 3152 3183 3151
f 3184 3183 3152
f 3153 3184 3152
f 3185 3184 3153
f 3154 3185 3153
f 3186 3185 3154
f 3155 3186 3154
f 3187 3186 3155
f 3156 3187 3155
f 3188 3187 3156
f 3157 3188 3156
f 3189 3188 3157
f 3158 3189 3157
f 3190 3189 3158
f 3159 3190 3158
f 3191 3190 3159
f 3160 3191 3159
f 3192 3191 3160
f 3161 3192 3160
f 3193 3192 3161
f 3162 3193 3161
f 3194 3193 3162
f 3163 3194 3162
f 3195 3194 3163
f 3164 3195 3163
f 3196 3195 3164
f 3165 3196 3164
f 3197 3196 3165
f 3166 3197 3165
f 3198 3197 3166
f 3167 3198 3166
f 3199 3198 3167
f 3168 3199 3167
f 3200 3199 3168
f 3137 3200 3168
f 3169 3200 3137
f 3170 3201 3169
f 3202 3201 3170
f 3171 3202 3170
f 3203 3202 3171
f 3172 3203 3171
f 3204 3203 3172
f 3173 3204 3172
f 3205 3204 3173
f 3174 3205 3173
f 3206 3205 3174
f 3175 3206 3174
f 3207 3206 3175
f 3176 3207 3175
f 3208 3207 3176
f 3177 3208 3176
f 3209 3208 3177
f 3178 3209 3177
f 3210 3209 3178
f 3179 3210 3178
f 3211 3210 3179
f 3180 3211 3179
f 3212 3211 3180
f 3181 3212 3180
f 3213 3212 3181
f 3182 3213 3181
f 3214 3213 3182
f 3183 3214 3182
f 3215 3214 3183
f 3184 3215 3183
f 3216 3215 3184
f 3185 3216 3184
f 3217 3216 3185
f 3186 3217 3185
f 3218 3217 3186
f 3187 3218 3186
f 3219 3218 3187
f 3188 3219 3187
f 3220 3219 3188
f 3189 3220 3188
f 3221 3220 3189
f 3190 3221 3189
f 3222 3221 3190
f 3191 3222 3190
f 3223 3222 3191
f 3192 3223 3191
f 3224 3223 3192
f 3193 3224 3192
f 3225 3224 3193
f 3194 3225 3193
f 3226 3225 3194
f 3195 3226 3194
f 3227 3226 3195
f 3196 3227 3195
f 3228 3227 3196
f 3197 3228 3196
f 3229 3228 3197
f 3198 3229 3197
f 3230 3229 3198
f 3199 3230 3198
f 3231 3230 3199
f 3200 3231 3199
f 3232 3231 3200
f 3169 3232 3200
f 3201 3232 3169
f 3202 3233 3201
f 3234 3233 3202
f 3203 3234 3202
f 3235 3234 3203
f 3204 3235 3203
f 3236 3235 3204
f 3205 3236 3204
f 3237 3236 3205
f 3206 3237 3205
f 3238 3237 3206
f 3207 3238 3206
f 3239 3238 3207
f 3208 3239 3207
f 3240 3239 3208
f 3209 3240 3208
f 3241 3240 3209
f 3210 3241 3209
f 3242 3241 3210
f 3211 3242 3210
f 3243 3242 3211
f 3212 3243 3211
f 3244 3243 3212
f 3213 3244 3212
f 3245 3244 3213
f 3214 3245 3213
f 3246 3245 3214
f 3215 3246 3214
f 3247 3246 3215
f 3216 3247 3215
f 3248 3247 3216
f 3217 3248 3216
f 3249 3248 3217
f 3218 3249 3217
f 3250 3249 3218
f 3219 3250 3218
f 3251 3250 3219
f 3220 3251 3219
f 3252 3251 3220
f 3221 3252 3220
f 3253 3252 3221
f 3222 3253 3221
f 3254 3253 3222
f 3223 3254 3222
f 3255 3254 3223
f 3224 3255 3223
f 3256 3255 3224
f 3225 3256 3224
f 3257 3256 3225
f 3226 3257 3225
f 3258 3257 3226
f 3227 3258 3226
f 3259 3258 3227
f 3228 3259 3227
f 3260 3259 3228
f 3229 3260 3228
f 3261 3260 3229
f 3230 3261 3229
f 3262 3261 3230
f 3231 3262 3230
f 3263 3262 3231
f 3232 3263 3231
f 3264 3263 3232
f 3201 3264 3232
f 3233 3264 3201
f 3234 3265 3233
f 3266 3265 3234
f 3235 3266 3234
f 3267 3266 3235
f 3236 3267 3235
f 3268 3267 3236
f 3237 3268 3236
f 3269 3268 3237
f 3238 3269 3237
f 3270 3269 3238
f 3239 3270 3238
f 3271 3270 3239
f 3240 3271 3239
f 3272 3271 3240
f 3241 3272 3240
f 3273 3272 3241
f 3242 3273 3241
f 3274 3273 3242
f 3243 3274 3242
f 3275 3274 3243
f 3244 3275 3243
f 3276 3275 3244
f 3245 3276 3244
f 3277 3276 3245
f 3246 3277 3245
f 3278 3277 3246
f 3247 3278 3246
f 3279 3278 3247
f 3248 3279 3247
f 3280 3279 3248
f 3249 3280 3248
f 3281 3280 3249
f 3250 3281 3249
f 3282 3281 3250
f 3251 3282 3250
f 3283 3282 3251
f 3252 3283 3251
f 3284 3283 3252
f 3253 3284 3252
f 3285 3284 3253
f 3254 3285 3253
f 3286 3285 3254
f 3255 3286 3254
f 3287 3286 3255
f 3256 3287 3255
f 3288 3287 3256
f 3257 3288 3256
f 3289 3288 3257
f 3258 3289 3257
f 3290 3289 3258
f 3259 3290 3258
f 3291 3290 3259
f 3260 3291 3259
f 3292 3291 3260
f 3261 3292 3260
f 3293 3292 3261
f 3262 3293 3261
f 3294 3293 3262
f 3263 3294 3262
f 3295 3294 3263
f 3264 3295 3263
f 3296 3295 3264
f 3233 3296 3264
f 3265 3296 3233
f 3266 3297 3265
f 3298 3297 3266
f 3267 3298 3266
f 3299 3298 3267
f 3268 3299 3267
f 3300 3299 3268
f 3269 3300 3268
f 3301 3300 3269
f 3270 3301 3269
f 3302 3301 3270
f 3271 3302 3270
f 3303 3302 3271
f 3272 3303 3271
f 3304 3303 3272
f 3273 3304 3272
f 3305 3304 3273
f 3274 3305 3273
f 3306 3305 3274
f 3275 3306 3274
f 3307 3306 3275
f 3276 3307 3275
f 3308 3307 3276
f 3277 3308 3276
f 3309 3308 3277
f 3278 3309 3277
f 3310 3309 3278
f 3279 3310 3278
f 3311 3310 3279
f 3280 3311 3279
f 3312 3311 3280
f 3281 3312 3280
f 3313 3312 3281
f 3282 3313 3281
f 3314 3313 3282
f 3283 3314 3282
f 3315 3314 3283
f 3284 3315 3283
f 3316 3315 3284
f 3285 3316 3284
f 3317 3316 3285
f 3286 3317 3285
f 3318 3317 3286
f 3287 3318 3286
f 3319 3318 3287
f 3288 3319 3287
f 3320 3319 3288
f 3289 3320 3288
f 3321 3320 3289
f 3290 3321 3289
f 3322 3321 3290
f 3291 3322 3290
f 3323 3322 3291
f 3292 3323 3291
f 3324 3323 3292
f 3293 3324 3292
f 3325 3324 3293
f 3294 3325 3293
f 3326 3325 3294
f 3295 3326 3294
f 3327 3326 3295
f 3296 3327 3295
f 3328 3327 3296
f 3265 3328 3296
f 3297 3328 3265
f 3298 3329 3297
f 3330 3329 3298
f 3299 3330 3298
f 3331 3330 3299
f 3300 3331 3299
f 3332 3331 3300
f 3301 3332 3300
f 3333 3332 3301
f 3302 3333 3301
f 3334 3333 3302
f 3303 3334 3302
f 3335 3334 3303
f 3304 3335 3303
f 3336 3335 3304
f 3305 3336 3304
f 3337 3336 3305
f 3306 3337 3305
f 3338 3337 3306
f 3307 3338 3306
f 3339 3338 3307
f 3308 3339 3307
f 3340 3339 3308
f 3309 3340 3308
f 3341 3340 3309
f 3310 3341 3309
f 3342 3341 3310
f 3311 3342 3310
f 3343 3342 3311
f 3312 3343 3311
f 3344 3343 3312
f 3313 3344 3312
f 3345 3344 3313
f 3314 3345 3313
f 3346 3345 3314
f 3315 3346 3314
f 3347 3346 3315
f 3316 3347 3315
f 3348 3347 3316
f 3317 3348 3316
f 3349 3348 3317
f 3318 3349 3317
f 3350 3349 3318
f 3319 3350 3318
f 3351 3350 3319
f 3320 3351 3319
f 3352 3351 3320
f 3321 3352 3320
f 3353 3352 3321
f 3322 3353 3321
f 3354 3353 3322
f 3323 3354 3322
f 3355 3354 3323
f 3324 3355 3323
f 3356 3355 3324
f 3325 3356 3324
f 3357 3356 3325
f 3326 3357 3325
f 3358 3357 3326
f 3327 3358 3326
f 3359 3358 3327
f 3328 3359 3327
f 3360 3359 3328
f 3297 3360 3328
f 3329 3360 3297
f 3330 3361 3329
f 3362 3361 3330
f 3331 3362 3330
f 3363 3362 3331
f 3332 3363 3331
f 3364 3363 3332
f 3333 3364 3332
f 3365 3364 3333
f 3334 3365 3333
f 3366 3365 3334
f 3335 3366 3334
f 3367 3366 3335
f 3336 3367 3335
f 3368 3367 3336
f 3337 3368 3336
f 3369 3368 3337
f 3338 3369 3337
f 3370 3369 3338
f 3339 3370 3338
f 3371 3370 3339
f 3340 3371 3339
f 3372 3371 3340
f 3341 3372 3340
f 3373 3372 3341
f 3342 3373 3341
f 3374 3373 3342
f 3343 3374 3342
f 3375 3374 3343
f 3344 3375 3343
f 3376 3375 3344
f 3345 3376 3344
f 3377 3376 3345
f 3346 3377 3345
f 3378 3377 3346
f 3347 3378 3346
f 3379 3378 3347
f 3348 3379 3347
f 3380 3379 3348
f 3349 3380 3348
f 3381 3380 3349
f 3350 3381 3349
f 3382 3381 3350
f 3351 3382 3350
f 3383 3382 3351
f 3352 3383 3351
f 3384 3383 3352
f 3353 3384 3352
f 3385 3384 3353
f 3354 3385 3353
f 3386 3385 3354
f 3355 3386 3354
f 3387 3386 3355
f 3356 3387 3355
f 3388 3387 3356
f 3357 3388 3356
f 3389 3388 3357
f 3358 3389 3357
f 3390 3389 3358
f 3359 3390 3358
f 3391 3390 3359
f 3360 3391 3359
f 3392 3391 3360
f 3329 3392 3360
f 3361 3392 3329
f 3362 3393 3361
f 3394 3393 3362
f 3363 3394 3362
f 3395 3394 3363
f 3364 3395 3363
f 3396 3395 3364
f 3365 3396 3364
f 3397 3396 3365
f 3366 3397 3365
f 3398 3397 3366
f 3367 3398 3366
f 3399 3398 3367
f 3368 3399 3367
f 3400 3399 3368
f 3369 3400 3368
f 3401 3400 3369
f 3370 3401 3369
f 3402 3401 3370
f 3371 3402 3370
f 3403 3402 3371
f 3372 3403 3371
f 3404 3403 3372
f 3373 3404 3372
f 3405 3404 3373
f 3374 3405 3373
f 3406 3405 3374
f 3375 3406 3374
f 3407 3406 3375
f 3376 3407 3375
f 3408 3407 3376
f 3377 3408 3376
f 3409 3408 3377
f 3378 3409 3377
f 3410 3409 3378
f 3379 3410 3378
f 3411 3410 3379
f 3380 3411 3379
f 3412 3411 3380
f 3381 3412 3380
f 3413 3412 3381
f 3382 3413 3381
f 3414 3413 3382
f 3383 3414 3382
f 3415 3414 3383
f 3384 3415 3383
f 3416 3415 3384
f 3385 3416 3384
f 3417 3416 3385
f 3386 3417 3385
f 3418 3417 3386
f 3387 3418 3386
f 3419 3418 3387
f 3388 3419 3387
f 3420 3419 3388
f 3389 3420 3388
f 3421 3420 3389
f 3390 3421 3389
f 3422 3421 3390
f 3391 3422 3390
f 3423 3422 3391
f 3392 3423 3391
f 3424 3423 3392
f 3361 3424 3392
f 3393 3424 3361
f 3394 3425 3393
f 3426 3425 3394
f 3395 3426 3394
f 3427 3426 3395
f 3396 3427 3395
f 3428 3427 3396
f 3397 3428 3396
f 3429 3428 3397
f 3398 3429 3397
f 3430 3429 3398
f 3399 3430 3398
f 3431 3430 3399
f 3400 3431 3399
f 3432 3431 3400
f 3401 3432 3400
f 3433 3432 3401
f 3402 3433 3401
f 3434 3433 3402
f 3403 3434 3402
f 3435 3434 3403
f 3404 3435 3403
f 3436 3435 3404
f 3405 3436 3404
f 3437 3436 3405
f 3406 3437 3405
f 3438 3437 3406
f 3407 3438 3406
f 3439 3438 3407
f 3408 3439 3407
f 3440 3439 3408
f 3409 3440 3408
f 3441 3440 3409
f 3410 3441 3409
f 3442 3441 3410
f 3411 3442 3410
f 3443 3442 3411
f 3412 3443 3411
f 3444 3443 3412
f 3413 3444 3412
f 3445 3444 3413
f 3414 3445 3413
f 3446 3445 3414
f 3415 3446 3414
f 3447 3446 3415
f 3416 3447 3415
f 3448 3447 3416
f 3417 3448 3416
f 3449 3448 3417
f 3418 3449 3417
f 3450 3449 3418
f 3419 3450 3418
f 3451 3450 3419
f 3420 3451 3419
f 3452 3451 3420
f 3421 3452 3420
f 3453 3452 3421
f 3422 3453 3421
f 3454 3453 3422
f 3423 3454 3422
f 3455 3454 3423
f 3424 3455 3423
f 3456 3455 3424
f 3393 3456 3424
f 3425 3456 3393
f 3426 3457 3425
f 3458 3457 3426
f 3427 3458 3426
f 3459 3458 3427
f 3428 3459 3427
f 3460 3459 3428
f 3429 3460 3428
f 3461 3460 3429
f 3430 3461 3429
f 3462 3461 3430
f 3431 3462 3430
f 3463 3462 3431
f 3432 3463 3431
f 3464 3463 3432
f 3433 3464 3432
f 3465 3464 3433
f 3434 3465 3433
f 3466 3465 3434
f 3435 3466 3434
f 3467 3466 3435
f 3436 3467 3435
f 3468 3467 3436
f 3437 3468 3436
f 3469 3468 3437
f 3438 3469 3437
f 3470 3469 3438
f 3439 3470 3438
f 3471 3470 3439
f 3440 3471 3439
f 3472 3471 3440
f 3441 3472 3440
f 3473 3472 3441
f 3442 3473 3441
f 3474 3473 3442
f 3443 3474 3442
f 3475 3474 3443
f 3444 3475 3443
f 3476 3475 3444
f 3445 3476 3444
f 3477 3476 3445
f 3446 3477 3445
f 3478 3477 3446
f 3447 3478 3446
f 3479 3478 3447
f 3448 3479 3447
f 3480 3479 3448
f 3449 3480 3448
f 3481 3480 3449
f 3450 3481 3449
f 3482 3481 3450
f 3451 3482 3450
f 3483 3482 3451
f 3452 3483 3451
f 3484 3483 3452
f 3453 3484 3452
f 3485 3484 3453
f 3454 3485 3453
f 3486 3485 3454
f 3455 3486 3454
f 3487 3486 3455
f 3456 3487 3455
f 3488 3487 3456
f 3425 3488 3456
f 3457 3488 3425
f 3458 3489 3457
f 3490 3489 3458
f 3459 3490 3458
f 3491 3490 3459
f 3460 3491 3459
f 3492 3491 3460
f 3461 3492 3460
f 3493 3492 3461
f 3462 3493 3461
f 3494 3493 3462
f 3463 3494 3462
f 3495 3494 3463
f 3464 3495 3463
f 3496 3495 3464
f 3465 3496 3464
f 3497 3496 3465
f 3466 3497 3465
f 3498 3497 3466
f 3467 3498 3466
f 3499 3498 3467
f 3468 3499 3467
f 3500 3499 3468
f 3469 3500 3468
f 3501 3500 3469
f 3470 3501 3469
f 3502 3501 3470
f 3471 3502 3470
f 3503 3502 3471
f 3472 3503 3471
f 3504 3503 3472
f 3473 3504 3472
f 3505 3504 3473
f 3474 3505 3473
f 3506 3505 3474
f 3475 3506 3474
f 3507 3506 3475
f 3476 3507 3475
f 3508 3507 3476
f 3477 3508 3476
f 3509 3508 3477
f 3478 3509 3477
f 3510 3509 3478
f 3479 3510 3478
f 3511 3510 3479
f 3480 3511 3479
f 3512 3511 3480
f 3481 3512 3480
f 3513 3512 3481
f 3482 3513 3481
f 3514 3513 3482
f 3483 3514 3482
f 3515 3514 3483
f 3484 3515 3483
f 3516 3515 3484
f 3485 3516 3484
f 3517 3516 3485
f 3486 3517 3485
f 3518 3517 3486
f 3487 3518 3486
f 3519 3518 3487
f 3488 3519 3487
f 3520 3519 3488
f 3457 3520 3488
f 3489 3520 3457
f 3490 3521 3489
f 3491 3521 3490
f 3492 3521 3491
f 3493 3521 3492
f 3494 3521 3493
f 3495 3521 3494
f 3496 3521 3495
f 3497 3521 3496
f 3498 3521 3497
f 3499 3521 3498
f 3500 3521 3499
f 3501 3521 3500
f 3502 3521 3501
f 3503 3521 3502
f 3504 3521 3503
f 3505 3521 3504
f 3506 3521 3505
f 3507 3521 3506
f 3508 3521 3507
f 3509 3521 3508
f 3510 3521 3509
f 3511 3521 3510
f 3512 3521 3511
f 3513 3521 3512
f 3514 3521 3513
f 3515 3521 3514
f 3516 3521 3515
f 3517 3521 3516
f 3518 3521 3517
f 3519 3521 3518
f 3520 3521 3519
f 3489 3521 3520
f 3522 3523 3546
f 3523 3547 3546
f 3523 3524 3547
f 3524 3548 3547
f 3524 3525 3548
f 3525 3549 3548
f 3525 3526 3549
f 3526 3550 3549
f 3526 3527 3550
f 3527 3551 3550
f 3527 3528 3551
f 3528 3552 3551
f 3528 3529 3552
f 3529 3553 3552
f 3529 3530 3553
f 3530 3554 3553
f 3530 3531 3554
f 3531 3555 3554
f 3531 3532 3555
f 3532 3556 3555
f 3532 3533 3556
f 3533 3557 3556
f 3533 3534 3557
f 3534 3558 3557
f 3534 3535 3558
f 3535 3559 3558
f 3535 3536 3559
f 3536 3560 3559
f 3536 3537 3560
f 3537 3561 3560
f 3537 3538 3561
f 3538 3562 3561
f 3538 3539 3562
f 3539 3563 3562
f 3539 3540 3563
f 3540 3564 3563
f 3540 3541 3564
f 3541 3565 3564
f 3541 3542 3565
f 3542 3566 3565
f 3542 3543 3566
f 3543 3567 3566
f 3543 3544 3567
f 3544 3568 3567
f 3544 3545 3568
f 3545 3569 3568
f 3545 3522 3569
f 3522 3546 3569
f 3570 3523 3522
f 3570 3524 3523
f 3570 3525 3524
f 3570 3526 3525
f 3570 3527 3526
f 3570 3528 3527
f 3570 3529 3528
f 3570 3530 3529
f 3570 3531 3530
f 3570 3532 3531
f 3570 3533 3532
f 3570 3534 3533
f 3570 3535 3534
f 3570 3536 3535
f 3570 3537 3536
f 3570 3538 3537
f 3570 3539 3538
f 3570 3540 3539
f 3570 3541 3540
f 3570 3542 3541
f 3570 3543 3542
f 3570 3544 3543
f 3570 3545 3544
f 3570 3522 3545
f 3571 3546 3547
f 3571 3547 3548
f 3571 3548 3549
f 3571 3549 3550
f 3571 3550 3551
f 3571 3551 3552
f 3571 3552 3553
f 3571 3553 3554
f 3571 3554 3555
f 3571 3555 3556
f 3571 3556 3557
f 3571 3557 3558
f 3571 3558 3559
f 3571 3559 3560
f 3571 3560 3561
f 3571 3561 3562
f 3571 3562 3563
f 3571 3563 3564
f 3571 3564 3565
f 3571 3565 3566
f 3571 3566 3567
f 3571 3567 3568
f 3571 3568 3569
f 3571 3569 3546
f 3572 3573 3592
f 3573 3593 3592
f 3573 3574 3593
f 3574 3594 3593
f 3574 3575 3594
f 3575 3595 3594
f 3575 3576 3595
f 3576 3596 3595
f 3576 3577 3596
f 3577 3597 3596
f 3577 3578 3597
f 3578 3598 3597
f 3578 3579 3598
f 3579 3599 3598
f 3579 3580 3599
f 3580 3600 3599
f 3580 3581 3600
f 3581 3601 3600
f 3581 3582 3601
f 3582 3602 3601
f 3582 3583 3602
f 3583 3603 3602
f 3583 3584 3603
f 3584 3604 3603
f 3584 3585 3604
f 3585 3605 3604
f 3585 3586 3605
f 3586 3606 3605
f 3586 3587 3606
f 3587 3607 3606
f 3587 3588 3607
f 3588 3608 3607
f 3588 3589 3608
f 3589 3609 3608
f 3589 3590 3609
f 3590 3610 3609
f 3590 3591 3610
f 3591 3611 3610
f 3591 3572 3611
f 3572 3592 3611
f 3592 3593 3612
f 3593 3613 3612
f 3593 3594 3613
f 3594 3614 3613
f 3594 3595 3614
f 3595 3615 3614
f 3595 3596 3615
f 3596 3616 3615
f 3596 3597 3616
f 3597 3617 3616
f 3597 3598 3617
f 3598 3618 3617
f 3598 3599 3618
f 3599 3619 3618
f 3599 3600 3619
f 3600 3620 3619
f 3600 3601 3620
f 3601 3621 3620
f 3601 3602 3621
f 3602 3622 3621
f 3602 3603 3622
f 3603 3623 3622
f 3603 3604 3623
f 3604 3624 3623
f 3604 3605 3624
f 3605 3625 3624
f 3605 3606 3625
f 3606 3626 3625
f 3606 3607 3626
f 3607 3627 3626
f 3607 3608 3627
f 3608 3628 3627
f 3608 3609 3628
f 3609 3629 3628
f 3609 3610 3629
f 3610 3630 3629
f 3610 3611 3630
f 3611 3631 3630
f 3611 3592 3631
f 3592 3612 3631
f 3632 3573 3572
f 3632 3574 3573
f 3632 3575 3574
f 3632 3576 3575
f 3632 3577 3576
f 3632 3578 3577
f 3632 3579 3578
f 3632 3580 3579
f 3632 3581 3580
f 3632 3582 3581
f 3632 3583 3582
f 3632 3584 3583
f 3632 3585 3584
f 3632 3586 3585
f 3632 3587 3586
f 3632 3588 3587
f 3632 3589 3588
f 3632 3590 3589
f 3632 3591 3590
f 3632 3572 3591
f 3633 3612 3613
f 3633 3613 3614
f 3633 3614 3615
f 3633 3615 3616
f 3633 3616 3617
f 3633 3617 3618
f 3633 3618 3619
f 3633 3619 3620
f 3633 3620 3621
f 3633 3621 3622
f 3633 3622 3623
f 3633 3623 3624
f 3633 3624 3625
f 3633 3625 3626
f 3633 3626 3627
f 3633 3627 3628
f 3633 3628 3629
f 3633 3629 3630
f 3633 3630 3631
f 3633 3631 3612
f 3634 3635 3646
f 3635 3647 3646
f 3635 3636 3647
f 3636 3648 3647
f 3636 3637 3648
f 3637 3649 3648
f 3637 3638 3649
f 3638 3650 3649
f 3638 3639 3650
f 3639 3651 3650
f 3639 3640 3651
f 3640 3652 3651
f 3640 3641 3652
f 3641 3653 3652
f 3641 3642 3653
f 3642 3654 3653
f 3642 3643 3654
f 3643 3655 3654
f 3643 3644 3655
f 3644 3656 3655
f 3644 3645 3656
f 3645 3657 3656
f 3645 3634 3657
f 3634 3646 3657
f 3646 3647 3658
f 3647 3659 3658
f 3647 3648 3659
f 3648 3660 3659
f 3648 3649 3660
f 3649 3661 3660
f 3649 3650 3661
f 3650 3662 3661
f 3650 3651 3662
f 3651 3663 3662
f 3651 3652 3663
f 3652 3664 3663
f 3652 3653 3664
f 3653 3665 3664
f 3653 3654 3665
f 3654 3666 3665
f 3654 3655 3666
f 3655 3667 3666
f 3655 3656 3667
f 3656 3668 3667
f 3656 3657 3668
f 3657 3669 3668
f 3657 3646 3669
f 3646 3658 3669
f 3670 3635 3634
f 3670 3636 3635
f 3670 3637 3636
f 3670 3638 3637
f 3670 3639 3638
f 3670 3640 3639
f 3670 3641 3640
f 3670 3642 3641
f 3670 3643 3642
f 3670 3644 3643
f 3670 3645 3644
f 3670 3634 3645
f 3671 3658 3659
f 3671 3659 3660
f 3671 3660 3661
f 3671 3661 3662
f 3671 3662 3663
f 3671 3663 3664
f 3671 3664 3665
f 3671 3665 3666
f 3671 3666 3667
f 3671 3667 3668
f 3671 3668 3669
f 3671 3669 3658
f 3672 3673 3684
f 3673 3685 3684
f 3673 3674 3685
f 3674 3686 3685
f 3674 3675 3686
f 3675 3687 3686
f 3675 3676 3687
f 3676 3688 3687
f 3676 3677 3688
f 3677 3689 3688
f 3677 3678 3689
f 3678 3690 3689
f 3678 3679 3690
f 3679 3691 3690
f 3679 3680 3691
f 3680 3692 3691
f 3680 3681 3692
f 3681 3693 3692
f 3681 3682 3693
f 3682 3694 3693
f 3682 3683 3694
f 3683 3695 3694
f 3683 3672 3695
f 3672 3684 3695
f 3684 3685 3696
f 3685 3697 3696
f 3685 3686 3697
f 3686 3698 3697
f 3686 3687 3698
f 3687 3699 3698
f 3687 3688 3699
f 3688 3700 3699
f 3688 3689 3700
f 3689 3701 3700
f 3689 3690 3701
f 3690 3702 3701
f 3690 3691 3702
f 3691 3703 3702
f 3691 3692 3703
f 3692 3704 3703
f 3692 3693 3704
f 3693 3705 3704
f 3693 3694 3705
f 3694 3706 3705
f 3694 3695 3706
f 3695 3707 3706
f 3695 3684 3707
f 3684 3696 3707
f 3708 3673 3672
f 3708 3674 3673
f 3708 3675 3674
f 3708 3676 3675
f 3708 3677 3676
f 3708 3678 3677
f 3708 3679 3678
f 3708 3680 3679
f 3708 3681 3680
f 3708 3682 3681
f 3708 3683 3682
f 3708 3672 3683
f 3709 3696 3697
f 3709 3697 3698
f 3709 3698 3699
f 3709 3699 3700
f 3709 3700 3701
f 3709 3701 3702
f 3709 3702 3703
f 3709 3703 3704
f 3709 3704 3705
f 3709 3705 3706
f 3709 3706 3707
f 3709 3707 3696
f 3710 3711 3722
f 3711 3723 3722
f 3711 3712 3723
f 3712 3724 3723
f 3712 3713 3724
f 3713 3725 3724
f 3713 3714 3725
f 3714 3726 3725
f 3714 3715 3726
f 3715 3727 3726
f 3715 3716 3727
f 3716 3728 3727
f 3716 3717 3728
f 3717 3729 3728
f 3717 3718 3729
f 3718 3730 3729
f 3718 3719 3730
f 3719 3731 3730
f 3719 3720 3731
f 3720 3732 3731
f 3720 3721 3732
f 3721 3733 3732
f 3721 3710 3733
f 3710 3722 3733
f 3722 3723 3734
f 3723 3735 3734
f 3723 3724 3735
f 3724 3736 3735
f 3724 3725 3736
f 3725 3737 3736
f 3725 3726 3737
f 3726 3738 3737
f 3726 3727 3738
f 3727 3739 3738
f 3727 3728 3739
f 3728 3740 3739
f 3728 3729 3740
f 3729 3741 3740
f 3729 3730 3741
f 3730 3742 3741
f 3730 3731 3742
f 3731 3743 3742
f 3731 3732 3743
f 3732 3744 3743
f 3732 3733 3744
f 3733 3745 3744
f 3733 3722 3745
f 3722 3734 3745
f 3746 3711 3710
f 3746 3712 3711
f 3746 3713 3712
f 3746 3714 3713
f 3746 3715 3714
f 3746 3716 3715
f 3746 3717 3716
f 3746 3718 3717
f 3746 3719 3718
f 3746 3720 3719
f 3746 3721 3720
f 3746 3710 3721
f 3747 3734 3735
f 3747 3735 3736
f 3747 3736 3737
f 3747 3737 3738
f 3747 3738 3739
f 3747 3739 3740
f 3747 3740 3741
f 3747 3741 3742
f 3747 3742 3743
f 3747 3743 3744
f 3747 3744 3745
f 3747 3745 3734
f 3748 3749 3760
f 3749 3761 3760
f 3749 3750 3761
f 3750 3762 3761
f 3750 3751 3762
f 3751 3763 3762
f 3751 3752 3763
f 3752 3764 3763
f 3752 3753 3764
f 3753 3765 3764
f 3753 3754 3765
f 3754 3766 3765
f 3754 3755 3766
f 3755 3767 3766
f 3755 3756 3767
f 3756 3768 3767
f 3756 3757 3768
f 3757 3769 3768
f 3757 3758 3769
f 3758 3770 3769
f 3758 3759 3770
f 3759 3771 3770
f 3759 3748 3771
f 3748 3760 3771
f 3760 3761 3772
f 3761 3773 3772
f 3761 3762 3773
f 3762 3774 3773
f 3762 3763 3774
f 3763 3775 3774
f 3763 3764 3775
f 3764 3776 3775
f 3764 3765 3776
f 3765 3777 3776
f 3765 3766 3777
f 3766 3778 3777
f 3766 3767 3778
f 3767 3779 3778
f 3767 3768 3779
f 3768 3780 3779
f 3768 3769 3780
f 3769 3781 3780
f 3769 3770 3781
f 3770 3782 3781
f 3770 3771 3782
f 3771 3783 3782
f 3771 3760 3783
f 3760 3772 3783
f 3784 3749 3748
f 3784 3750 3749
f 3784 3751 3750
f 3784 3752 3751
f 3784 3753 3752
f 3784 3754 3753
f 3784 3755 3754
f 3784 3756 3755
f 3784 3757 3756
f 3784 3758 3757
f 3784 3759 3758
f 3784 3748 3759
f 3785 3772 3773
f 3785 3773 3774
f 3785 3774 3775
f 3785 3775 3776
f 3785 3776 3777
f 3785 3777 3778
f 3785 3778 3779
f 3785 3779 3780
f 3785 3780 3781
f 3785 3781 3782
f 3785 3782 3783
f 3785 3783 3772
f 3786 3787 3800
f 3787 3801 3800
f 3787 3788 3801
f 3788 3802 3801
f 3788 3789 3802
f 3789 3803 3802
f 3789 3790 3803
f 3790 3804 3803
f 3790 3791 3804
f 3791 3805 3804
f 3791 3792 3805
f 3792 3806 3805
f 3792 3793 3806
f 3793 3807 3806
f 3793 3794 3807
f 3794 3808 3807
f 3794 3795 3808
f 3795 3809 3808
f 3795 3796 3809
f 3796 3810 3809
f 3796 3797 3810
f 3797 3811 3810
f 3797 3798 3811
f 3798 3812 3811
f 3798 3799 3812
f 3799 3813 3812
f 3799 3786 3813
f 3786 3800 3813
f 3800 3801 3814
f 3801 3815 3814
f 3801 3802 3815
f 3802 3816 3815
f 3802 3803 3816
f 3803 3817 3816
f 3803 3804 3817
f 3804 3818 3817
f 3804 3805 3818
f 3805 3819 3818
f 3805 3806 3819
f 3806 3820 3819
f 3806 3807 3820
f 3807 3821 3820
f 3807 3808 3821
f 3808 3822 3821
f 3808 3809 3822
f 3809 3823 3822
f 3809 3810 3823
f 3810 3824 3823
f 3810 3811 3824
f 3811 3825 3824
f 3811 3812 3825
f 3812 3826 3825
f 3812 3813 3826
f 3813 3827 3826
f 3813 3800 3827
f 3800 3814 3827
f 3828 3787 3786
f 3828 3788 3787
f 3828 3789 3788
f 3828 3790 3789
f 3828 3791 3790
f 3828 3792 3791
f 3828 3793 3792
f 3828 3794 3793
f 3828 3795 3794
f 3828 3796 3795
f 3828 3797 3796
f 3828 3798 3797
f 3828 3799 3798
f 3828 3786 3799
f 3829 3814 3815
f 3829 3815 3816
f 3829 3816 3817
f 3829 3817 3818
f 3829 3818 3819
f 3829 3819 3820
f 3829 3820 3821
f 3829 3821 3822
f 3829 3822 3823
f 3829 3823 3824
f 3829 3824 3825
f 3829 3825 3826
f 3829 3826 3827
f 3829 3827 3814
f 3830 3831 3854
f 3831 3855 3854
f 3831 3832 3855
f 3832 3856 3855
f 3832 3833 3856
f 3833 3857 3856
f 3833 3834 3857
f 3834 3858 3857
f 3834 3835 3858
f 3835 3859 3858
f 3835 3836 3859
f 3836 3860 3859
f 3836 3837 3860
f 3837 3861 3860
f 3837 3838 3861
f 3838 3862 3861
f 3838 3839 3862
f 3839 3863 3862
f 3839 3840 3863
f 3840 3864 3863
f 3840 3841 3864
f 3841 3865 3864
f 3841 3842 3865
f 3842 3866 3865
f 3842 3843 3866
f 3843 3867 3866
f 3843 3844 3867
f 3844 3868 3867
f 3844 3845 3868
f 3845 3869 3868
f 3845 3846 3869
f 3846 3870 3869
f 3846 3847 3870
f 3847 3871 3870
f 3847 3848 3871
f 3848 3872 3871
f 3848 3849 3872
f 3849 3873 3872
f 3849 3850 3873
f 3850 3874 3873
f 3850 3851 3874
f 3851 3875 3874
f 3851 3852 3875
f 3852 3876 3875
f 3852 3853 3876
f 3853 3877 3876
f 3853 3830 3877
f 3830 3854 3877
f 3854 3855 3878
f 3855 3879 3878
f 3855 3856 3879
f 3856 3880 3879
f 3856 3857 3880
f 3857 3881 3880
f 3857 3858 3881
f 3858 3882 3881
f 3858 3859 3882
f 3859 3883 3882
f 3859 3860 3883
f 3860 3884 3883
f 3860 3861 3884
f 3861 3885 3884
f 3861 3862 3885
f 3862 3886 3885
f 3862 3863 3886
f 3863 3887 3886
f 3863 3864 3887
f 3864 3888 3887
f 3864 3865 3888
f 3865 3889 3888
f 3865 3866 3889
f 3866 3890 3889
f 3866 3867 3890
f 3867 3891 3890
f 3867 3868 3891
f 3868 3892 3891
f 3868 3869 3892
f 3869 3893 3892
f 3869 3870 3893
f 3870 3894 3893
f 3870 3871 3894
f 3871 3895 3894
f 3871 3872 3895
f 3872 3896 3895
f 3872 3873 3896
f 3873 3897 3896
f 3873 3874 3897
f 3874 3898 3897
f 3874 3875 3898
f 3875 3899 3898
f 3875 3876 3899
f 3876 3900 3899
f 3876 3877 3900
f 3877 3901 3900
f 3877 3854 3901
f 3854 3878 3901
f 3878 3879 3902
f 3879 3903 3902
f 3879 3880 3903
f 3880 3904 3903
f 3880 3881 3904
f 3881 3905 3904
f 3881 3882 3905
f 3882 3906 3905
f 3882 3883 3906
f 3883 3907 3906
f 3883 3884 3907
f 3884 3908 3907
f 3884 3885 3908
f 3885 3909 3908
f 3885 3886 3909
f 3886 3910 3909
f 3886 3887 3910
f 3887 3911 3910
f 3887 3888 3911
f 3888 3912 3911
f 3888 3889 3912
f 3889 3913 3912
f 3889 3890 3913
f 3890 3914 3913
f 3890 3891 3914
f 3891 3915 3914
f 3891 3892 3915
f 3892 3916 3915
f 3892 3893 3916
f 3893 3917 3916
f 3893 3894 3917
f 3894 3918 3917
f 3894 3895 3918
f 3895 3919 3918
f 3895 3896 3919
f 3896 3920 3919
f 3896 3897 3920
f 3897 3921 3920
f 3897 3898 3921
f 3898 3922 3921
f 3898 3899 3922
f 3899 3923 3922
f 3899 3900 3923
f 3900 3924 3923
f 3900 3901 3924
f 3901 3925 3924
f 3901 3878 3925
f 3878 3902 3925
f 3926 3831 3830
f 3926 3832 3831
f 3926 3833 3832
f 3926 3834 3833
f 3926 3835 3834
f 3926 3836 3835
f 3926 3837 3836
f 3926 3838 3837
f 3926 3839 3838
f 3926 3840 3839
f 3926 3841 3840
f 3926 3842 3841
f 3926 3843 3842
f 3926 3844 3843
f 3926 3845 3844
f 3926 3846 3845
f 3926 3847 3846
f 3926 3848 3847
f 3926 3849 3848
f 3926 3850 3849
f 3926 3851 3850
f 3926 3852 3851
f 3926 3853 3852
f 3926 3830 3853
f 3927 3902 3903
f 3927 3903 3904
f 3927 3904 3905
f 3927 3905 3906
f 3927 3906 3907
f 3927 3907 3908
f 3927 3908 3909
f 3927 3909 3910
f 3927 3910 3911
f 3927 3911 3912
f 3927 3912 3913
f 3927 3913 3914
f 3927 3914 3915
f 3927 3915 3916
f 3927 3916 3917
f 3927 3917 3918
f 3927 3918 3919
f 3927 3919 3920
f 3927 3920 3921
f 3927 3921 3922
f 3927 3922 3923
f 3927 3923 3924
f 3927 3924 3925
f 3927 3925 3902
f 3928 3930 3929
f 3928 3931 3930
f 3928 3932 3931
f 3928 3933 3932
f 3928 3934 3933
f 3928 3935 3934
f 3928 3936 3935
f 3928 3937 3936
f 3928 3938 3937
f 3928 3939 3938
f 3928 3940 3939
f 3928 3941 3940
f 3928 3942 3941
f 3928 3943 3942
f 3928 3944 3943
f 3928 3945 3944
f 3928 3946 3945
f 3928 3947 3946
f 3928 3948 3947
f 3928 3949 3948
f 3928 3950 3949
f 3928 3951 3950
f 3928 3952 3951
f 3928 3953 3952
f 3928 3954 3953
f 3928 3955 3954
f 3928 3956 3955
f 3928 3957 3956
f 3928 3958 3957
f 3928 3959 3958
f 3928 3960 3959
f 3928 3929 3960
f 3930 3961 3929
f 3962 3961 3930
f 3931 3962 3930
f 3963 3962 3931
f 3932 3963 3931
f 3964 3963 3932
f 3933 3964 3932
f 3965 3964 3933
f 3934 3965 3933
f 3966 3965 3934
f 3935 3966 3934
f 3967 3966 3935
f 3936 3967 3935
f 3968 3967 3936
f 3937 3968 3936
f 3969 3968 3937
f 3938 3969 3937
f 3970 3969 3938
f 3939 3970 3938
f 3971 3970 3939
f 3940 3971 3939
f 3972 3971 3940
f 3941 3972 3940
f 3973 3972 3941
f 3942 3973 3941
f 3974 3973 3942
f 3943 3974 3942
f 3975 3974 3943
f 3944 3975 3943
f 3976 3975 3944
f 3945 3976 3944
f 3977 3976 3945
f 3946 3977 3945
f 3978 3977 3946
f 3947 3978 3946
f 3979 3978 3947
f 3948 3979 3947
f 3980 3979 3948
f 3949 3980 3948
f 3981 3980 3949
f 3950 3981 3949
f 3982 3981 3950
f 3951 3982 3950
f 3983 3982 3951
f 3952 3983 3951
f 3984 3983 3952
f 3953 3984 3952
f 3985 3984 3953
f 3954 3985 3953
f 3986 3985 3954
f 3955 3986 3954
f 3987 3986 3955
f 3956 3987 3955
f 3988 3987 3956
f 3957 3988 3956
f 3989 3988 3957
f 3958 3989 3957
f 3990 3989 3958
f 3959 3990 3958
f 3991 3990 3959
f 3960 3991 3959
f 3992 3991 3960
f 3929 3992 3960
f 3961 3992 3929
f 3962 3993 3961
f 3994 3993 3962
f 3963 3994 3962
f 3995 3994 3963
f 3964 3995 3963
f 3996 3995 3964
f 3965 3996 3964
f 3997 3996 3965
f 3966 3997 3965
f 3998 3997 3966
f 3967 3998 3966
f 3999 3998 3967
f 3968 3999 3967
f 4000 3999 3968
f 3969 4000 3968
f 4001 4000 3969
f 3970 4001 3969
f 4002 4001 3970
f 3971 4002 3970
f 4003 4002 3971
f 3972 4003 3971
f 4004 4003 3972
f 3973 4004 3972
f 4005 4004 3973
f 3974 4005 3973
f 4006 4005 3974
f 3975 4006 3974
f 4007 4006 3975
f 3976 4007 3975
f 4008 4007 3976
f 3977 4008 3976
f 4009 4008 3977
f 3978 4009 3977
f 4010 4009 3978
f 3979 4010 3978
f 4011 4010 3979
f 3980 4011 3979
f 4012 4011 3980
f 3981 4012 3980
f 4013 4012 3981
f 3982 4013 3981
f 4014 4013 3982
f 3983 4014 3982
f 4015 4014 3983
f 3984 4015 3983
f 4016 4015 3984
f 3985 4016 3984
f 4017 4016 3985
f 3986 4017 3985
f 4018 4017 3986
f 3987 4018 3986
f 4019 4018 3987
f 3988 4019 3987
f 4020 4019 3988
f 3989 4020 3988
f 4021 4020 3989
f 3990 4021 3989
f 4022 4021 3990
f 3991 4022 3990
f 4023 4022 3991
f 3992 4023 3991
f 4024 4023 3992
f 3961 4024 3992
f 3993 4024 3961
f 3994 4025 3993
f 4026 4025 3994
f 3995 4026 3994
f 4027 4026 3995
f 3996 4027 3995
f 4028 4027 3996
f 3997 4028 3996
f 4029 4028 3997
f 3998 4029 3997
f 4030 4029 3998
f 3999 4030 3998
f 4031 4030 3999
f 4000 4031 3999
f 4032 4031 4000
f 4001 4032 4000
f 4033 4032 4001
f 4002 4033 4001
f 4034 4033 4002
f 4003 4034 4002
f 4035 4034 4003
f 4004 4035 4003
f 4036 4035 4004
f 4005 4036 4004
f 4037 4036 4005
f 4006 4037 4005
f 4038 4037 4006
f 4007 4038 4006
f 4039 4038 4007
f 4008 4039 4007
f 4040 4039 4008
f 4009 4040 4008
f 4041 4040 4009
f 4010 4041 4009
f 4042 4041 4010
f 4011 4042 4010
f 4043 4042 4011
f 4012 4043 4011
f 4044 4043 4012
f 4013 4044 4012
f 4045 4044 4013
f 4014 4045 4013
f 4046 4045 4014
f 4015 4046 4014
f 4047 4046 4015
f 4016 4047 4015
f 4048 4047 4016
f 4017 4048 4016
f 4049 4048 4017
f 4018 4049 4017
f 4050 4049 4018
f 4019 4050 4018
f 4051 4050 4019
f 4020 4051 4019
f 4052 4051 4020
f 4021 4052 4020
f 4053 4052 4021
f 4022 4053 4021
f 4054 4053 4022
f 4023 4054 4022
f 4055 4054 4023
f 4024 4055 4023
f 4056 4055 4024
f 3993 4056 4024
f 4025 4056 3993
f 4026 4057 4025
f 4058 4057 4026
f 4027 4058 4026
f 4059 4058 4027
f 4028 4059 4027
f 4060 4059 4028
f 4029 4060 4028
f 4061 4060 4029
f 4030 4061 4029
f 4062 4061 4030
f 4031 4062 4030
f 4063 4062 4031
f 4032 4063 4031
f 4064 4063 4032
f 4033 4064 4032
f 4065 4064 4033
f 4034 4065 4033
f 4066 4065 4034
f 4035 4066 4034
f 4067 4066 4035
f 4036 4067 4035
f 4068 4067 4036
f 4037 4068 4036
f 4069 4068 4037
f 4038 4069 4037
f 4070 4069 4038
f 4039 4070 4038
f 4071 4070 4039
f 4040 4071 4039
f 4072 4071 4040
f 4041 4072 4040
f 4073 4072 4041
f 4042 4073 4041
f 4074 4073 4042
f 4043 4074 4042
f 4075 4074 4043
f 4044 4075 4043
f 4076 4075 4044
f 4045 4076 4044
f 4077 4076 4045
f 4046 4077 4045
f 4078 4077 4046
f 4047 4078 4046
f 4079 4078 4047
f 4048 4079 4047
f 4080 4079 4048
f 4049 4080 4048
f 4081 4080 4049
f 4050 4081 4049
f 4082 4081 4050
f 4051 4082 4050
f 4083 4082 4051
f 4052 4083 4051
f 4084 4083 4052
f 4053 4084 4052
f 4085 4084 4053
f 4054 4085 4053
f 4086 4085 4054
f 4055 4086 4054
f 4087 4086 4055
f 4056 4087 4055
f 4088 4087 4056
f 4025 4088 4056
f 4057 4088 4025
f 4058 4089 4057
f 4090 4089 4058
f 4059 4090 4058
f 4091 4090 4059
f 4060 4091 4059
f 4092 4091 4060
f 4061 4092 4060
f 4093 4092 4061
f 4062 4093 4061
f 4094 4093 4062
f 4063 4094 4062
f 4095 4094 4063
f 4064 4095 4063
f 4096 4095 4064
f 4065 4096 4064
f 4097 4096 4065
f 4066 4097 4065
f 4098 4097 4066
f 4067 4098 4066
f 4099 4098 4067
f 4068 4099 4067
f 4100 4099 4068
f 4069 4100 4068
f 4101 4100 4069
f 4070 4101 4069
f 4102 4101 4070
f 4071 4102 4070
f 4103 4102 4071
f 4072 4103 4071
f 4104 4103 4072
f 4073 4104 4072
f 4105 4104 4073
f 4074 4105 4073
f 4106 4105 4074
f 4075 4106 4074
f 4107 4106 4075
f 4076 4107 4075
f 4108 4107 4076
f 4077 4108 4076
f 4109 4108 4077
f 4078 4109 4077
f 4110 4109 4078
f 4079 4110 4078
f 4111 4110 4079
f 4080 4111 4079
f 4112 4111 4080
f 4081 4112 4080
f 4113 4112 4081
f 4082 4113 4081
f 4114 4113 4082
f 4083 4114 4082
f 4115 4114 4083
f 4084 4115 4083
f 4116 4115 4084
f 4085 4116 4084
f 4117 4116 4085
f 4086 4117 4085
f 4118 4117 4086
f 4087 4118 4086
f 4119 4118 4087
f 4088 4119 4087
f 4120 4119 4088
f 4057 4120 4088
f 4089 4120 4057
f 4090 4121 4089
f 4122 4121 4090
f 4091 4122 4090
f 4123 4122 4091
f 4092 4123 4091
f 4124 4123 4092
f 4093 4124 4092
f 4125 4124 4093
f 4094 4125 4093
f 4126 4125 4094
f 4095 4126 4094
f 4127 4126 4095
f 4096 4127 4095
f 4128 4127 4096
f 4097 4128 4096
f 4129 4128 4097
f 4098 4129 4097
f 4130 4129 4098
f 4099 4130 4098
f 4131 4130 4099
f 4100 4131 4099
f 4132 4131 4100
f 4101 4132 4100
f 4133 4132 4101
f 4102 4133 4101
f 4134 4133 4102
f 4103 4134 4102
f 4135 4134 4103
f 4104 4135 4103
f 4136 4135 4104
f 4105 4136 4104
f 4137 4136 4105
f 4106 4137 4105
f 4138 4137 4106
f 4107 4138 4106
f 4139 4138 4107
f 4108 4139 4107
f 4140 4139 4108
f 4109 4140 4108
f 4141 4140 4109
f 4110 4141 4109
f 4142 4141 4110
f 4111 4142 4110
f 4143 4142 4111
f 4112 4143 4111
f 4144 4143 4112
f 4113 4144 4112
f 4145 4144 4113
f 4114 4145 4113
f 4146 4145 4114
f 4115 4146 4114
f 4147 4146 4115
f 4116 4147 4115
f 4148 4147 4116
f 4117 4148 4116
f 4149 4148 4117
f 4118 4149 4117
f 4150 4149 4118
f 4119 4150 4118
f 4151 4150 4119
f 4120 4151 4119
f 4152 4151 4120
f 4089 4152 4120
f 4121 4152 4089
f 4122 4153 4121
f 4154 4153 4122
f 4123 4154 4122
f 4155 4154 4123
f 4124 4155 4123
f 4156 4155 4124
f 4125 4156 4124
f 4157 4156 4125
f 4126 4157 4125
f 4158 4157 4126
f 4127 4158 4126
f 4159 4158 4127
f 4128 4159 4127
f 4160 4159 4128
f 4129 4160 4128
f 4161 4160 4129
f 4130 4161 4129
f 4162 4161 4130
f 4131 4162 4130
f 4163 4162 4131
f 4132 4163 4131
f 4164 4163 4132
f 4133 4164 4132
f 4165 4164 4133
f 4134 4165 4133
f 4166 4165 4134
f 4135 4166 4134
f 4167 4166 4135
f 4136 4167 4135
f 4168 4167 4136
f 4137 4168 4136
f 4169 4168 4137
f 4138 4169 4137
f 4170 4169 4138
f 4139 4170 4138
f 4171 4170 4139
f 4140 4171 4139
f 4172 4171 4140
f 4141 4172 4140
f 4173 4172 4141
f 4142 4173 4141
f 4174 4173 4142
f 4143 4174 4142
f 4175 4174 4143
f 4144 4175 4143
f 4176 4175 4144
f 4145 4176 4144
f 4177 4176 4145
f 4146 4177 4145
f 4178 4177 4146
f 4147 4178 4146
f 4179 4178 4147
f 4148 4179 4147
f 4180 4179 4148
f 4149 4180 4148
f 4181 4180 4149
f 4150 4181 4149
f 4182 4181 4150
f 4151 4182 4150
f 4183 4182 4151
f 4152 4183 4151
f 4184 4183 4152
f 4121 4184 4152
f 4153 4184 4121
f 4154 4185 4153
f 4186 4185 4154
f 4155 4186 4154
f 4187 4186 4155
f 4156 4187 4155
f 4188 4187 4156
f 4157 4188 4156
f 4189 4188 4157
f 4158 4189 4157
f 4190 4189 4158
f 4159 4190 4158
f 4191 4190 4159
f 4160 4191 4159
f 4192 4191 4160
f 4161 4192 4160
f 4193 4192 4161
f 4162 4193 4161
f 4194 4193 4162
f 4163 4194 4162
f 4195 4194 4163
f 4164 4195 4163
f 4196 4195 4164
f 4165 4196 4164
f 4197 4196 4165
f 4166 4197 4165
f 4198 4197 4166
f 4167 4198 4166
f 4199 4198 4167
f 4168 4199 4167
f 4200 4199 4168
f 4169 4200 4168
f 4201 4200 4169
f 4170 4201 4169
f 4202 4201 4170
f 4171 4202 4170
f 4203 4202 4171
f 4172 4203 4171
f 4204 4203 4172
f 4173 4204 4172
f 4205 4204 4173
f 4174 4205 4173
f 4206 4205 4174
f 4175 4206 4174
f 4207 4206 4175
f 4176 4207 4175
f 4208 4207 4176
f 4177 4208 4176
f 4209 4208 4177
f 4178 4209 4177
f 4210 4209 4178
f 4179 4210 4178
f 4211 4210 4179
f 4180 4211 4179
f 4212 4211 4180
f 4181 4212 4180
f 4213 4212 4181
f 4182 4213 4181
f 4214 4213 4182
f 4183 4214 4182
f 4215 4214 4183
f 4184 4215 4183
f 4216 4215 4184
f 4153 4216 4184
f 4185 4216 4153
f 4186 4217 4185
f 4218 4217 4186
f 4187 4218 4186
f 4219 4218 4187
f 4188 4219 4187
f 4220 4219 4188
f 4189 4220 4188
f 4221 4220 4189
f 4190 4221 4189
f 4222 4221 4190
f 4191 4222 4190
f 4223 4222 4191
f 4192 4223 4191
f 4224 4223 4192
f 4193 4224 4192
f 4225 4224 4193
f 4194 4225 4193
f 4226 4225 4194
f 4195 4226 4194
f 4227 4226 4195
f 4196 4227 4195
f 4228 4227 4196
f 4197 4228 4196
f 4229 4228 4197
f 4198 4229 4197
f 4230 4229 4198
f 4199 4230 4198
f 4231 4230 4199
f 4200 4231 4199
f 4232 4231 4200
f 4201 4232 4200
f 4233 4232 4201
f 4202 4233 4201
f 4234 4233 4202
f 4203 4234 4202
f 4235 4234 4203
f 4204 4235 4203
f 4236 4235 4204
f 4205 4236 4204
f 4237 4236 4205
f 4206 4237 4205
f 4238 4237 4206
f 4207 4238 4206
f 4239 4238 4207
f 4208 4239 4207
f 4240 4239 4208
f 4209 4240 4208
f 4241 4240 4209
f 4210 4241 4209
f 4242 4241 4210
f 4211 4242 4210
f 4243 4242 4211
f 4212 4243 4211
f 4244 4243 4212
f 4213 4244 4212
f 4245 4244 4213
f 4214 4245 4213
f 4246 4245 4214
f 4215 4246 4214
f 4247 4246 4215
f 4216 4247 4215
f 4248 4247 4216
f 4185 4248 4216
f 4217 4248 4185
f 4218 4249 4217
f 4250 4249 4218
f 4219 4250 4218
f 4251 4250 4219
f 4220 4251 4219
f 4252 4251 4220
f 4221 4252 4220
f 4253 4252 4221
f 4222 4253 4221
f 4254 4253 4222
f 4223 4254 4222
f 4255 4254 4223
f 4224 4255 4223
f 4256 4255 4224
f 4225 4256 4224
f 4257 4256 4225
f 4226 4257 4225
f 4258 4257 4226
f 4227 4258 4226
f 4259 4258 4227
f 4228 4259 4227
f 4260 4259 4228
f 4229 4260 4228
f 4261 4260 4229
f 4230 4261 4229
f 4262 4261 4230
f 4231 4262 4230
f 4263 4262 4231
f 4232 4263 4231
f 4264 4263 4232
f 4233 4264 4232
f 4265 4264 4233
f 4234 4265 4233
f 4266 4265 4234
f 4235 4266 4234
f 4267 4266 4235
f 4236 4267 4235
f 4268 4267 4236
f 4237 4268 4236
f 4269 4268 4237
f 4238 4269 4237
f 4270 4269 4238
f 4239 4270 4238
f 4271 4270 4239
f 4240 4271 4239
f 4272 4271 4240
f 4241 4272 4240
f 4273 4272 4241
f 4242 4273 4241
f 4274 4273 4242
f 4243 4274 4242
f 4275 4274 4243
f 4244 4275 4243
f 4276 4275 4244
f 4245 4276 4244
f 4277 4276 4245
f 4246 4277 4245
f 4278 4277 4246
f 4247 4278 4246
f 4279 4278 4247
f 4248 4279 4247
f 4280 4279 4248
f 4217 4280 4248
f 4249 4280 4217
f 4250 4281 4249
f 4282 4281 4250
f 4251 4282 4250
f 4283 4282 4251
f 4252 4283 4251
f 4284 4283 4252
f 4253 4284 4252
f 4285 4284 4253
f 4254 4285 4253
f 4286 4285 4254
f 4255 4286 4254
f 4287 4286 4255
f 4256 4287 4255
f 4288 4287 4256
f 4257 4288 4256
f 4289 4288 4257
f 4258 4289 4257
f 4290 4289 4258
f 4259 4290 4258
f 4291 4290 4259
f 4260 4291 4259
f 4292 4291 4260
f 4261 4292 4260
f 4293 4292 4261
f 4262 4293 4261
f 4294 4293 4262
f 4263 4294 4262
f 4295 4294 4263
f 4264 4295 4263
f 4296 4295 4264
f 4265 4296 4264
f 4297 4296 4265
f 4266 4297 4265
f 4298 4297 4266
f 4267 4298 4266
f 4299 4298 4267
f 4268 4299 4267
f 4300 4299 4268
f 4269 4300 4268
f 4301 4300 4269
f 4270 4301 4269
f 4302 4301 4270
f 4271 4302 4270
f 4303 4302 4271
f 4272 4303 4271
f 4304 4303 4272
f 4273 4304 4272
f 4305 4304 4273
f 4274 4305 4273
f 4306 4305 4274
f 4275 4306 4274
f 4307 4306 4275
f 4276 4307 4275
f 4308 4307 4276
f 4277 4308 4276
f 4309 4308 4277
f 4278 4309 4277
f 4310 4309 4278
f 4279 4310 4278
f 4311 4310 4279
f 4280 4311 4279
f 4312 4311 4280
f 4249 4312 4280
f 4281 4312 4249
f 4282 4313 4281
f 4314 4313 4282
f 4283 4314 4282
f 4315 4314 4283
f 4284 4315 4283
f 4316 4315 4284
f 4285 4316 4284
f 4317 4316 4285
f 4286 4317 4285
f 4318 4317 4286
f 4287 4318 4286
f 4319 4318 4287
f 4288 4319 4287
f 4320 4319 4288
f 4289 4320 4288
f 4321 4320 4289
f 4290 4321 4289
f 4322 4321 4290
f 4291 4322 4290
f 4323 4322 4291
f 4292 4323 4291
f 4324 4323 4292
f 4293 4324 4292
f 4325 4324 4293
f 4294 4325 4293
f 4326 4325 4294
f 4295 4326 4294
f 4327 4326 4295
f 4296 4327 4295
f 4328 4327 4296
f 4297 4328 4296
f 4329 4328 4297
f 4298 4329 4297
f 4330 4329 4298
f 4299 4330 4298
f 4331 4330 4299
f 4300 4331 4299
f 4332 4331 4300
f 4301 4332 4300
f 4333 4332 4301
f 4302 4333 4301
f 4334 4333 4302
f 4303 4334 4302
f 4335 4334 4303
f 4304 4335 4303
f 4336 4335 4304
f 4305 4336 4304
f 4337 4336 4305
f 4306 4337 4305
f 4338 4337 4306
f 4307 4338 4306
f 4339 4338 4307
f 4308 4339 4307
f 4340 4339 4308
f 4309 4340 4308
f 4341 4340 4309
f 4310 4341 4309
f 4342 4341 4310
f 4311 4342 4310
f 4343 4342 4311
f 4312 4343 4311
f 4344 4343 4312
f 4281 4344 4312
f 4313 4344 4281
f 4314 4345 4313
f 4346 4345 4314
f 4315 4346 4314
f 4347 4346 4315
f 4316 4347 4315
f 4348 4347 4316
f 4317 4348 4316
f 4349 4348 4317
f 4318 4349 4317
f 4350 4349 4318
f 4319 4350 4318
f 4351 4350 4319
f 4320 4351 4319
f 4352 4351 4320
f 4321 4352 4320
f 4353 4352 4321
f 4322 4353 4321
f 4354 4353 4322
f 4323 4354 4322
f 4355 4354 4323
f 4324 4355 4323
f 4356 4355 4324
f 4325 4356 4324
f 4357 4356 4325
f 4326 4357 4325
f 4358 4357 4326
f 4327 4358 4326
f 4359 4358 4327
f 4328 4359 4327
f 4360 4359 4328
f 4329 4360 4328
f 4361 4360 4329
f 4330 4361 4329
f 4362 4361 4330
f 4331 4362 4330
f 4363 4362 4331
f 4332 4363 4331
f 4364 4363 4332
f 4333 4364 4332
f 4365 4364 4333
f 4334 4365 4333
f 4366 4365 4334
f 4335 4366 4334
f 4367 4366 4335
f 4336 4367 4335
f 4368 4367 4336
f 4337 4368 4336
f 4369 4368 4337
f 4338 4369 4337
f 4370 4369 4338
f 4339 4370 4338
f 4371 4370 4339
f 4340 4371 4339
f 4372 4371 4340
f 4341 4372 4340
f 4373 4372 4341
f 4342 4373 4341
f 4374 4373 4342
f 4343 4374 4342
f 4375 4374 4343
f 4344 4375 4343
f 4376 4375 4344
f 4313 4376 4344
f 4345 4376 4313
f 4346 4377 4345
f 4378 4377 4346
f 4347 4378 4346
f 4379 4378 4347
f 4348 4379 4347
f 4380 4379 4348
f 4349 4380 4348
f 4381 4380 4349
f 4350 4381 4349
f 4382 4381 4350
f 4351 4382 4350
f 4383 4382 4351
f 4352 4383 4351
f 4384 4383 4352
f 4353 4384 4352
f 4385 4384 4353
f 4354 4385 4353
f 4386 4385 4354
f 4355 4386 4354
f 4387 4386 4355
f 4356 4387 4355
f 4388 4387 4356
f 4357 4388 4356
f 4389 4388 4357
f 4358 4389 4357
f 4390 4389 4358
f 4359 4390 4358
f 4391 4390 4359
f 4360 4391 4359
f 4392 4391 4360
f 4361 4392 4360
f 4393 4392 4361
f 4362 4393 4361
f 4394 4393 4362
f 4363 4394 4362
f 4395 4394 4363
f 4364 4395 4363
f 4396 4395 4364
f 4365 4396 4364
f 4397 4396 4365
f 4366 4397 4365
f 4398 4397 4366
f 4367 4398 4366
f 4399 4398 4367
f 4368 4399 4367
f 4400 4399 4368
f 4369 4400 4368
f 4401 4400 4369
f 4370 4401 4369
f 4402 4401 4370
f 4371 4402 4370
f 4403 4402 4371
f 4372 4403 4371
f 4404 4403 4372
f 4373 4404 4372
f 4405 4404 4373
f 4374 4405 4373
f 4406 4405 4374
f 4375 4406 4374
f 4407 4406 4375
f 4376 4407 4375
f 4408 4407 4376
f 4345 4408 4376
f 4377 4408 4345
f 4378 4409 4377
f 4410 4409 4378
f 4379 4410 4378
f 4411 4410 4379
f 4380 4411 4379
f 4412 4411 4380
f 4381 4412 4380
f 4413 4412 4381
f 4382 4413 4381
f 4414 4413 4382
f 4383 4414 4382
f 4415 4414 4383
f 4384 4415 4383
f 4416 4415 4384
f 4385 4416 4384
f 4417 4416 4385
f 4386 4417 4385
f 4418 4417 4386
f 4387 4418 4386
f 4419 4418 4387
f 4388 4419 4387
f 4420 4419 4388
f 4389 4420 4388
f 4421 4420 4389
f 4390 4421 4389
f 4422 4421 4390
f 4391 4422 4390
f 4423 4422 4391
f 4392 4423 4391
f 4424 4423 4392
f 4393 4424 4392
f 4425 4424 4393
f 4394 4425 4393
f 4426 4425 4394
f 4395 4426 4394
f 4427 4426 4395
f 4396 4427 4395
f 4428 4427 4396
f 4397 4428 4396
f 4429 4428 4397
f 4398 4429 4397
f 4430 4429 4398
f 4399 4430 4398
f 4431 4430 4399
f 4400 4431 4399
f 4432 4431 4400
f 4401 4432 4400
f 4433 4432 4401
f 4402 4433 4401
f 4434 4433 4402
f 4403 4434 4402
f 4435 4434 4403
f 4404 4435 4403
f 4436 4435 4404
f 4405 4436 4404
f 4437 4436 4405
f 4406 4437 4405
f 4438 4437 4406
f 4407 4438 4406
f 4439 4438 4407
f 4408 4439 4407
f 4440 4439 4408
f 4377 4440 4408
f 4409 4440 4377
f 4410 4441 4409
f 4442 4441 4410
f 4411 4442 4410
f 4443 4442 4411
f 4412 4443 4411
f 4444 4443 4412
f 4413 4444 4412
f 4445 4444 4413
f 4414 4445 4413
f 4446 4445 4414
f 4415 4446 4414
f 4447 4446 4415
f 4416 4447 4415
f 4448 4447 4416
f 4417 4448 4416
f 4449 4448 4417
f 4418 4449 4417
f 4450 4449 4418
f 4419 4450 4418
f 4451 4450 4419
f 4420 4451 4419
f 4452 4451 4420
f 4421 4452 4420
f 4453 4452 4421
f 4422 4453 4421
f 4454 4453 4422
f 4423 4454 4422
f 4455 4454 4423
f 4424 4455 4423
f 4456 4455 4424
f 4425 4456 4424
f 4457 4456 4425
f 4426 4457 4425
f 4458 4457 4426
f 4427 4458 4426
f 4459 4458 4427
f 4428 4459 4427
f 4460 4459 4428
f 4429 4460 4428
f 4461 4460 4429
f 4430 4461 4429
f 4462 4461 4430
f 4431 4462 4430
f 4463 4462 4431
f 4432 4463 4431
f 4464 4463 4432
f 4433 4464 4432
f 4465 4464 4433
f 4434 4465 4433
f 4466 4465 4434
f 4435 4466 4434
f 4467 4466 4435
f 4436 4467 4435
f 4468 4467 4436
f 4437 4468 4436
f 4469 4468 4437
f 4438 4469 4437
f 4470 4469 4438
f 4439 4470 4438
f 4471 4470 4439
f 4440 4471 4439
f 4472 4471 4440
f 4409 4472 4440
f 4441 4472 4409
f 4442 4473 4441
f 4443 4473 4442
f 4444 4473 4443
f 4445 4473 4444
f 4446 4473 4445
f 4447 4473 4446
f 4448 4473 4447
f 4449 4473 4448
f 4450 4473 4449
f 4451 4473 4450
f 4452 4473 4451
f 4453 4473 4452
f 4454 4473 4453
f 4455 4473 4454
f 4456 4473 4455
f 4457 4473 4456
f 4458 4473 4457
f 4459 4473 4458
f 4460 4473 4459
f 4461 4473 4460
f 4462 4473 4461
f 4463 4473 4462
f 4464 4473 4463
f 4465 4473 4464
f 4466 4473 4465
f 4467 4473 4466
f 4468 4473 4467
f 4469 4473 4468
f 4470 4473 4469
f 4471 4473 4470
f 4472 4473 4471
f 4441 4473 4472
f 4474 4475 4484
f 4475 4485 4484
f 4475 4476 4485
f 4476 4486 4485
f 4476 4477 4486
f 4477 4487 4486
f 4477 4478 4487
f 4478 4488 4487
f 4478 4479 4488
f 4479 4489 4488
f 4479 4480 4489
f 4480 4490 4489
f 4480 4481 4490
f 4481 4491 4490
f 4481 4482 4491
f 4482 4492 4491
f 4482 4483 4492
f 4483 4493 4492
f 4483 4474 4493
f 4474 4484 4493
f 4484 4485 4494
f 4485 4495 4494
f 4485 4486 4495
f 4486 4496 4495
f 4486 4487 4496
f 4487 4497 4496
f 4487 4488 4497
f 4488 4498 4497
f 4488 4489 4498
f 4489 4499 4498
f 4489 4490 4499
f 4490 4500 4499
f 4490 4491 4500
f 4491 4501 4500
f 4491 4492 4501
f 4492 4502 4501
f 4492 4493 4502
f 4493 4503 4502
f 4493 4484 4503
f 4484 4494 4503
f 4504 4475 4474
f 4504 4476 4475
f 4504 4477 4476
f 4504 4478 4477
f 4504 4479 4478
f 4504 4480 4479
f 4504 4481 4480
f 4504 4482 4481
f 4504 4483 4482
f 4504 4474 4483
f 4505 4494 4495
f 4505 4495 4496
f 4505 4496 4497
f 4505 4497 4498
f 4505 4498 4499
f 4505 4499 4500
f 4505 4500 4501
f 4505 4501 4502
f 4505 4502 4503
f 4505 4503 4494
f 4506 4507 4520
f 4507 4521 4520
f 4507 4508 4521
f 4508 4522 4521
f 4508 4509 4522
f 4509 4523 4522
f 4509 4510 4523
f 4510 4524 4523
f 4510 4511 4524
f 4511 4525 4524
f 4511 4512 4525
f 4512 4526 4525
f 4512 4513 4526
f 4513 4527 4526
f 4513 4514 4527
f 4514 4528 4527
f 4514 4515 4528
f 4515 4529 4528
f 4515 4516 4529
f 4516 4530 4529
f 4516 4517 4530
f 4517 4531 4530
f 4517 4518 4531
f 4518 4532 4531
f 4518 4519 4532
f 4519 4533 4532
f 4519 4506 4533
f 4506 4520 4533
f 4520 4521 4534
f 4521 4535 4534
f 4521 4522 4535
f 4522 4536 4535
f 4522 4523 4536
f 4523 4537 4536
f 4523 4524 4537
f 4524 4538 4537
f 4524 4525 4538
f 4525 4539 4538
f 4525 4526 4539
f 4526 4540 4539
f 4526 4527 4540
f 4527 4541 4540
f 4527 4528 4541
f 4528 4542 4541
f 4528 4529 4542
f 4529 4543 4542
f 4529 4530 4543
f 4530 4544 4543
f 4530 4531 4544
f 4531 4545 4544
f 4531 4532 4545
f 4532 4546 4545
f 4532 4533 4546
f 4533 4547 4546
f 4533 4520 4547
f 4520 4534 4547
f 4548 4507 4506
f 4548 4508 4507
f 4548 4509 4508
f 4548 4510 4509
f 4548 4511 4510
f 4548 4512 4511
f 4548 4513 4512
f 4548 4514 4513
f 4548 4515 4514
f 4548 4516 4515
f 4548 4517 4516
f 4548 4518 4517
f 4548 4519 4518
f 4548 4506 4519
f 4549 4534 4535
f 4549 4535 4536
f 4549 4536 4537
f 4549 4537 4538
f 4549 4538 4539
f 4549 4539 4540
f 4549 4540 4541
f 4549 4541 4542
f 4549 4542 4543
f 4549 4543 4544
f 4549 4544 4545
f 4549 4545 4546
f 4549 4546 4547
f 4549 4547 4534
f 4550 4551 4564
f 4551 4565 4564
f 4551 4552 4565
f 4552 4566 4565
f 4552 4553 4566
f 4553 4567 4566
f 4553 4554 4567
f 4554 4568 4567
f 4554 4555 4568
f 4555 4569 4568
f 4555 4556 4569
f 4556 4570 4569
f 4556 4557 4570
f 4557 4571 4570
f 4557 4558 4571
f 4558 4572 4571
f 4558 4559 4572
f 4559 4573 4572
f 4559 4560 4573
f 4560 4574 4573
f 4560 4561 4574
f 4561 4575 4574
f 4561 4562 4575
f 4562 4576 4575
f 4562 4563 4576
f 4563 4577 4576
f 4563 4550 4577
f 4550 4564 4577
f 4564 4565 4578
f 4565 4579 4578
f 4565 4566 4579
f 4566 4580 4579
f 4566 4567 4580
f 4567 4581 4580
f 4567 4568 4581
f 4568 4582 4581
f 4568 4569 4582
f 4569 4583 4582
f 4569 4570 4583
f 4570 4584 4583
f 4570 4571 4584
f 4571 4585 4584
f 4571 4572 4585
f 4572 4586 4585
f 4572 4573 4586
f 4573 4587 4586
f 4573 4574 4587
f 4574 4588 4587
f 4574 4575 4588
f 4575 4589 4588
f 4575 4576 4589
f 4576 4590 4589
f 4576 4577 4590
f 4577 4591 4590
f 4577 4564 4591
f 4564 4578 4591
f 4592 4551 4550
f 4592 4552 4551
f 4592 4553 4552
f 4592 4554 4553
f 4592 4555 4554
f 4592 4556 4555
f 4592 4557 4556
f 4592 4558 4557
f 4592 4559 4558
f 4592 4560 4559
f 4592 4561 4560
f 4592 4562 4561
f 4592 4563 4562
f 4592 4550 4563
f 4593 4578 4579
f 4593 4579 4580
f 4593 4580 4581
f 4593 4581 4582
f 4593 4582 4583
f 4593 4583 4584
f 4593 4584 4585
f 4593 4585 4586
f 4593 4586 4587
f 4593 4587 4588
f 4593 4588 4589
f 4593 4589 4590
f 4593 4590 4591
f 4593 4591 4578
f 4642 4595 4594
f 4642 4643 4595
f 4643 4596 4595
f 4643 4644 4596
f 4644 4597 4596
f 4644 4645 4597
f 4645 4598 4597
f 4645 4646 4598
f 4646 4599 4598
f 4646 4647 4599
f 4647 4600 4599
f 4647 4648 4600
f 4648 4601 4600
f 4648 4649 4601
f 4649 4602 4601
f 4649 4650 4602
f 4650 4603 4602
f 4650 4651 4603
f 4651 4604 4603
f 4651 4652 4604
f 4652 4605 4604
f 4652 4653 4605
f 4653 4606 4605
f 4653 4654 4606
f 4654 4607 4606
f 4654 4655 4607
f 4655 4608 4607
f 4655 4656 4608
f 4656 4609 4608
f 4656 4657 4609
f 4657 4610 4609
f 4657 4658 4610
f 4658 4611 4610
f 4658 4659 4611
f 4659 4612 4611
f 4659 4660 4612
f 4660 4613 4612
f 4660 4661 4613
f 4661 4614 4613
f 4661 4662 4614
f 4662 4615 4614
f 4662 4663 4615
f 4663 4616 4615
f 4663 4664 4616
f 4664 4617 4616
f 4664 4665 4617
f 4665 4618 4617
f 4665 4666 4618
f 4666 4619 4618
f 4666 4667 4619
f 4667 4620 4619
f 4667 4668 4620
f 4668 4621 4620
f 4668 4669 4621
f 4669 4622 4621
f 4669 4670 4622
f 4670 4623 4622
f 4670 4671 4623
f 4671 4624 4623
f 4671 4672 4624
f 4672 4625 4624
f 4672 4673 4625
f 4673 4626 4625
f 4673 4674 4626
f 4674 4627 4626
f 4674 4675 4627
f 4675 4628 4627
f 4675 4676 4628
f 4676 4629 4628
f 4676 4677 4629
f 4677 4630 4629
f 4677 4678 4630
f 4678 4631 4630
f 4678 4679 4631
f 4679 4632 4631
f 4679 4680 4632
f 4680 4633 4632
f 4680 4681 4633
f 4681 4634 4633
f 4681 4682 4634
f 4682 4635 4634
f 4682 4683 4635
f 4683 4636 4635
f 4683 4684 4636
f 4684 4637 4636
f 4684 4685 4637
f 4685 4638 4637
f 4685 4686 4638
f 4686 4639 4638
f 4686 4687 4639
f 4687 4640 4639
f 4687 4688 4640
f 4688 4641 4640
f 4688 4689 4641
f 4689 4594 4641
f 4689 4642 4594
f 4690 4643 4642
f 4690 4691 4643
f 4691 4644 4643
f 4691 4692 4644
f 4692 4645 4644
f 4692 4693 4645
f 4693 4646 4645
f 4693 4694 4646
f 4694 4647 4646
f 4694 4695 4647
f 4695 4648 4647
f 4695 4696 4648
f 4696 4649 4648
f 4696 4697 4649
f 4697 4650 4649
f 4697 4698 4650
f 4698 4651 4650
f 4698 4699 4651
f 4699 4652 4651
f 4699 4700 4652
f 4700 4653 4652
f 4700 4701 4653
f 4701 4654 4653
f 4701 4702 4654
f 4702 4655 4654
f 4702 4703 4655
f 4703 4656 4655
f 4703 4704 4656
f 4704 4657 4656
f 4704 4705 4657
f 4705 4658 4657
f 4705 4706 4658
f 4706 4659 4658
f 4706 4707 4659
f 4707 4660 4659
f 4707 4708 4660
f 4708 4661 4660
f 4708 4709 4661
f 4709 4662 4661
f 4709 4710 4662
f 4710 4663 4662
f 4710 4711 4663
f 4711 4664 4663
f 4711 4712 4664
f 4712 4665 4664
f 4712 4713 4665
f 4713 4666 4665
f 4713 4714 4666
f 4714 4667 4666
f 4714 4715 4667
f 4715 4668 4667
f 4715 4716 4668
f 4716 4669 4668
f 4716 4717 4669
f 4717 4670 4669
f 4717 4718 4670
f 4718 4671 4670
f 4718 4719 4671
f 4719 4672 4671
f 4719 4720 4672
f 4720 4673 4672
f 4720 4721 4673
f 4721 4674 4673
f 4721 4722 4674
f 4722 4675 4674
f 4722 4723 4675
f 4723 4676 4675
f 4723 4724 4676
f 4724 4677 4676
f 4724 4725 4677
f 4725 4678 4677
f 4725 4726 4678
f 4726 4679 4678
f 4726 4727 4679
f 4727 4680 4679
f 4727 4728 4680
f 4728 4681 4680
f 4728 4729 4681
f 4729 4682 4681
f 4729 4730 4682
f 4730 4683 4682
f 4730 4731 4683
f 4731 4684 4683
f 4731 4732 4684
f 4732 4685 4684
f 4732 4733 4685
f 4733 4686 4685
f 4733 4734 4686
f 4734 4687 4686
f 4734 4735 4687
f 4735 4688 4687
f 4735 4736 4688
f 4736 4689 4688
f 4736 4737 4689
f 4737 4642 4689
f 4737 4690 4642
f 4738 4740 4739
f 4738 4741 4740
f 4738 4742 4741
f 4738 4743 4742
f 4738 4744 4743
f 4738 4745 4744
f 4738 4746 4745
f 4738 4747 4746
f 4738 4748 4747
f 4738 4749 4748
f 4738 4750 4749
f 4738 4751 4750
f 4738 4752 4751
f 4738 4753 4752
f 4738 4754 4753
f 4738 4755 4754
f 4738 4756 4755
f 4738 4757 4756
f 4738 4758 4757
f 4738 4739 4758
f 4740 4759 4739
f 4760 4759 4740
f 4741 4760 4740
f 4761 4760 4741
f 4742 4761 4741
f 4762 4761 4742
f 4743 4762 4742
f 4763 4762 4743
f 4744 4763 4743
f 4764 4763 4744
f 4745 4764 4744
f 4765 4764 4745
f 4746 4765 4745
f 4766 4765 4746
f 4747 4766 4746
f 4767 4766 4747
f 4748 4767 4747
f 4768 4767 4748
f 4749 4768 4748
f 4769 4768 4749
f 4750 4769 4749
f 4770 4769 4750
f 4751 4770 4750
f 4771 4770 4751
f 4752 4771 4751
f 4772 4771 4752
f 4753 4772 4752
f 4773 4772 4753
f 4754 4773 4753
f 4774 4773 4754
f 4755 4774 4754
f 4775 4774 4755
f 4756 4775 4755
f 4776 4775 4756
f 4757 4776 4756
f 4777 4776 4757
f 4758 4777 4757
f 4778 4777 4758
f 4739 4778 4758
f 4759 4778 4739
f 4760 4779 4759
f 4780 4779 4760
f 4761 4780 4760
f 4781 4780 4761
f 4762 4781 4761
f 4782 4781 4762
f 4763 4782 4762
f 4783 4782 4763
f 4764 4783 4763
f 4784 4783 4764
f 4765 4784 4764
f 4785 4784 4765
f 4766 4785 4765
f 4786 4785 4766
f 4767 4786 4766
f 4787 4786 4767
f 4768 4787 4767
f 4788 4787 4768
f 4769 4788 4768
f 4789 4788 4769
f 4770 4789 4769
f 4790 4789 4770
f 4771 4790 4770
f 4791 4790 4771
f 4772 4791 4771
f 4792 4791 4772
f 4773 4792 4772
f 4793 4792 4773
f 4774 4793 4773
f 4794 4793 4774
f 4775 4794 4774
f 4795 4794 4775
f 4776 4795 4775
f 4796 4795 4776
f 4777 4796 4776
f 4797 4796 4777
f 4778 4797 4777
f 4798 4797 4778
f 4759 4798 4778
f 4779 4798 4759
f 4780 4799 4779
f 4800 4799 4780
f 4781 4800 4780
f 4801 4800 4781
f 4782 4801 4781
f 4802 4801 4782
f 4783 4802 4782
f 4803 4802 4783
f 4784 4803 4783
f 4804 4803 4784
f 4785 4804 4784
f 4805 4804 4785
f 4786 4805 4785
f 4806 4805 4786
f 4787 4806 4786
f 4807 4806 4787
f 4788 4807 4787
f 4808 4807 4788
f 4789 4808 4788
f 4809 4808 4789
f 4790 4809 4789
f 4810 4809 4790
f 4791 4810 4790
f 4811 4810 4791
f 4792 4811 4791
f 4812 4811 4792
f 4793 4812 4792
f 4813 4812 4793
f 4794 4813 4793
f 4814 4813 4794
f 4795 4814 4794
f 4815 4814 4795
f 4796 4815 4795
f 4816 4815 4796
f 4797 4816 4796
f 4817 4816 4797
f 4798 4817 4797
f 4818 4817 4798
f 4779 4818 4798
f 4799 4818 4779
f 4800 4819 4799
f 4820 4819 4800
f 4801 4820 4800
f 4821 4820 4801
f 4802 4821 4801
f 4822 4821 4802
f 4803 4822 4802
f 4823 4822 4803
f 4804 4823 4803
f 4824 4823 4804
f 4805 4824 4804
f 4825 4824 4805
f 4806 4825 4805
f 4826 4825 4806
f 4807 4826 4806
f 4827 4826 4807
f 4808 4827 4807
f 4828 4827 4808
f 4809 4828 4808
f 4829 4828 4809
f 4810 4829 4809
f 4830 4829 4810
f 4811 4830 4810
f 4831 4830 4811
f 4812 4831 4811
f 4832 4831 4812
f 4813 4832 4812
f 4833 4832 4813
f 4814 4833 4813
f 4834 4833 4814
f 4815 4834 4814
f 4835 4834 4815
f 4816 4835 4815
f 4836 4835 4816
f 4817 4836 4816
f 4837 4836 4817
f 4818 4837 4817
f 4838 4837 4818
f 4799 4838 4818
f 4819 4838 4799
f 4820 4839 4819
f 4840 4839 4820
f 4821 4840 4820
f 4841 4840 4821
f 4822 4841 4821
f 4842 4841 4822
f 4823 4842 4822
f 4843 4842 4823
f 4824 4843 4823
f 4844 4843 4824
f 4825 4844 4824
f 4845 4844 4825
f 4826 4845 4825
f 4846 4845 4826
f 4827 4846 4826
f 4847 4846 4827
f 4828 4847 4827
f 4848 4847 4828
f 4829 4848 4828
f 4849 4848 4829
f 4830 4849 4829
f 4850 4849 4830
f 4831 4850 4830
f 4851 4850 4831
f 4832 4851 4831
f 4852 4851 4832
f 4833 4852 4832
f 4853 4852 4833
f 4834 4853 4833
f 4854 4853 4834
f 4835 4854 4834
f 4855 4854 4835
f 4836 4855 4835
f 4856 4855 4836
f 4837 4856 4836
f 4857 4856 4837
f 4838 4857 4837
f 4858 4857 4838
f 4819 4858 4838
f 4839 4858 4819
f 4840 4859 4839
f 4860 4859 4840
f 4841 4860 4840
f 4861 4860 4841
f 4842 4861 4841
f 4862 4861 4842
f 4843 4862 4842
f 4863 4862 4843
f 4844 4863 4843
f 4864 4863 4844
f 4845 4864 4844
f 4865 4864 4845
f 4846 4865 4845
f 4866 4865 4846
f 4847 4866 4846
f 4867 4866 4847
f 4848 4867 4847
f 4868 4867 4848
f 4849 4868 4848
f 4869 4868 4849
f 4850 4869 4849
f 4870 4869 4850
f 4851 4870 4850
f 4871 4870 4851
f 4852 4871 4851
f 4872 4871 4852
f 4853 4872 4852
f 4873 4872 4853
f 4854 4873 4853
f 4874 4873 4854
f 4855 4874 4854
f 4875 4874 4855
f 4856 4875 4855
f 4876 4875 4856
f 4857 4876 4856
f 4877 4876 4857
f 4858 4877 4857
f 4878 4877 4858
f 4839 4878 4858
f 4859 4878 4839
f 4860 4879 4859
f 4880 4879 4860
f 4861 4880 4860
f 4881 4880 4861
f 4862 4881 4861
f 4882 4881 4862
f 4863 4882 4862
f 4883 4882 4863
f 4864 4883 4863
f 4884 4883 4864
f 4865 4884 4864
f 4885 4884 4865
f 4866 4885 4865
f 4886 4885 4866
f 4867 4886 4866
f 4887 4886 4867
f 4868 4887 4867
f 4888 4887 4868
f 4869 4888 4868
f 4889 4888 4869
f 4870 4889 4869
f 4890 4889 4870
f 4871 4890 4870
f 4891 4890 4871
f 4872 4891 4871
f 4892 4891 4872
f 4873 4892 4872
f 4893 4892 4873
f 4874 4893 4873
f 4894 4893 4874
f 4875 4894 4874
f 4895 4894 4875
f 4876 4895 4875
f 4896 4895 4876
f 4877 4896 4876
f 4897 4896 4877
f 4878 4897 4877
f 4898 4897 4878
f 4859 4898 4878
f 4879 4898 4859
f 4880 4899 4879
f 4900 4899 4880
f 4881 4900 4880
f 4901 4900 4881
f 4882 4901 4881
f 4902 4901 4882
f 4883 4902 4882
f 4903 4902 4883
f 4884 4903 4883
f 4904 4903 4884
f 4885 4904 4884
f 4905 4904 4885
f 4886 4905 4885
f 4906 4905 4886
f 4887 4906 4886
f 4907 4906 4887
f 4888 4907 4887
f 4908 4907 4888
f 4889 4908 4888
f 4909 4908 4889
f 4890 4909 4889
f 4910 4909 4890
f 4891 4910 4890
f 4911 4910 4891
f 4892 4911 4891
f 4912 4911 4892
f 4893 4912 4892
f 4913 4912 4893
f 4894 4913 4893
f 4914 4913 4894
f 4895 4914 4894
f 4915 4914 4895
f 4896 4915 4895
f 4916 4915 4896
f 4897 4916 4896
f 4917 4916 4897
f 4898 4917 4897
f 4918 4917 4898
f 4879 4918 4898
f 4899 4918 4879
f 4900 4919 4899
f 4920 4919 4900
f 4901 4920 4900
f 4921 4920 4901
f 4902 4921 4901
f 4922 4921 4902
f 4903 4922 4902
f 4923 4922 4903
f 4904 4923 4903
f 4924 4923 4904
f 4905 4924 4904
f 4925 4924 4905
f 4906 4925 4905
f 4926 4925 4906
f 4907 4926 4906
f 4927 4926 4907
f 4908 4927 4907
f 4928 4927 4908
f 4909 4928 4908
f 4929 4928 4909
f 4910 4929 4909
f 4930 4929 4910
f 4911 4930 4910
f 4931 4930 4911
f 4912 4931 4911
f 4932 4931 4912
f 4913 4932 4912
f 4933 4932 4913
f 4914 4933 4913
f 4934 4933 4914
f 4915 4934 4914
f 4935 4934 4915
f 4916 4935 4915
f 4936 4935 4916
f 4917 4936 4916
f 4937 4936 4917
f 4918 4937 4917
f 4938 4937 4918
f 4899 4938 4918
f 4919 4938 4899
f 4920 4939 4919
f 4940 4939 4920
f 4921 4940 4920
f 4941 4940 4921
f 4922 4941 4921
f 4942 4941 4922
f 4923 4942 4922
f 4943 4942 4923
f 4924 4943 4923
f 4944 4943 4924
f 4925 4944 4924
f 4945 4944 4925
f 4926 4945 4925
f 4946 4945 4926
f 4927 4946 4926
f 4947 4946 4927
f 4928 4947 4927
f 4948 4947 4928
f 4929 4948 4928
f 4949 4948 4929
f 4930 4949 4929
f 4950 4949 4930
f 4931 4950 4930
f 4951 4950 4931
f 4932 4951 4931
f 4952 4951 4932
f 4933 4952 4932
f 4953 4952 4933
f 4934 4953 4933
f 4954 4953 4934
f 4935 4954 4934
f 4955 4954 4935
f 4936 4955 4935
f 4956 4955 4936
f 4937 4956 4936
f 4957 4956 4937
f 4938 4957 4937
f 4958 4957 4938
f 4919 4958 4938
f 4939 4958 4919
f 4940 4959 4939
f 4960 4959 4940
f 4941 4960 4940
f 4961 4960 4941
f 4942 4961 4941
f 4962 4961 4942
f 4943 4962 4942
f 4963 4962 4943
f 4944 4963 4943
f 4964 4963 4944
f 4945 4964 4944
f 4965 4964 4945
f 4946 4965 4945
f 4966 4965 4946
f 4947 4966 4946
f 4967 4966 4947
f 4948 4967 4947
f 4968 4967 4948
f 4949 4968 4948
f 4969 4968 4949
f 4950 4969 4949
f 4970 4969 4950
f 4951 4970 4950
f 4971 4970 4951
f 4952 4971 4951
f 4972 4971 4952
f 4953 4972 4952
f 4973 4972 4953
f 4954 4973 4953
f 4974 4973 4954
f 4955 4974 4954
f 4975 4974 4955
f 4956 4975 4955
f 4976 4975 4956
f 4957 4976 4956
f 4977 4976 4957
f 4958 4977 4957
f 4978 4977 4958
f 4939 4978 4958
f 4959 4978 4939
f 4960 4979 4959
f 4980 4979 4960
f 4961 4980 4960
f 4981 4980 4961
f 4962 4981 4961
f 4982 4981 4962
f 4963 4982 4962
f 4983 4982 4963
f 4964 4983 4963
f 4984 4983 4964
f 4965 4984 4964
f 4985 4984 4965
f 4966 4985 4965
f 4986 4985 4966
f 4967 4986 4966
f 4987 4986 4967
f 4968 4987 4967
f 4988 4987 4968
f 4969 4988 4968
f 4989 4988 4969
f 4970 4989 4969
f 4990 4989 4970
f 4971 4990 4970
f 4991 4990 4971
f 4972 4991 4971
f 4992 4991 4972
f 4973 4992 4972
f 4993 4992 4973
f 4974 4993 4973
f 4994 4993 4974
f 4975 4994 4974
f 4995 4994 4975
f 4976 4995 4975
f 4996 4995 4976
f 4977 4996 4976
f 4997 4996 4977
f 4978 4997 4977
f 4998 4997 4978
f 4959 4998 4978
f 4979 4998 4959
f 4980 4999 4979
f 4981 4999 4980
f 4982 4999 4981
f 4983 4999 4982
f 4984 4999 4983
f 4985 4999 4984
f 4986 4999 4985
f 4987 4999 4986
f 4988 4999 4987
f 4989 4999 4988
f 4990 4999 4989
f 4991 4999 4990
f 4992 4999 4991
f 4993 4999 4992
f 4994 4999 4993
f 4995 4999 4994
f 4996 4999 4995
f 4997 4999 4996
f 4998 4999 4997
f 4979 4999 4998
f 5000 5002 5001
f 5000 5003 5002
f 5000 5004 5003
f 5000 5005 5004
f 5000 5006 5005
f 5000 5007 5006
f 5000 5008 5007
f 5000 5009 5008
f 5000 5010 5009
f 5000 5011 5010
f 5000 5012 5011
f 5000 5013 5012
f 5000 5014 5013
f 5000 5015 5014
f 5000 5016 5015
f 5000 5017 5016
f 5000 5018 5017
f 5000 5019 5018
f 5000 5020 5019
f 5000 5001 5020
f 5002 5021 5001
f 5022 5021 5002
f 5003 5022 5002
f 5023 5022 5003
f 5004 5023 5003
f 5024 5023 5004
f 5005 5024 5004
f 5025 5024 5005
f 5006 5025 5005
f 5026 5025 5006
f 5007 5026 5006
f 5027 5026 5007
f 5008 5027 5007
f 5028 5027 5008
f 5009 5028 5008
f 5029 5028 5009
f 5010 5029 5009
f 5030 5029 5010
f 5011 5030 5010
f 5031 5030 5011
f 5012 5031 5011
f 5032 5031 5012
f 5013 5032 5012
f 5033 5032 5013
f 5014 5033 5013
f 5034 5033 5014
f 5015 5034 5014
f 5035 5034 5015
f 5016 5035 5015
f 5036 5035 5016
f 5017 5036 5016
f 5037 5036 5017
f 5018 5037 5017
f 5038 5037 5018
f 5019 5038 5018
f 5039 5038 5019
f 5020 5039 5019
f 5040 5039 5020
f 5001 5040 5020
f 5021 5040 5001
f 5022 5041 5021
f 5042 5041 5022
f 5023 5042 5022
f 5043 5042 5023
f 5024 5043 5023
f 5044 5043 5024
f 5025 5044 5024
f 5045 5044 5025
f 5026 5045 5025
f 5046 5045 5026
f 5027 5046 5026
f 5047 5046 5027
f 5028 5047 5027
f 5048 5047 5028
f 5029 5048 5028
f 5049 5048 5029
f 5030 5049 5029
f 5050 5049 5030
f 5031 5050 5030
f 5051 5050 5031
f 5032 5051 5031
f 5052 5051 5032
f 5033 5052 5032
f 5053 5052 5033
f 5034 5053 5033
f 5054 5053 5034
f 5035 5054 5034
f 5055 5054 5035
f 5036 5055 5035
f 5056 5055 5036
f 5037 5056 5036
f 5057 5056 5037
f 5038 5057 5037
f 5058 5057 5038
f 5039 5058 5038
f 5059 5058 5039
f 5040 5059 5039
f 5060 5059 5040
f 5021 5060 5040
f 5041 5060 5021
f 5042 5061 5041
f 5062 5061 5042
f 5043 5062 5042
f 5063 5062 5043
f 5044 5063 5043
f 5064 5063 5044
f 5045 5064 5044
f 5065 5064 5045
f 5046 5065 5045
f 5066 5065 5046
f 5047 5066 5046
f 5067 5066 5047
f 5048 5067 5047
f 5068 5067 5048
f 5049 5068 5048
f 5069 5068 5049
f 5050 5069 5049
f 5070 5069 5050
f 5051 5070 5050
f 5071 5070 5051
f 5052 5071 5051
f 5072 5071 5052
f 5053 5072 5052
f 5073 5072 5053
f 5054 5073 5053
f 5074 5073 5054
f 5055 5074 5054
f 5075 5074 5055
f 5056 5075 5055
f 5076 5075 5056
f 5057 5076 5056
f 5077 5076 5057
f 5058 5077 5057
f 5078 5077 5058
f 5059 5078 5058
f 5079 5078 5059
f 5060 5079 5059
f 5080 5079 5060
f 5041 5080 5060
f 5061 5080 5041
f 5062 5081 5061
f 5082 5081 5062
f 5063 5082 5062
f 5083 5082 5063
f 5064 5083 5063
f 5084 5083 5064
f 5065 5084 5064
f 5085 5084 5065
f 5066 5085 5065
f 5086 5085 5066
f 5067 5086 5066
f 5087 5086 5067
f 5068 5087 5067
f 5088 5087 5068
f 5069 5088 5068
f 5089 5088 5069
f 5070 5089 5069
f 5090 5089 5070
f 5071 5090 5070
f 5091 5090 5071
f 5072 5091 5071
f 5092 5091 5072
f 5073 5092 5072
f 5093 5092 5073
f 5074 5093 5073
f 5094 5093 5074
f 5075 5094 5074
f 5095 5094 5075
f 5076 5095 5075
f 5096 5095 5076
f 5077 5096 5076
f 5097 5096 5077
f 5078 5097 5077
f 5098 5097 5078
f 5079 5098 5078
f 5099 5098 5079
f 5080 5099 5079
f 5100 5099 5080
f 5061 5100 5080
f 5081 5100 5061
f 5082 5101 5081
f 5102 5101 5082
f 5083 5102 5082
f 5103 5102 5083
f 5084 5103 5083
f 5104 5103 5084
f 5085 5104 5084
f 5105 5104 5085
f 5086 5105 5085
f 5106 5105 5086
f 5087 5106 5086
f 5107 5106 5087
f 5088 5107 5087
f 5108 5107 5088
f 5089 5108 5088
f 5109 5108 5089
f 5090 5109 5089
f 5110 5109 5090
f 5091 5110 5090
f 5111 5110 5091
f 5092 5111 5091
f 5112 5111 5092
f 5093 5112 5092
f 5113 5112 5093
f 5094 5113 5093
f 5114 5113 5094
f 5095 5114 5094
f 5115 5114 5095
f 5096 5115 5095
f 5116 5115 5096
f 5097 5116 5096
f 5117 5116 5097
f 5098 5117 5097
f 5118 5117 5098
f 5099 5118 5098
f 5119 5118 5099
f 5100 5119 5099
f 5120 5119 5100
f 5081 5120 5100
f 5101 5120 5081
f 5102 5121 5101
f 5122 5121 5102
f 5103 5122 5102
f 5123 5122 5103
f 5104 5123 5103
f 5124 5123 5104
f 5105 5124 5104
f 5125 5124 5105
f 5106 5125 5105
f 5126 5125 5106
f 5107 5126 5106
f 5127 5126 5107
f 5108 5127 5107
f 5128 5127 5108
f 5109 5128 5108
f 5129 5128 5109
f 5110 5129 5109
f 5130 5129 5110
f 5111 5130 5110
f 5131 5130 5111
f 5112 5131 5111
f 5132 5131 5112
f 5113 5132 5112
f 5133 5132 5113
f 5114 5133 5113
f 5134 5133 5114
f 5115 5134 5114
f 5135 5134 5115
f 5116 5135 5115
f 5136 5135 5116
f 5117 5136 5116
f 5137 5136 5117
f 5118 5137 5117
f 5138 5137 5118
f 5119 5138 5118
f 5139 5138 5119
f 5120 5139 5119
f 5140 5139 5120
f 5101 5140 5120
f 5121 5140 5101
f 5122 5141 5121
f 5142 5141 5122
f 5123 5142 5122
f 5143 5142 5123
f 5124 5143 5123
f 5144 5143 5124
f 5125 5144 5124
f 5145 5144 5125
f 5126 5145 5125
f 5146 5145 5126
f 5127 5146 5126
f 5147 5146 5127
f 5128 5147 5127
f 5148 5147 5128
f 5129 5148 5128
f 5149 5148 5129
f 5130 5149 5129
f 5150 5149 5130
f 5131 5150 5130
f 5151 5150 5131
f 5132 5151 5131
f 5152 5151 5132
f 5133 5152 5132
f 5153 5152 5133
f 5134 5153 5133
f 5154 5153 5134
f 5135 5154 5134
f 5155 5154 5135
f 5136 5155 5135
f 5156 5155 5136
f 5137 5156 5136
f 5157 5156 5137
f 5138 5157 5137
f 5158 5157 5138
f 5139 5158 5138
f 5159 5158 5139
f 5140 5159 5139
f 5160 5159 5140
f 5121 5160 5140
f 5141 5160 5121
f 5142 5161 5141
f 5162 5161 5142
f 5143 5162 5142
f 5163 5162 5143
f 5144 5163 5143
f 5164 5163 5144
f 5145 5164 5144
f 5165 5164 5145
f 5146 5165 5145
f 5166 5165 5146
f 5147 5166 5146
f 5167 5166 5147
f 5148 5167 5147
f 5168 5167 5148
f 5149 5168 5148
f 5169 5168 5149
f 5150 5169 5149
f 5170 5169 5150
f 5151 5170 5150
f 5171 5170 5151
f 5152 5171 5151
f 5172 5171 5152
f 5153 5172 5152
f 5173 5172 5153
f 5154 5173 5153
f 5174 5173 5154
f 5155 5174 5154
f 5175 5174 5155
f 5156 5175 5155
f 5176 5175 5156
f 5157 5176 5156
f 5177 5176 5157
f 5158 5177 5157
f 5178 5177 5158
f 5159 5178 5158
f 5179 5178 5159
f 5160 5179 5159
f 5180 5179 5160
f 5141 5180 5160
f 5161 5180 5141
f 5162 5181 5161
f 5182 5181 5162
f 5163 5182 5162
f 5183 5182 5163
f 5164 5183 5163
f 5184 5183 5164
f 5165 5184 5164
f 5185 5184 5165
f 5166 5185 5165
f 5186 5185 5166
f 5167 5186 5166
f 5187 5186 5167
f 5168 5187 5167
f 5188 5187 5168
f 5169 5188 5168
f 5189 5188 5169
f 5170 5189 5169
f 5190 5189 5170
f 5171 5190 5170
f 5191 5190 5171
f 5172 5191 5171
f 5192 5191 5172
f 5173 5192 5172
f 5193 5192 5173
f 5174 5193 5173
f 5194 5193 5174
f 5175 5194 5174
f 5195 5194 5175
f 5176 5195 5175
f 5196 5195 5176
f 5177 5196 5176
f 5197 5196 5177
f 5178 5197 5177
f 5198 5197 5178
f 5179 5198 5178
f 5199 5198 5179
f 5180 5199 5179
f 5200 5199 5180
f 5161 5200 5180
f 5181 5200 5161
f 5182 5201 5181
f 5202 5201 5182
f 5183 5202 5182
f 5203 5202 5183
f 5184 5203 5183
f 5204 5203 5184
f 5185 5204 5184
f 5205 5204 5185
f 5186 5205 5185
f 5206 5205 5186
f 5187 5206 5186
f 5207 5206 5187
f 5188 5207 5187
f 5208 5207 5188
f 5189 5208 5188
f 5209 5208 5189
f 5190 5209 5189
f 5210 5209 5190
f 5191 5210 5190
f 5211 5210 5191
f 5192 5211 5191
f 5212 5211 5192
f 5193 5212 5192
f 5213 5212 5193
f 5194 5213 5193
f 5214 5213 5194
f 5195 5214 5194
f 5215 5214 5195
f 5196 5215 5195
f 5216 5215 5196
f 5197 5216 5196
f 5217 5216 5197
f 5198 5217 5197
f 5218 5217 5198
f 5199 5218 5198
f 5219 5218 5199
f 5200 5219 5199
f 5220 5219 5200
f 5181 5220 5200
f 5201 5220 5181
f 5202 5221 5201
f 5222 5221 5202
f 5203 5222 5202
f 5223 5222 5203
f 5204 5223 5203
f 5224 5223 5204
f 5205 5224 5204
f 5225 5224 5205
f 5206 5225 5205
f 5226 5225 5206
f 5207 5226 5206
f 5227 5226 5207
f 5208 5227 5207
f 5228 5227 5208
f 5209 5228 5208
f 5229 5228 5209
f 5210 5229 5209
f 5230 5229 5210
f 5211 5230 5210
f 5231 5230 5211
f 5212 5231 5211
f 5232 5231 5212
f 5213 5232 5212
f 5233 5232 5213
f 5214 5233 5213
f 5234 5233 5214
f 5215 5234 5214
f 5235 5234 5215
f 5216 5235 5215
f 5236 5235 5216
f 5217 5236 5216
f 5237 5236 5217
f 5218 5237 5217
f 5238 5237 5218
f 5219 5238 5218
f 5239 5238 5219
f 5220 5239 5219
f 5240 5239 5220
f 5201 5240 5220
f 5221 5240 5201
f 5222 5241 5221
f 5242 5241 5222
f 5223 5242 5222
f 5243 5242 5223
f 5224 5243 5223
f 5244 5243 5224
f 5225 5244 5224
f 5245 5244 5225
f 5226 5245 5225
f 5246 5245 5226
f 5227 5246 5226
f 5247 5246 5227
f 5228 5247 5227
f 5248 5247 5228
f 5229 5248 5228
f 5249 5248 5229
f 5230 5249 5229
f 5250 5249 5230
f 5231 5250 5230
f 5251 5250 5231
f 5232 5251 5231
f 5252 5251 5232
f 5233 5252 5232
f 5253 5252 5233
f 5234 5253 5233
f 5254 5253 5234
f 5235 5254 5234
f 5255 5254 5235
f 5236 5255 5235
f 5256 5255 5236
f 5237 5256 5236
f 5257 5256 5237
f 5238 5257 5237
f 5258 5257 5238
f 5239 5258 5238
f 5259 5258 5239
f 5240 5259 5239
f 5260 5259 5240
f 5221 5260 5240
f 5241 5260 5221
f 5242 5261 5241
f 5243 5261 5242
f 5244 5261 5243
f 5245 5261 5244
f 5246 5261 5245
f 5247 5261 5246
f 5248 5261 5247
f 5249 5261 5248
f 5250 5261 5249
f 5251 5261 5250
f 5252 5261 5251
f 5253 5261 5252
f 5254 5261 5253
f 5255 5261 5254
f 5256 5261 5255
f 5257 5261 5256
f 5258 5261 5257
f 5259 5261 5258
f 5260 5261 5259
f 5241 5261 5260
f 5262 5263 5274
f 5263 5275 5274
f 5263 5264 5275
f 5264 5276 5275
f 5264 5265 5276
f 5265 5277 5276
f 5265 5266 5277
f 5266 5278 5277
f 5266 5267 5278
f 5267 5279 5278
f 5267 5268 5279
f 5268 5280 5279
f 5268 5269 5280
f 5269 5281 5280
f 5269 5270 5281
f 5270 5282 5281
f 5270 5271 5282
f 5271 5283 5282
f 5271 5272 5283
f 5272 5284 5283
f 5272 5273 5284
f 5273 5285 5284
f 5273 5262 5285
f 5262 5274 5285
f 5274 5275 5286
f 5275 5287 5286
f 5275 5276 5287
f 5276 5288 5287
f 5276 5277 5288
f 5277 5289 5288
f 5277 5278 5289
f 5278 5290 5289
f 5278 5279 5290
f 5279 5291 5290
f 5279 5280 5291
f 5280 5292 5291
f 5280 5281 5292
f 5281 5293 5292
f 5281 5282 5293
f 5282 5294 5293
f 5282 5283 5294
f 5283 5295 5294
f 5283 5284 5295
f 5284 5296 5295
f 5284 5285 5296
f 5285 5297 5296
f 5285 5274 5297
f 5274 5286 5297
f 5286 5287 5298
f 5287 5299 5298
f 5287 5288 5299
f 5288 5300 5299
f 5288 5289 5300
f 5289 5301 5300
f 5289 5290 5301
f 5290 5302 5301
f 5290 5291 5302
f 5291 5303 5302
f 5291 5292 5303
f 5292 5304 5303
f 5292 5293 5304
f 5293 5305 5304
f 5293 5294 5305
f 5294 5306 5305
f 5294 5295 5306
f 5295 5307 5306
f 5295 5296 5307
f 5296 5308 5307
f 5296 5297 5308
f 5297 5309 5308
f 5297 5286 5309
f 5286 5298 5309
f 5298 5299 5310
f 5299 5311 5310
f 5299 5300 5311
f 5300 5312 5311
f 5300 5301 5312
f 5301 5313 5312
f 5301 5302 5313
f 5302 5314 5313
f 5302 5303 5314
f 5303 5315 5314
f 5303 5304 5315
f 5304 5316 5315
f 5304 5305 5316
f 5305 5317 5316
f 5305 5306 5317
f 5306 5318 5317
f 5306 5307 5318
f 5307 5319 5318
f 5307 5308 5319
f 5308 5320 5319
f 5308 5309 5320
f 5309 5321 5320
f 5309 5298 5321
f 5298 5310 5321
f 5322 5263 5262
f 5322 5264 5263
f 5322 5265 5264
f 5322 5266 5265
f 5322 5267 5266
f 5322 5268 5267
f 5322 5269 5268
f 5322 5270 5269
f 5322 5271 5270
f 5322 5272 5271
f 5322 5273 5272
f 5322 5262 5273
f 5323 5310 5311
f 5323 5311 5312
f 5323 5312 5313
f 5323 5313 5314
f 5323 5314 5315
f 5323 5315 5316
f 5323 5316 5317
f 5323 5317 5318
f 5323 5318 5319
f 5323 5319 5320
f 5323 5320 5321
f 5323 5321 5310
f 5324 5325 5336
f 5325 5337 5336
f 5325 5326 5337
f 5326 5338 5337
f 5326 5327 5338
f 5327 5339 5338
f 5327 5328 5339
f 5328 5340 5339
f 5328 5329 5340
f 5329 5341 5340
f 5329 5330 5341
f 5330 5342 5341
f 5330 5331 5342
f 5331 5343 5342
f 5331 5332 5343
f 5332 5344 5343
f 5332 5333 5344
f 5333 5345 5344
f 5333 5334 5345
f 5334 5346 5345
f 5334 5335 5346
f 5335 5347 5346
f 5335 5324 5347
f 5324 5336 5347
f 5336 5337 5348
f 5337 5349 5348
f 5337 5338 5349
f 5338 5350 5349
f 5338 5339 5350
f 5339 5351 5350
f 5339 5340 5351
f 5340 5352 5351
f 5340 5341 5352
f 5341 5353 5352
f 5341 5342 5353
f 5342 5354 5353
f 5342 5343 5354
f 5343 5355 5354
f 5343 5344 5355
f 5344 5356 5355
f 5344 5345 5356
f 5345 5357 5356
f 5345 5346 5357
f 5346 5358 5357
f 5346 5347 5358
f 5347 5359 5358
f 5347 5336 5359
f 5336 5348 5359
f 5348 5349 5360
f 5349 5361 5360
f 5349 5350 5361
f 5350 5362 5361
f 5350 5351 5362
f 5351 5363 5362
f 5351 5352 5363
f 5352 5364 5363
f 5352 5353 5364
f 5353 5365 5364
f 5353 5354 5365
f 5354 5366 5365
f 5354 5355 5366
f 5355 5367 5366
f 5355 5356 5367
f 5356 5368 5367
f 5356 5357 5368
f 5357 5369 5368
f 5357 5358 5369
f 5358 5370 5369
f 5358 5359 5370
f 5359 5371 5370
f 5359 5348 5371
f 5348 5360 5371
f 5360 5361 5372
f 5361 5373 5372
f 5361 5362 5373
f 5362 5374 5373
f 5362 5363 5374
f 5363 5375 5374
f 5363 5364 5375
f 5364 5376 5375
f 5364 5365 5376
f 5365 5377 5376
f 5365 5366 5377
f 5366 5378 5377
f 5366 5367 5378
f 5367 5379 5378
f 5367 5368 5379
f 5368 5380 5379
f 5368 5369 5380
f 5369 5381 5380
f 5369 5370 5381
f 5370 5382 5381
f 5370 5371 5382
f 5371 5383 5382
f 5371 5360 5383
f 5360 5372 5383
f 5384 5325 5324
f 5384 5326 5325
f 5384 5327 5326
f 5384 5328 5327
f 5384 5329 5328
f 5384 5330 5329
f 5384 5331 5330
f 5384 5332 5331
f 5384 5333 5332
f 5384 5334 5333
f 5384 5335 5334
f 5384 5324 5335
f 5385 5372 5373
f 5385 5373 5374
f 5385 5374 5375
f 5385 5375 5376
f 5385 5376 5377
f 5385 5377 5378
f 5385 5378 5379
f 5385 5379 5380
f 5385 5380 5381
f 5385 5381 5382
f 5385 5382 5383
f 5385 5383 5372
v -0.200620 1.241598 0.007172
v -0.204016 1.244755 0.030174
v -0.213870 1.250383 0.050713
v -0.229219 1.257932 0.066776
v -0.248560 1.266662 0.076793
v -0.270000 1.275719 0.079782
v -0.291440 1.284215 0.075450
v -0.310781 1.291321 0.064223
v -0.326130 1.296339 0.047198
v -0.335984 1.298779 0.026043
v -0.339380 1.298402 0.002828
v -0.335984 1.295245 -0.020174
v -0.326130 1.289617 -0.040713
v -0.310781 1.282068 -0.056776
v -0.291440 1.273338 -0.066793
v -0.270000 1.264281 -0.069782
v -0.248560 1.255785 -0.065450
v -0.229219 1.248679 -0.054223
v -0.213870 1.243661 -0.037198
v -0.204016 1.241221 -0.016043
v -0.278005 1.080563 0.019944
v -0.281039 1.083513 0.039835
v -0.289845 1.088076 0.057589
v -0.303560 1.093807 0.071468
v -0.320842 1.100145 0.080113
v -0.340000 1.106468 0.082677
v -0.359158 1.112158 0.078911
v -0.376440 1.116658 0.069183
v -0.390155 1.119527 0.054444
v -0.398961 1.120485 0.036138
v -0.401995 1.119437 0.016056
v -0.398961 1.116487 -0.003835
v -0.390155 1.111924 -0.021589
v -0.376440 1.106193 -0.035468
v -0.359158 1.099855 -0.044113
v -0.340000 1.093532 -0.046677
v -0.320842 1.087842 -0.042911
v -0.303560 1.083342 -0.033183
v -0.289845 1.080473 -0.018444
v -0.281039 1.079515 -0.000138
v -0.313472 0.963043 0.035696
v -0.315994 0.964982 0.051651
v -0.323313 0.967413 0.065976
v -0.334713 0.970097 0.077269
v -0.349077 0.972771 0.084424
v -0.365000 0.975174 0.086742
v -0.380923 0.977071 0.083995
v -0.395287 0.978275 0.076451
v -0.406687 0.978670 0.064850
v -0.414006 0.978215 0.050327
v -0.416528 0.976957 0.034304
v -0.414006 0.975018 0.018349
v -0.406687 0.972587 0.004024
v -0.395287 0.969903 -0.007269
v -0.380923 0.967229 -0.014424
v -0.365000 0.964826 -0.016742
v -0.349077 0.962929 -0.013995
v -0.334713 0.961725 -0.006451
v -0.323313 0.961330 0.005150
v -0.315994 0.961785 0.019673
v -0.323072 0.877401 0.040144
v -0.325369 0.878385 0.055564
v -0.332035 0.879528 0.069461
v -0.342416 0.880716 0.080473
v -0.355498 0.881835 0.087524
v -0.370000 0.882774 0.089923
v -0.384502 0.883441 0.087435
v -0.397584 0.883772 0.080304
v -0.407965 0.883733 0.069227
v -0.414631 0.883329 0.055290
v -0.416928 0.882599 0.039856
v -0.414631 0.881615 0.024436
v -0.407965 0.880472 0.010539
v -0.397584 0.879284 -0.000473
v -0.384502 0.878165 -0.007524
v -0.370000 0.877226 -0.009923
v -0.355498 0.876559 -0.007435
v -0.342416 0.876228 -0.000304
v -0.332035 0.876267 0.010773
v -0.325369 0.876671 0.024710
v -0.270000 1.270000 0.005000
v -0.370000 0.880000 0.040000
v 0.339380 1.298402 0.002828
v 0.335984 1.298779 0.026043
v 0.326130 1.296339 0.047198
v 0.310781 1.291321 0.064223
v 0.291440 1.284215 0.075450
v 0.270000 1.275719 0.079782
v 0.248560 1.266662 0.076793
v 0.229219 1.257932 0.066776
v 0.213870 1.250383 0.050713
v 0.204016 1.244755 0.030174
v 0.200620 1.241598 0.007172
v 0.204016 1.241221 -0.016043
v 0.213870 1.243661 -0.037198
v 0.229219 1.248679 -0.054223
v 0.248560 1.255785 -0.065450
v 0.270000 1.264281 -0.069782
v 0.291440 1.273338 -0.066793
v 0.310781 1.282068 -0.056776
v 0.326130 1.289617 -0.040713
v 0.335984 1.295245 -0.020174
v 0.401995 1.119437 0.016056
v 0.398961 1.120485 0.036138
v 0.390155 1.119527 0.054444
v 0.376440 1.116658 0.069183
v 0.359158 1.112158 0.078911
v 0.340000 1.106468 0.082677
v 0.320842 1.100145 0.080113
v 0.303560 1.093807 0.071468
v 0.289845 1.088076 0.057589
v 0.281039 1.083513 0.039835
v 0.278005 1.080563 0.019944
v 0.281039 1.079515 -0.000138
v 0.289845 1.080473 -0.018444
v 0.303560 1.083342 -0.033183
v 0.320842 1.087842 -0.042911
v 0.340000 1.093532 -0.046677
v 0.359158 1.099855 -0.044113
v 0.376440 1.106193 -0.035468
v 0.390155 1.111924 -0.021589
v 0.398961 1.116487 -0.003835
v 0.416528 0.976957 0.034304
v 0.414006 0.978215 0.050327
v 0.406687 0.978670 0.064850
v 0.395287 0.978275 0.076451
v 0.380923 0.977071 0.083995
v 0.365000 0.975174 0.086742
v 0.349077 0.972771 0.084424
v 0.334713 0.970097 0.077269
v 0.323313 0.967413 0.065976
v 0.315994 0.964982 0.051651
v 0.313472 0.963043 0.035696
v 0.315994 0.961785 0.019673
v 0.323313 0.961330 0.005150
v 0.334713 0.961725 -0.006451
v 0.349077 0.962929 -0.013995
v 0.365000 0.964826 -0.016742
v 0.380923 0.967229 -0.014424
v 0.395287 0.969903 -0.007269
v 0.406687 0.972587 0.004024
v 0.414006 0.975018 0.018349
v 0.416928 0.882599 0.039856
v 0.414631 0.883329 0.055290
v 0.407965 0.883733 0.069227
v 0.397584 0.883772 0.080304
v 0.384502 0.883441 0.087435
v 0.370000 0.882774 0.089923
v 0.355498 0.881835 0.087524
v 0.342416 0.880716 0.080473
v 0.332035 0.879528 0.069461
v 0.325369 0.878385 0.055564
v 0.323072 0.877401 0.040144
v 0.325369 0.876671 0.024710
v 0.332035 0.876267 0.010773
v 0.342416 0.876228 -0.000304
v 0.355498 0.876559 -0.007435
v 0.370000 0.877226 -0.009923
v 0.384502 0.878165 -0.007524
v 0.397584 0.879284 -0.000473
v 0.407965 0.880472 0.010539
v 0.414631 0.881615 0.024436
v 0.270000 1.270000 0.005000
v 0.370000 0.880000 0.040000
v 0.180000 1.000000 0.000000
v 0.177265 1.000000 0.018233
v 0.169145 1.000000 0.035912
v 0.155885 1.000000 0.052500
v 0.137888 1.000000 0.067493
v 0.115702 1.000000 0.080435
v 0.090000 1.000000 0.090933
v 0.061564 1.000000 0.098668
v 0.031257 1.000000 0.103405
v 0.000000 1.000000 0.105000
v -0.031257 1.000000 0.103405
v -0.061564 1.000000 0.098668
v -0.090000 1.000000 0.090933
v -0.115702 1.000000 0.080435
v -0.137888 1.000000 0.067493
v -0.155885 1.000000 0.052500
v -0.169145 1.000000 0.035912
v -0.177265 1.000000 0.018233
v -0.180000 1.000000 0.000000
v -0.177265 1.000000 -0.018233
v -0.169145 1.000000 -0.035912
v -0.155885 1.000000 -0.052500
v -0.137888 1.000000 -0.067493
v -0.115702 1.000000 -0.080435
v -0.090000 1.000000 -0.090933
v -0.061564 1.000000 -0.098668
v -0.031257 1.000000 -0.103405
v -0.000000 1.000000 -0.105000
v 0.031257 1.000000 -0.103405
v 0.061564 1.000000 -0.098668
v 0.090000 1.000000 -0.090933
v 0.115702 1.000000 -0.080435
v 0.137888 1.000000 -0.067493
v 0.155885 1.000000 -0.052500
v 0.169145 1.000000 -0.035912
v 0.177265 1.000000 -0.018233
v 0.205000 1.100000 0.000000
v 0.201886 1.100000 0.019970
v 0.192637 1.100000 0.039332
v 0.177535 1.100000 0.057500
v 0.157039 1.100000 0.073921
v 0.131771 1.100000 0.088095
v 0.102500 1.100000 0.099593
v 0.070114 1.100000 0.108065
v 0.035598 1.100000 0.113253
v 0.000000 1.100000 0.115000
v -0.035598 1.100000 0.113253
v -0.070114 1.100000 0.108065
v -0.102500 1.100000 0.099593
v -0.131771 1.100000 0.088095
v -0.157039 1.100000 0.073921
v -0.177535 1.100000 0.057500
v -0.192637 1.100000 0.039332
v -0.201886 1.100000 0.019970
v -0.205000 1.100000 0.000000
v -0.201886 1.100000 -0.019970
v -0.192637 1.100000 -0.039332
v -0.177535 1.100000 -0.057500
v -0.157039 1.100000 -0.073921
v -0.131771 1.100000 -0.088095
v -0.102500 1.100000 -0.099593
v -0.070114 1.100000 -0.108065
v -0.035598 1.100000 -0.113253
v -0.000000 1.100000 -0.115000
v 0.035598 1.100000 -0.113253
v 0.070114 1.100000 -0.108065
v 0.102500 1.100000 -0.099593
v 0.131771 1.100000 -0.088095
v 0.157039 1.100000 -0.073921
v 0.177535 1.100000 -0.057500
v 0.192637 1.100000 -0.039332
v 0.201886 1.100000 -0.019970
v 0.250000 1.250000 0.000000
v 0.246202 1.250000 0.022574
v 0.234923 1.250000 0.044463
v 0.216506 1.250000 0.065000
v 0.191511 1.250000 0.083562
v 0.160697 1.250000 0.099586
v 0.125000 1.250000 0.112583
v 0.085505 1.250000 0.122160
v 0.043412 1.250000 0.128025
v 0.000000 1.250000 0.130000
v -0.043412 1.250000 0.128025
v -0.085505 1.250000 0.122160
v -0.125000 1.250000 0.112583
v -0.160697 1.250000 0.099586
v -0.191511 1.250000 0.083562
v -0.216506 1.250000 0.065000
v -0.234923 1.250000 0.044463
v -0.246202 1.250000 0.022574
v -0.250000 1.250000 0.000000
v -0.246202 1.250000 -0.022574
v -0.234923 1.250000 -0.044463
v -0.216506 1.250000 -0.065000
v -0.191511 1.250000 -0.083562
v -0.160697 1.250000 -0.099586
v -0.125000 1.250000 -0.112583
v -0.085505 1.250000 -0.122160
v -0.043412 1.250000 -0.128025
v -0.000000 1.250000 -0.130000
v 0.043412 1.250000 -0.128025
v 0.085505 1.250000 -0.122160
v 0.125000 1.250000 -0.112583
v 0.160697 1.250000 -0.099586
v 0.191511 1.250000 -0.083562
v 0.216506 1.250000 -0.065000
v 0.234923 1.250000 -0.044463
v 0.246202 1.250000 -0.022574
v 0.290000 1.390000 0.000000
v 0.285594 1.390000 0.023443
v 0.272511 1.390000 0.046173
v 0.251147 1.390000 0.067500
v 0.222153 1.390000 0.086776
v 0.186408 1.390000 0.103416
v 0.145000 1.390000 0.116913
v 0.099186 1.390000 0.126859
v 0.050358 1.390000 0.132949
v 0.000000 1.390000 0.135000
v -0.050358 1.390000 0.132949
v -0.099186 1.390000 0.126859
v -0.145000 1.390000 0.116913
v -0.186408 1.390000 0.103416
v -0.222153 1.390000 0.086776
v -0.251147 1.390000 0.067500
v -0.272511 1.390000 0.046173
v -0.285594 1.390000 0.023443
v -0.290000 1.390000 0.000000
v -0.285594 1.390000 -0.023443
v -0.272511 1.390000 -0.046173
v -0.251147 1.390000 -0.067500
v -0.222153 1.390000 -0.086776
v -0.186408 1.390000 -0.103416
v -0.145000 1.390000 -0.116913
v -0.099186 1.390000 -0.126859
v -0.050358 1.390000 -0.132949
v -0.000000 1.390000 -0.135000
v 0.050358 1.390000 -0.132949
v 0.099186 1.390000 -0.126859
v 0.145000 1.390000 -0.116913
v 0.186408 1.390000 -0.103416
v 0.222153 1.390000 -0.086776
v 0.251147 1.390000 -0.067500
v 0.272511 1.390000 -0.046173
v 0.285594 1.390000 -0.023443
v 0.255000 1.490000 0.000000
v 0.251126 1.490000 0.019970
v 0.239622 1.490000 0.039332
v 0.220836 1.490000 0.057500
v 0.195341 1.490000 0.073921
v 0.163911 1.490000 0.088095
v 0.127500 1.490000 0.099593
v 0.087215 1.490000 0.108065
v 0.044280 1.490000 0.113253
v 0.000000 1.490000 0.115000
v -0.044280 1.490000 0.113253
v -0.087215 1.490000 0.108065
v -0.127500 1.490000 0.099593
v -0.163911 1.490000 0.088095
v -0.195341 1.490000 0.073921
v -0.220836 1.490000 0.057500
v -0.239622 1.490000 0.039332
v -0.251126 1.490000 0.019970
v -0.255000 1.490000 0.000000
v -0.251126 1.490000 -0.019970
v -0.239622 1.490000 -0.039332
v -0.220836 1.490000 -0.057500
v -0.195341 1.490000 -0.073921
v -0.163911 1.490000 -0.088095
v -0.127500 1.490000 -0.099593
v -0.087215 1.490000 -0.108065
v -0.044280 1.490000 -0.113253
v -0.000000 1.490000 -0.115000
v 0.044280 1.490000 -0.113253
v 0.087215 1.490000 -0.108065
v 0.127500 1.490000 -0.099593
v 0.163911 1.490000 -0.088095
v 0.195341 1.490000 -0.073921
v 0.220836 1.490000 -0.057500
v 0.239622 1.490000 -0.039332
v 0.251126 1.490000 -0.019970
v 0.080000 1.430000 0.000000
v 0.077274 1.432436 -0.020301
v 0.069282 1.434706 -0.039219
v 0.056569 1.436656 -0.055464
v 0.040000 1.438151 -0.067929
v 0.020706 1.439092 -0.075765
v 0.000000 1.439412 -0.078437
v -0.020706 1.439092 -0.075765
v -0.040000 1.438151 -0.067929
v -0.056569 1.436656 -0.055464
v -0.069282 1.434706 -0.039219
v -0.077274 1.432436 -0.020301
v -0.080000 1.430000 -0.000000
v -0.077274 1.427564 0.020301
v -0.069282 1.425294 0.039219
v -0.056569 1.423344 0.055464
v -0.040000 1.421849 0.067929
v -0.020706 1.420908 0.075765
v -0.000000 1.420588 0.078437
v 0.020706 1.420908 0.075765
v 0.040000 1.421849 0.067929
v 0.056569 1.423344 0.055464
v 0.069282 1.425294 0.039219
v 0.077274 1.427564 0.020301
v 0.071000 1.530000 0.012000
v 0.068581 1.531989 -0.006789
v 0.061488 1.533843 -0.024297
v 0.050205 1.535435 -0.039332
v 0.035500 1.536657 -0.050868
v 0.018376 1.537425 -0.058121
v 0.000000 1.537686 -0.060594
v -0.018376 1.537425 -0.058121
v -0.035500 1.536657 -0.050868
v -0.050205 1.535435 -0.039332
v -0.061488 1.533843 -0.024297
v -0.068581 1.531989 -0.006789
v -0.071000 1.530000 0.012000
v -0.068581 1.528011 0.030789
v -0.061488 1.526157 0.048297
v -0.050205 1.524565 0.063332
v -0.035500 1.523343 0.074868
v -0.018376 1.522575 0.082121
v -0.000000 1.522314 0.084594
v 0.018376 1.522575 0.082121
v 0.035500 1.523343 0.074868
v 0.050205 1.524565 0.063332
v 0.061488 1.526157 0.048297
v 0.068581 1.528011 0.030789
v 0.068000 1.600000 0.018000
v 0.065683 1.601569 -0.000309
v 0.058890 1.603032 -0.017370
v 0.048083 1.604288 -0.032021
v 0.034000 1.605251 -0.043263
v 0.017600 1.605857 -0.050330
v 0.000000 1.606063 -0.052741
v -0.017600 1.605857 -0.050330
v -0.034000 1.605251 -0.043263
v -0.048083 1.604288 -0.032021
v -0.058890 1.603032 -0.017370
v -0.065683 1.601569 -0.000309
v -0.068000 1.600000 0.018000
v -0.065683 1.598431 0.036309
v -0.058890 1.596968 0.053370
v -0.048083 1.595712 0.068021
v -0.034000 1.594749 0.079263
v -0.017600 1.594143 0.086330
v -0.000000 1.593937 0.088741
v 0.017600 1.594143 0.086330
v 0.034000 1.594749 0.079263
v 0.048083 1.595712 0.068021
v 0.058890 1.596968 0.053370
v 0.065683 1.598431 0.036309
v 0.000000 1.430000 0.000000
v 0.000000 1.600000 0.018000
v 0.000000 1.826000 0.018000
v 0.015141 1.824708 0.018000
v 0.014911 1.824708 0.020335
v 0.014228 1.824708 0.022598
v 0.013113 1.824708 0.024722
v 0.011599 1.824708 0.026642
v 0.009732 1.824708 0.028299
v 0.007571 1.824708 0.029643
v 0.005179 1.824708 0.030633
v 0.002629 1.824708 0.031240
v 0.000000 1.824708 0.031444
v -0.002629 1.824708 0.031240
v -0.005179 1.824708 0.030633
v -0.007571 1.824708 0.029643
v -0.009732 1.824708 0.028299
v -0.011599 1.824708 0.026642
v -0.013113 1.824708 0.024722
v -0.014228 1.824708 0.022598
v -0.014911 1.824708 0.020335
v -0.015141 1.824708 0.018000
v -0.014911 1.824708 0.015665
v -0.014228 1.824708 0.013402
v -0.013113 1.824708 0.011278
v -0.011599 1.824708 0.009358
v -0.009732 1.824708 0.007701
v -0.007571 1.824708 0.006357
v -0.005179 1.824708 0.005367
v -0.002629 1.824708 0.004760
v -0.000000 1.824708 0.004556
v 0.002629 1.824708 0.004760
v 0.005179 1.824708 0.005367
v 0.007571 1.824708 0.006357
v 0.009732 1.824708 0.007701
v 0.011599 1.824708 0.009358
v 0.013113 1.824708 0.011278
v 0.014228 1.824708 0.013402
v 0.014911 1.824708 0.015665
v 0.030023 1.820855 0.018000
v 0.029567 1.820855 0.022629
v 0.028212 1.820855 0.027118
v 0.026001 1.820855 0.031329
v 0.022999 1.820855 0.035136
v 0.019298 1.820855 0.038421
v 0.015012 1.820855 0.041087
v 0.010268 1.820855 0.043051
v 0.005213 1.820855 0.044253
v 0.000000 1.820855 0.044658
v -0.005213 1.820855 0.044253
v -0.010268 1.820855 0.043051
v -0.015012 1.820855 0.041087
v -0.019298 1.820855 0.038421
v -0.022999 1.820855 0.035136
v -0.026001 1.820855 0.031329
v -0.028212 1.820855 0.027118
v -0.029567 1.820855 0.022629
v -0.030023 1.820855 0.018000
v -0.029567 1.820855 0.013371
v -0.028212 1.820855 0.008882
v -0.026001 1.820855 0.004671
v -0.022999 1.820855 0.000864
v -0.019298 1.820855 -0.002421
v -0.015012 1.820855 -0.005087
v -0.010268 1.820855 -0.007051
v -0.005213 1.820855 -0.008253
v -0.000000 1.820855 -0.008658
v 0.005213 1.820855 -0.008253
v 0.010268 1.820855 -0.007051
v 0.015012 1.820855 -0.005087
v 0.019298 1.820855 -0.002421
v 0.022999 1.820855 0.000864
v 0.026001 1.820855 0.004671
v 0.028212 1.820855 0.008882
v 0.029567 1.820855 0.013371
v 0.044391 1.814506 0.018000
v 0.043717 1.814506 0.024845
v 0.041714 1.814506 0.031481
v 0.038444 1.814506 0.037708
v 0.034006 1.814506 0.043336
v 0.028534 1.814506 0.048195
v 0.022196 1.814506 0.052136
v 0.015183 1.814506 0.055039
v 0.007708 1.814506 0.056818
v 0.000000 1.814506 0.057416
v -0.007708 1.814506 0.056818
v -0.015183 1.814506 0.055039
v -0.022196 1.814506 0.052136
v -0.028534 1.814506 0.048195
v -0.034006 1.814506 0.043336
v -0.038444 1.814506 0.037708
v -0.041714 1.814506 0.031481
v -0.043717 1.814506 0.024845
v -0.044391 1.814506 0.018000
v -0.043717 1.814506 0.011155
v -0.041714 1.814506 0.004519
v -0.038444 1.814506 -0.001708
v -0.034006 1.814506 -0.007336
v -0.028534 1.814506 -0.012195
v -0.022196 1.814506 -0.016136
v -0.015183 1.814506 -0.019039
v -0.007708 1.814506 -0.020818
v -0.000000 1.814506 -0.021416
v 0.007708 1.814506 -0.020818
v 0.015183 1.814506 -0.019039
v 0.022196 1.814506 -0.016136
v 0.028534 1.814506 -0.012195
v 0.034006 1.814506 -0.007336
v 0.038444 1.814506 -0.001708
v 0.041714 1.814506 0.004519
v 0.043717 1.814506 0.011155
v 0.058000 1.805770 0.018000
v 0.057119 1.805770 0.026943
v 0.054502 1.805770 0.035614
v 0.050229 1.805770 0.043750
v 0.044431 1.805770 0.051104
v 0.037282 1.805770 0.057451
v 0.029000 1.805770 0.062600
v 0.019837 1.805770 0.066394
v 0.010072 1.805770 0.068718
v 0.000000 1.805770 0.069500
v -0.010072 1.805770 0.068718
v -0.019837 1.805770 0.066394
v -0.029000 1.805770 0.062600
v -0.037282 1.805770 0.057451
v -0.044431 1.805770 0.051104
v -0.050229 1.805770 0.043750
v -0.054502 1.805770 0.035614
v -0.057119 1.805770 0.026943
v -0.058000 1.805770 0.018000
v -0.057119 1.805770 0.009057
v -0.054502 1.805770 0.000386
v -0.050229 1.805770 -0.007750
v -0.044431 1.805770 -0.015104
v -0.037282 1.805770 -0.021451
v -0.029000 1.805770 -0.026600
v -0.019837 1.805770 -0.030394
v -0.010072 1.805770 -0.032718
v -0.000000 1.805770 -0.033500
v 0.010072 1.805770 -0.032718
v 0.019837 1.805770 -0.030394
v 0.029000 1.805770 -0.026600
v 0.037282 1.805770 -0.021451
v 0.044431 1.805770 -0.015104
v 0.050229 1.805770 -0.007750
v 0.054502 1.805770 0.000386
v 0.057119 1.805770 0.009057
v 0.070616 1.794796 0.018000
v 0.069544 1.794796 0.028888
v 0.066358 1.794796 0.039445
v 0.061156 1.794796 0.049351
v 0.054095 1.794796 0.058304
v 0.045391 1.794796 0.066033
v 0.035308 1.794796 0.072302
v 0.024152 1.794796 0.076921
v 0.012262 1.794796 0.079750
v 0.000000 1.794796 0.080702
v -0.012262 1.794796 0.079750
v -0.024152 1.794796 0.076921
v -0.035308 1.794796 0.072302
v -0.045391 1.794796 0.066033
v -0.054095 1.794796 0.058304
v -0.061156 1.794796 0.049351
v -0.066358 1.794796 0.039445
v -0.069544 1.794796 0.028888
v -0.070616 1.794796 0.018000
v -0.069544 1.794796 0.007112
v -0.066358 1.794796 -0.003445
v -0.061156 1.794796 -0.013351
v -0.054095 1.794796 -0.022304
v -0.045391 1.794796 -0.030033
v -0.035308 1.794796 -0.036302
v -0.024152 1.794796 -0.040921
v -0.012262 1.794796 -0.043750
v -0.000000 1.794796 -0.044702
v 0.012262 1.794796 -0.043750
v 0.024152 1.794796 -0.040921
v 0.035308 1.794796 -0.036302
v 0.045391 1.794796 -0.030033
v 0.054095 1.794796 -0.022304
v 0.061156 1.794796 -0.013351
v 0.066358 1.794796 -0.003445
v 0.069544 1.794796 0.007112
v 0.082024 1.781773 0.018000
v 0.080778 1.781773 0.030647
v 0.077078 1.781773 0.042910
v 0.071035 1.781773 0.054416
v 0.062834 1.781773 0.064816
v 0.052724 1.781773 0.073793
v 0.041012 1.781773 0.081074
v 0.028054 1.781773 0.086440
v 0.014243 1.781773 0.089726
v 0.000000 1.781773 0.090832
v -0.014243 1.781773 0.089726
v -0.028054 1.781773 0.086440
v -0.041012 1.781773 0.081074
v -0.052724 1.781773 0.073793
v -0.062834 1.781773 0.064816
v -0.071035 1.781773 0.054416
v -0.077078 1.781773 0.042910
v -0.080778 1.781773 0.030647
v -0.082024 1.781773 0.018000
v -0.080778 1.781773 0.005353
v -0.077078 1.781773 -0.006910
v -0.071035 1.781773 -0.018416
v -0.062834 1.781773 -0.028816
v -0.052724 1.781773 -0.037793
v -0.041012 1.781773 -0.045074
v -0.028054 1.781773 -0.050440
v -0.014243 1.781773 -0.053726
v -0.000000 1.781773 -0.054832
v 0.014243 1.781773 -0.053726
v 0.028054 1.781773 -0.050440
v 0.041012 1.781773 -0.045074
v 0.052724 1.781773 -0.037793
v 0.062834 1.781773 -0.028816
v 0.071035 1.781773 -0.018416
v 0.077078 1.781773 -0.006910
v 0.080778 1.781773 0.005353
v 0.092029 1.766923 0.018000
v 0.090631 1.766923 0.032190
v 0.086479 1.766923 0.045948
v 0.079699 1.766923 0.058858
v 0.070498 1.766923 0.070526
v 0.059155 1.766923 0.080598
v 0.046014 1.766923 0.088768
v 0.031476 1.766923 0.094787
v 0.015981 1.766923 0.098474
v 0.000000 1.766923 0.099715
v -0.015981 1.766923 0.098474
v -0.031476 1.766923 0.094787
v -0.046014 1.766923 0.088768
v -0.059155 1.766923 0.080598
v -0.070498 1.766923 0.070526
v -0.079699 1.766923 0.058858
v -0.086479 1.766923 0.045948
v -0.090631 1.766923 0.032190
v -0.092029 1.766923 0.018000
v -0.090631 1.766923 0.003810
v -0.086479 1.766923 -0.009948
v -0.079699 1.766923 -0.022858
v -0.070498 1.766923 -0.034526
v -0.059155 1.766923 -0.044598
v -0.046014 1.766923 -0.052768
v -0.031476 1.766923 -0.058787
v -0.015981 1.766923 -0.062474
v -0.000000 1.766923 -0.063715
v 0.015981 1.766923 -0.062474
v 0.031476 1.766923 -0.058787
v 0.046014 1.766923 -0.052768
v 0.059155 1.766923 -0.044598
v 0.070498 1.766923 -0.034526
v 0.079699 1.766923 -0.022858
v 0.086479 1.766923 -0.009948
v 0.090631 1.766923 0.003810
v 0.100459 1.750500 0.018000
v 0.098933 1.750500 0.033490
v 0.094401 1.750500 0.048508
v 0.087000 1.750500 0.062600
v 0.076956 1.750500 0.075337
v 0.064574 1.750500 0.086332
v 0.050229 1.750500 0.095250
v 0.034359 1.750500 0.101821
v 0.017445 1.750500 0.105845
v 0.000000 1.750500 0.107201
v -0.017445 1.750500 0.105845
v -0.034359 1.750500 0.101821
v -0.050229 1.750500 0.095250
v -0.064574 1.750500 0.086332
v -0.076956 1.750500 0.075337
v -0.087000 1.750500 0.062600
v -0.094401 1.750500 0.048508
v -0.098933 1.750500 0.033490
v -0.100459 1.750500 0.018000
v -0.098933 1.750500 0.002510
v -0.094401 1.750500 -0.012508
v -0.087000 1.750500 -0.026600
v -0.076956 1.750500 -0.039337
v -0.064574 1.750500 -0.050332
v -0.050229 1.750500 -0.059250
v -0.034359 1.750500 -0.065821
v -0.017445 1.750500 -0.069845
v -0.000000 1.750500 -0.071201
v 0.017445 1.750500 -0.069845
v 0.034359 1.750500 -0.065821
v 0.050229 1.750500 -0.059250
v 0.064574 1.750500 -0.050332
v 0.076956 1.750500 -0.039337
v 0.087000 1.750500 -0.026600
v 0.094401 1.750500 -0.012508
v 0.098933 1.750500 0.002510
v 0.107170 1.732785 0.018000
v 0.105542 1.732785 0.034524
v 0.100707 1.732785 0.050546
v 0.092812 1.732785 0.065580
v 0.082097 1.732785 0.079167
v 0.068888 1.732785 0.090896
v 0.053585 1.732785 0.100411
v 0.036654 1.732785 0.107421
v 0.018610 1.732785 0.111714
v 0.000000 1.732785 0.113160
v -0.018610 1.732785 0.111714
v -0.036654 1.732785 0.107421
v -0.053585 1.732785 0.100411
v -0.068888 1.732785 0.090896
v -0.082097 1.732785 0.079167
v -0.092812 1.732785 0.065580
v -0.100707 1.732785 0.050546
v -0.105542 1.732785 0.034524
v -0.107170 1.732785 0.018000
v -0.105542 1.732785 0.001476
v -0.100707 1.732785 -0.014546
v -0.092812 1.732785 -0.029580
v -0.082097 1.732785 -0.043167
v -0.068888 1.732785 -0.054896
v -0.053585 1.732785 -0.064411
v -0.036654 1.732785 -0.071421
v -0.018610 1.732785 -0.075714
v -0.000000 1.732785 -0.077160
v 0.018610 1.732785 -0.075714
v 0.036654 1.732785 -0.071421
v 0.053585 1.732785 -0.064411
v 0.068888 1.732785 -0.054896
v 0.082097 1.732785 -0.043167
v 0.092812 1.732785 -0.029580
v 0.100707 1.732785 -0.014546
v 0.105542 1.732785 0.001476
v 0.112047 1.714082 0.018000
v 0.110345 1.714082 0.035276
v 0.105290 1.714082 0.052028
v 0.097036 1.714082 0.067745
v 0.085833 1.714082 0.081951
v 0.072023 1.714082 0.094214
v 0.056024 1.714082 0.104161
v 0.038322 1.714082 0.111490
v 0.019457 1.714082 0.115979
v 0.000000 1.714082 0.117490
v -0.019457 1.714082 0.115979
v -0.038322 1.714082 0.111490
v -0.056024 1.714082 0.104161
v -0.072023 1.714082 0.094214
v -0.085833 1.714082 0.081951
v -0.097036 1.714082 0.067745
v -0.105290 1.714082 0.052028
v -0.110345 1.714082 0.035276
v -0.112047 1.714082 0.018000
v -0.110345 1.714082 0.000724
v -0.105290 1.714082 -0.016028
v -0.097036 1.714082 -0.031745
v -0.085833 1.714082 -0.045951
v -0.072023 1.714082 -0.058214
v -0.056024 1.714082 -0.068161
v -0.038322 1.714082 -0.075490
v -0.019457 1.714082 -0.079979
v -0.000000 1.714082 -0.081490
v 0.019457 1.714082 -0.079979
v 0.038322 1.714082 -0.075490
v 0.056024 1.714082 -0.068161
v 0.072023 1.714082 -0.058214
v 0.085833 1.714082 -0.045951
v 0.097036 1.714082 -0.031745
v 0.105290 1.714082 -0.016028
v 0.110345 1.714082 0.000724
v 0.115008 1.694709 0.018000
v 0.113260 1.694709 0.035733
v 0.108072 1.694709 0.052927
v 0.099600 1.694709 0.069059
v 0.088101 1.694709 0.083641
v 0.073925 1.694709 0.096228
v 0.057504 1.694709 0.106437
v 0.039335 1.694709 0.113960
v 0.019971 1.694709 0.118567
v 0.000000 1.694709 0.120119
v -0.019971 1.694709 0.118567
v -0.039335 1.694709 0.113960
v -0.057504 1.694709 0.106437
v -0.073925 1.694709 0.096228
v -0.088101 1.694709 0.083641
v -0.099600 1.694709 0.069059
v -0.108072 1.694709 0.052927
v -0.113260 1.694709 0.035733
v -0.115008 1.694709 0.018000
v -0.113260 1.694709 0.000267
v -0.108072 1.694709 -0.016927
v -0.099600 1.694709 -0.033059
v -0.088101 1.694709 -0.047641
v -0.073925 1.694709 -0.060228
v -0.057504 1.694709 -0.070437
v -0.039335 1.694709 -0.077960
v -0.019971 1.694709 -0.082567
v -0.000000 1.694709 -0.084119
v 0.019971 1.694709 -0.082567
v 0.039335 1.694709 -0.077960
v 0.057504 1.694709 -0.070437
v 0.073925 1.694709 -0.060228
v 0.088101 1.694709 -0.047641
v 0.099600 1.694709 -0.033059
v 0.108072 1.694709 -0.016927
v 0.113260 1.694709 0.000267
v 0.116000 1.675000 0.018000
v 0.114238 1.675000 0.035886
v 0.109004 1.675000 0.053228
v 0.100459 1.675000 0.069500
v 0.088861 1.675000 0.084207
v 0.074563 1.675000 0.096903
v 0.058000 1.675000 0.107201
v 0.039674 1.675000 0.114788
v 0.020143 1.675000 0.119435
v 0.000000 1.675000 0.121000
v -0.020143 1.675000 0.119435
v -0.039674 1.675000 0.114788
v -0.058000 1.675000 0.107201
v -0.074563 1.675000 0.096903
v -0.088861 1.675000 0.084207
v -0.100459 1.675000 0.069500
v -0.109004 1.675000 0.053228
v -0.114238 1.675000 0.035886
v -0.116000 1.675000 0.018000
v -0.114238 1.675000 0.000114
v -0.109004 1.675000 -0.017228
v -0.100459 1.675000 -0.033500
v -0.088861 1.675000 -0.048207
v -0.074563 1.675000 -0.060903
v -0.058000 1.675000 -0.071201
v -0.039674 1.675000 -0.078788
v -0.020143 1.675000 -0.083435
v -0.000000 1.675000 -0.085000
v 0.020143 1.675000 -0.083435
v 0.039674 1.675000 -0.078788
v 0.058000 1.675000 -0.071201
v 0.074563 1.675000 -0.060903
v 0.088861 1.675000 -0.048207
v 0.100459 1.675000 -0.033500
v 0.109004 1.675000 -0.017228
v 0.114238 1.675000 0.000114
v 0.115008 1.655291 0.018000
v 0.113260 1.655291 0.035733
v 0.108072 1.655291 0.052927
v 0.099600 1.655291 0.069059
v 0.088101 1.655291 0.083641
v 0.073925 1.655291 0.096228
v 0.057504 1.655291 0.106437
v 0.039335 1.655291 0.113960
v 0.019971 1.655291 0.118567
v 0.000000 1.655291 0.120119
v -0.019971 1.655291 0.118567
v -0.039335 1.655291 0.113960
v -0.057504 1.655291 0.106437
v -0.073925 1.655291 0.096228
v -0.088101 1.655291 0.083641
v -0.099600 1.655291 0.069059
v -0.108072 1.655291 0.052927
v -0.113260 1.655291 0.035733
v -0.115008 1.655291 0.018000
v -0.113260 1.655291 0.000267
v -0.108072 1.655291 -0.016927
v -0.099600 1.655291 -0.033059
v -0.088101 1.655291 -0.047641
v -0.073925 1.655291 -0.060228
v -0.057504 1.655291 -0.070437
v -0.039335 1.655291 -0.077960
v -0.019971 1.655291 -0.082567
v -0.000000 1.655291 -0.084119
v 0.019971 1.655291 -0.082567
v 0.039335 1.655291 -0.077960
v 0.057504 1.655291 -0.070437
v 0.073925 1.655291 -0.060228
v 0.088101 1.655291 -0.047641
v 0.099600 1.655291 -0.033059
v 0.108072 1.655291 -0.016927
v 0.113260 1.655291 0.000267
v 0.112047 1.635918 0.018000
v 0.110345 1.635918 0.035276
v 0.105290 1.635918 0.052028
v 0.097036 1.635918 0.067745
v 0.085833 1.635918 0.081951
v 0.072023 1.635918 0.094214
v 0.056024 1.635918 0.104161
v 0.038322 1.635918 0.111490
v 0.019457 1.635918 0.115979
v 0.000000 1.635918 0.117490
v -0.019457 1.635918 0.115979
v -0.038322 1.635918 0.111490
v -0.056024 1.635918 0.104161
v -0.072023 1.635918 0.094214
v -0.085833 1.635918 0.081951
v -0.097036 1.635918 0.067745
v -0.105290 1.635918 0.052028
v -0.110345 1.635918 0.035276
v -0.112047 1.635918 0.018000
v -0.110345 1.635918 0.000724
v -0.105290 1.635918 -0.016028
v -0.097036 1.635918 -0.031745
v -0.085833 1.635918 -0.045951
v -0.072023 1.635918 -0.058214
v -0.056024 1.635918 -0.068161
v -0.038322 1.635918 -0.075490
v -0.019457 1.635918 -0.079979
v -0.000000 1.635918 -0.081490
v 0.019457 1.635918 -0.079979
v 0.038322 1.635918 -0.075490
v 0.056024 1.635918 -0.068161
v 0.072023 1.635918 -0.058214
v 0.085833 1.635918 -0.045951
v 0.097036 1.635918 -0.031745
v 0.105290 1.635918 -0.016028
v 0.110345 1.635918 0.000724
v 0.107170 1.617215 0.018000
v 0.105542 1.617215 0.034524
v 0.100707 1.617215 0.050546
v 0.092812 1.617215 0.065580
v 0.082097 1.617215 0.079167
v 0.068888 1.617215 0.090896
v 0.053585 1.617215 0.100411
v 0.036654 1.617215 0.107421
v 0.018610 1.617215 0.111714
v 0.000000 1.617215 0.113160
v -0.018610 1.617215 0.111714
v -0.036654 1.617215 0.107421
v -0.053585 1.617215 0.100411
v -0.068888 1.617215 0.090896
v -0.082097 1.617215 0.079167
v -0.092812 1.617215 0.065580
v -0.100707 1.617215 0.050546
v -0.105542 1.617215 0.034524
v -0.107170 1.617215 0.018000
v -0.105542 1.617215 0.001476
v -0.100707 1.617215 -0.014546
v -0.092812 1.617215 -0.029580
v -0.082097 1.617215 -0.043167
v -0.068888 1.617215 -0.054896
v -0.053585 1.617215 -0.064411
v -0.036654 1.617215 -0.071421
v -0.018610 1.617215 -0.075714
v -0.000000 1.617215 -0.077160
v 0.018610 1.617215 -0.075714
v 0.036654 1.617215 -0.071421
v 0.053585 1.617215 -0.064411
v 0.068888 1.617215 -0.054896
v 0.082097 1.617215 -0.043167
v 0.092812 1.617215 -0.029580
v 0.100707 1.617215 -0.014546
v 0.105542 1.617215 0.001476
v 0.100459 1.599500 0.018000
v 0.098933 1.599500 0.033490
v 0.094401 1.599500 0.048508
v 0.087000 1.599500 0.062600
v 0.076956 1.599500 0.075337
v 0.064574 1.599500 0.086332
v 0.050229 1.599500 0.095250
v 0.034359 1.599500 0.101821
v 0.017445 1.599500 0.105845
v 0.000000 1.599500 0.107201
v -0.017445 1.599500 0.105845
v -0.034359 1.599500 0.101821
v -0.050229 1.599500 0.095250
v -0.064574 1.599500 0.086332
v -0.076956 1.599500 0.075337
v -0.087000 1.599500 0.062600
v -0.094401 1.599500 0.048508
v -0.098933 1.599500 0.033490
v -0.100459 1.599500 0.018000
v -0.098933 1.599500 0.002510
v -0.094401 1.599500 -0.012508
v -0.087000 1.599500 -0.026600
v -0.076956 1.599500 -0.039337
v -0.064574 1.599500 -0.050332
v -0.050229 1.599500 -0.059250
v -0.034359 1.599500 -0.065821
v -0.017445 1.599500 -0.069845
v -0.000000 1.599500 -0.071201
v 0.017445 1.599500 -0.069845
v 0.034359 1.599500 -0.065821
v 0.050229 1.599500 -0.059250
v 0.064574 1.599500 -0.050332
v 0.076956 1.599500 -0.039337
v 0.087000 1.599500 -0.026600
v 0.094401 1.599500 -0.012508
v 0.098933 1.599500 0.002510
v 0.092029 1.583077 0.018000
v 0.090631 1.583077 0.032190
v 0.086479 1.583077 0.045948
v 0.079699 1.583077 0.058858
v 0.070498 1.583077 0.070526
v 0.059155 1.583077 0.080598
v 0.046014 1.583077 0.088768
v 0.031476 1.583077 0.094787
v 0.015981 1.583077 0.098474
v 0.000000 1.583077 0.099715
v -0.015981 1.583077 0.098474
v -0.031476 1.583077 0.094787
v -0.046014 1.583077 0.088768
v -0.059155 1.583077 0.080598
v -0.070498 1.583077 0.070526
v -0.079699 1.583077 0.058858
v -0.086479 1.583077 0.045948
v -0.090631 1.583077 0.032190
v -0.092029 1.583077 0.018000
v -0.090631 1.583077 0.003810
v -0.086479 1.583077 -0.009948
v -0.079699 1.583077 -0.022858
v -0.070498 1.583077 -0.034526
v -0.059155 1.583077 -0.044598
v -0.046014 1.583077 -0.052768
v -0.031476 1.583077 -0.058787
v -0.015981 1.583077 -0.062474
v -0.000000 1.583077 -0.063715
v 0.015981 1.583077 -0.062474
v 0.031476 1.583077 -0.058787
v 0.046014 1.583077 -0.052768
v 0.059155 1.583077 -0.044598
v 0.070498 1.583077 -0.034526
v 0.079699 1.583077 -0.022858
v 0.086479 1.583077 -0.009948
v 0.090631 1.583077 0.003810
v 0.082024 1.568227 0.018000
v 0.080778 1.568227 0.030647
v 0.077078 1.568227 0.042910
v 0.071035 1.568227 0.054416
v 0.062834 1.568227 0.064816
v 0.052724 1.568227 0.073793
v 0.041012 1.568227 0.081074
v 0.028054 1.568227 0.086440
v 0.014243 1.568227 0.089726
v 0.000000 1.568227 0.090832
v -0.014243 1.568227 0.089726
v -0.028054 1.568227 0.086440
v -0.041012 1.568227 0.081074
v -0.052724 1.568227 0.073793
v -0.062834 1.568227 0.064816
v -0.071035 1.568227 0.054416
v -0.077078 1.568227 0.042910
v -0.080778 1.568227 0.030647
v -0.082024 1.568227 0.018000
v -0.080778 1.568227 0.005353
v -0.077078 1.568227 -0.006910
v -0.071035 1.568227 -0.018416
v -0.062834 1.568227 -0.028816
v -0.052724 1.568227 -0.037793
v -0.041012 1.568227 -0.045074
v -0.028054 1.568227 -0.050440
v -0.014243 1.568227 -0.053726
v -0.000000 1.568227 -0.054832
v 0.014243 1.568227 -0.053726
v 0.028054 1.568227 -0.050440
v 0.041012 1.568227 -0.045074
v 0.052724 1.568227 -0.037793
v 0.062834 1.568227 -0.028816
v 0.071035 1.568227 -0.018416
v 0.077078 1.568227 -0.006910
v 0.080778 1.568227 0.005353
v 0.070616 1.555204 0.018000
v 0.069544 1.555204 0.028888
v 0.066358 1.555204 0.039445
v 0.061156 1.555204 0.049351
v 0.054095 1.555204 0.058304
v 0.045391 1.555204 0.066033
v 0.035308 1.555204 0.072302
v 0.024152 1.555204 0.076921
v 0.012262 1.555204 0.079750
v 0.000000 1.555204 0.080702
v -0.012262 1.555204 0.079750
v -0.024152 1.555204 0.076921
v -0.035308 1.555204 0.072302
v -0.045391 1.555204 0.066033
v -0.054095 1.555204 0.058304
v -0.061156 1.555204 0.049351
v -0.066358 1.555204 0.039445
v -0.069544 1.555204 0.028888
v -0.070616 1.555204 0.018000
v -0.069544 1.555204 0.007112
v -0.066358 1.555204 -0.003445
v -0.061156 1.555204 -0.013351
v -0.054095 1.555204 -0.022304
v -0.045391 1.555204 -0.030033
v -0.035308 1.555204 -0.036302
v -0.024152 1.555204 -0.040921
v -0.012262 1.555204 -0.043750
v -0.000000 1.555204 -0.044702
v 0.012262 1.555204 -0.043750
v 0.024152 1.555204 -0.040921
v 0.035308 1.555204 -0.036302
v 0.045391 1.555204 -0.030033
v 0.054095 1.555204 -0.022304
v 0.061156 1.555204 -0.013351
v 0.066358 1.555204 -0.003445
v 0.069544 1.555204 0.007112
v 0.058000 1.544230 0.018000
v 0.057119 1.544230 0.026943
v 0.054502 1.544230 0.035614
v 0.050229 1.544230 0.043750
v 0.044431 1.544230 0.051104
v 0.037282 1.544230 0.057451
v 0.029000 1.544230 0.062600
v 0.019837 1.544230 0.066394
v 0.010072 1.544230 0.068718
v 0.000000 1.544230 0.069500
v -0.010072 1.544230 0.068718
v -0.019837 1.544230 0.066394
v -0.029000 1.544230 0.062600
v -0.037282 1.544230 0.057451
v -0.044431 1.544230 0.051104
v -0.050229 1.544230 0.043750
v -0.054502 1.544230 0.035614
v -0.057119 1.544230 0.026943
v -0.058000 1.544230 0.018000
v -0.057119 1.544230 0.009057
v -0.054502 1.544230 0.000386
v -0.050229 1.544230 -0.007750
v -0.044431 1.544230 -0.015104
v -0.037282 1.544230 -0.021451
v -0.029000 1.544230 -0.026600
v -0.019837 1.544230 -0.030394
v -0.010072 1.544230 -0.032718
v -0.000000 1.544230 -0.033500
v 0.010072 1.544230 -0.032718
v 0.019837 1.544230 -0.030394
v 0.029000 1.544230 -0.026600
v 0.037282 1.544230 -0.021451
v 0.044431 1.544230 -0.015104
v 0.050229 1.544230 -0.007750
v 0.054502 1.544230 0.000386
v 0.057119 1.544230 0.009057
v 0.044391 1.535494 0.018000
v 0.043717 1.535494 0.024845
v 0.041714 1.535494 0.031481
v 0.038444 1.535494 0.037708
v 0.034006 1.535494 0.043336
v 0.028534 1.535494 0.048195
v 0.022196 1.535494 0.052136
v 0.015183 1.535494 0.055039
v 0.007708 1.535494 0.056818
v 0.000000 1.535494 0.057416
v -0.007708 1.535494 0.056818
v -0.015183 1.535494 0.055039
v -0.022196 1.535494 0.052136
v -0.028534 1.535494 0.048195
v -0.034006 1.535494 0.043336
v -0.038444 1.535494 0.037708
v -0.041714 1.535494 0.031481
v -0.043717 1.535494 0.024845
v -0.044391 1.535494 0.018000
v -0.043717 1.535494 0.011155
v -0.041714 1.535494 0.004519
v -0.038444 1.535494 -0.001708
v -0.034006 1.535494 -0.007336
v -0.028534 1.535494 -0.012195
v -0.022196 1.535494 -0.016136
v -0.015183 1.535494 -0.019039
v -0.007708 1.535494 -0.020818
v -0.000000 1.535494 -0.021416
v 0.007708 1.535494 -0.020818
v 0.015183 1.535494 -0.019039
v 0.022196 1.535494 -0.016136
v 0.028534 1.535494 -0.012195
v 0.034006 1.535494 -0.007336
v 0.038444 1.535494 -0.001708
v 0.041714 1.535494 0.004519
v 0.043717 1.535494 0.011155
v 0.030023 1.529145 0.018000
v 0.029567 1.529145 0.022629
v 0.028212 1.529145 0.027118
v 0.026001 1.529145 0.031329
v 0.022999 1.529145 0.035136
v 0.019298 1.529145 0.038421
v 0.015012 1.529145 0.041087
v 0.010268 1.529145 0.043051
v 0.005213 1.529145 0.044253
v 0.000000 1.529145 0.044658
v -0.005213 1.529145 0.044253
v -0.010268 1.529145 0.043051
v -0.015012 1.529145 0.041087
v -0.019298 1.529145 0.038421
v -0.022999 1.529145 0.035136
v -0.026001 1.529145 0.031329
v -0.028212 1.529145 0.027118
v -0.029567 1.529145 0.022629
v -0.030023 1.529145 0.018000
v -0.029567 1.529145 0.013371
v -0.028212 1.529145 0.008882
v -0.026001 1.529145 0.004671
v -0.022999 1.529145 0.000864
v -0.019298 1.529145 -0.002421
v -0.015012 1.529145 -0.005087
v -0.010268 1.529145 -0.007051
v -0.005213 1.529145 -0.008253
v -0.000000 1.529145 -0.008658
v 0.005213 1.529145 -0.008253
v 0.010268 1.529145 -0.007051
v 0.015012 1.529145 -0.005087
v 0.019298 1.529145 -0.002421
v 0.022999 1.529145 0.000864
v 0.026001 1.529145 0.004671
v 0.028212 1.529145 0.008882
v 0.029567 1.529145 0.013371
v 0.015141 1.525292 0.018000
v 0.014911 1.525292 0.020335
v 0.014228 1.525292 0.022598
v 0.013113 1.525292 0.024722
v 0.011599 1.525292 0.026642
v 0.009732 1.525292 0.028299
v 0.007571 1.525292 0.029643
v 0.005179 1.525292 0.030633
v 0.002629 1.525292 0.031240
v 0.000000 1.525292 0.031444
v -0.002629 1.525292 0.031240
v -0.005179 1.525292 0.030633
v -0.007571 1.525292 0.029643
v -0.009732 1.525292 0.028299
v -0.011599 1.525292 0.026642
v -0.013113 1.525292 0.024722
v -0.014228 1.525292 0.022598
v -0.014911 1.525292 0.020335
v -0.015141 1.525292 0.018000
v -0.014911 1.525292 0.015665
v -0.014228 1.525292 0.013402
v -0.013113 1.525292 0.011278
v -0.011599 1.525292 0.009358
v -0.009732 1.525292 0.007701
v -0.007571 1.525292 0.006357
v -0.005179 1.525292 0.005367
v -0.002629 1.525292 0.004760
v -0.000000 1.525292 0.004556
v 0.002629 1.525292 0.004760
v 0.005179 1.525292 0.005367
v 0.007571 1.525292 0.006357
v 0.009732 1.525292 0.007701
v 0.011599 1.525292 0.009358
v 0.013113 1.525292 0.011278
v 0.014228 1.525292 0.013402
v 0.014911 1.525292 0.015665
v 0.000000 1.524000 0.018000
v 0.000000 1.702000 0.035000
v 0.016670 1.700678 0.035000
v 0.016350 1.700678 0.037981
v 0.015401 1.700678 0.040848
v 0.013861 1.700678 0.043490
v 0.011788 1.700678 0.045805
v 0.009261 1.700678 0.047706
v 0.006379 1.700678 0.049118
v 0.003252 1.700678 0.049987
v 0.000000 1.700678 0.050281
v -0.003252 1.700678 0.049987
v -0.006379 1.700678 0.049118
v -0.009261 1.700678 0.047706
v -0.011788 1.700678 0.045805
v -0.013861 1.700678 0.043490
v -0.015401 1.700678 0.040848
v -0.016350 1.700678 0.037981
v -0.016670 1.700678 0.035000
v -0.016350 1.700678 0.032019
v -0.015401 1.700678 0.029152
v -0.013861 1.700678 0.026510
v -0.011788 1.700678 0.024195
v -0.009261 1.700678 0.022294
v -0.006379 1.700678 0.020882
v -0.003252 1.700678 0.020013
v -0.000000 1.700678 0.019719
v 0.003252 1.700678 0.020013
v 0.006379 1.700678 0.020882
v 0.009261 1.700678 0.022294
v 0.011788 1.700678 0.024195
v 0.013861 1.700678 0.026510
v 0.015401 1.700678 0.029152
v 0.016350 1.700678 0.032019
v 0.032834 1.696753 0.035000
v 0.032203 1.696753 0.040872
v 0.030335 1.696753 0.046518
v 0.027300 1.696753 0.051721
v 0.023217 1.696753 0.056282
v 0.018242 1.696753 0.060025
v 0.012565 1.696753 0.062807
v 0.006406 1.696753 0.064519
v 0.000000 1.696753 0.065098
v -0.006406 1.696753 0.064519
v -0.012565 1.696753 0.062807
v -0.018242 1.696753 0.060025
v -0.023217 1.696753 0.056282
v -0.027300 1.696753 0.051721
v -0.030335 1.696753 0.046518
v -0.032203 1.696753 0.040872
v -0.032834 1.696753 0.035000
v -0.032203 1.696753 0.029128
v -0.030335 1.696753 0.023482
v -0.027300 1.696753 0.018279
v -0.023217 1.696753 0.013718
v -0.018242 1.696753 0.009975
v -0.012565 1.696753 0.007193
v -0.006406 1.696753 0.005481
v -0.000000 1.696753 0.004902
v 0.006406 1.696753 0.005481
v 0.012565 1.696753 0.007193
v 0.018242 1.696753 0.009975
v 0.023217 1.696753 0.013718
v 0.027300 1.696753 0.018279
v 0.030335 1.696753 0.023482
v 0.032203 1.696753 0.029128
v 0.048000 1.690344 0.035000
v 0.047078 1.690344 0.043584
v 0.044346 1.690344 0.051838
v 0.039911 1.690344 0.059445
v 0.033941 1.690344 0.066113
v 0.026667 1.690344 0.071585
v 0.018369 1.690344 0.075651
v 0.009364 1.690344 0.078155
v 0.000000 1.690344 0.079000
v -0.009364 1.690344 0.078155
v -0.018369 1.690344 0.075651
v -0.026667 1.690344 0.071585
v -0.033941 1.690344 0.066113
v -0.039911 1.690344 0.059445
v -0.044346 1.690344 0.051838
v -0.047078 1.690344 0.043584
v -0.048000 1.690344 0.035000
v -0.047078 1.690344 0.026416
v -0.044346 1.690344 0.018162
v -0.039911 1.690344 0.010555
v -0.033941 1.690344 0.003887
v -0.026667 1.690344 -0.001585
v -0.018369 1.690344 -0.005651
v -0.009364 1.690344 -0.008155
v -0.000000 1.690344 -0.009000
v 0.009364 1.690344 -0.008155
v 0.018369 1.690344 -0.005651
v 0.026667 1.690344 -0.001585
v 0.033941 1.690344 0.003887
v 0.039911 1.690344 0.010555
v 0.044346 1.690344 0.018162
v 0.047078 1.690344 0.026416
v 0.061708 1.681646 0.035000
v 0.060522 1.681646 0.046035
v 0.057010 1.681646 0.056647
v 0.051308 1.681646 0.066426
v 0.043634 1.681646 0.074998
v 0.034283 1.681646 0.082032
v 0.023614 1.681646 0.087260
v 0.012039 1.681646 0.090478
v 0.000000 1.681646 0.091565
v -0.012039 1.681646 0.090478
v -0.023614 1.681646 0.087260
v -0.034283 1.681646 0.082032
v -0.043634 1.681646 0.074998
v -0.051308 1.681646 0.066426
v -0.057010 1.681646 0.056647
v -0.060522 1.681646 0.046035
v -0.061708 1.681646 0.035000
v -0.060522 1.681646 0.023965
v -0.057010 1.681646 0.013353
v -0.051308 1.681646 0.003574
v -0.043634 1.681646 -0.004998
v -0.034283 1.681646 -0.012032
v -0.023614 1.681646 -0.017260
v -0.012039 1.681646 -0.020478
v -0.000000 1.681646 -0.021565
v 0.012039 1.681646 -0.020478
v 0.023614 1.681646 -0.017260
v 0.034283 1.681646 -0.012032
v 0.043634 1.681646 -0.004998
v 0.051308 1.681646 0.003574
v 0.057010 1.681646 0.013353
v 0.060522 1.681646 0.023965
v 0.073540 1.670923 0.035000
v 0.072127 1.670923 0.048151
v 0.067942 1.670923 0.060797
v 0.061146 1.670923 0.072452
v 0.052001 1.670923 0.082667
v 0.040857 1.670923 0.091051
v 0.028143 1.670923 0.097280
v 0.014347 1.670923 0.101117
v 0.000000 1.670923 0.102412
v -0.014347 1.670923 0.101117
v -0.028143 1.670923 0.097280
v -0.040857 1.670923 0.091051
v -0.052001 1.670923 0.082667
v -0.061146 1.670923 0.072452
v -0.067942 1.670923 0.060797
v -0.072127 1.670923 0.048151
v -0.073540 1.670923 0.035000
v -0.072127 1.670923 0.021849
v -0.067942 1.670923 0.009203
v -0.061146 1.670923 -0.002452
v -0.052001 1.670923 -0.012667
v -0.040857 1.670923 -0.021051
v -0.028143 1.670923 -0.027280
v -0.014347 1.670923 -0.031117
v -0.000000 1.670923 -0.032412
v 0.014347 1.670923 -0.031117
v 0.028143 1.670923 -0.027280
v 0.040857 1.670923 -0.021051
v 0.052001 1.670923 -0.012667
v 0.061146 1.670923 -0.002452
v 0.067942 1.670923 0.009203
v 0.072127 1.670923 0.021849
v 0.083138 1.658500 0.035000
v 0.081541 1.658500 0.049868
v 0.076810 1.658500 0.064164
v 0.069127 1.658500 0.077340
v 0.058788 1.658500 0.088889
v 0.046189 1.658500 0.098366
v 0.031816 1.658500 0.105409
v 0.016220 1.658500 0.109746
v 0.000000 1.658500 0.111210
v -0.016220 1.658500 0.109746
v -0.031816 1.658500 0.105409
v -0.046189 1.658500 0.098366
v -0.058788 1.658500 0.088889
v -0.069127 1.658500 0.077340
v -0.076810 1.658500 0.064164
v -0.081541 1.658500 0.049868
v -0.083138 1.658500 0.035000
v -0.081541 1.658500 0.020132
v -0.076810 1.658500 0.005836
v -0.069127 1.658500 -0.007340
v -0.058788 1.658500 -0.018889
v -0.046189 1.658500 -0.028366
v -0.031816 1.658500 -0.035409
v -0.016220 1.658500 -0.039746
v -0.000000 1.658500 -0.041210
v 0.016220 1.658500 -0.039746
v 0.031816 1.658500 -0.035409
v 0.046189 1.658500 -0.028366
v 0.058788 1.658500 -0.018889
v 0.069127 1.658500 -0.007340
v 0.076810 1.658500 0.005836
v 0.081541 1.658500 0.020132
v 0.090210 1.644756 0.035000
v 0.088477 1.644756 0.051133
v 0.083344 1.644756 0.066645
v 0.075007 1.644756 0.080942
v 0.063788 1.644756 0.093473
v 0.050118 1.644756 0.103757
v 0.034522 1.644756 0.111398
v 0.017599 1.644756 0.116104
v 0.000000 1.644756 0.117693
v -0.017599 1.644756 0.116104
v -0.034522 1.644756 0.111398
v -0.050118 1.644756 0.103757
v -0.063788 1.644756 0.093473
v -0.075007 1.644756 0.080942
v -0.083344 1.644756 0.066645
v -0.088477 1.644756 0.051133
v -0.090210 1.644756 0.035000
v -0.088477 1.644756 0.018867
v -0.083344 1.644756 0.003355
v -0.075007 1.644756 -0.010942
v -0.063788 1.644756 -0.023473
v -0.050118 1.644756 -0.033757
v -0.034522 1.644756 -0.041398
v -0.017599 1.644756 -0.046104
v -0.000000 1.644756 -0.047693
v 0.017599 1.644756 -0.046104
v 0.034522 1.644756 -0.041398
v 0.050118 1.644756 -0.033757
v 0.063788 1.644756 -0.023473
v 0.075007 1.644756 -0.010942
v 0.083344 1.644756 0.003355
v 0.088477 1.644756 0.018867
v 0.094542 1.630107 0.035000
v 0.092725 1.630107 0.051907
v 0.087345 1.630107 0.068165
v 0.078608 1.630107 0.083147
v 0.066851 1.630107 0.096280
v 0.052524 1.630107 0.107058
v 0.036179 1.630107 0.115066
v 0.018444 1.630107 0.119998
v 0.000000 1.630107 0.121663
v -0.018444 1.630107 0.119998
v -0.036179 1.630107 0.115066
v -0.052524 1.630107 0.107058
v -0.066851 1.630107 0.096280
v -0.078608 1.630107 0.083147
v -0.087345 1.630107 0.068165
v -0.092725 1.630107 0.051907
v -0.094542 1.630107 0.035000
v -0.092725 1.630107 0.018093
v -0.087345 1.630107 0.001835
v -0.078608 1.630107 -0.013147
v -0.066851 1.630107 -0.026280
v -0.052524 1.630107 -0.037058
v -0.036179 1.630107 -0.045066
v -0.018444 1.630107 -0.049998
v -0.000000 1.630107 -0.051663
v 0.018444 1.630107 -0.049998
v 0.036179 1.630107 -0.045066
v 0.052524 1.630107 -0.037058
v 0.066851 1.630107 -0.026280
v 0.078608 1.630107 -0.013147
v 0.087345 1.630107 0.001835
v 0.092725 1.630107 0.018093
v 0.096000 1.615000 0.035000
v 0.094155 1.615000 0.052168
v 0.088692 1.615000 0.068676
v 0.079821 1.615000 0.083890
v 0.067882 1.615000 0.097225
v 0.053335 1.615000 0.108169
v 0.036738 1.615000 0.116301
v 0.018729 1.615000 0.121309
v 0.000000 1.615000 0.123000
v -0.018729 1.615000 0.121309
v -0.036738 1.615000 0.116301
v -0.053335 1.615000 0.108169
v -0.067882 1.615000 0.097225
v -0.079821 1.615000 0.083890
v -0.088692 1.615000 0.068676
v -0.094155 1.615000 0.052168
v -0.096000 1.615000 0.035000
v -0.094155 1.615000 0.017832
v -0.088692 1.615000 0.001324
v -0.079821 1.615000 -0.013890
v -0.067882 1.615000 -0.027225
v -0.053335 1.615000 -0.038169
v -0.036738 1.615000 -0.046301
v -0.018729 1.615000 -0.051309
v -0.000000 1.615000 -0.053000
v 0.018729 1.615000 -0.051309
v 0.036738 1.615000 -0.046301
v 0.053335 1.615000 -0.038169
v 0.067882 1.615000 -0.027225
v 0.079821 1.615000 -0.013890
v 0.088692 1.615000 0.001324
v 0.094155 1.615000 0.017832
v 0.094542 1.599893 0.035000
v 0.092725 1.599893 0.051907
v 0.087345 1.599893 0.068165
v 0.078608 1.599893 0.083147
v 0.066851 1.599893 0.096280
v 0.052524 1.599893 0.107058
v 0.036179 1.599893 0.115066
v 0.018444 1.599893 0.119998
v 0.000000 1.599893 0.121663
v -0.018444 1.599893 0.119998
v -0.036179 1.599893 0.115066
v -0.052524 1.599893 0.107058
v -0.066851 1.599893 0.096280
v -0.078608 1.599893 0.083147
v -0.087345 1.599893 0.068165
v -0.092725 1.599893 0.051907
v -0.094542 1.599893 0.035000
v -0.092725 1.599893 0.018093
v -0.087345 1.599893 0.001835
v -0.078608 1.599893 -0.013147
v -0.066851 1.599893 -0.026280
v -0.052524 1.599893 -0.037058
v -0.036179 1.599893 -0.045066
v -0.018444 1.599893 -0.049998
v -0.000000 1.599893 -0.051663
v 0.018444 1.599893 -0.049998
v 0.036179 1.599893 -0.045066
v 0.052524 1.599893 -0.037058
v 0.066851 1.599893 -0.026280
v 0.078608 1.599893 -0.013147
v 0.087345 1.599893 0.001835
v 0.092725 1.599893 0.018093
v 0.090210 1.585244 0.035000
v 0.088477 1.585244 0.051133
v 0.083344 1.585244 0.066645
v 0.075007 1.585244 0.080942
v 0.063788 1.585244 0.093473
v 0.050118 1.585244 0.103757
v 0.034522 1.585244 0.111398
v 0.017599 1.585244 0.116104
v 0.000000 1.585244 0.117693
v -0.017599 1.585244 0.116104
v -0.034522 1.585244 0.111398
v -0.050118 1.585244 0.103757
v -0.063788 1.585244 0.093473
v -0.075007 1.585244 0.080942
v -0.083344 1.585244 0.066645
v -0.088477 1.585244 0.051133
v -0.090210 1.585244 0.035000
v -0.088477 1.585244 0.018867
v -0.083344 1.585244 0.003355
v -0.075007 1.585244 -0.010942
v -0.063788 1.585244 -0.023473
v -0.050118 1.585244 -0.033757
v -0.034522 1.585244 -0.041398
v -0.017599 1.585244 -0.046104
v -0.000000 1.585244 -0.047693
v 0.017599 1.585244 -0.046104
v 0.034522 1.585244 -0.041398
v 0.050118 1.585244 -0.033757
v 0.063788 1.585244 -0.023473
v 0.075007 1.585244 -0.010942
v 0.083344 1.585244 0.003355
v 0.088477 1.585244 0.018867
v 0.083138 1.571500 0.035000
v 0.081541 1.571500 0.049868
v 0.076810 1.571500 0.064164
v 0.069127 1.571500 0.077340
v 0.058788 1.571500 0.088889
v 0.046189 1.571500 0.098366
v 0.031816 1.571500 0.105409
v 0.016220 1.571500 0.109746
v 0.000000 1.571500 0.111210
v -0.016220 1.571500 0.109746
v -0.031816 1.571500 0.105409
v -0.046189 1.571500 0.098366
v -0.058788 1.571500 0.088889
v -0.069127 1.571500 0.077340
v -0.076810 1.571500 0.064164
v -0.081541 1.571500 0.049868
v -0.083138 1.571500 0.035000
v -0.081541 1.571500 0.020132
v -0.076810 1.571500 0.005836
v -0.069127 1.571500 -0.007340
v -0.058788 1.571500 -0.018889
v -0.046189 1.571500 -0.028366
v -0.031816 1.571500 -0.035409
v -0.016220 1.571500 -0.039746
v -0.000000 1.571500 -0.041210
v 0.016220 1.571500 -0.039746
v 0.031816 1.571500 -0.035409
v 0.046189 1.571500 -0.028366
v 0.058788 1.571500 -0.018889
v 0.069127 1.571500 -0.007340
v 0.076810 1.571500 0.005836
v 0.081541 1.571500 0.020132
v 0.073540 1.559077 0.035000
v 0.072127 1.559077 0.048151
v 0.067942 1.559077 0.060797
v 0.061146 1.559077 0.072452
v 0.052001 1.559077 0.082667
v 0.040857 1.559077 0.091051
v 0.028143 1.559077 0.097280
v 0.014347 1.559077 0.101117
v 0.000000 1.559077 0.102412
v -0.014347 1.559077 0.101117
v -0.028143 1.559077 0.097280
v -0.040857 1.559077 0.091051
v -0.052001 1.559077 0.082667
v -0.061146 1.559077 0.072452
v -0.067942 1.559077 0.060797
v -0.072127 1.559077 0.048151
v -0.073540 1.559077 0.035000
v -0.072127 1.559077 0.021849
v -0.067942 1.559077 0.009203
v -0.061146 1.559077 -0.002452
v -0.052001 1.559077 -0.012667
v -0.040857 1.559077 -0.021051
v -0.028143 1.559077 -0.027280
v -0.014347 1.559077 -0.031117
v -0.000000 1.559077 -0.032412
v 0.014347 1.559077 -0.031117
v 0.028143 1.559077 -0.027280
v 0.040857 1.559077 -0.021051
v 0.052001 1.559077 -0.012667
v 0.061146 1.559077 -0.002452
v 0.067942 1.559077 0.009203
v 0.072127 1.559077 0.021849
v 0.061708 1.548354 0.035000
v 0.060522 1.548354 0.046035
v 0.057010 1.548354 0.056647
v 0.051308 1.548354 0.066426
v 0.043634 1.548354 0.074998
v 0.034283 1.548354 0.082032
v 0.023614 1.548354 0.087260
v 0.012039 1.548354 0.090478
v 0.000000 1.548354 0.091565
v -0.012039 1.548354 0.090478
v -0.023614 1.548354 0.087260
v -0.034283 1.548354 0.082032
v -0.043634 1.548354 0.074998
v -0.051308 1.548354 0.066426
v -0.057010 1.548354 0.056647
v -0.060522 1.548354 0.046035
v -0.061708 1.548354 0.035000
v -0.060522 1.548354 0.023965
v -0.057010 1.548354 0.013353
v -0.051308 1.548354 0.003574
v -0.043634 1.548354 -0.004998
v -0.034283 1.548354 -0.012032
v -0.023614 1.548354 -0.017260
v -0.012039 1.548354 -0.020478
v -0.000000 1.548354 -0.021565
v 0.012039 1.548354 -0.020478
v 0.023614 1.548354 -0.017260
v 0.034283 1.548354 -0.012032
v 0.043634 1.548354 -0.004998
v 0.051308 1.548354 0.003574
v 0.057010 1.548354 0.013353
v 0.060522 1.548354 0.023965
v 0.048000 1.539656 0.035000
v 0.047078 1.539656 0.043584
v 0.044346 1.539656 0.051838
v 0.039911 1.539656 0.059445
v 0.033941 1.539656 0.066113
v 0.026667 1.539656 0.071585
v 0.018369 1.539656 0.075651
v 0.009364 1.539656 0.078155
v 0.000000 1.539656 0.079000
v -0.009364 1.539656 0.078155
v -0.018369 1.539656 0.075651
v -0.026667 1.539656 0.071585
v -0.033941 1.539656 0.066113
v -0.039911 1.539656 0.059445
v -0.044346 1.539656 0.051838
v -0.047078 1.539656 0.043584
v -0.048000 1.539656 0.035000
v -0.047078 1.539656 0.026416
v -0.044346 1.539656 0.018162
v -0.039911 1.539656 0.010555
v -0.033941 1.539656 0.003887
v -0.026667 1.539656 -0.001585
v -0.018369 1.539656 -0.005651
v -0.009364 1.539656 -0.008155
v -0.000000 1.539656 -0.009000
v 0.009364 1.539656 -0.008155
v 0.018369 1.539656 -0.005651
v 0.026667 1.539656 -0.001585
v 0.033941 1.539656 0.003887
v 0.039911 1.539656 0.010555
v 0.044346 1.539656 0.018162
v 0.047078 1.539656 0.026416
v 0.032834 1.533247 0.035000
v 0.032203 1.533247 0.040872
v 0.030335 1.533247 0.046518
v 0.027300 1.533247 0.051721
v 0.023217 1.533247 0.056282
v 0.018242 1.533247 0.060025
v 0.012565 1.533247 0.062807
v 0.006406 1.533247 0.064519
v 0.000000 1.533247 0.065098
v -0.006406 1.533247 0.064519
v -0.012565 1.533247 0.062807
v -0.018242 1.533247 0.060025
v -0.023217 1.533247 0.056282
v -0.027300 1.533247 0.051721
v -0.030335 1.533247 0.046518
v -0.032203 1.533247 0.040872
v -0.032834 1.533247 0.035000
v -0.032203 1.533247 0.029128
v -0.030335 1.533247 0.023482
v -0.027300 1.533247 0.018279
v -0.023217 1.533247 0.013718
v -0.018242 1.533247 0.009975
v -0.012565 1.533247 0.007193
v -0.006406 1.533247 0.005481
v -0.000000 1.533247 0.004902
v 0.006406 1.533247 0.005481
v 0.012565 1.533247 0.007193
v 0.018242 1.533247 0.009975
v 0.023217 1.533247 0.013718
v 0.027300 1.533247 0.018279
v 0.030335 1.533247 0.023482
v 0.032203 1.533247 0.029128
v 0.016670 1.529322 0.035000
v 0.016350 1.529322 0.037981
v 0.015401 1.529322 0.040848
v 0.013861 1.529322 0.043490
v 0.011788 1.529322 0.045805
v 0.009261 1.529322 0.047706
v 0.006379 1.529322 0.049118
v 0.003252 1.529322 0.049987
v 0.000000 1.529322 0.050281
v -0.003252 1.529322 0.049987
v -0.006379 1.529322 0.049118
v -0.009261 1.529322 0.047706
v -0.011788 1.529322 0.045805
v -0.013861 1.529322 0.043490
v -0.015401 1.529322 0.040848
v -0.016350 1.529322 0.037981
v -0.016670 1.529322 0.035000
v -0.016350 1.529322 0.032019
v -0.015401 1.529322 0.029152
v -0.013861 1.529322 0.026510
v -0.011788 1.529322 0.024195
v -0.009261 1.529322 0.022294
v -0.006379 1.529322 0.020882
v -0.003252 1.529322 0.020013
v -0.000000 1.529322 0.019719
v 0.003252 1.529322 0.020013
v 0.006379 1.529322 0.020882
v 0.009261 1.529322 0.022294
v 0.011788 1.529322 0.024195
v 0.013861 1.529322 0.026510
v 0.015401 1.529322 0.029152
v 0.016350 1.529322 0.032019
v 0.000000 1.528000 0.035000
v -0.113000 1.717000 0.005000
v -0.107659 1.715922 0.005000
v -0.107921 1.715922 0.006857
v -0.108679 1.715922 0.008531
v -0.109861 1.715922 0.009861
v -0.111350 1.715922 0.010714
v -0.113000 1.715922 0.011008
v -0.114650 1.715922 0.010714
v -0.116139 1.715922 0.009861
v -0.117321 1.715922 0.008531
v -0.118079 1.715922 0.006857
v -0.118341 1.715922 0.005000
v -0.118079 1.715922 0.003143
v -0.117321 1.715922 0.001469
v -0.116139 1.715922 0.000139
v -0.114650 1.715922 -0.000714
v -0.113000 1.715922 -0.001008
v -0.111350 1.715922 -0.000714
v -0.109861 1.715922 0.000139
v -0.108679 1.715922 0.001469
v -0.107921 1.715922 0.003143
v -0.102587 1.712742 0.005000
v -0.103096 1.712742 0.008620
v -0.104576 1.712742 0.011886
v -0.106879 1.712742 0.014478
v -0.109782 1.712742 0.016141
v -0.113000 1.712742 0.016715
v -0.116218 1.712742 0.016141
v -0.119121 1.712742 0.014478
v -0.121424 1.712742 0.011886
v -0.122904 1.712742 0.008620
v -0.123413 1.712742 0.005000
v -0.122904 1.712742 0.001380
v -0.121424 1.712742 -0.001886
v -0.119121 1.712742 -0.004478
v -0.116218 1.712742 -0.006141
v -0.113000 1.712742 -0.006715
v -0.109782 1.712742 -0.006141
v -0.106879 1.712742 -0.004478
v -0.104576 1.712742 -0.001886
v -0.103096 1.712742 0.001380
v -0.098036 1.707619 0.005000
v -0.098769 1.707619 0.010202
v -0.100894 1.707619 0.014895
v -0.104205 1.707619 0.018619
v -0.108376 1.707619 0.021010
v -0.113000 1.707619 0.021834
v -0.117624 1.707619 0.021010
v -0.121795 1.707619 0.018619
v -0.125106 1.707619 0.014895
v -0.127231 1.707619 0.010202
v -0.127964 1.707619 0.005000
v -0.127231 1.707619 -0.000202
v -0.125106 1.707619 -0.004895
v -0.121795 1.707619 -0.008619
v -0.117624 1.707619 -0.011010
v -0.113000 1.707619 -0.011834
v -0.108376 1.707619 -0.011010
v -0.104205 1.707619 -0.008619
v -0.100894 1.707619 -0.004895
v -0.098769 1.707619 -0.000202
v -0.094236 1.700810 0.005000
v -0.095154 1.700810 0.011523
v -0.097820 1.700810 0.017408
v -0.101971 1.700810 0.022078
v -0.107202 1.700810 0.025076
v -0.113000 1.700810 0.026109
v -0.118798 1.700810 0.025076
v -0.124029 1.700810 0.022078
v -0.128180 1.700810 0.017408
v -0.130846 1.700810 0.011523
v -0.131764 1.700810 0.005000
v -0.130846 1.700810 -0.001523
v -0.128180 1.700810 -0.007408
v -0.124029 1.700810 -0.012078
v -0.118798 1.700810 -0.015076
v -0.113000 1.700810 -0.016109
v -0.107202 1.700810 -0.015076
v -0.101971 1.700810 -0.012078
v -0.097820 1.700810 -0.007408
v -0.095154 1.700810 -0.001523
v -0.091377 1.692657 0.005000
v -0.092435 1.692657 0.012517
v -0.095506 1.692657 0.019299
v -0.100290 1.692657 0.024680
v -0.106318 1.692657 0.028136
v -0.113000 1.692657 0.029326
v -0.119682 1.692657 0.028136
v -0.125710 1.692657 0.024680
v -0.130494 1.692657 0.019299
v -0.133565 1.692657 0.012517
v -0.134623 1.692657 0.005000
v -0.133565 1.692657 -0.002517
v -0.130494 1.692657 -0.009299
v -0.125710 1.692657 -0.014680
v -0.119682 1.692657 -0.018136
v -0.113000 1.692657 -0.019326
v -0.106318 1.692657 -0.018136
v -0.100290 1.692657 -0.014680
v -0.095506 1.692657 -0.009299
v -0.092435 1.692657 -0.002517
v -0.089602 1.683568 0.005000
v -0.090747 1.683568 0.013134
v -0.094070 1.683568 0.020472
v -0.099247 1.683568 0.026296
v -0.105770 1.683568 0.030035
v -0.113000 1.683568 0.031323
v -0.120230 1.683568 0.030035
v -0.126753 1.683568 0.026296
v -0.131930 1.683568 0.020472
v -0.135253 1.683568 0.013134
v -0.136398 1.683568 0.005000
v -0.135253 1.683568 -0.003134
v -0.131930 1.683568 -0.010472
v -0.126753 1.683568 -0.016296
v -0.120230 1.683568 -0.020035
v -0.113000 1.683568 -0.021323
v -0.105770 1.683568 -0.020035
v -0.099247 1.683568 -0.016296
v -0.094070 1.683568 -0.010472
v -0.090747 1.683568 -0.003134
v -0.089000 1.674000 0.005000
v -0.090175 1.674000 0.013343
v -0.093584 1.674000 0.020870
v -0.098893 1.674000 0.026843
v -0.105584 1.674000 0.030679
v -0.113000 1.674000 0.032000
v -0.120416 1.674000 0.030679
v -0.127107 1.674000 0.026843
v -0.132416 1.674000 0.020870
v -0.135825 1.674000 0.013343
v -0.137000 1.674000 0.005000
v -0.135825 1.674000 -0.003343
v -0.132416 1.674000 -0.010870
v -0.127107 1.674000 -0.016843
v -0.120416 1.674000 -0.020679
v -0.113000 1.674000 -0.022000
v -0.105584 1.674000 -0.020679
v -0.098893 1.674000 -0.016843
v -0.093584 1.674000 -0.010870
v -0.090175 1.674000 -0.003343
v -0.089602 1.664432 0.005000
v -0.090747 1.664432 0.013134
v -0.094070 1.664432 0.020472
v -0.099247 1.664432 0.026296
v -0.105770 1.664432 0.030035
v -0.113000 1.664432 0.031323
v -0.120230 1.664432 0.030035
v -0.126753 1.664432 0.026296
v -0.131930 1.664432 0.020472
v -0.135253 1.664432 0.013134
v -0.136398 1.664432 0.005000
v -0.135253 1.664432 -0.003134
v -0.131930 1.664432 -0.010472
v -0.126753 1.664432 -0.016296
v -0.120230 1.664432 -0.020035
v -0.113000 1.664432 -0.021323
v -0.105770 1.664432 -0.020035
v -0.099247 1.664432 -0.016296
v -0.094070 1.664432 -0.010472
v -0.090747 1.664432 -0.003134
v -0.091377 1.655343 0.005000
v -0.092435 1.655343 0.012517
v -0.095506 1.655343 0.019299
v -0.100290 1.655343 0.024680
v -0.106318 1.655343 0.028136
v -0.113000 1.655343 0.029326
v -0.119682 1.655343 0.028136
v -0.125710 1.655343 0.024680
v -0.130494 1.655343 0.019299
v -0.133565 1.655343 0.012517
v -0.134623 1.655343 0.005000
v -0.133565 1.655343 -0.002517
v -0.130494 1.655343 -0.009299
v -0.125710 1.655343 -0.014680
v -0.119682 1.655343 -0.018136
v -0.113000 1.655343 -0.019326
v -0.106318 1.655343 -0.018136
v -0.100290 1.655343 -0.014680
v -0.095506 1.655343 -0.009299
v -0.092435 1.655343 -0.002517
v -0.094236 1.647190 0.005000
v -0.095154 1.647190 0.011523
v -0.097820 1.647190 0.017408
v -0.101971 1.647190 0.022078
v -0.107202 1.647190 0.025076
v -0.113000 1.647190 0.026109
v -0.118798 1.647190 0.025076
v -0.124029 1.647190 0.022078
v -0.128180 1.647190 0.017408
v -0.130846 1.647190 0.011523
v -0.131764 1.647190 0.005000
v -0.130846 1.647190 -0.001523
v -0.128180 1.647190 -0.007408
v -0.124029 1.647190 -0.012078
v -0.118798 1.647190 -0.015076
v -0.113000 1.647190 -0.016109
v -0.107202 1.647190 -0.015076
v -0.101971 1.647190 -0.012078
v -0.097820 1.647190 -0.007408
v -0.095154 1.647190 -0.001523
v -0.098036 1.640381 0.005000
v -0.098769 1.640381 0.010202
v -0.100894 1.640381 0.014895
v -0.104205 1.640381 0.018619
v -0.108376 1.640381 0.021010
v -0.113000 1.640381 0.021834
v -0.117624 1.640381 0.021010
v -0.121795 1.640381 0.018619
v -0.125106 1.640381 0.014895
v -0.127231 1.640381 0.010202
v -0.127964 1.640381 0.005000
v -0.127231 1.640381 -0.000202
v -0.125106 1.640381 -0.004895
v -0.121795 1.640381 -0.008619
v -0.117624 1.640381 -0.011010
v -0.113000 1.640381 -0.011834
v -0.108376 1.640381 -0.011010
v -0.104205 1.640381 -0.008619
v -0.100894 1.640381 -0.004895
v -0.098769 1.640381 -0.000202
v -0.102587 1.635258 0.005000
v -0.103096 1.635258 0.008620
v -0.104576 1.635258 0.011886
v -0.106879 1.635258 0.014478
v -0.109782 1.635258 0.016141
v -0.113000 1.635258 0.016715
v -0.116218 1.635258 0.016141
v -0.119121 1.635258 0.014478
v -0.121424 1.635258 0.011886
v -0.122904 1.635258 0.008620
v -0.123413 1.635258 0.005000
v -0.122904 1.635258 0.001380
v -0.121424 1.635258 -0.001886
v -0.119121 1.635258 -0.004478
v -0.116218 1.635258 -0.006141
v -0.113000 1.635258 -0.006715
v -0.109782 1.635258 -0.006141
v -0.106879 1.635258 -0.004478
v -0.104576 1.635258 -0.001886
v -0.103096 1.635258 0.001380
v -0.107659 1.632078 0.005000
v -0.107921 1.632078 0.006857
v -0.108679 1.632078 0.008531
v -0.109861 1.632078 0.009861
v -0.111350 1.632078 0.010714
v -0.113000 1.632078 0.011008
v -0.114650 1.632078 0.010714
v -0.116139 1.632078 0.009861
v -0.117321 1.632078 0.008531
v -0.118079 1.632078 0.006857
v -0.118341 1.632078 0.005000
v -0.118079 1.632078 0.003143
v -0.117321 1.632078 0.001469
v -0.116139 1.632078 0.000139
v -0.114650 1.632078 -0.000714
v -0.113000 1.632078 -0.001008
v -0.111350 1.632078 -0.000714
v -0.109861 1.632078 0.000139
v -0.108679 1.632078 0.001469
v -0.107921 1.632078 0.003143
v -0.113000 1.631000 0.005000
v -0.071147 1.701850 0.095705
v -0.071663 1.705635 0.094015
v -0.073073 1.709787 0.094465
v -0.075000 1.713192 0.096934
v -0.076927 1.714937 0.100760
v -0.078337 1.714556 0.104919
v -0.078853 1.712150 0.108295
v -0.078337 1.708365 0.109985
v -0.076927 1.704213 0.109535
v -0.075000 1.700808 0.107066
v -0.073073 1.699063 0.103240
v -0.071663 1.699444 0.099081
v -0.043440 1.716000 0.103122
v -0.043649 1.720000 0.104446
v -0.044220 1.722928 0.108061
v -0.045000 1.724000 0.113000
v -0.045780 1.722928 0.117939
v -0.046351 1.720000 0.121554
v -0.046560 1.716000 0.122878
v -0.046351 1.712000 0.121554
v -0.045780 1.709072 0.117939
v -0.045000 1.708000 0.113000
v -0.044220 1.709072 0.108061
v -0.043649 1.712000 0.104446
v -0.016061 1.712543 0.112232
v -0.016321 1.711149 0.114995
v -0.017031 1.708644 0.116688
v -0.018000 1.705698 0.116857
v -0.018969 1.703101 0.115457
v -0.019679 1.701549 0.112862
v -0.019939 1.701457 0.109768
v -0.019679 1.702851 0.107005
v -0.018969 1.705356 0.105312
v -0.018000 1.708302 0.105143
v -0.017031 1.710899 0.106543
v -0.016321 1.712451 0.109138
v -0.075000 1.707000 0.102000
v -0.018000 1.707000 0.111000
v 0.113000 1.717000 0.005000
v 0.118341 1.715922 0.005000
v 0.118079 1.715922 0.006857
v 0.117321 1.715922 0.008531
v 0.116139 1.715922 0.009861
v 0.114650 1.715922 0.010714
v 0.113000 1.715922 0.011008
v 0.111350 1.715922 0.010714
v 0.109861 1.715922 0.009861
v 0.108679 1.715922 0.008531
v 0.107921 1.715922 0.006857
v 0.107659 1.715922 0.005000
v 0.107921 1.715922 0.003143
v 0.108679 1.715922 0.001469
v 0.109861 1.715922 0.000139
v 0.111350 1.715922 -0.000714
v 0.113000 1.715922 -0.001008
v 0.114650 1.715922 -0.000714
v 0.116139 1.715922 0.000139
v 0.117321 1.715922 0.001469
v 0.118079 1.715922 0.003143
v 0.123413 1.712742 0.005000
v 0.122904 1.712742 0.008620
v 0.121424 1.712742 0.011886
v 0.119121 1.712742 0.014478
v 0.116218 1.712742 0.016141
v 0.113000 1.712742 0.016715
v 0.109782 1.712742 0.016141
v 0.106879 1.712742 0.014478
v 0.104576 1.712742 0.011886
v 0.103096 1.712742 0.008620
v 0.102587 1.712742 0.005000
v 0.103096 1.712742 0.001380
v 0.104576 1.712742 -0.001886
v 0.106879 1.712742 -0.004478
v 0.109782 1.712742 -0.006141
v 0.113000 1.712742 -0.006715
v 0.116218 1.712742 -0.006141
v 0.119121 1.712742 -0.004478
v 0.121424 1.712742 -0.001886
v 0.122904 1.712742 0.001380
v 0.127964 1.707619 0.005000
v 0.127231 1.707619 0.010202
v 0.125106 1.707619 0.014895
v 0.121795 1.707619 0.018619
v 0.117624 1.707619 0.021010
v 0.113000 1.707619 0.021834
v 0.108376 1.707619 0.021010
v 0.104205 1.707619 0.018619
v 0.100894 1.707619 0.014895
v 0.098769 1.707619 0.010202
v 0.098036 1.707619 0.005000
v 0.098769 1.707619 -0.000202
v 0.100894 1.707619 -0.004895
v 0.104205 1.707619 -0.008619
v 0.108376 1.707619 -0.011010
v 0.113000 1.707619 -0.011834
v 0.117624 1.707619 -0.011010
v 0.121795 1.707619 -0.008619
v 0.125106 1.707619 -0.004895
v 0.127231 1.707619 -0.000202
v 0.131764 1.700810 0.005000
v 0.130846 1.700810 0.011523
v 0.128180 1.700810 0.017408
v 0.124029 1.700810 0.022078
v 0.118798 1.700810 0.025076
v 0.113000 1.700810 0.026109
v 0.107202 1.700810 0.025076
v 0.101971 1.700810 0.022078
v 0.097820 1.700810 0.017408
v 0.095154 1.700810 0.011523
v 0.094236 1.700810 0.005000
v 0.095154 1.700810 -0.001523
v 0.097820 1.700810 -0.007408
v 0.101971 1.700810 -0.012078
v 0.107202 1.700810 -0.015076
v 0.113000 1.700810 -0.016109
v 0.118798 1.700810 -0.015076
v 0.124029 1.700810 -0.012078
v 0.128180 1.700810 -0.007408
v 0.130846 1.700810 -0.001523
v 0.134623 1.692657 0.005000
v 0.133565 1.692657 0.012517
v 0.130494 1.692657 0.019299
v 0.125710 1.692657 0.024680
v 0.119682 1.692657 0.028136
v 0.113000 1.692657 0.029326
v 0.106318 1.692657 0.028136
v 0.100290 1.692657 0.024680
v 0.095506 1.692657 0.019299
v 0.092435 1.692657 0.012517
v 0.091377 1.692657 0.005000
v 0.092435 1.692657 -0.002517
v 0.095506 1.692657 -0.009299
v 0.100290 1.692657 -0.014680
v 0.106318 1.692657 -0.018136
v 0.113000 1.692657 -0.019326
v 0.119682 1.692657 -0.018136
v 0.125710 1.692657 -0.014680
v 0.130494 1.692657 -0.009299
v 0.133565 1.692657 -0.002517
v 0.136398 1.683568 0.005000
v 0.135253 1.683568 0.013134
v 0.131930 1.683568 0.020472
v 0.126753 1.683568 0.026296
v 0.120230 1.683568 0.030035
v 0.113000 1.683568 0.031323
v 0.105770 1.683568 0.030035
v 0.099247 1.683568 0.026296
v 0.094070 1.683568 0.020472
v 0.090747 1.683568 0.013134
v 0.089602 1.683568 0.005000
v 0.090747 1.683568 -0.003134
v 0.094070 1.683568 -0.010472
v 0.099247 1.683568 -0.016296
v 0.105770 1.683568 -0.020035
v 0.113000 1.683568 -0.021323
v 0.120230 1.683568 -0.020035
v 0.126753 1.683568 -0.016296
v 0.131930 1.683568 -0.010472
v 0.135253 1.683568 -0.003134
v 0.137000 1.674000 0.005000
v 0.135825 1.674000 0.013343
v 0.132416 1.674000 0.020870
v 0.127107 1.674000 0.026843
v 0.120416 1.674000 0.030679
v 0.113000 1.674000 0.032000
v 0.105584 1.674000 0.030679
v 0.098893 1.674000 0.026843
v 0.093584 1.674000 0.020870
v 0.090175 1.674000 0.013343
v 0.089000 1.674000 0.005000
v 0.090175 1.674000 -0.003343
v 0.093584 1.674000 -0.010870
v 0.098893 1.674000 -0.016843
v 0.105584 1.674000 -0.020679
v 0.113000 1.674000 -0.022000
v 0.120416 1.674000 -0.020679
v 0.127107 1.674000 -0.016843
v 0.132416 1.674000 -0.010870
v 0.135825 1.674000 -0.003343
v 0.136398 1.664432 0.005000
v 0.135253 1.664432 0.013134
v 0.131930 1.664432 0.020472
v 0.126753 1.664432 0.026296
v 0.120230 1.664432 0.030035
v 0.113000 1.664432 0.031323
v 0.105770 1.664432 0.030035
v 0.099247 1.664432 0.026296
v 0.094070 1.664432 0.020472
v 0.090747 1.664432 0.013134
v 0.089602 1.664432 0.005000
v 0.090747 1.664432 -0.003134
v 0.094070 1.664432 -0.010472
v 0.099247 1.664432 -0.016296
v 0.105770 1.664432 -0.020035
v 0.113000 1.664432 -0.021323
v 0.120230 1.664432 -0.020035
v 0.126753 1.664432 -0.016296
v 0.131930 1.664432 -0.010472
v 0.135253 1.664432 -0.003134
v 0.134623 1.655343 0.005000
v 0.133565 1.655343 0.012517
v 0.130494 1.655343 0.019299
v 0.125710 1.655343 0.024680
v 0.119682 1.655343 0.028136
v 0.113000 1.655343 0.029326
v 0.106318 1.655343 0.028136
v 0.100290 1.655343 0.024680
v 0.095506 1.655343 0.019299
v 0.092435 1.655343 0.012517
v 0.091377 1.655343 0.005000
v 0.092435 1.655343 -0.002517
v 0.095506 1.655343 -0.009299
v 0.100290 1.655343 -0.014680
v 0.106318 1.655343 -0.018136
v 0.113000 1.655343 -0.019326
v 0.119682 1.655343 -0.018136
v 0.125710 1.655343 -0.014680
v 0.130494 1.655343 -0.009299
v 0.133565 1.655343 -0.002517
v 0.131764 1.647190 0.005000
v 0.130846 1.647190 0.011523
v 0.128180 1.647190 0.017408
v 0.124029 1.647190 0.022078
v 0.118798 1.647190 0.025076
v 0.113000 1.647190 0.026109
v 0.107202 1.647190 0.025076
v 0.101971 1.647190 0.022078
v 0.097820 1.647190 0.017408
v 0.095154 1.647190 0.011523
v 0.094236 1.647190 0.005000
v 0.095154 1.647190 -0.001523
v 0.097820 1.647190 -0.007408
v 0.101971 1.647190 -0.012078
v 0.107202 1.647190 -0.015076
v 0.113000 1.647190 -0.016109
v 0.118798 1.647190 -0.015076
v 0.124029 1.647190 -0.012078
v 0.128180 1.647190 -0.007408
v 0.130846 1.647190 -0.001523
v 0.127964 1.640381 0.005000
v 0.127231 1.640381 0.010202
v 0.125106 1.640381 0.014895
v 0.121795 1.640381 0.018619
v 0.117624 1.640381 0.021010
v 0.113000 1.640381 0.021834
v 0.108376 1.640381 0.021010
v 0.104205 1.640381 0.018619
v 0.100894 1.640381 0.014895
v 0.098769 1.640381 0.010202
v 0.098036 1.640381 0.005000
v 0.098769 1.640381 -0.000202
v 0.100894 1.640381 -0.004895
v 0.104205 1.640381 -0.008619
v 0.108376 1.640381 -0.011010
v 0.113000 1.640381 -0.011834
v 0.117624 1.640381 -0.011010
v 0.121795 1.640381 -0.008619
v 0.125106 1.640381 -0.004895
v 0.127231 1.640381 -0.000202
v 0.123413 1.635258 0.005000
v 0.122904 1.635258 0.008620
v 0.121424 1.635258 0.011886
v 0.119121 1.635258 0.014478
v 0.116218 1.635258 0.016141
v 0.113000 1.635258 0.016715
v 0.109782 1.635258 0.016141
v 0.106879 1.635258 0.014478
v 0.104576 1.635258 0.011886
v 0.103096 1.635258 0.008620
v 0.102587 1.635258 0.005000
v 0.103096 1.635258 0.001380
v 0.104576 1.635258 -0.001886
v 0.106879 1.635258 -0.004478
v 0.109782 1.635258 -0.006141
v 0.113000 1.635258 -0.006715
v 0.116218 1.635258 -0.006141
v 0.119121 1.635258 -0.004478
v 0.121424 1.635258 -0.001886
v 0.122904 1.635258 0.001380
v 0.118341 1.632078 0.005000
v 0.118079 1.632078 0.006857
v 0.117321 1.632078 0.008531
v 0.116139 1.632078 0.009861
v 0.114650 1.632078 0.010714
v 0.113000 1.632078 0.011008
v 0.111350 1.632078 0.010714
v 0.109861 1.632078 0.009861
v 0.108679 1.632078 0.008531
v 0.107921 1.632078 0.006857
v 0.107659 1.632078 0.005000
v 0.107921 1.632078 0.003143
v 0.108679 1.632078 0.001469
v 0.109861 1.632078 0.000139
v 0.111350 1.632078 -0.000714
v 0.113000 1.632078 -0.001008
v 0.114650 1.632078 -0.000714
v 0.116139 1.632078 0.000139
v 0.117321 1.632078 0.001469
v 0.118079 1.632078 0.003143
v 0.113000 1.631000 0.005000
v 0.078853 1.712150 0.108295
v 0.078337 1.714556 0.104919
v 0.076927 1.714937 0.100760
v 0.075000 1.713192 0.096934
v 0.073073 1.709787 0.094465
v 0.071663 1.705635 0.094015
v 0.071147 1.701850 0.095705
v 0.071663 1.699444 0.099081
v 0.073073 1.699063 0.103240
v 0.075000 1.700808 0.107066
v 0.076927 1.704213 0.109535
v 0.078337 1.708365 0.109985
v 0.046560 1.716000 0.122878
v 0.046351 1.720000 0.121554
v 0.045780 1.722928 0.117939
v 0.045000 1.724000 0.113000
v 0.044220 1.722928 0.108061
v 0.043649 1.720000 0.104446
v 0.043440 1.716000 0.103122
v 0.043649 1.712000 0.104446
v 0.044220 1.709072 0.108061
v 0.045000 1.708000 0.113000
v 0.045780 1.709072 0.117939
v 0.046351 1.712000 0.121554
v 0.019939 1.701457 0.109768
v 0.019679 1.701549 0.112862
v 0.018969 1.703101 0.115457
v 0.018000 1.705698 0.116857
v 0.017031 1.708644 0.116688
v 0.016321 1.711149 0.114995
v 0.016061 1.712543 0.112232
v 0.016321 1.712451 0.109138
v 0.017031 1.710899 0.106543
v 0.018000 1.708302 0.105143
v 0.018969 1.705356 0.105312
v 0.019679 1.702851 0.107005
v 0.075000 1.707000 0.102000
v 0.018000 1.707000 0.111000
v 0.012000 1.700000 0.105000
v 0.010812 1.703542 0.108199
v 0.007482 1.706382 0.110765
v 0.002670 1.707958 0.112188
v -0.002670 1.707958 0.112188
v -0.007482 1.706382 0.110765
v -0.010812 1.703542 0.108199
v -0.012000 1.700000 0.105000
v -0.010812 1.696458 0.101801
v -0.007482 1.693618 0.099235
v -0.002670 1.692042 0.097812
v 0.002670 1.692042 0.097812
v 0.007482 1.693618 0.099235
v 0.010812 1.696458 0.101801
v 0.010000 1.672000 0.136000
v 0.009010 1.674161 0.139762
v 0.006235 1.675894 0.142779
v 0.002225 1.676856 0.144454
v -0.002225 1.676856 0.144454
v -0.006235 1.675894 0.142779
v -0.009010 1.674161 0.139762
v -0.010000 1.672000 0.136000
v -0.009010 1.669839 0.132238
v -0.006235 1.668106 0.129221
v -0.002225 1.667144 0.127546
v 0.002225 1.667144 0.127546
v 0.006235 1.668106 0.129221
v 0.009010 1.669839 0.132238
v 0.014000 1.653000 0.132000
v 0.012614 1.651927 0.137095
v 0.008729 1.651067 0.141181
v 0.003115 1.650590 0.143448
v -0.003115 1.650590 0.143448
v -0.008729 1.651067 0.141181
v -0.012614 1.651927 0.137095
v -0.014000 1.653000 0.132000
v -0.012614 1.654073 0.126905
v -0.008729 1.654933 0.122819
v -0.003115 1.655410 0.120552
v 0.003115 1.655410 0.120552
v 0.008729 1.654933 0.122819
v 0.012614 1.654073 0.126905
v 0.000000 1.700000 0.105000
v 0.000000 1.653000 0.132000
usemtl Skin
f 5386 5387 5406
f 5387 5407 5406
f 5387 5388 5407
f 5388 5408 5407
f 5388 5389 5408
f 5389 5409 5408
f 5389 5390 5409
f 5390 5410 5409
f 5390 5391 5410
f 5391 5411 5410
f 5391 5392 5411
f 5392 5412 5411
f 5392 5393 5412
f 5393 5413 5412
f 5393 5394 5413
f 5394 5414 5413
f 5394 5395 5414
f 5395 5415 5414
f 5395 5396 5415
f 5396 5416 5415
f 5396 5397 5416
f 5397 5417 5416
f 5397 5398 5417
f 5398 5418 5417
f 5398 5399 5418
f 5399 5419 5418
f 5399 5400 5419
f 5400 5420 5419
f 5400 5401 5420
f 5401 5421 5420
f 5401 5402 5421
f 5402 5422 5421
f 5402 5403 5422
f 5403 5423 5422
f 5403 5404 5423
f 5404 5424 5423
f 5404 5405 5424
f 5405 5425 5424
f 5405 5386 5425
f 5386 5406 5425
f 5406 5407 5426
f 5407 5427 5426
f 5407 5408 5427
f 5408 5428 5427
f 5408 5409 5428
f 5409 5429 5428
f 5409 5410 5429
f 5410 5430 5429
f 5410 5411 5430
f 5411 5431 5430
f 5411 5412 5431
f 5412 5432 5431
f 5412 5413 5432
f 5413 5433 5432
f 5413 5414 5433
f 5414 5434 5433
f 5414 5415 5434
f 5415 5435 5434
f 5415 5416 5435
f 5416 5436 5435
f 5416 5417 5436
f 5417 5437 5436
f 5417 5418 5437
f 5418 5438 5437
f 5418 5419 5438
f 5419 5439 5438
f 5419 5420 5439
f 5420 5440 5439
f 5420 5421 5440
f 5421 5441 5440
f 5421 5422 5441
f 5422 5442 5441
f 5422 5423 5442
f 5423 5443 5442
f 5423 5424 5443
f 5424 5444 5443
f 5424 5425 5444
f 5425 5445 5444
f 5425 5406 5445
f 5406 5426 5445
f 5426 5427 5446
f 5427 5447 5446
f 5427 5428 5447
f 5428 5448 5447
f 5428 5429 5448
f 5429 5449 5448
f 5429 5430 5449
f 5430 5450 5449
f 5430 5431 5450
f 5431 5451 5450
f 5431 5432 5451
f 5432 5452 5451
f 5432 5433 5452
f 5433 5453 5452
f 5433 5434 5453
f 5434 5454 5453
f 5434 5435 5454
f 5435 5455 5454
f 5435 5436 5455
f 5436 5456 5455
f 5436 5437 5456
f 5437 5457 5456
f 5437 5438 5457
f 5438 5458 5457
f 5438 5439 5458
f 5439 5459 5458
f 5439 5440 5459
f 5440 5460 5459
f 5440 5441 5460
f 5441 5461 5460
f 5441 5442 5461
f 5442 5462 5461
f 5442 5443 5462
f 5443 5463 5462
f 5443 5444 5463
f 5444 5464 5463
f 5444 5445 5464
f 5445 5465 5464
f 5445 5426 5465
f 5426 5446 5465
f 5466 5387 5386
f 5466 5388 5387
f 5466 5389 5388
f 5466 5390 5389
f 5466 5391 5390
f 5466 5392 5391
f 5466 5393 5392
f 5466 5394 5393
f 5466 5395 5394
f 5466 5396 5395
f 5466 5397 5396
f 5466 5398 5397
f 5466 5399 5398
f 5466 5400 5399
f 5466 5401 5400
f 5466 5402 5401
f 5466 5403 5402
f 5466 5404 5403
f 5466 5405 5404
f 5466 5386 5405
f 5467 5446 5447
f 5467 5447 5448
f 5467 5448 5449
f 5467 5449 5450
f 5467 5450 5451
f 5467 5451 5452
f 5467 5452 5453
f 5467 5453 5454
f 5467 5454 5455
f 5467 5455 5456
f 5467 5456 5457
f 5467 5457 5458
f 5467 5458 5459
f 5467 5459 5460
f 5467 5460 5461
f 5467 5461 5462
f 5467 5462 5463
f 5467 5463 5464
f 5467 5464 5465
f 5467 5465 5446
f 5468 5469 5488
f 5469 5489 5488
f 5469 5470 5489
f 5470 5490 5489
f 5470 5471 5490
f 5471 5491 5490
f 5471 5472 5491
f 5472 5492 5491
f 5472 5473 5492
f 5473 5493 5492
f 5473 5474 5493
f 5474 5494 5493
f 5474 5475 5494
f 5475 5495 5494
f 5475 5476 5495
f 5476 5496 5495
f 5476 5477 5496
f 5477 5497 5496
f 5477 5478 5497
f 5478 5498 5497
f 5478 5479 5498
f 5479 5499 5498
f 5479 5480 5499
f 5480 5500 5499
f 5480 5481 5500
f 5481 5501 5500
f 5481 5482 5501
f 5482 5502 5501
f 5482 5483 5502
f 5483 5503 5502
f 5483 5484 5503
f 5484 5504 5503
f 5484 5485 5504
f 5485 5505 5504
f 5485 5486 5505
f 5486 5506 5505
f 5486 5487 5506
f 5487 5507 5506
f 5487 5468 5507
f 5468 5488 5507
f 5488 5489 5508
f 5489 5509 5508
f 5489 5490 5509
f 5490 5510 5509
f 5490 5491 5510
f 5491 5511 5510
f 5491 5492 5511
f 5492 5512 5511
f 5492 5493 5512
f 5493 5513 5512
f 5493 5494 5513
f 5494 5514 5513
f 5494 5495 5514
f 5495 5515 5514
f 5495 5496 5515
f 5496 5516 5515
f 5496 5497 5516
f 5497 5517 5516
f 5497 5498 5517
f 5498 5518 5517
f 5498 5499 5518
f 5499 5519 5518
f 5499 5500 5519
f 5500 5520 5519
f 5500 5501 5520
f 5501 5521 5520
f 5501 5502 5521
f 5502 5522 5521
f 5502 5503 5522
f 5503 5523 5522
f 5503 5504 5523
f 5504 5524 5523
f 5504 5505 5524
f 5505 5525 5524
f 5505 5506 5525
f 5506 5526 5525
f 5506 5507 5526
f 5507 5527 5526
f 5507 5488 5527
f 5488 5508 5527
f 5508 5509 5528
f 5509 5529 5528
f 5509 5510 5529
f 5510 5530 5529
f 5510 5511 5530
f 5511 5531 5530
f 5511 5512 5531
f 5512 5532 5531
f 5512 5513 5532
f 5513 5533 5532
f 5513 5514 5533
f 5514 5534 5533
f 5514 5515 5534
f 5515 5535 5534
f 5515 5516 5535
f 5516 5536 5535
f 5516 5517 5536
f 5517 5537 5536
f 5517 5518 5537
f 5518 5538 5537
f 5518 5519 5538
f 5519 5539 5538
f 5519 5520 5539
f 5520 5540 5539
f 5520 5521 5540
f 5521 5541 5540
f 5521 5522 5541
f 5522 5542 5541
f 5522 5523 5542
f 5523 5543 5542
f 5523 5524 5543
f 5524 5544 5543
f 5524 5525 5544
f 5525 5545 5544
f 5525 5526 5545
f 5526 5546 5545
f 5526 5527 5546
f 5527 5547 5546
f 5527 5508 5547
f 5508 5528 5547
f 5548 5469 5468
f 5548 5470 5469
f 5548 5471 5470
f 5548 5472 5471
f 5548 5473 5472
f 5548 5474 5473
f 5548 5475 5474
f 5548 5476 5475
f 5548 5477 5476
f 5548 5478 5477
f 5548 5479 5478
f 5548 5480 5479
f 5548 5481 5480
f 5548 5482 5481
f 5548 5483 5482
f 5548 5484 5483
f 5548 5485 5484
f 5548 5486 5485
f 5548 5487 5486
f 5548 5468 5487
f 5549 5528 5529
f 5549 5529 5530
f 5549 5530 5531
f 5549 5531 5532
f 5549 5532 5533
f 5549 5533 5534
f 5549 5534 5535
f 5549 5535 5536
f 5549 5536 5537
f 5549 5537 5538
f 5549 5538 5539
f 5549 5539 5540
f 5549 5540 5541
f 5549 5541 5542
f 5549 5542 5543
f 5549 5543 5544
f 5549 5544 5545
f 5549 5545 5546
f 5549 5546 5547
f 5549 5547 5528
f 5586 5551 5550
f 5586 5587 5551
f 5587 5552 5551
f 5587 5588 5552
f 5588 5553 5552
f 5588 5589 5553
f 5589 5554 5553
f 5589 5590 5554
f 5590 5555 5554
f 5590 5591 5555
f 5591 5556 5555
f 5591 5592 5556
f 5592 5557 5556
f 5592 5593 5557
f 5593 5558 5557
f 5593 5594 5558
f 5594 5559 5558
f 5594 5595 5559
f 5595 5560 5559
f 5595 5596 5560
f 5596 5561 5560
f 5596 5597 5561
f 5597 5562 5561
f 5597 5598 5562
f 5598 5563 5562
f 5598 5599 5563
f 5599 5564 5563
f 5599 5600 5564
f 5600 5565 5564
f 5600 5601 5565
f 5601 5566 5565
f 5601 5602 5566
f 5602 5567 5566
f 5602 5603 5567
f 5603 5568 5567
f 5603 5604 5568
f 5604 5569 5568
f 5604 5605 5569
f 5605 5570 5569
f 5605 5606 5570
f 5606 5571 5570
f 5606 5607 5571
f 5607 5572 5571
f 5607 5608 5572
f 5608 5573 5572
f 5608 5609 5573
f 5609 5574 5573
f 5609 5610 5574
f 5610 5575 5574
f 5610 5611 5575
f 5611 5576 5575
f 5611 5612 5576
f 5612 5577 5576
f 5612 5613 5577
f 5613 5578 5577
f 5613 5614 5578
f 5614 5579 5578
f 5614 5615 5579
f 5615 5580 5579
f 5615 5616 5580
f 5616 5581 5580
f 5616 5617 5581
f 5617 5582 5581
f 5617 5618 5582
f 5618 5583 5582
f 5618 5619 5583
f 5619 5584 5583
f 5619 5620 5584
f 5620 5585 5584
f 5620 5621 5585
f 5621 5550 5585
f 5621 5586 5550
f 5622 5587 5586
f 5622 5623 5587
f 5623 5588 5587
f 5623 5624 5588
f 5624 5589 5588
f 5624 5625 5589
f 5625 5590 5589
f 5625 5626 5590
f 5626 5591 5590
f 5626 5627 5591
f 5627 5592 5591
f 5627 5628 5592
f 5628 5593 5592
f 5628 5629 5593
f 5629 5594 5593
f 5629 5630 5594
f 5630 5595 5594
f 5630 5631 5595
f 5631 5596 5595
f 5631 5632 5596
f 5632 5597 5596
f 5632 5633 5597
f 5633 5598 5597
f 5633 5634 5598
f 5634 5599 5598
f 5634 5635 5599
f 5635 5600 5599
f 5635 5636 5600
f 5636 5601 5600
f 5636 5637 5601
f 5637 5602 5601
f 5637 5638 5602
f 5638 5603 5602
f 5638 5639 5603
f 5639 5604 5603
f 5639 5640 5604
f 5640 5605 5604
f 5640 5641 5605
f 5641 5606 5605
f 5641 5642 5606
f 5642 5607 5606
f 5642 5643 5607
f 5643 5608 5607
f 5643 5644 5608
f 5644 5609 5608
f 5644 5645 5609
f 5645 5610 5609
f 5645 5646 5610
f 5646 5611 5610
f 5646 5647 5611
f 5647 5612 5611
f 5647 5648 5612
f 5648 5613 5612
f 5648 5649 5613
f 5649 5614 5613
f 5649 5650 5614
f 5650 5615 5614
f 5650 5651 5615
f 5651 5616 5615
f 5651 5652 5616
f 5652 5617 5616
f 5652 5653 5617
f 5653 5618 5617
f 5653 5654 5618
f 5654 5619 5618
f 5654 5655 5619
f 5655 5620 5619
f 5655 5656 5620
f 5656 5621 5620
f 5656 5657 5621
f 5657 5586 5621
f 5657 5622 5586
f 5658 5623 5622
f 5658 5659 5623
f 5659 5624 5623
f 5659 5660 5624
f 5660 5625 5624
f 5660 5661 5625
f 5661 5626 5625
f 5661 5662 5626
f 5662 5627 5626
f 5662 5663 5627
f 5663 5628 5627
f 5663 5664 5628
f 5664 5629 5628
f 5664 5665 5629
f 5665 5630 5629
f 5665 5666 5630
f 5666 5631 5630
f 5666 5667 5631
f 5667 5632 5631
f 5667 5668 5632
f 5668 5633 5632
f 5668 5669 5633
f 5669 5634 5633
f 5669 5670 5634
f 5670 5635 5634
f 5670 5671 5635
f 5671 5636 5635
f 5671 5672 5636
f 5672 5637 5636
f 5672 5673 5637
f 5673 5638 5637
f 5673 5674 5638
f 5674 5639 5638
f 5674 5675 5639
f 5675 5640 5639
f 5675 5676 5640
f 5676 5641 5640
f 5676 5677 5641
f 5677 5642 5641
f 5677 5678 5642
f 5678 5643 5642
f 5678 5679 5643
f 5679 5644 5643
f 5679 5680 5644
f 5680 5645 5644
f 5680 5681 5645
f 5681 5646 5645
f 5681 5682 5646
f 5682 5647 5646
f 5682 5683 5647
f 5683 5648 5647
f 5683 5684 5648
f 5684 5649 5648
f 5684 5685 5649
f 5685 5650 5649
f 5685 5686 5650
f 5686 5651 5650
f 5686 5687 5651
f 5687 5652 5651
f 5687 5688 5652
f 5688 5653 5652
f 5688 5689 5653
f 5689 5654 5653
f 5689 5690 5654
f 5690 5655 5654
f 5690 5691 5655
f 5691 5656 5655
f 5691 5692 5656
f 5692 5657 5656
f 5692 5693 5657
f 5693 5622 5657
f 5693 5658 5622
f 5694 5659 5658
f 5694 5695 5659
f 5695 5660 5659
f 5695 5696 5660
f 5696 5661 5660
f 5696 5697 5661
f 5697 5662 5661
f 5697 5698 5662
f 5698 5663 5662
f 5698 5699 5663
f 5699 5664 5663
f 5699 5700 5664
f 5700 5665 5664
f 5700 5701 5665
f 5701 5666 5665
f 5701 5702 5666
f 5702 5667 5666
f 5702 5703 5667
f 5703 5668 5667
f 5703 5704 5668
f 5704 5669 5668
f 5704 5705 5669
f 5705 5670 5669
f 5705 5706 5670
f 5706 5671 5670
f 5706 5707 5671
f 5707 5672 5671
f 5707 5708 5672
f 5708 5673 5672
f 5708 5709 5673
f 5709 5674 5673
f 5709 5710 5674
f 5710 5675 5674
f 5710 5711 5675
f 5711 5676 5675
f 5711 5712 5676
f 5712 5677 5676
f 5712 5713 5677
f 5713 5678 5677
f 5713 5714 5678
f 5714 5679 5678
f 5714 5715 5679
f 5715 5680 5679
f 5715 5716 5680
f 5716 5681 5680
f 5716 5717 5681
f 5717 5682 5681
f 5717 5718 5682
f 5718 5683 5682
f 5718 5719 5683
f 5719 5684 5683
f 5719 5720 5684
f 5720 5685 5684
f 5720 5721 5685
f 5721 5686 5685
f 5721 5722 5686
f 5722 5687 5686
f 5722 5723 5687
f 5723 5688 5687
f 5723 5724 5688
f 5724 5689 5688
f 5724 5725 5689
f 5725 5690 5689
f 5725 5726 5690
f 5726 5691 5690
f 5726 5727 5691
f 5727 5692 5691
f 5727 5728 5692
f 5728 5693 5692
f 5728 5729 5693
f 5729 5658 5693
f 5729 5694 5658
f 5730 5731 5754
f 5731 5755 5754
f 5731 5732 5755
f 5732 5756 5755
f 5732 5733 5756
f 5733 5757 5756
f 5733 5734 5757
f 5734 5758 5757
f 5734 5735 5758
f 5735 5759 5758
f 5735 5736 5759
f 5736 5760 5759
f 5736 5737 5760
f 5737 5761 5760
f 5737 5738 5761
f 5738 5762 5761
f 5738 5739 5762
f 5739 5763 5762
f 5739 5740 5763
f 5740 5764 5763
f 5740 5741 5764
f 5741 5765 5764
f 5741 5742 5765
f 5742 5766 5765
f 5742 5743 5766
f 5743 5767 5766
f 5743 5744 5767
f 5744 5768 5767
f 5744 5745 5768
f 5745 5769 5768
f 5745 5746 5769
f 5746 5770 5769
f 5746 5747 5770
f 5747 5771 5770
f 5747 5748 5771
f 5748 5772 5771
f 5748 5749 5772
f 5749 5773 5772
f 5749 5750 5773
f 5750 5774 5773
f 5750 5751 5774
f 5751 5775 5774
f 5751 5752 5775
f 5752 5776 5775
f 5752 5753 5776
f 5753 5777 5776
f 5753 5730 5777
f 5730 5754 5777
f 5754 5755 5778
f 5755 5779 5778
f 5755 5756 5779
f 5756 5780 5779
f 5756 5757 5780
f 5757 5781 5780
f 5757 5758 5781
f 5758 5782 5781
f 5758 5759 5782
f 5759 5783 5782
f 5759 5760 5783
f 5760 5784 5783
f 5760 5761 5784
f 5761 5785 5784
f 5761 5762 5785
f 5762 5786 5785
f 5762 5763 5786
f 5763 5787 5786
f 5763 5764 5787
f 5764 5788 5787
f 5764 5765 5788
f 5765 5789 5788
f 5765 5766 5789
f 5766 5790 5789
f 5766 5767 5790
f 5767 5791 5790
f 5767 5768 5791
f 5768 5792 5791
f 5768 5769 5792
f 5769 5793 5792
f 5769 5770 5793
f 5770 5794 5793
f 5770 5771 5794
f 5771 5795 5794
f 5771 5772 5795
f 5772 5796 5795
f 5772 5773 5796
f 5773 5797 5796
f 5773 5774 5797
f 5774 5798 5797
f 5774 5775 5798
f 5775 5799 5798
f 5775 5776 5799
f 5776 5800 5799
f 5776 5777 5800
f 5777 5801 5800
f 5777 5754 5801
f 5754 5778 5801
f 5802 5731 5730
f 5802 5732 5731
f 5802 5733 5732
f 5802 5734 5733
f 5802 5735 5734
f 5802 5736 5735
f 5802 5737 5736
f 5802 5738 5737
f 5802 5739 5738
f 5802 5740 5739
f 5802 5741 5740
f 5802 5742 5741
f 5802 5743 5742
f 5802 5744 5743
f 5802 5745 5744
f 5802 5746 5745
f 5802 5747 5746
f 5802 5748 5747
f 5802 5749 5748
f 5802 5750 5749
f 5802 5751 5750
f 5802 5752 5751
f 5802 5753 5752
f 5802 5730 5753
f 5803 5778 5779
f 5803 5779 5780
f 5803 5780 5781
f 5803 5781 5782
f 5803 5782 5783
f 5803 5783 5784
f 5803 5784 5785
f 5803 5785 5786
f 5803 5786 5787
f 5803 5787 5788
f 5803 5788 5789
f 5803 5789 5790
f 5803 5790 5791
f 5803 5791 5792
f 5803 5792 5793
f 5803 5793 5794
f 5803 5794 5795
f 5803 5795 5796
f 5803 5796 5797
f 5803 5797 5798
f 5803 5798 5799
f 5803 5799 5800
f 5803 5800 5801
f 5803 5801 5778
f 5804 5806 5805
f 5804 5807 5806
f 5804 5808 5807
f 5804 5809 5808
f 5804 5810 5809
f 5804 5811 5810
f 5804 5812 5811
f 5804 5813 5812
f 5804 5814 5813
f 5804 5815 5814
f 5804 5816 5815
f 5804 5817 5816
f 5804 5818 5817
f 5804 5819 5818
f 5804 5820 5819
f 5804 5821 5820
f 5804 5822 5821
f 5804 5823 5822
f 5804 5824 5823
f 5804 5825 5824
f 5804 5826 5825
f 5804 5827 5826
f 5804 5828 5827
f 5804 5829 5828
f 5804 5830 5829
f 5804 5831 5830
f 5804 5832 5831
f 5804 5833 5832
f 5804 5834 5833
f 5804 5835 5834
f 5804 5836 5835
f 5804 5837 5836
f 5804 5838 5837
f 5804 5839 5838
f 5804 5840 5839
f 5804 5805 5840
f 5806 5841 5805
f 5842 5841 5806
f 5807 5842 5806
f 5843 5842 5807
f 5808 5843 5807
f 5844 5843 5808
f 5809 5844 5808
f 5845 5844 5809
f 5810 5845 5809
f 5846 5845 5810
f 5811 5846 5810
f 5847 5846 5811
f 5812 5847 5811
f 5848 5847 5812
f 5813 5848 5812
f 5849 5848 5813
f 5814 5849 5813
f 5850 5849 5814
f 5815 5850 5814
f 5851 5850 5815
f 5816 5851 5815
f 5852 5851 5816
f 5817 5852 5816
f 5853 5852 5817
f 5818 5853 5817
f 5854 5853 5818
f 5819 5854 5818
f 5855 5854 5819
f 5820 5855 5819
f 5856 5855 5820
f 5821 5856 5820
f 5857 5856 5821
f 5822 5857 5821
f 5858 5857 5822
f 5823 5858 5822
f 5859 5858 5823
f 5824 5859 5823
f 5860 5859 5824
f 5825 5860 5824
f 5861 5860 5825
f 5826 5861 5825
f 5862 5861 5826
f 5827 5862 5826
f 5863 5862 5827
f 5828 5863 5827
f 5864 5863 5828
f 5829 5864 5828
f 5865 5864 5829
f 5830 5865 5829
f 5866 5865 5830
f 5831 5866 5830
f 5867 5866 5831
f 5832 5867 5831
f 5868 5867 5832
f 5833 5868 5832
f 5869 5868 5833
f 5834 5869 5833
f 5870 5869 5834
f 5835 5870 5834
f 5871 5870 5835
f 5836 5871 5835
f 5872 5871 5836
f 5837 5872 5836
f 5873 5872 5837
f 5838 5873 5837
f 5874 5873 5838
f 5839 5874 5838
f 5875 5874 5839
f 5840 5875 5839
f 5876 5875 5840
f 5805 5876 5840
f 5841 5876 5805
f 5842 5877 5841
f 5878 5877 5842
f 5843 5878 5842
f 5879 5878 5843
f 5844 5879 5843
f 5880 5879 5844
f 5845 5880 5844
f 5881 5880 5845
f 5846 5881 5845
f 5882 5881 5846
f 5847 5882 5846
f 5883 5882 5847
f 5848 5883 5847
f 5884 5883 5848
f 5849 5884 5848
f 5885 5884 5849
f 5850 5885 5849
f 5886 5885 5850
f 5851 5886 5850
f 5887 5886 5851
f 5852 5887 5851
f 5888 5887 5852
f 5853 5888 5852
f 5889 5888 5853
f 5854 5889 5853
f 5890 5889 5854
f 5855 5890 5854
f 5891 5890 5855
f 5856 5891 5855
f 5892 5891 5856
f 5857 5892 5856
f 5893 5892 5857
f 5858 5893 5857
f 5894 5893 5858
f 5859 5894 5858
f 5895 5894 5859
f 5860 5895 5859
f 5896 5895 5860
f 5861 5896 5860
f 5897 5896 5861
f 5862 5897 5861
f 5898 5897 5862
f 5863 5898 5862
f 5899 5898 5863
f 5864 5899 5863
f 5900 5899 5864
f 5865 5900 5864
f 5901 5900 5865
f 5866 5901 5865
f 5902 5901 5866
f 5867 5902 5866
f 5903 5902 5867
f 5868 5903 5867
f 5904 5903 5868
f 5869 5904 5868
f 5905 5904 5869
f 5870 5905 5869
f 5906 5905 5870
f 5871 5906 5870
f 5907 5906 5871
f 5872 5907 5871
f 5908 5907 5872
f 5873 5908 5872
f 5909 5908 5873
f 5874 5909 5873
f 5910 5909 5874
f 5875 5910 5874
f 5911 5910 5875
f 5876 5911 5875
f 5912 5911 5876
f 5841 5912 5876
f 5877 5912 5841
f 5878 5913 5877
f 5914 5913 5878
f 5879 5914 5878
f 5915 5914 5879
f 5880 5915 5879
f 5916 5915 5880
f 5881 5916 5880
f 5917 5916 5881
f 5882 5917 5881
f 5918 5917 5882
f 5883 5918 5882
f 5919 5918 5883
f 5884 5919 5883
f 5920 5919 5884
f 5885 5920 5884
f 5921 5920 5885
f 5886 5921 5885
f 5922 5921 5886
f 5887 5922 5886
f 5923 5922 5887
f 5888 5923 5887
f 5924 5923 5888
f 5889 5924 5888
f 5925 5924 5889
f 5890 5925 5889
f 5926 5925 5890
f 5891 5926 5890
f 5927 5926 5891
f 5892 5927 5891
f 5928 5927 5892
f 5893 5928 5892
f 5929 5928 5893
f 5894 5929 5893
f 5930 5929 5894
f 5895 5930 5894
f 5931 5930 5895
f 5896 5931 5895
f 5932 5931 5896
f 5897 5932 5896
f 5933 5932 5897
f 5898 5933 5897
f 5934 5933 5898
f 5899 5934 5898
f 5935 5934 5899
f 5900 5935 5899
f 5936 5935 5900
f 5901 5936 5900
f 5937 5936 5901
f 5902 5937 5901
f 5938 5937 5902
f 5903 5938 5902
f 5939 5938 5903
f 5904 5939 5903
f 5940 5939 5904
f 5905 5940 5904
f 5941 5940 5905
f 5906 5941 5905
f 5942 5941 5906
f 5907 5942 5906
f 5943 5942 5907
f 5908 5943 5907
f 5944 5943 5908
f 5909 5944 5908
f 5945 5944 5909
f 5910 5945 5909
f 5946 5945 5910
f 5911 5946 5910
f 5947 5946 5911
f 5912 5947 5911
f 5948 5947 5912
f 5877 5948 5912
f 5913 5948 5877
f 5914 5949 5913
f 5950 5949 5914
f 5915 5950 5914
f 5951 5950 5915
f 5916 5951 5915
f 5952 5951 5916
f 5917 5952 5916
f 5953 5952 5917
f 5918 5953 5917
f 5954 5953 5918
f 5919 5954 5918
f 5955 5954 5919
f 5920 5955 5919
f 5956 5955 5920
f 5921 5956 5920
f 5957 5956 5921
f 5922 5957 5921
f 5958 5957 5922
f 5923 5958 5922
f 5959 5958 5923
f 5924 5959 5923
f 5960 5959 5924
f 5925 5960 5924
f 5961 5960 5925
f 5926 5961 5925
f 5962 5961 5926
f 5927 5962 5926
f 5963 5962 5927
f 5928 5963 5927
f 5964 5963 5928
f 5929 5964 5928
f 5965 5964 5929
f 5930 5965 5929
f 5966 5965 5930
f 5931 5966 5930
f 5967 5966 5931
f 5932 5967 5931
f 5968 5967 5932
f 5933 5968 5932
f 5969 5968 5933
f 5934 5969 5933
f 5970 5969 5934
f 5935 5970 5934
f 5971 5970 5935
f 5936 5971 5935
f 5972 5971 5936
f 5937 5972 5936
f 5973 5972 5937
f 5938 5973 5937
f 5974 5973 5938
f 5939 5974 5938
f 5975 5974 5939
f 5940 5975 5939
f 5976 5975 5940
f 5941 5976 5940
f 5977 5976 5941
f 5942 5977 5941
f 5978 5977 5942
f 5943 5978 5942
f 5979 5978 5943
f 5944 5979 5943
f 5980 5979 5944
f 5945 5980 5944
f 5981 5980 5945
f 5946 5981 5945
f 5982 5981 5946
f 5947 5982 5946
f 5983 5982 5947
f 5948 5983 5947
f 5984 5983 5948
f 5913 5984 5948
f 5949 5984 5913
f 5950 5985 5949
f 5986 5985 5950
f 5951 5986 5950
f 5987 5986 5951
f 5952 5987 5951
f 5988 5987 5952
f 5953 5988 5952
f 5989 5988 5953
f 5954 5989 5953
f 5990 5989 5954
f 5955 5990 5954
f 5991 5990 5955
f 5956 5991 5955
f 5992 5991 5956
f 5957 5992 5956
f 5993 5992 5957
f 5958 5993 5957
f 5994 5993 5958
f 5959 5994 5958
f 5995 5994 5959
f 5960 5995 5959
f 5996 5995 5960
f 5961 5996 5960
f 5997 5996 5961
f 5962 5997 5961
f 5998 5997 5962
f 5963 5998 5962
f 5999 5998 5963
f 5964 5999 5963
f 6000 5999 5964
f 5965 6000 5964
f 6001 6000 5965
f 5966 6001 5965
f 6002 6001 5966
f 5967 6002 5966
f 6003 6002 5967
f 5968 6003 5967
f 6004 6003 5968
f 5969 6004 5968
f 6005 6004 5969
f 5970 6005 5969
f 6006 6005 5970
f 5971 6006 5970
f 6007 6006 5971
f 5972 6007 5971
f 6008 6007 5972
f 5973 6008 5972
f 6009 6008 5973
f 5974 6009 5973
f 6010 6009 5974
f 5975 6010 5974
f 6011 6010 5975
f 5976 6011 5975
f 6012 6011 5976
f 5977 6012 5976
f 6013 6012 5977
f 5978 6013 5977
f 6014 6013 5978
f 5979 6014 5978
f 6015 6014 5979
f 5980 6015 5979
f 6016 6015 5980
f 5981 6016 5980
f 6017 6016 5981
f 5982 6017 5981
f 6018 6017 5982
f 5983 6018 5982
f 6019 6018 5983
f 5984 6019 5983
f 6020 6019 5984
f 5949 6020 5984
f 5985 6020 5949
f 5986 6021 5985
f 6022 6021 5986
f 5987 6022 5986
f 6023 6022 5987
f 5988 6023 5987
f 6024 6023 5988
f 5989 6024 5988
f 6025 6024 5989
f 5990 6025 5989
f 6026 6025 5990
f 5991 6026 5990
f 6027 6026 5991
f 5992 6027 5991
f 6028 6027 5992
f 5993 6028 5992
f 6029 6028 5993
f 5994 6029 5993
f 6030 6029 5994
f 5995 6030 5994
f 6031 6030 5995
f 5996 6031 5995
f 6032 6031 5996
f 5997 6032 5996
f 6033 6032 5997
f 5998 6033 5997
f 6034 6033 5998
f 5999 6034 5998
f 6035 6034 5999
f 6000 6035 5999
f 6036 6035 6000
f 6001 6036 6000
f 6037 6036 6001
f 6002 6037 6001
f 6038 6037 6002
f 6003 6038 6002
f 6039 6038 6003
f 6004 6039 6003
f 6040 6039 6004
f 6005 6040 6004
f 6041 6040 6005
f 6006 6041 6005
f 6042 6041 6006
f 6007 6042 6006
f 6043 6042 6007
f 6008 6043 6007
f 6044 6043 6008
f 6009 6044 6008
f 6045 6044 6009
f 6010 6045 6009
f 6046 6045 6010
f 6011 6046 6010
f 6047 6046 6011
f 6012 6047 6011
f 6048 6047 6012
f 6013 6048 6012
f 6049 6048 6013
f 6014 6049 6013
f 6050 6049 6014
f 6015 6050 6014
f 6051 6050 6015
f 6016 6051 6015
f 6052 6051 6016
f 6017 6052 6016
f 6053 6052 6017
f 6018 6053 6017
f 6054 6053 6018
f 6019 6054 6018
f 6055 6054 6019
f 6020 6055 6019
f 6056 6055 6020
f 5985 6056 6020
f 6021 6056 5985
f 6022 6057 6021
f 6058 6057 6022
f 6023 6058 6022
f 6059 6058 6023
f 6024 6059 6023
f 6060 6059 6024
f 6025 6060 6024
f 6061 6060 6025
f 6026 6061 6025
f 6062 6061 6026
f 6027 6062 6026
f 6063 6062 6027
f 6028 6063 6027
f 6064 6063 6028
f 6029 6064 6028
f 6065 6064 6029
f 6030 6065 6029
f 6066 6065 6030
f 6031 6066 6030
f 6067 6066 6031
f 6032 6067 6031
f 6068 6067 6032
f 6033 6068 6032
f 6069 6068 6033
f 6034 6069 6033
f 6070 6069 6034
f 6035 6070 6034
f 6071 6070 6035
f 6036 6071 6035
f 6072 6071 6036
f 6037 6072 6036
f 6073 6072 6037
f 6038 6073 6037
f 6074 6073 6038
f 6039 6074 6038
f 6075 6074 6039
f 6040 6075 6039
f 6076 6075 6040
f 6041 6076 6040
f 6077 6076 6041
f 6042 6077 6041
f 6078 6077 6042
f 6043 6078 6042
f 6079 6078 6043
f 6044 6079 6043
f 6080 6079 6044
f 6045 6080 6044
f 6081 6080 6045
f 6046 6081 6045
f 6082 6081 6046
f 6047 6082 6046
f 6083 6082 6047
f 6048 6083 6047
f 6084 6083 6048
f 6049 6084 6048
f 6085 6084 6049
f 6050 6085 6049
f 6086 6085 6050
f 6051 6086 6050
f 6087 6086 6051
f 6052 6087 6051
f 6088 6087 6052
f 6053 6088 6052
f 6089 6088 6053
f 6054 6089 6053
f 6090 6089 6054
f 6055 6090 6054
f 6091 6090 6055
f 6056 6091 6055
f 6092 6091 6056
f 6021 6092 6056
f 6057 6092 6021
f 6058 6093 6057
f 6094 6093 6058
f 6059 6094 6058
f 6095 6094 6059
f 6060 6095 6059
f 6096 6095 6060
f 6061 6096 6060
f 6097 6096 6061
f 6062 6097 6061
f 6098 6097 6062
f 6063 6098 6062
f 6099 6098 6063
f 6064 6099 6063
f 6100 6099 6064
f 6065 6100 6064
f 6101 6100 6065
f 6066 6101 6065
f 6102 6101 6066
f 6067 6102 6066
f 6103 6102 6067
f 6068 6103 6067
f 6104 6103 6068
f 6069 6104 6068
f 6105 6104 6069
f 6070 6105 6069
f 6106 6105 6070
f 6071 6106 6070
f 6107 6106 6071
f 6072 6107 6071
f 6108 6107 6072
f 6073 6108 6072
f 6109 6108 6073
f 6074 6109 6073
f 6110 6109 6074
f 6075 6110 6074
f 6111 6110 6075
f 6076 6111 6075
f 6112 6111 6076
f 6077 6112 6076
f 6113 6112 6077
f 6078 6113 6077
f 6114 6113 6078
f 6079 6114 6078
f 6115 6114 6079
f 6080 6115 6079
f 6116 6115 6080
f 6081 6116 6080
f 6117 6116 6081
f 6082 6117 6081
f 6118 6117 6082
f 6083 6118 6082
f 6119 6118 6083
f 6084 6119 6083
f 6120 6119 6084
f 6085 6120 6084
f 6121 6120 6085
f 6086 6121 6085
f 6122 6121 6086
f 6087 6122 6086
f 6123 6122 6087
f 6088 6123 6087
f 6124 6123 6088
f 6089 6124 6088
f 6125 6124 6089
f 6090 6125 6089
f 6126 6125 6090
f 6091 6126 6090
f 6127 6126 6091
f 6092 6127 6091
f 6128 6127 6092
f 6057 6128 6092
f 6093 6128 6057
f 6094 6129 6093
f 6130 6129 6094
f 6095 6130 6094
f 6131 6130 6095
f 6096 6131 6095
f 6132 6131 6096
f 6097 6132 6096
f 6133 6132 6097
f 6098 6133 6097
f 6134 6133 6098
f 6099 6134 6098
f 6135 6134 6099
f 6100 6135 6099
f 6136 6135 6100
f 6101 6136 6100
f 6137 6136 6101
f 6102 6137 6101
f 6138 6137 6102
f 6103 6138 6102
f 6139 6138 6103
f 6104 6139 6103
f 6140 6139 6104
f 6105 6140 6104
f 6141 6140 6105
f 6106 6141 6105
f 6142 6141 6106
f 6107 6142 6106
f 6143 6142 6107
f 6108 6143 6107
f 6144 6143 6108
f 6109 6144 6108
f 6145 6144 6109
f 6110 6145 6109
f 6146 6145 6110
f 6111 6146 6110
f 6147 6146 6111
f 6112 6147 6111
f 6148 6147 6112
f 6113 6148 6112
f 6149 6148 6113
f 6114 6149 6113
f 6150 6149 6114
f 6115 6150 6114
f 6151 6150 6115
f 6116 6151 6115
f 6152 6151 6116
f 6117 6152 6116
f 6153 6152 6117
f 6118 6153 6117
f 6154 6153 6118
f 6119 6154 6118
f 6155 6154 6119
f 6120 6155 6119
f 6156 6155 6120
f 6121 6156 6120
f 6157 6156 6121
f 6122 6157 6121
f 6158 6157 6122
f 6123 6158 6122
f 6159 6158 6123
f 6124 6159 6123
f 6160 6159 6124
f 6125 6160 6124
f 6161 6160 6125
f 6126 6161 6125
f 6162 6161 6126
f 6127 6162 6126
f 6163 6162 6127
f 6128 6163 6127
f 6164 6163 6128
f 6093 6164 6128
f 6129 6164 6093
f 6130 6165 6129
f 6166 6165 6130
f 6131 6166 6130
f 6167 6166 6131
f 6132 6167 6131
f 6168 6167 6132
f 6133 6168 6132
f 6169 6168 6133
f 6134 6169 6133
f 6170 6169 6134
f 6135 6170 6134
f 6171 6170 6135
f 6136 6171 6135
f 6172 6171 6136
f 6137 6172 6136
f 6173 6172 6137
f 6138 6173 6137
f 6174 6173 6138
f 6139 6174 6138
f 6175 6174 6139
f 6140 6175 6139
f 6176 6175 6140
f 6141 6176 6140
f 6177 6176 6141
f 6142 6177 6141
f 6178 6177 6142
f 6143 6178 6142
f 6179 6178 6143
f 6144 6179 6143
f 6180 6179 6144
f 6145 6180 6144
f 6181 6180 6145
f 6146 6181 6145
f 6182 6181 6146
f 6147 6182 6146
f 6183 6182 6147
f 6148 6183 6147
f 6184 6183 6148
f 6149 6184 6148
f 6185 6184 6149
f 6150 6185 6149
f 6186 6185 6150
f 6151 6186 6150
f 6187 6186 6151
f 6152 6187 6151
f 6188 6187 6152
f 6153 6188 6152
f 6189 6188 6153
f 6154 6189 6153
f 6190 6189 6154
f 6155 6190 6154
f 6191 6190 6155
f 6156 6191 6155
f 6192 6191 6156
f 6157 6192 6156
f 6193 6192 6157
f 6158 6193 6157
f 6194 6193 6158
f 6159 6194 6158
f 6195 6194 6159
f 6160 6195 6159
f 6196 6195 6160
f 6161 6196 6160
f 6197 6196 6161
f 6162 6197 6161
f 6198 6197 6162
f 6163 6198 6162
f 6199 6198 6163
f 6164 6199 6163
f 6200 6199 6164
f 6129 6200 6164
f 6165 6200 6129
f 6166 6201 6165
f 6202 6201 6166
f 6167 6202 6166
f 6203 6202 6167
f 6168 6203 6167
f 6204 6203 6168
f 6169 6204 6168
f 6205 6204 6169
f 6170 6205 6169
f 6206 6205 6170
f 6171 6206 6170
f 6207 6206 6171
f 6172 6207 6171
f 6208 6207 6172
f 6173 6208 6172
f 6209 6208 6173
f 6174 6209 6173
f 6210 6209 6174
f 6175 6210 6174
f 6211 6210 6175
f 6176 6211 6175
f 6212 6211 6176
f 6177 6212 6176
f 6213 6212 6177
f 6178 6213 6177
f 6214 6213 6178
f 6179 6214 6178
f 6215 6214 6179
f 6180 6215 6179
f 6216 6215 6180
f 6181 6216 6180
f 6217 6216 6181
f 6182 6217 6181
f 6218 6217 6182
f 6183 6218 6182
f 6219 6218 6183
f 6184 6219 6183
f 6220 6219 6184
f 6185 6220 6184
f 6221 6220 6185
f 6186 6221 6185
f 6222 6221 6186
f 6187 6222 6186
f 6223 6222 6187
f 6188 6223 6187
f 6224 6223 6188
f 6189 6224 6188
f 6225 6224 6189
f 6190 6225 6189
f 6226 6225 6190
f 6191 6226 6190
f 6227 6226 6191
f 6192 6227 6191
f 6228 6227 6192
f 6193 6228 6192
f 6229 6228 6193
f 6194 6229 6193
f 6230 6229 6194
f 6195 6230 6194
f 6231 6230 6195
f 6196 6231 6195
f 6232 6231 6196
f 6197 6232 6196
f 6233 6232 6197
f 6198 6233 6197
f 6234 6233 6198
f 6199 6234 6198
f 6235 6234 6199
f 6200 6235 6199
f 6236 6235 6200
f 6165 6236 6200
f 6201 6236 6165
f 6202 6237 6201
f 6238 6237 6202
f 6203 6238 6202
f 6239 6238 6203
f 6204 6239 6203
f 6240 6239 6204
f 6205 6240 6204
f 6241 6240 6205
f 6206 6241 6205
f 6242 6241 6206
f 6207 6242 6206
f 6243 6242 6207
f 6208 6243 6207
f 6244 6243 6208
f 6209 6244 6208
f 6245 6244 6209
f 6210 6245 6209
f 6246 6245 6210
f 6211 6246 6210
f 6247 6246 6211
f 6212 6247 6211
f 6248 6247 6212
f 6213 6248 6212
f 6249 6248 6213
f 6214 6249 6213
f 6250 6249 6214
f 6215 6250 6214
f 6251 6250 6215
f 6216 6251 6215
f 6252 6251 6216
f 6217 6252 6216
f 6253 6252 6217
f 6218 6253 6217
f 6254 6253 6218
f 6219 6254 6218
f 6255 6254 6219
f 6220 6255 6219
f 6256 6255 6220
f 6221 6256 6220
f 6257 6256 6221
f 6222 6257 6221
f 6258 6257 6222
f 6223 6258 6222
f 6259 6258 6223
f 6224 6259 6223
f 6260 6259 6224
f 6225 6260 6224
f 6261 6260 6225
f 6226 6261 6225
f 6262 6261 6226
f 6227 6262 6226
f 6263 6262 6227
f 6228 6263 6227
f 6264 6263 6228
f 6229 6264 6228
f 6265 6264 6229
f 6230 6265 6229
f 6266 6265 6230
f 6231 6266 6230
f 6267 6266 6231
f 6232 6267 6231
f 6268 6267 6232
f 6233 6268 6232
f 6269 6268 6233
f 6234 6269 6233
f 6270 6269 6234
f 6235 6270 6234
f 6271 6270 6235
f 6236 6271 6235
f 6272 6271 6236
f 6201 6272 6236
f 6237 6272 6201
f 6238 6273 6237
f 6274 6273 6238
f 6239 6274 6238
f 6275 6274 6239
f 6240 6275 6239
f 6276 6275 6240
f 6241 6276 6240
f 6277 6276 6241
f 6242 6277 6241
f 6278 6277 6242
f 6243 6278 6242
f 6279 6278 6243
f 6244 6279 6243
f 6280 6279 6244
f 6245 6280 6244
f 6281 6280 6245
f 6246 6281 6245
f 6282 6281 6246
f 6247 6282 6246
f 6283 6282 6247
f 6248 6283 6247
f 6284 6283 6248
f 6249 6284 6248
f 6285 6284 6249
f 6250 6285 6249
f 6286 6285 6250
f 6251 6286 6250
f 6287 6286 6251
f 6252 6287 6251
f 6288 6287 6252
f 6253 6288 6252
f 6289 6288 6253
f 6254 6289 6253
f 6290 6289 6254
f 6255 6290 6254
f 6291 6290 6255
f 6256 6291 6255
f 6292 6291 6256
f 6257 6292 6256
f 6293 6292 6257
f 6258 6293 6257
f 6294 6293 6258
f 6259 6294 6258
f 6295 6294 6259
f 6260 6295 6259
f 6296 6295 6260
f 6261 6296 6260
f 6297 6296 6261
f 6262 6297 6261
f 6298 6297 6262
f 6263 6298 6262
f 6299 6298 6263
f 6264 6299 6263
f 6300 6299 6264
f 6265 6300 6264
f 6301 6300 6265
f 6266 6301 6265
f 6302 6301 6266
f 6267 6302 6266
f 6303 6302 6267
f 6268 6303 6267
f 6304 6303 6268
f 6269 6304 6268
f 6305 6304 6269
f 6270 6305 6269
f 6306 6305 6270
f 6271 6306 6270
f 6307 6306 6271
f 6272 6307 6271
f 6308 6307 6272
f 6237 6308 6272
f 6273 6308 6237
f 6274 6309 6273
f 6310 6309 6274
f 6275 6310 6274
f 6311 6310 6275
f 6276 6311 6275
f 6312 6311 6276
f 6277 6312 6276
f 6313 6312 6277
f 6278 6313 6277
f 6314 6313 6278
f 6279 6314 6278
f 6315 6314 6279
f 6280 6315 6279
f 6316 6315 6280
f 6281 6316 6280
f 6317 6316 6281
f 6282 6317 6281
f 6318 6317 6282
f 6283 6318 6282
f 6319 6318 6283
f 6284 6319 6283
f 6320 6319 6284
f 6285 6320 6284
f 6321 6320 6285
f 6286 6321 6285
f 6322 6321 6286
f 6287 6322 6286
f 6323 6322 6287
f 6288 6323 6287
f 6324 6323 6288
f 6289 6324 6288
f 6325 6324 6289
f 6290 6325 6289
f 6326 6325 6290
f 6291 6326 6290
f 6327 6326 6291
f 6292 6327 6291
f 6328 6327 6292
f 6293 6328 6292
f 6329 6328 6293
f 6294 6329 6293
f 6330 6329 6294
f 6295 6330 6294
f 6331 6330 6295
f 6296 6331 6295
f 6332 6331 6296
f 6297 6332 6296
f 6333 6332 6297
f 6298 6333 6297
f 6334 6333 6298
f 6299 6334 6298
f 6335 6334 6299
f 6300 6335 6299
f 6336 6335 6300
f 6301 6336 6300
f 6337 6336 6301
f 6302 6337 6301
f 6338 6337 6302
f 6303 6338 6302
f 6339 6338 6303
f 6304 6339 6303
f 6340 6339 6304
f 6305 6340 6304
f 6341 6340 6305
f 6306 6341 6305
f 6342 6341 6306
f 6307 6342 6306
f 6343 6342 6307
f 6308 6343 6307
f 6344 6343 6308
f 6273 6344 6308
f 6309 6344 6273
f 6310 6345 6309
f 6346 6345 6310
f 6311 6346 6310
f 6347 6346 6311
f 6312 6347 6311
f 6348 6347 6312
f 6313 6348 6312
f 6349 6348 6313
f 6314 6349 6313
f 6350 6349 6314
f 6315 6350 6314
f 6351 6350 6315
f 6316 6351 6315
f 6352 6351 6316
f 6317 6352 6316
f 6353 6352 6317
f 6318 6353 6317
f 6354 6353 6318
f 6319 6354 6318
f 6355 6354 6319
f 6320 6355 6319
f 6356 6355 6320
f 6321 6356 6320
f 6357 6356 6321
f 6322 6357 6321
f 6358 6357 6322
f 6323 6358 6322
f 6359 6358 6323
f 6324 6359 6323
f 6360 6359 6324
f 6325 6360 6324
f 6361 6360 6325
f 6326 6361 6325
f 6362 6361 6326
f 6327 6362 6326
f 6363 6362 6327
f 6328 6363 6327
f 6364 6363 6328
f 6329 6364 6328
f 6365 6364 6329
f 6330 6365 6329
f 6366 6365 6330
f 6331 6366 6330
f 6367 6366 6331
f 6332 6367 6331
f 6368 6367 6332
f 6333 6368 6332
f 6369 6368 6333
f 6334 6369 6333
f 6370 6369 6334
f 6335 6370 6334
f 6371 6370 6335
f 6336 6371 6335
f 6372 6371 6336
f 6337 6372 6336
f 6373 6372 6337
f 6338 6373 6337
f 6374 6373 6338
f 6339 6374 6338
f 6375 6374 6339
f 6340 6375 6339
f 6376 6375 6340
f 6341 6376 6340
f 6377 6376 6341
f 6342 6377 6341
f 6378 6377 6342
f 6343 6378 6342
f 6379 6378 6343
f 6344 6379 6343
f 6380 6379 6344
f 6309 6380 6344
f 6345 6380 6309
f 6346 6381 6345
f 6382 6381 6346
f 6347 6382 6346
f 6383 6382 6347
f 6348 6383 6347
f 6384 6383 6348
f 6349 6384 6348
f 6385 6384 6349
f 6350 6385 6349
f 6386 6385 6350
f 6351 6386 6350
f 6387 6386 6351
f 6352 6387 6351
f 6388 6387 6352
f 6353 6388 6352
f 6389 6388 6353
f 6354 6389 6353
f 6390 6389 6354
f 6355 6390 6354
f 6391 6390 6355
f 6356 6391 6355
f 6392 6391 6356
f 6357 6392 6356
f 6393 6392 6357
f 6358 6393 6357
f 6394 6393 6358
f 6359 6394 6358
f 6395 6394 6359
f 6360 6395 6359
f 6396 6395 6360
f 6361 6396 6360
f 6397 6396 6361
f 6362 6397 6361
f 6398 6397 6362
f 6363 6398 6362
f 6399 6398 6363
f 6364 6399 6363
f 6400 6399 6364
f 6365 6400 6364
f 6401 6400 6365
f 6366 6401 6365
f 6402 6401 6366
f 6367 6402 6366
f 6403 6402 6367
f 6368 6403 6367
f 6404 6403 6368
f 6369 6404 6368
f 6405 6404 6369
f 6370 6405 6369
f 6406 6405 6370
f 6371 6406 6370
f 6407 6406 6371
f 6372 6407 6371
f 6408 6407 6372
f 6373 6408 6372
f 6409 6408 6373
f 6374 6409 6373
f 6410 6409 6374
f 6375 6410 6374
f 6411 6410 6375
f 6376 6411 6375
f 6412 6411 6376
f 6377 6412 6376
f 6413 6412 6377
f 6378 6413 6377
f 6414 6413 6378
f 6379 6414 6378
f 6415 6414 6379
f 6380 6415 6379
f 6416 6415 6380
f 6345 6416 6380
f 6381 6416 6345
f 6382 6417 6381
f 6418 6417 6382
f 6383 6418 6382
f 6419 6418 6383
f 6384 6419 6383
f 6420 6419 6384
f 6385 6420 6384
f 6421 6420 6385
f 6386 6421 6385
f 6422 6421 6386
f 6387 6422 6386
f 6423 6422 6387
f 6388 6423 6387
f 6424 6423 6388
f 6389 6424 6388
f 6425 6424 6389
f 6390 6425 6389
f 6426 6425 6390
f 6391 6426 6390
f 6427 6426 6391
f 6392 6427 6391
f 6428 6427 6392
f 6393 6428 6392
f 6429 6428 6393
f 6394 6429 6393
f 6430 6429 6394
f 6395 6430 6394
f 6431 6430 6395
f 6396 6431 6395
f 6432 6431 6396
f 6397 6432 6396
f 6433 6432 6397
f 6398 6433 6397
f 6434 6433 6398
f 6399 6434 6398
f 6435 6434 6399
f 6400 6435 6399
f 6436 6435 6400
f 6401 6436 6400
f 6437 6436 6401
f 6402 6437 6401
f 6438 6437 6402
f 6403 6438 6402
f 6439 6438 6403
f 6404 6439 6403
f 6440 6439 6404
f 6405 6440 6404
f 6441 6440 6405
f 6406 6441 6405
f 6442 6441 6406
f 6407 6442 6406
f 6443 6442 6407
f 6408 6443 6407
f 6444 6443 6408
f 6409 6444 6408
f 6445 6444 6409
f 6410 6445 6409
f 6446 6445 6410
f 6411 6446 6410
f 6447 6446 6411
f 6412 6447 6411
f 6448 6447 6412
f 6413 6448 6412
f 6449 6448 6413
f 6414 6449 6413
f 6450 6449 6414
f 6415 6450 6414
f 6451 6450 6415
f 6416 6451 6415
f 6452 6451 6416
f 6381 6452 6416
f 6417 6452 6381
f 6418 6453 6417
f 6454 6453 6418
f 6419 6454 6418
f 6455 6454 6419
f 6420 6455 6419
f 6456 6455 6420
f 6421 6456 6420
f 6457 6456 6421
f 6422 6457 6421
f 6458 6457 6422
f 6423 6458 6422
f 6459 6458 6423
f 6424 6459 6423
f 6460 6459 6424
f 6425 6460 6424
f 6461 6460 6425
f 6426 6461 6425
f 6462 6461 6426
f 6427 6462 6426
f 6463 6462 6427
f 6428 6463 6427
f 6464 6463 6428
f 6429 6464 6428
f 6465 6464 6429
f 6430 6465 6429
f 6466 6465 6430
f 6431 6466 6430
f 6467 6466 6431
f 6432 6467 6431
f 6468 6467 6432
f 6433 6468 6432
f 6469 6468 6433
f 6434 6469 6433
f 6470 6469 6434
f 6435 6470 6434
f 6471 6470 6435
f 6436 6471 6435
f 6472 6471 6436
f 6437 6472 6436
f 6473 6472 6437
f 6438 6473 6437
f 6474 6473 6438
f 6439 6474 6438
f 6475 6474 6439
f 6440 6475 6439
f 6476 6475 6440
f 6441 6476 6440
f 6477 6476 6441
f 6442 6477 6441
f 6478 6477 6442
f 6443 6478 6442
f 6479 6478 6443
f 6444 6479 6443
f 6480 6479 6444
f 6445 6480 6444
f 6481 6480 6445
f 6446 6481 6445
f 6482 6481 6446
f 6447 6482 6446
f 6483 6482 6447
f 6448 6483 6447
f 6484 6483 6448
f 6449 6484 6448
f 6485 6484 6449
f 6450 6485 6449
f 6486 6485 6450
f 6451 6486 6450
f 6487 6486 6451
f 6452 6487 6451
f 6488 6487 6452
f 6417 6488 6452
f 6453 6488 6417
f 6454 6489 6453
f 6490 6489 6454
f 6455 6490 6454
f 6491 6490 6455
f 6456 6491 6455
f 6492 6491 6456
f 6457 6492 6456
f 6493 6492 6457
f 6458 6493 6457
f 6494 6493 6458
f 6459 6494 6458
f 6495 6494 6459
f 6460 6495 6459
f 6496 6495 6460
f 6461 6496 6460
f 6497 6496 6461
f 6462 6497 6461
f 6498 6497 6462
f 6463 6498 6462
f 6499 6498 6463
f 6464 6499 6463
f 6500 6499 6464
f 6465 6500 6464
f 6501 6500 6465
f 6466 6501 6465
f 6502 6501 6466
f 6467 6502 6466
f 6503 6502 6467
f 6468 6503 6467
f 6504 6503 6468
f 6469 6504 6468
f 6505 6504 6469
f 6470 6505 6469
f 6506 6505 6470
f 6471 6506 6470
f 6507 6506 6471
f 6472 6507 6471
f 6508 6507 6472
f 6473 6508 6472
f 6509 6508 6473
f 6474 6509 6473
f 6510 6509 6474
f 6475 6510 6474
f 6511 6510 6475
f 6476 6511 6475
f 6512 6511 6476
f 6477 6512 6476
f 6513 6512 6477
f 6478 6513 6477
f 6514 6513 6478
f 6479 6514 6478
f 6515 6514 6479
f 6480 6515 6479
f 6516 6515 6480
f 6481 6516 6480
f 6517 6516 6481
f 6482 6517 6481
f 6518 6517 6482
f 6483 6518 6482
f 6519 6518 6483
f 6484 6519 6483
f 6520 6519 6484
f 6485 6520 6484
f 6521 6520 6485
f 6486 6521 6485
f 6522 6521 6486
f 6487 6522 6486
f 6523 6522 6487
f 6488 6523 6487
f 6524 6523 6488
f 6453 6524 6488
f 6489 6524 6453
f 6490 6525 6489
f 6526 6525 6490
f 6491 6526 6490
f 6527 6526 6491
f 6492 6527 6491
f 6528 6527 6492
f 6493 6528 6492
f 6529 6528 6493
f 6494 6529 6493
f 6530 6529 6494
f 6495 6530 6494
f 6531 6530 6495
f 6496 6531 6495
f 6532 6531 6496
f 6497 6532 6496
f 6533 6532 6497
f 6498 6533 6497
f 6534 6533 6498
f 6499 6534 6498
f 6535 6534 6499
f 6500 6535 6499
f 6536 6535 6500
f 6501 6536 6500
f 6537 6536 6501
f 6502 6537 6501
f 6538 6537 6502
f 6503 6538 6502
f 6539 6538 6503
f 6504 6539 6503
f 6540 6539 6504
f 6505 6540 6504
f 6541 6540 6505
f 6506 6541 6505
f 6542 6541 6506
f 6507 6542 6506
f 6543 6542 6507
f 6508 6543 6507
f 6544 6543 6508
f 6509 6544 6508
f 6545 6544 6509
f 6510 6545 6509
f 6546 6545 6510
f 6511 6546 6510
f 6547 6546 6511
f 6512 6547 6511
f 6548 6547 6512
f 6513 6548 6512
f 6549 6548 6513
f 6514 6549 6513
f 6550 6549 6514
f 6515 6550 6514
f 6551 6550 6515
f 6516 6551 6515
f 6552 6551 6516
f 6517 6552 6516
f 6553 6552 6517
f 6518 6553 6517
f 6554 6553 6518
f 6519 6554 6518
f 6555 6554 6519
f 6520 6555 6519
f 6556 6555 6520
f 6521 6556 6520
f 6557 6556 6521
f 6522 6557 6521
f 6558 6557 6522
f 6523 6558 6522
f 6559 6558 6523
f 6524 6559 6523
f 6560 6559 6524
f 6489 6560 6524
f 6525 6560 6489
f 6526 6561 6525
f 6562 6561 6526
f 6527 6562 6526
f 6563 6562 6527
f 6528 6563 6527
f 6564 6563 6528
f 6529 6564 6528
f 6565 6564 6529
f 6530 6565 6529
f 6566 6565 6530
f 6531 6566 6530
f 6567 6566 6531
f 6532 6567 6531
f 6568 6567 6532
f 6533 6568 6532
f 6569 6568 6533
f 6534 6569 6533
f 6570 6569 6534
f 6535 6570 6534
f 6571 6570 6535
f 6536 6571 6535
f 6572 6571 6536
f 6537 6572 6536
f 6573 6572 6537
f 6538 6573 6537
f 6574 6573 6538
f 6539 6574 6538
f 6575 6574 6539
f 6540 6575 6539
f 6576 6575 6540
f 6541 6576 6540
f 6577 6576 6541
f 6542 6577 6541
f 6578 6577 6542
f 6543 6578 6542
f 6579 6578 6543
f 6544 6579 6543
f 6580 6579 6544
f 6545 6580 6544
f 6581 6580 6545
f 6546 6581 6545
f 6582 6581 6546
f 6547 6582 6546
f 6583 6582 6547
f 6548 6583 6547
f 6584 6583 6548
f 6549 6584 6548
f 6585 6584 6549
f 6550 6585 6549
f 6586 6585 6550
f 6551 6586 6550
f 6587 6586 6551
f 6552 6587 6551
f 6588 6587 6552
f 6553 6588 6552
f 6589 6588 6553
f 6554 6589 6553
f 6590 6589 6554
f 6555 6590 6554
f 6591 6590 6555
f 6556 6591 6555
f 6592 6591 6556
f 6557 6592 6556
f 6593 6592 6557
f 6558 6593 6557
f 6594 6593 6558
f 6559 6594 6558
f 6595 6594 6559
f 6560 6595 6559
f 6596 6595 6560
f 6525 6596 6560
f 6561 6596 6525
f 6562 6597 6561
f 6598 6597 6562
f 6563 6598 6562
f 6599 6598 6563
f 6564 6599 6563
f 6600 6599 6564
f 6565 6600 6564
f 6601 6600 6565
f 6566 6601 6565
f 6602 6601 6566
f 6567 6602 6566
f 6603 6602 6567
f 6568 6603 6567
f 6604 6603 6568
f 6569 6604 6568
f 6605 6604 6569
f 6570 6605 6569
f 6606 6605 6570
f 6571 6606 6570
f 6607 6606 6571
f 6572 6607 6571
f 6608 6607 6572
f 6573 6608 6572
f 6609 6608 6573
f 6574 6609 6573
f 6610 6609 6574
f 6575 6610 6574
f 6611 6610 6575
f 6576 6611 6575
f 6612 6611 6576
f 6577 6612 6576
f 6613 6612 6577
f 6578 6613 6577
f 6614 6613 6578
f 6579 6614 6578
f 6615 6614 6579
f 6580 6615 6579
f 6616 6615 6580
f 6581 6616 6580
f 6617 6616 6581
f 6582 6617 6581
f 6618 6617 6582
f 6583 6618 6582
f 6619 6618 6583
f 6584 6619 6583
f 6620 6619 6584
f 6585 6620 6584
f 6621 6620 6585
f 6586 6621 6585
f 6622 6621 6586
f 6587 6622 6586
f 6623 6622 6587
f 6588 6623 6587
f 6624 6623 6588
f 6589 6624 6588
f 6625 6624 6589
f 6590 6625 6589
f 6626 6625 6590
f 6591 6626 6590
f 6627 6626 6591
f 6592 6627 6591
f 6628 6627 6592
f 6593 6628 6592
f 6629 6628 6593
f 6594 6629 6593
f 6630 6629 6594
f 6595 6630 6594
f 6631 6630 6595
f 6596 6631 6595
f 6632 6631 6596
f 6561 6632 6596
f 6597 6632 6561
f 6598 6633 6597
f 6599 6633 6598
f 6600 6633 6599
f 6601 6633 6600
f 6602 6633 6601
f 6603 6633 6602
f 6604 6633 6603
f 6605 6633 6604
f 6606 6633 6605
f 6607 6633 6606
f 6608 6633 6607
f 6609 6633 6608
f 6610 6633 6609
f 6611 6633 6610
f 6612 6633 6611
f 6613 6633 6612
f 6614 6633 6613
f 6615 6633 6614
f 6616 6633 6615
f 6617 6633 6616
f 6618 6633 6617
f 6619 6633 6618
f 6620 6633 6619
f 6621 6633 6620
f 6622 6633 6621
f 6623 6633 6622
f 6624 6633 6623
f 6625 6633 6624
f 6626 6633 6625
f 6627 6633 6626
f 6628 6633 6627
f 6629 6633 6628
f 6630 6633 6629
f 6631 6633 6630
f 6632 6633 6631
f 6597 6633 6632
f 6634 6636 6635
f 6634 6637 6636
f 6634 6638 6637
f 6634 6639 6638
f 6634 6640 6639
f 6634 6641 6640
f 6634 6642 6641
f 6634 6643 6642
f 6634 6644 6643
f 6634 6645 6644
f 6634 6646 6645
f 6634 6647 6646
f 6634 6648 6647
f 6634 6649 6648
f 6634 6650 6649
f 6634 6651 6650
f 6634 6652 6651
f 6634 6653 6652
f 6634 6654 6653
f 6634 6655 6654
f 6634 6656 6655
f 6634 6657 6656
f 6634 6658 6657
f 6634 6659 6658
f 6634 6660 6659
f 6634 6661 6660
f 6634 6662 6661
f 6634 6663 6662
f 6634 6664 6663
f 6634 6665 6664
f 6634 6666 6665
f 6634 6635 6666
f 6636 6667 6635
f 6668 6667 6636
f 6637 6668 6636
f 6669 6668 6637
f 6638 6669 6637
f 6670 6669 6638
f 6639 6670 6638
f 6671 6670 6639
f 6640 6671 6639
f 6672 6671 6640
f 6641 6672 6640
f 6673 6672 6641
f 6642 6673 6641
f 6674 6673 6642
f 6643 6674 6642
f 6675 6674 6643
f 6644 6675 6643
f 6676 6675 6644
f 6645 6676 6644
f 6677 6676 6645
f 6646 6677 6645
f 6678 6677 6646
f 6647 6678 6646
f 6679 6678 6647
f 6648 6679 6647
f 6680 6679 6648
f 6649 6680 6648
f 6681 6680 6649
f 6650 6681 6649
f 6682 6681 6650
f 6651 6682 6650
f 6683 6682 6651
f 6652 6683 6651
f 6684 6683 6652
f 6653 6684 6652
f 6685 6684 6653
f 6654 6685 6653
f 6686 6685 6654
f 6655 6686 6654
f 6687 6686 6655
f 6656 6687 6655
f 6688 6687 6656
f 6657 6688 6656
f 6689 6688 6657
f 6658 6689 6657
f 6690 6689 6658
f 6659 6690 6658
f 6691 6690 6659
f 6660 6691 6659
f 6692 6691 6660
f 6661 6692 6660
f 6693 6692 6661
f 6662 6693 6661
f 6694 6693 6662
f 6663 6694 6662
f 6695 6694 6663
f 6664 6695 6663
f 6696 6695 6664
f 6665 6696 6664
f 6697 6696 6665
f 6666 6697 6665
f 6698 6697 6666
f 6635 6698 6666
f 6667 6698 6635
f 6668 6699 6667
f 6700 6699 6668
f 6669 6700 6668
f 6701 6700 6669
f 6670 6701 6669
f 6702 6701 6670
f 6671 6702 6670
f 6703 6702 6671
f 6672 6703 6671
f 6704 6703 6672
f 6673 6704 6672
f 6705 6704 6673
f 6674 6705 6673
f 6706 6705 6674
f 6675 6706 6674
f 6707 6706 6675
f 6676 6707 6675
f 6708 6707 6676
f 6677 6708 6676
f 6709 6708 6677
f 6678 6709 6677
f 6710 6709 6678
f 6679 6710 6678
f 6711 6710 6679
f 6680 6711 6679
f 6712 6711 6680
f 6681 6712 6680
f 6713 6712 6681
f 6682 6713 6681
f 6714 6713 6682
f 6683 6714 6682
f 6715 6714 6683
f 6684 6715 6683
f 6716 6715 6684
f 6685 6716 6684
f 6717 6716 6685
f 6686 6717 6685
f 6718 6717 6686
f 6687 6718 6686
f 6719 6718 6687
f 6688 6719 6687
f 6720 6719 6688
f 6689 6720 6688
f 6721 6720 6689
f 6690 6721 6689
f 6722 6721 6690
f 6691 6722 6690
f 6723 6722 6691
f 6692 6723 6691
f 6724 6723 6692
f 6693 6724 6692
f 6725 6724 6693
f 6694 6725 6693
f 6726 6725 6694
f 6695 6726 6694
f 6727 6726 6695
f 6696 6727 6695
f 6728 6727 6696
f 6697 6728 6696
f 6729 6728 6697
f 6698 6729 6697
f 6730 6729 6698
f 6667 6730 6698
f 6699 6730 6667
f 6700 6731 6699
f 6732 6731 6700
f 6701 6732 6700
f 6733 6732 6701
f 6702 6733 6701
f 6734 6733 6702
f 6703 6734 6702
f 6735 6734 6703
f 6704 6735 6703
f 6736 6735 6704
f 6705 6736 6704
f 6737 6736 6705
f 6706 6737 6705
f 6738 6737 6706
f 6707 6738 6706
f 6739 6738 6707
f 6708 6739 6707
f 6740 6739 6708
f 6709 6740 6708
f 6741 6740 6709
f 6710 6741 6709
f 6742 6741 6710
f 6711 6742 6710
f 6743 6742 6711
f 6712 6743 6711
f 6744 6743 6712
f 6713 6744 6712
f 6745 6744 6713
f 6714 6745 6713
f 6746 6745 6714
f 6715 6746 6714
f 6747 6746 6715
f 6716 6747 6715
f 6748 6747 6716
f 6717 6748 6716
f 6749 6748 6717
f 6718 6749 6717
f 6750 6749 6718
f 6719 6750 6718
f 6751 6750 6719
f 6720 6751 6719
f 6752 6751 6720
f 6721 6752 6720
f 6753 6752 6721
f 6722 6753 6721
f 6754 6753 6722
f 6723 6754 6722
f 6755 6754 6723
f 6724 6755 6723
f 6756 6755 6724
f 6725 6756 6724
f 6757 6756 6725
f 6726 6757 6725
f 6758 6757 6726
f 6727 6758 6726
f 6759 6758 6727
f 6728 6759 6727
f 6760 6759 6728
f 6729 6760 6728
f 6761 6760 6729
f 6730 6761 6729
f 6762 6761 6730
f 6699 6762 6730
f 6731 6762 6699
f 6732 6763 6731
f 6764 6763 6732
f 6733 6764 6732
f 6765 6764 6733
f 6734 6765 6733
f 6766 6765 6734
f 6735 6766 6734
f 6767 6766 6735
f 6736 6767 6735
f 6768 6767 6736
f 6737 6768 6736
f 6769 6768 6737
f 6738 6769 6737
f 6770 6769 6738
f 6739 6770 6738
f 6771 6770 6739
f 6740 6771 6739
f 6772 6771 6740
f 6741 6772 6740
f 6773 6772 6741
f 6742 6773 6741
f 6774 6773 6742
f 6743 6774 6742
f 6775 6774 6743
f 6744 6775 6743
f 6776 6775 6744
f 6745 6776 6744
f 6777 6776 6745
f 6746 6777 6745
f 6778 6777 6746
f 6747 6778 6746
f 6779 6778 6747
f 6748 6779 6747
f 6780 6779 6748
f 6749 6780 6748
f 6781 6780 6749
f 6750 6781 6749
f 6782 6781 6750
f 6751 6782 6750
f 6783 6782 6751
f 6752 6783 6751
f 6784 6783 6752
f 6753 6784 6752
f 6785 6784 6753
f 6754 6785 6753
f 6786 6785 6754
f 6755 6786 6754
f 6787 6786 6755
f 6756 6787 6755
f 6788 6787 6756
f 6757 6788 6756
f 6789 6788 6757
f 6758 6789 6757
f 6790 6789 6758
f 6759 6790 6758
f 6791 6790 6759
f 6760 6791 6759
f 6792 6791 6760
f 6761 6792 6760
f 6793 6792 6761
f 6762 6793 6761
f 6794 6793 6762
f 6731 6794 6762
f 6763 6794 6731
f 6764 6795 6763
f 6796 6795 6764
f 6765 6796 6764
f 6797 6796 6765
f 6766 6797 6765
f 6798 6797 6766
f 6767 6798 6766
f 6799 6798 6767
f 6768 6799 6767
f 6800 6799 6768
f 6769 6800 6768
f 6801 6800 6769
f 6770 6801 6769
f 6802 6801 6770
f 6771 6802 6770
f 6803 6802 6771
f 6772 6803 6771
f 6804 6803 6772
f 6773 6804 6772
f 6805 6804 6773
f 6774 6805 6773
f 6806 6805 6774
f 6775 6806 6774
f 6807 6806 6775
f 6776 6807 6775
f 6808 6807 6776
f 6777 6808 6776
f 6809 6808 6777
f 6778 6809 6777
f 6810 6809 6778
f 6779 6810 6778
f 6811 6810 6779
f 6780 6811 6779
f 6812 6811 6780
f 6781 6812 6780
f 6813 6812 6781
f 6782 6813 6781
f 6814 6813 6782
f 6783 6814 6782
f 6815 6814 6783
f 6784 6815 6783
f 6816 6815 6784
f 6785 6816 6784
f 6817 6816 6785
f 6786 6817 6785
f 6818 6817 6786
f 6787 6818 6786
f 6819 6818 6787
f 6788 6819 6787
f 6820 6819 6788
f 6789 6820 6788
f 6821 6820 6789
f 6790 6821 6789
f 6822 6821 6790
f 6791 6822 6790
f 6823 6822 6791
f 6792 6823 6791
f 6824 6823 6792
f 6793 6824 6792
f 6825 6824 6793
f 6794 6825 6793
f 6826 6825 6794
f 6763 6826 6794
f 6795 6826 6763
f 6796 6827 6795
f 6828 6827 6796
f 6797 6828 6796
f 6829 6828 6797
f 6798 6829 6797
f 6830 6829 6798
f 6799 6830 6798
f 6831 6830 6799
f 6800 6831 6799
f 6832 6831 6800
f 6801 6832 6800
f 6833 6832 6801
f 6802 6833 6801
f 6834 6833 6802
f 6803 6834 6802
f 6835 6834 6803
f 6804 6835 6803
f 6836 6835 6804
f 6805 6836 6804
f 6837 6836 6805
f 6806 6837 6805
f 6838 6837 6806
f 6807 6838 6806
f 6839 6838 6807
f 6808 6839 6807
f 6840 6839 6808
f 6809 6840 6808
f 6841 6840 6809
f 6810 6841 6809
f 6842 6841 6810
f 6811 6842 6810
f 6843 6842 6811
f 6812 6843 6811
f 6844 6843 6812
f 6813 6844 6812
f 6845 6844 6813
f 6814 6845 6813
f 6846 6845 6814
f 6815 6846 6814
f 6847 6846 6815
f 6816 6847 6815
f 6848 6847 6816
f 6817 6848 6816
f 6849 6848 6817
f 6818 6849 6817
f 6850 6849 6818
f 6819 6850 6818
f 6851 6850 6819
f 6820 6851 6819
f 6852 6851 6820
f 6821 6852 6820
f 6853 6852 6821
f 6822 6853 6821
f 6854 6853 6822
f 6823 6854 6822
f 6855 6854 6823
f 6824 6855 6823
f 6856 6855 6824
f 6825 6856 6824
f 6857 6856 6825
f 6826 6857 6825
f 6858 6857 6826
f 6795 6858 6826
f 6827 6858 6795
f 6828 6859 6827
f 6860 6859 6828
f 6829 6860 6828
f 6861 6860 6829
f 6830 6861 6829
f 6862 6861 6830
f 6831 6862 6830
f 6863 6862 6831
f 6832 6863 6831
f 6864 6863 6832
f 6833 6864 6832
f 6865 6864 6833
f 6834 6865 6833
f 6866 6865 6834
f 6835 6866 6834
f 6867 6866 6835
f 6836 6867 6835
f 6868 6867 6836
f 6837 6868 6836
f 6869 6868 6837
f 6838 6869 6837
f 6870 6869 6838
f 6839 6870 6838
f 6871 6870 6839
f 6840 6871 6839
f 6872 6871 6840
f 6841 6872 6840
f 6873 6872 6841
f 6842 6873 6841
f 6874 6873 6842
f 6843 6874 6842
f 6875 6874 6843
f 6844 6875 6843
f 6876 6875 6844
f 6845 6876 6844
f 6877 6876 6845
f 6846 6877 6845
f 6878 6877 6846
f 6847 6878 6846
f 6879 6878 6847
f 6848 6879 6847
f 6880 6879 6848
f 6849 6880 6848
f 6881 6880 6849
f 6850 6881 6849
f 6882 6881 6850
f 6851 6882 6850
f 6883 6882 6851
f 6852 6883 6851
f 6884 6883 6852
f 6853 6884 6852
f 6885 6884 6853
f 6854 6885 6853
f 6886 6885 6854
f 6855 6886 6854
f 6887 6886 6855
f 6856 6887 6855
f 6888 6887 6856
f 6857 6888 6856
f 6889 6888 6857
f 6858 6889 6857
f 6890 6889 6858
f 6827 6890 6858
f 6859 6890 6827
f 6860 6891 6859
f 6892 6891 6860
f 6861 6892 6860
f 6893 6892 6861
f 6862 6893 6861
f 6894 6893 6862
f 6863 6894 6862
f 6895 6894 6863
f 6864 6895 6863
f 6896 6895 6864
f 6865 6896 6864
f 6897 6896 6865
f 6866 6897 6865
f 6898 6897 6866
f 6867 6898 6866
f 6899 6898 6867
f 6868 6899 6867
f 6900 6899 6868
f 6869 6900 6868
f 6901 6900 6869
f 6870 6901 6869
f 6902 6901 6870
f 6871 6902 6870
f 6903 6902 6871
f 6872 6903 6871
f 6904 6903 6872
f 6873 6904 6872
f 6905 6904 6873
f 6874 6905 6873
f 6906 6905 6874
f 6875 6906 6874
f 6907 6906 6875
f 6876 6907 6875
f 6908 6907 6876
f 6877 6908 6876
f 6909 6908 6877
f 6878 6909 6877
f 6910 6909 6878
f 6879 6910 6878
f 6911 6910 6879
f 6880 6911 6879
f 6912 6911 6880
f 6881 6912 6880
f 6913 6912 6881
f 6882 6913 6881
f 6914 6913 6882
f 6883 6914 6882
f 6915 6914 6883
f 6884 6915 6883
f 6916 6915 6884
f 6885 6916 6884
f 6917 6916 6885
f 6886 6917 6885
f 6918 6917 6886
f 6887 6918 6886
f 6919 6918 6887
f 6888 6919 6887
f 6920 6919 6888
f 6889 6920 6888
f 6921 6920 6889
f 6890 6921 6889
f 6922 6921 6890
f 6859 6922 6890
f 6891 6922 6859
f 6892 6923 6891
f 6924 6923 6892
f 6893 6924 6892
f 6925 6924 6893
f 6894 6925 6893
f 6926 6925 6894
f 6895 6926 6894
f 6927 6926 6895
f 6896 6927 6895
f 6928 6927 6896
f 6897 6928 6896
f 6929 6928 6897
f 6898 6929 6897
f 6930 6929 6898
f 6899 6930 6898
f 6931 6930 6899
f 6900 6931 6899
f 6932 6931 6900
f 6901 6932 6900
f 6933 6932 6901
f 6902 6933 6901
f 6934 6933 6902
f 6903 6934 6902
f 6935 6934 6903
f 6904 6935 6903
f 6936 6935 6904
f 6905 6936 6904
f 6937 6936 6905
f 6906 6937 6905
f 6938 6937 6906
f 6907 6938 6906
f 6939 6938 6907
f 6908 6939 6907
f 6940 6939 6908
f 6909 6940 6908
f 6941 6940 6909
f 6910 6941 6909
f 6942 6941 6910
f 6911 6942 6910
f 6943 6942 6911
f 6912 6943 6911
f 6944 6943 6912
f 6913 6944 6912
f 6945 6944 6913
f 6914 6945 6913
f 6946 6945 6914
f 6915 6946 6914
f 6947 6946 6915
f 6916 6947 6915
f 6948 6947 6916
f 6917 6948 6916
f 6949 6948 6917
f 6918 6949 6917
f 6950 6949 6918
f 6919 6950 6918
f 6951 6950 6919
f 6920 6951 6919
f 6952 6951 6920
f 6921 6952 6920
f 6953 6952 6921
f 6922 6953 6921
f 6954 6953 6922
f 6891 6954 6922
f 6923 6954 6891
f 6924 6955 6923
f 6956 6955 6924
f 6925 6956 6924
f 6957 6956 6925
f 6926 6957 6925
f 6958 6957 6926
f 6927 6958 6926
f 6959 6958 6927
f 6928 6959 6927
f 6960 6959 6928
f 6929 6960 6928
f 6961 6960 6929
f 6930 6961 6929
f 6962 6961 6930
f 6931 6962 6930
f 6963 6962 6931
f 6932 6963 6931
f 6964 6963 6932
f 6933 6964 6932
f 6965 6964 6933
f 6934 6965 6933
f 6966 6965 6934
f 6935 6966 6934
f 6967 6966 6935
f 6936 6967 6935
f 6968 6967 6936
f 6937 6968 6936
f 6969 6968 6937
f 6938 6969 6937
f 6970 6969 6938
f 6939 6970 6938
f 6971 6970 6939
f 6940 6971 6939
f 6972 6971 6940
f 6941 6972 6940
f 6973 6972 6941
f 6942 6973 6941
f 6974 6973 6942
f 6943 6974 6942
f 6975 6974 6943
f 6944 6975 6943
f 6976 6975 6944
f 6945 6976 6944
f 6977 6976 6945
f 6946 6977 6945
f 6978 6977 6946
f 6947 6978 6946
f 6979 6978 6947
f 6948 6979 6947
f 6980 6979 6948
f 6949 6980 6948
f 6981 6980 6949
f 6950 6981 6949
f 6982 6981 6950
f 6951 6982 6950
f 6983 6982 6951
f 6952 6983 6951
f 6984 6983 6952
f 6953 6984 6952
f 6985 6984 6953
f 6954 6985 6953
f 6986 6985 6954
f 6923 6986 6954
f 6955 6986 6923
f 6956 6987 6955
f 6988 6987 6956
f 6957 6988 6956
f 6989 6988 6957
f 6958 6989 6957
f 6990 6989 6958
f 6959 6990 6958
f 6991 6990 6959
f 6960 6991 6959
f 6992 6991 6960
f 6961 6992 6960
f 6993 6992 6961
f 6962 6993 6961
f 6994 6993 6962
f 6963 6994 6962
f 6995 6994 6963
f 6964 6995 6963
f 6996 6995 6964
f 6965 6996 6964
f 6997 6996 6965
f 6966 6997 6965
f 6998 6997 6966
f 6967 6998 6966
f 6999 6998 6967
f 6968 6999 6967
f 7000 6999 6968
f 6969 7000 6968
f 7001 7000 6969
f 6970 7001 6969
f 7002 7001 6970
f 6971 7002 6970
f 7003 7002 6971
f 6972 7003 6971
f 7004 7003 6972
f 6973 7004 6972
f 7005 7004 6973
f 6974 7005 6973
f 7006 7005 6974
f 6975 7006 6974
f 7007 7006 6975
f 6976 7007 6975
f 7008 7007 6976
f 6977 7008 6976
f 7009 7008 6977
f 6978 7009 6977
f 7010 7009 6978
f 6979 7010 6978
f 7011 7010 6979
f 6980 7011 6979
f 7012 7011 6980
f 6981 7012 6980
f 7013 7012 6981
f 6982 7013 6981
f 7014 7013 6982
f 6983 7014 6982
f 7015 7014 6983
f 6984 7015 6983
f 7016 7015 6984
f 6985 7016 6984
f 7017 7016 6985
f 6986 7017 6985
f 7018 7017 6986
f 6955 7018 6986
f 6987 7018 6955
f 6988 7019 6987
f 7020 7019 6988
f 6989 7020 6988
f 7021 7020 6989
f 6990 7021 6989
f 7022 7021 6990
f 6991 7022 6990
f 7023 7022 6991
f 6992 7023 6991
f 7024 7023 6992
f 6993 7024 6992
f 7025 7024 6993
f 6994 7025 6993
f 7026 7025 6994
f 6995 7026 6994
f 7027 7026 6995
f 6996 7027 6995
f 7028 7027 6996
f 6997 7028 6996
f 7029 7028 6997
f 6998 7029 6997
f 7030 7029 6998
f 6999 7030 6998
f 7031 7030 6999
f 7000 7031 6999
f 7032 7031 7000
f 7001 7032 7000
f 7033 7032 7001
f 7002 7033 7001
f 7034 7033 7002
f 7003 7034 7002
f 7035 7034 7003
f 7004 7035 7003
f 7036 7035 7004
f 7005 7036 7004
f 7037 7036 7005
f 7006 7037 7005
f 7038 7037 7006
f 7007 7038 7006
f 7039 7038 7007
f 7008 7039 7007
f 7040 7039 7008
f 7009 7040 7008
f 7041 7040 7009
f 7010 7041 7009
f 7042 7041 7010
f 7011 7042 7010
f 7043 7042 7011
f 7012 7043 7011
f 7044 7043 7012
f 7013 7044 7012
f 7045 7044 7013
f 7014 7045 7013
f 7046 7045 7014
f 7015 7046 7014
f 7047 7046 7015
f 7016 7047 7015
f 7048 7047 7016
f 7017 7048 7016
f 7049 7048 7017
f 7018 7049 7017
f 7050 7049 7018
f 6987 7050 7018
f 7019 7050 6987
f 7020 7051 7019
f 7052 7051 7020
f 7021 7052 7020
f 7053 7052 7021
f 7022 7053 7021
f 7054 7053 7022
f 7023 7054 7022
f 7055 7054 7023
f 7024 7055 7023
f 7056 7055 7024
f 7025 7056 7024
f 7057 7056 7025
f 7026 7057 7025
f 7058 7057 7026
f 7027 7058 7026
f 7059 7058 7027
f 7028 7059 7027
f 7060 7059 7028
f 7029 7060 7028
f 7061 7060 7029
f 7030 7061 7029
f 7062 7061 7030
f 7031 7062 7030
f 7063 7062 7031
f 7032 7063 7031
f 7064 7063 7032
f 7033 7064 7032
f 7065 7064 7033
f 7034 7065 7033
f 7066 7065 7034
f 7035 7066 7034
f 7067 7066 7035
f 7036 7067 7035
f 7068 7067 7036
f 7037 7068 7036
f 7069 7068 7037
f 7038 7069 7037
f 7070 7069 7038
f 7039 7070 7038
f 7071 7070 7039
f 7040 7071 7039
f 7072 7071 7040
f 7041 7072 7040
f 7073 7072 7041
f 7042 7073 7041
f 7074 7073 7042
f 7043 7074 7042
f 7075 7074 7043
f 7044 7075 7043
f 7076 7075 7044
f 7045 7076 7044
f 7077 7076 7045
f 7046 7077 7045
f 7078 7077 7046
f 7047 7078 7046
f 7079 7078 7047
f 7048 7079 7047
f 7080 7079 7048
f 7049 7080 7048
f 7081 7080 7049
f 7050 7081 7049
f 7082 7081 7050
f 7019 7082 7050
f 7051 7082 7019
f 7052 7083 7051
f 7084 7083 7052
f 7053 7084 7052
f 7085 7084 7053
f 7054 7085 7053
f 7086 7085 7054
f 7055 7086 7054
f 7087 7086 7055
f 7056 7087 7055
f 7088 7087 7056
f 7057 7088 7056
f 7089 7088 7057
f 7058 7089 7057
f 7090 7089 7058
f 7059 7090 7058
f 7091 7090 7059
f 7060 7091 7059
f 7092 7091 7060
f 7061 7092 7060
f 7093 7092 7061
f 7062 7093 7061
f 7094 7093 7062
f 7063 7094 7062
f 7095 7094 7063
f 7064 7095 7063
f 7096 7095 7064
f 7065 7096 7064
f 7097 7096 7065
f 7066 7097 7065
f 7098 7097 7066
f 7067 7098 7066
f 7099 7098 7067
f 7068 7099 7067
f 7100 7099 7068
f 7069 7100 7068
f 7101 7100 7069
f 7070 7101 7069
f 7102 7101 7070
f 7071 7102 7070
f 7103 7102 7071
f 7072 7103 7071
f 7104 7103 7072
f 7073 7104 7072
f 7105 7104 7073
f 7074 7105 7073
f 7106 7105 7074
f 7075 7106 7074
f 7107 7106 7075
f 7076 7107 7075
f 7108 7107 7076
f 7077 7108 7076
f 7109 7108 7077
f 7078 7109 7077
f 7110 7109 7078
f 7079 7110 7078
f 7111 7110 7079
f 7080 7111 7079
f 7112 7111 7080
f 7081 7112 7080
f 7113 7112 7081
f 7082 7113 7081
f 7114 7113 7082
f 7051 7114 7082
f 7083 7114 7051
f 7084 7115 7083
f 7116 7115 7084
f 7085 7116 7084
f 7117 7116 7085
f 7086 7117 7085
f 7118 7117 7086
f 7087 7118 7086
f 7119 7118 7087
f 7088 7119 7087
f 7120 7119 7088
f 7089 7120 7088
f 7121 7120 7089
f 7090 7121 7089
f 7122 7121 7090
f 7091 7122 7090
f 7123 7122 7091
f 7092 7123 7091
f 7124 7123 7092
f 7093 7124 7092
f 7125 7124 7093
f 7094 7125 7093
f 7126 7125 7094
f 7095 7126 7094
f 7127 7126 7095
f 7096 7127 7095
f 7128 7127 7096
f 7097 7128 7096
f 7129 7128 7097
f 7098 7129 7097
f 7130 7129 7098
f 7099 7130 7098
f 7131 7130 7099
f 7100 7131 7099
f 7132 7131 7100
f 7101 7132 7100
f 7133 7132 7101
f 7102 7133 7101
f 7134 7133 7102
f 7103 7134 7102
f 7135 7134 7103
f 7104 7135 7103
f 7136 7135 7104
f 7105 7136 7104
f 7137 7136 7105
f 7106 7137 7105
f 7138 7137 7106
f 7107 7138 7106
f 7139 7138 7107
f 7108 7139 7107
f 7140 7139 7108
f 7109 7140 7108
f 7141 7140 7109
f 7110 7141 7109
f 7142 7141 7110
f 7111 7142 7110
f 7143 7142 7111
f 7112 7143 7111
f 7144 7143 7112
f 7113 7144 7112
f 7145 7144 7113
f 7114 7145 7113
f 7146 7145 7114
f 7083 7146 7114
f 7115 7146 7083
f 7116 7147 7115
f 7148 7147 7116
f 7117 7148 7116
f 7149 7148 7117
f 7118 7149 7117
f 7150 7149 7118
f 7119 7150 7118
f 7151 7150 7119
f 7120 7151 7119
f 7152 7151 7120
f 7121 7152 7120
f 7153 7152 7121
f 7122 7153 7121
f 7154 7153 7122
f 7123 7154 7122
f 7155 7154 7123
f 7124 7155 7123
f 7156 7155 7124
f 7125 7156 7124
f 7157 7156 7125
f 7126 7157 7125
f 7158 7157 7126
f 7127 7158 7126
f 7159 7158 7127
f 7128 7159 7127
f 7160 7159 7128
f 7129 7160 7128
f 7161 7160 7129
f 7130 7161 7129
f 7162 7161 7130
f 7131 7162 7130
f 7163 7162 7131
f 7132 7163 7131
f 7164 7163 7132
f 7133 7164 7132
f 7165 7164 7133
f 7134 7165 7133
f 7166 7165 7134
f 7135 7166 7134
f 7167 7166 7135
f 7136 7167 7135
f 7168 7167 7136
f 7137 7168 7136
f 7169 7168 7137
f 7138 7169 7137
f 7170 7169 7138
f 7139 7170 7138
f 7171 7170 7139
f 7140 7171 7139
f 7172 7171 7140
f 7141 7172 7140
f 7173 7172 7141
f 7142 7173 7141
f 7174 7173 7142
f 7143 7174 7142
f 7175 7174 7143
f 7144 7175 7143
f 7176 7175 7144
f 7145 7176 7144
f 7177 7176 7145
f 7146 7177 7145
f 7178 7177 7146
f 7115 7178 7146
f 7147 7178 7115
f 7148 7179 7147
f 7149 7179 7148
f 7150 7179 7149
f 7151 7179 7150
f 7152 7179 7151
f 7153 7179 7152
f 7154 7179 7153
f 7155 7179 7154
f 7156 7179 7155
f 7157 7179 7156
f 7158 7179 7157
f 7159 7179 7158
f 7160 7179 7159
f 7161 7179 7160
f 7162 7179 7161
f 7163 7179 7162
f 7164 7179 7163
f 7165 7179 7164
f 7166 7179 7165
f 7167 7179 7166
f 7168 7179 7167
f 7169 7179 7168
f 7170 7179 7169
f 7171 7179 7170
f 7172 7179 7171
f 7173 7179 7172
f 7174 7179 7173
f 7175 7179 7174
f 7176 7179 7175
f 7177 7179 7176
f 7178 7179 7177
f 7147 7179 7178
f 7180 7182 7181
f 7180 7183 7182
f 7180 7184 7183
f 7180 7185 7184
f 7180 7186 7185
f 7180 7187 7186
f 7180 7188 7187
f 7180 7189 7188
f 7180 7190 7189
f 7180 7191 7190
f 7180 7192 7191
f 7180 7193 7192
f 7180 7194 7193
f 7180 7195 7194
f 7180 7196 7195
f 7180 7197 7196
f 7180 7198 7197
f 7180 7199 7198
f 7180 7200 7199
f 7180 7181 7200
f 7182 7201 7181
f 7202 7201 7182
f 7183 7202 7182
f 7203 7202 7183
f 7184 7203 7183
f 7204 7203 7184
f 7185 7204 7184
f 7205 7204 7185
f 7186 7205 7185
f 7206 7205 7186
f 7187 7206 7186
f 7207 7206 7187
f 7188 7207 7187
f 7208 7207 7188
f 7189 7208 7188
f 7209 7208 7189
f 7190 7209 7189
f 7210 7209 7190
f 7191 7210 7190
f 7211 7210 7191
f 7192 7211 7191
f 7212 7211 7192
f 7193 7212 7192
f 7213 7212 7193
f 7194 7213 7193
f 7214 7213 7194
f 7195 7214 7194
f 7215 7214 7195
f 7196 7215 7195
f 7216 7215 7196
f 7197 7216 7196
f 7217 7216 7197
f 7198 7217 7197
f 7218 7217 7198
f 7199 7218 7198
f 7219 7218 7199
f 7200 7219 7199
f 7220 7219 7200
f 7181 7220 7200
f 7201 7220 7181
f 7202 7221 7201
f 7222 7221 7202
f 7203 7222 7202
f 7223 7222 7203
f 7204 7223 7203
f 7224 7223 7204
f 7205 7224 7204
f 7225 7224 7205
f 7206 7225 7205
f 7226 7225 7206
f 7207 7226 7206
f 7227 7226 7207
f 7208 7227 7207
f 7228 7227 7208
f 7209 7228 7208
f 7229 7228 7209
f 7210 7229 7209
f 7230 7229 7210
f 7211 7230 7210
f 7231 7230 7211
f 7212 7231 7211
f 7232 7231 7212
f 7213 7232 7212
f 7233 7232 7213
f 7214 7233 7213
f 7234 7233 7214
f 7215 7234 7214
f 7235 7234 7215
f 7216 7235 7215
f 7236 7235 7216
f 7217 7236 7216
f 7237 7236 7217
f 7218 7237 7217
f 7238 7237 7218
f 7219 7238 7218
f 7239 7238 7219
f 7220 7239 7219
f 7240 7239 7220
f 7201 7240 7220
f 7221 7240 7201
f 7222 7241 7221
f 7242 7241 7222
f 7223 7242 7222
f 7243 7242 7223
f 7224 7243 7223
f 7244 7243 7224
f 7225 7244 7224
f 7245 7244 7225
f 7226 7245 7225
f 7246 7245 7226
f 7227 7246 7226
f 7247 7246 7227
f 7228 7247 7227
f 7248 7247 7228
f 7229 7248 7228
f 7249 7248 7229
f 7230 7249 7229
f 7250 7249 7230
f 7231 7250 7230
f 7251 7250 7231
f 7232 7251 7231
f 7252 7251 7232
f 7233 7252 7232
f 7253 7252 7233
f 7234 7253 7233
f 7254 7253 7234
f 7235 7254 7234
f 7255 7254 7235
f 7236 7255 7235
f 7256 7255 7236
f 7237 7256 7236
f 7257 7256 7237
f 7238 7257 7237
f 7258 7257 7238
f 7239 7258 7238
f 7259 7258 7239
f 7240 7259 7239
f 7260 7259 7240
f 7221 7260 7240
f 7241 7260 7221
f 7242 7261 7241
f 7262 7261 7242
f 7243 7262 7242
f 7263 7262 7243
f 7244 7263 7243
f 7264 7263 7244
f 7245 7264 7244
f 7265 7264 7245
f 7246 7265 7245
f 7266 7265 7246
f 7247 7266 7246
f 7267 7266 7247
f 7248 7267 7247
f 7268 7267 7248
f 7249 7268 7248
f 7269 7268 7249
f 7250 7269 7249
f 7270 7269 7250
f 7251 7270 7250
f 7271 7270 7251
f 7252 7271 7251
f 7272 7271 7252
f 7253 7272 7252
f 7273 7272 7253
f 7254 7273 7253
f 7274 7273 7254
f 7255 7274 7254
f 7275 7274 7255
f 7256 7275 7255
f 7276 7275 7256
f 7257 7276 7256
f 7277 7276 7257
f 7258 7277 7257
f 7278 7277 7258
f 7259 7278 7258
f 7279 7278 7259
f 7260 7279 7259
f 7280 7279 7260
f 7241 7280 7260
f 7261 7280 7241
f 7262 7281 7261
f 7282 7281 7262
f 7263 7282 7262
f 7283 7282 7263
f 7264 7283 7263
f 7284 7283 7264
f 7265 7284 7264
f 7285 7284 7265
f 7266 7285 7265
f 7286 7285 7266
f 7267 7286 7266
f 7287 7286 7267
f 7268 7287 7267
f 7288 7287 7268
f 7269 7288 7268
f 7289 7288 7269
f 7270 7289 7269
f 7290 7289 7270
f 7271 7290 7270
f 7291 7290 7271
f 7272 7291 7271
f 7292 7291 7272
f 7273 7292 7272
f 7293 7292 7273
f 7274 7293 7273
f 7294 7293 7274
f 7275 7294 7274
f 7295 7294 7275
f 7276 7295 7275
f 7296 7295 7276
f 7277 7296 7276
f 7297 7296 7277
f 7278 7297 7277
f 7298 7297 7278
f 7279 7298 7278
f 7299 7298 7279
f 7280 7299 7279
f 7300 7299 7280
f 7261 7300 7280
f 7281 7300 7261
f 7282 7301 7281
f 7302 7301 7282
f 7283 7302 7282
f 7303 7302 7283
f 7284 7303 7283
f 7304 7303 7284
f 7285 7304 7284
f 7305 7304 7285
f 7286 7305 7285
f 7306 7305 7286
f 7287 7306 7286
f 7307 7306 7287
f 7288 7307 7287
f 7308 7307 7288
f 7289 7308 7288
f 7309 7308 7289
f 7290 7309 7289
f 7310 7309 7290
f 7291 7310 7290
f 7311 7310 7291
f 7292 7311 7291
f 7312 7311 7292
f 7293 7312 7292
f 7313 7312 7293
f 7294 7313 7293
f 7314 7313 7294
f 7295 7314 7294
f 7315 7314 7295
f 7296 7315 7295
f 7316 7315 7296
f 7297 7316 7296
f 7317 7316 7297
f 7298 7317 7297
f 7318 7317 7298
f 7299 7318 7298
f 7319 7318 7299
f 7300 7319 7299
f 7320 7319 7300
f 7281 7320 7300
f 7301 7320 7281
f 7302 7321 7301
f 7322 7321 7302
f 7303 7322 7302
f 7323 7322 7303
f 7304 7323 7303
f 7324 7323 7304
f 7305 7324 7304
f 7325 7324 7305
f 7306 7325 7305
f 7326 7325 7306
f 7307 7326 7306
f 7327 7326 7307
f 7308 7327 7307
f 7328 7327 7308
f 7309 7328 7308
f 7329 7328 7309
f 7310 7329 7309
f 7330 7329 7310
f 7311 7330 7310
f 7331 7330 7311
f 7312 7331 7311
f 7332 7331 7312
f 7313 7332 7312
f 7333 7332 7313
f 7314 7333 7313
f 7334 7333 7314
f 7315 7334 7314
f 7335 7334 7315
f 7316 7335 7315
f 7336 7335 7316
f 7317 7336 7316
f 7337 7336 7317
f 7318 7337 7317
f 7338 7337 7318
f 7319 7338 7318
f 7339 7338 7319
f 7320 7339 7319
f 7340 7339 7320
f 7301 7340 7320
f 7321 7340 7301
f 7322 7341 7321
f 7342 7341 7322
f 7323 7342 7322
f 7343 7342 7323
f 7324 7343 7323
f 7344 7343 7324
f 7325 7344 7324
f 7345 7344 7325
f 7326 7345 7325
f 7346 7345 7326
f 7327 7346 7326
f 7347 7346 7327
f 7328 7347 7327
f 7348 7347 7328
f 7329 7348 7328
f 7349 7348 7329
f 7330 7349 7329
f 7350 7349 7330
f 7331 7350 7330
f 7351 7350 7331
f 7332 7351 7331
f 7352 7351 7332
f 7333 7352 7332
f 7353 7352 7333
f 7334 7353 7333
f 7354 7353 7334
f 7335 7354 7334
f 7355 7354 7335
f 7336 7355 7335
f 7356 7355 7336
f 7337 7356 7336
f 7357 7356 7337
f 7338 7357 7337
f 7358 7357 7338
f 7339 7358 7338
f 7359 7358 7339
f 7340 7359 7339
f 7360 7359 7340
f 7321 7360 7340
f 7341 7360 7321
f 7342 7361 7341
f 7362 7361 7342
f 7343 7362 7342
f 7363 7362 7343
f 7344 7363 7343
f 7364 7363 7344
f 7345 7364 7344
f 7365 7364 7345
f 7346 7365 7345
f 7366 7365 7346
f 7347 7366 7346
f 7367 7366 7347
f 7348 7367 7347
f 7368 7367 7348
f 7349 7368 7348
f 7369 7368 7349
f 7350 7369 7349
f 7370 7369 7350
f 7351 7370 7350
f 7371 7370 7351
f 7352 7371 7351
f 7372 7371 7352
f 7353 7372 7352
f 7373 7372 7353
f 7354 7373 7353
f 7374 7373 7354
f 7355 7374 7354
f 7375 7374 7355
f 7356 7375 7355
f 7376 7375 7356
f 7357 7376 7356
f 7377 7376 7357
f 7358 7377 7357
f 7378 7377 7358
f 7359 7378 7358
f 7379 7378 7359
f 7360 7379 7359
f 7380 7379 7360
f 7341 7380 7360
f 7361 7380 7341
f 7362 7381 7361
f 7382 7381 7362
f 7363 7382 7362
f 7383 7382 7363
f 7364 7383 7363
f 7384 7383 7364
f 7365 7384 7364
f 7385 7384 7365
f 7366 7385 7365
f 7386 7385 7366
f 7367 7386 7366
f 7387 7386 7367
f 7368 7387 7367
f 7388 7387 7368
f 7369 7388 7368
f 7389 7388 7369
f 7370 7389 7369
f 7390 7389 7370
f 7371 7390 7370
f 7391 7390 7371
f 7372 7391 7371
f 7392 7391 7372
f 7373 7392 7372
f 7393 7392 7373
f 7374 7393 7373
f 7394 7393 7374
f 7375 7394 7374
f 7395 7394 7375
f 7376 7395 7375
f 7396 7395 7376
f 7377 7396 7376
f 7397 7396 7377
f 7378 7397 7377
f 7398 7397 7378
f 7379 7398 7378
f 7399 7398 7379
f 7380 7399 7379
f 7400 7399 7380
f 7361 7400 7380
f 7381 7400 7361
f 7382 7401 7381
f 7402 7401 7382
f 7383 7402 7382
f 7403 7402 7383
f 7384 7403 7383
f 7404 7403 7384
f 7385 7404 7384
f 7405 7404 7385
f 7386 7405 7385
f 7406 7405 7386
f 7387 7406 7386
f 7407 7406 7387
f 7388 7407 7387
f 7408 7407 7388
f 7389 7408 7388
f 7409 7408 7389
f 7390 7409 7389
f 7410 7409 7390
f 7391 7410 7390
f 7411 7410 7391
f 7392 7411 7391
f 7412 7411 7392
f 7393 7412 7392
f 7413 7412 7393
f 7394 7413 7393
f 7414 7413 7394
f 7395 7414 7394
f 7415 7414 7395
f 7396 7415 7395
f 7416 7415 7396
f 7397 7416 7396
f 7417 7416 7397
f 7398 7417 7397
f 7418 7417 7398
f 7399 7418 7398
f 7419 7418 7399
f 7400 7419 7399
f 7420 7419 7400
f 7381 7420 7400
f 7401 7420 7381
f 7402 7421 7401
f 7422 7421 7402
f 7403 7422 7402
f 7423 7422 7403
f 7404 7423 7403
f 7424 7423 7404
f 7405 7424 7404
f 7425 7424 7405
f 7406 7425 7405
f 7426 7425 7406
f 7407 7426 7406
f 7427 7426 7407
f 7408 7427 7407
f 7428 7427 7408
f 7409 7428 7408
f 7429 7428 7409
f 7410 7429 7409
f 7430 7429 7410
f 7411 7430 7410
f 7431 7430 7411
f 7412 7431 7411
f 7432 7431 7412
f 7413 7432 7412
f 7433 7432 7413
f 7414 7433 7413
f 7434 7433 7414
f 7415 7434 7414
f 7435 7434 7415
f 7416 7435 7415
f 7436 7435 7416
f 7417 7436 7416
f 7437 7436 7417
f 7418 7437 7417
f 7438 7437 7418
f 7419 7438 7418
f 7439 7438 7419
f 7420 7439 7419
f 7440 7439 7420
f 7401 7440 7420
f 7421 7440 7401
f 7422 7441 7421
f 7423 7441 7422
f 7424 7441 7423
f 7425 7441 7424
f 7426 7441 7425
f 7427 7441 7426
f 7428 7441 7427
f 7429 7441 7428
f 7430 7441 7429
f 7431 7441 7430
f 7432 7441 7431
f 7433 7441 7432
f 7434 7441 7433
f 7435 7441 7434
f 7436 7441 7435
f 7437 7441 7436
f 7438 7441 7437
f 7439 7441 7438
f 7440 7441 7439
f 7421 7441 7440
f 7442 7443 7454
f 7443 7455 7454
f 7443 7444 7455
f 7444 7456 7455
f 7444 7445 7456
f 7445 7457 7456
f 7445 7446 7457
f 7446 7458 7457
f 7446 7447 7458
f 7447 7459 7458
f 7447 7448 7459
f 7448 7460 7459
f 7448 7449 7460
f 7449 7461 7460
f 7449 7450 7461
f 7450 7462 7461
f 7450 7451 7462
f 7451 7463 7462
f 7451 7452 7463
f 7452 7464 7463
f 7452 7453 7464
f 7453 7465 7464
f 7453 7442 7465
f 7442 7454 7465
f 7454 7455 7466
f 7455 7467 7466
f 7455 7456 7467
f 7456 7468 7467
f 7456 7457 7468
f 7457 7469 7468
f 7457 7458 7469
f 7458 7470 7469
f 7458 7459 7470
f 7459 7471 7470
f 7459 7460 7471
f 7460 7472 7471
f 7460 7461 7472
f 7461 7473 7472
f 7461 7462 7473
f 7462 7474 7473
f 7462 7463 7474
f 7463 7475 7474
f 7463 7464 7475
f 7464 7476 7475
f 7464 7465 7476
f 7465 7477 7476
f 7465 7454 7477
f 7454 7466 7477
f 7478 7443 7442
f 7478 7444 7443
f 7478 7445 7444
f 7478 7446 7445
f 7478 7447 7446
f 7478 7448 7447
f 7478 7449 7448
f 7478 7450 7449
f 7478 7451 7450
f 7478 7452 7451
f 7478 7453 7452
f 7478 7442 7453
f 7479 7466 7467
f 7479 7467 7468
f 7479 7468 7469
f 7479 7469 7470
f 7479 7470 7471
f 7479 7471 7472
f 7479 7472 7473
f 7479 7473 7474
f 7479 7474 7475
f 7479 7475 7476
f 7479 7476 7477
f 7479 7477 7466
f 7480 7482 7481
f 7480 7483 7482
f 7480 7484 7483
f 7480 7485 7484
f 7480 7486 7485
f 7480 7487 7486
f 7480 7488 7487
f 7480 7489 7488
f 7480 7490 7489
f 7480 7491 7490
f 7480 7492 7491
f 7480 7493 7492
f 7480 7494 7493
f 7480 7495 7494
f 7480 7496 7495
f 7480 7497 7496
f 7480 7498 7497
f 7480 7499 7498
f 7480 7500 7499
f 7480 7481 7500
f 7482 7501 7481
f 7502 7501 7482
f 7483 7502 7482
f 7503 7502 7483
f 7484 7503 7483
f 7504 7503 7484
f 7485 7504 7484
f 7505 7504 7485
f 7486 7505 7485
f 7506 7505 7486
f 7487 7506 7486
f 7507 7506 7487
f 7488 7507 7487
f 7508 7507 7488
f 7489 7508 7488
f 7509 7508 7489
f 7490 7509 7489
f 7510 7509 7490
f 7491 7510 7490
f 7511 7510 7491
f 7492 7511 7491
f 7512 7511 7492
f 7493 7512 7492
f 7513 7512 7493
f 7494 7513 7493
f 7514 7513 7494
f 7495 7514 7494
f 7515 7514 7495
f 7496 7515 7495
f 7516 7515 7496
f 7497 7516 7496
f 7517 7516 7497
f 7498 7517 7497
f 7518 7517 7498
f 7499 7518 7498
f 7519 7518 7499
f 7500 7519 7499
f 7520 7519 7500
f 7481 7520 7500
f 7501 7520 7481
f 7502 7521 7501
f 7522 7521 7502
f 7503 7522 7502
f 7523 7522 7503
f 7504 7523 7503
f 7524 7523 7504
f 7505 7524 7504
f 7525 7524 7505
f 7506 7525 7505
f 7526 7525 7506
f 7507 7526 7506
f 7527 7526 7507
f 7508 7527 7507
f 7528 7527 7508
f 7509 7528 7508
f 7529 7528 7509
f 7510 7529 7509
f 7530 7529 7510
f 7511 7530 7510
f 7531 7530 7511
f 7512 7531 7511
f 7532 7531 7512
f 7513 7532 7512
f 7533 7532 7513
f 7514 7533 7513
f 7534 7533 7514
f 7515 7534 7514
f 7535 7534 7515
f 7516 7535 7515
f 7536 7535 7516
f 7517 7536 7516
f 7537 7536 7517
f 7518 7537 7517
f 7538 7537 7518
f 7519 7538 7518
f 7539 7538 7519
f 7520 7539 7519
f 7540 7539 7520
f 7501 7540 7520
f 7521 7540 7501
f 7522 7541 7521
f 7542 7541 7522
f 7523 7542 7522
f 7543 7542 7523
f 7524 7543 7523
f 7544 7543 7524
f 7525 7544 7524
f 7545 7544 7525
f 7526 7545 7525
f 7546 7545 7526
f 7527 7546 7526
f 7547 7546 7527
f 7528 7547 7527
f 7548 7547 7528
f 7529 7548 7528
f 7549 7548 7529
f 7530 7549 7529
f 7550 7549 7530
f 7531 7550 7530
f 7551 7550 7531
f 7532 7551 7531
f 7552 7551 7532
f 7533 7552 7532
f 7553 7552 7533
f 7534 7553 7533
f 7554 7553 7534
f 7535 7554 7534
f 7555 7554 7535
f 7536 7555 7535
f 7556 7555 7536
f 7537 7556 7536
f 7557 7556 7537
f 7538 7557 7537
f 7558 7557 7538
f 7539 7558 7538
f 7559 7558 7539
f 7540 7559 7539
f 7560 7559 7540
f 7521 7560 7540
f 7541 7560 7521
f 7542 7561 7541
f 7562 7561 7542
f 7543 7562 7542
f 7563 7562 7543
f 7544 7563 7543
f 7564 7563 7544
f 7545 7564 7544
f 7565 7564 7545
f 7546 7565 7545
f 7566 7565 7546
f 7547 7566 7546
f 7567 7566 7547
f 7548 7567 7547
f 7568 7567 7548
f 7549 7568 7548
f 7569 7568 7549
f 7550 7569 7549
f 7570 7569 7550
f 7551 7570 7550
f 7571 7570 7551
f 7552 7571 7551
f 7572 7571 7552
f 7553 7572 7552
f 7573 7572 7553
f 7554 7573 7553
f 7574 7573 7554
f 7555 7574 7554
f 7575 7574 7555
f 7556 7575 7555
f 7576 7575 7556
f 7557 7576 7556
f 7577 7576 7557
f 7558 7577 7557
f 7578 7577 7558
f 7559 7578 7558
f 7579 7578 7559
f 7560 7579 7559
f 7580 7579 7560
f 7541 7580 7560
f 7561 7580 7541
f 7562 7581 7561
f 7582 7581 7562
f 7563 7582 7562
f 7583 7582 7563
f 7564 7583 7563
f 7584 7583 7564
f 7565 7584 7564
f 7585 7584 7565
f 7566 7585 7565
f 7586 7585 7566
f 7567 7586 7566
f 7587 7586 7567
f 7568 7587 7567
f 7588 7587 7568
f 7569 7588 7568
f 7589 7588 7569
f 7570 7589 7569
f 7590 7589 7570
f 7571 7590 7570
f 7591 7590 7571
f 7572 7591 7571
f 7592 7591 7572
f 7573 7592 7572
f 7593 7592 7573
f 7574 7593 7573
f 7594 7593 7574
f 7575 7594 7574
f 7595 7594 7575
f 7576 7595 7575
f 7596 7595 7576
f 7577 7596 7576
f 7597 7596 7577
f 7578 7597 7577
f 7598 7597 7578
f 7579 7598 7578
f 7599 7598 7579
f 7580 7599 7579
f 7600 7599 7580
f 7561 7600 7580
f 7581 7600 7561
f 7582 7601 7581
f 7602 7601 7582
f 7583 7602 7582
f 7603 7602 7583
f 7584 7603 7583
f 7604 7603 7584
f 7585 7604 7584
f 7605 7604 7585
f 7586 7605 7585
f 7606 7605 7586
f 7587 7606 7586
f 7607 7606 7587
f 7588 7607 7587
f 7608 7607 7588
f 7589 7608 7588
f 7609 7608 7589
f 7590 7609 7589
f 7610 7609 7590
f 7591 7610 7590
f 7611 7610 7591
f 7592 7611 7591
f 7612 7611 7592
f 7593 7612 7592
f 7613 7612 7593
f 7594 7613 7593
f 7614 7613 7594
f 7595 7614 7594
f 7615 7614 7595
f 7596 7615 7595
f 7616 7615 7596
f 7597 7616 7596
f 7617 7616 7597
f 7598 7617 7597
f 7618 7617 7598
f 7599 7618 7598
f 7619 7618 7599
f 7600 7619 7599
f 7620 7619 7600
f 7581 7620 7600
f 7601 7620 7581
f 7602 7621 7601
f 7622 7621 7602
f 7603 7622 7602
f 7623 7622 7603
f 7604 7623 7603
f 7624 7623 7604
f 7605 7624 7604
f 7625 7624 7605
f 7606 7625 7605
f 7626 7625 7606
f 7607 7626 7606
f 7627 7626 7607
f 7608 7627 7607
f 7628 7627 7608
f 7609 7628 7608
f 7629 7628 7609
f 7610 7629 7609
f 7630 7629 7610
f 7611 7630 7610
f 7631 7630 7611
f 7612 7631 7611
f 7632 7631 7612
f 7613 7632 7612
f 7633 7632 7613
f 7614 7633 7613
f 7634 7633 7614
f 7615 7634 7614
f 7635 7634 7615
f 7616 7635 7615
f 7636 7635 7616
f 7617 7636 7616
f 7637 7636 7617
f 7618 7637 7617
f 7638 7637 7618
f 7619 7638 7618
f 7639 7638 7619
f 7620 7639 7619
f 7640 7639 7620
f 7601 7640 7620
f 7621 7640 7601
f 7622 7641 7621
f 7642 7641 7622
f 7623 7642 7622
f 7643 7642 7623
f 7624 7643 7623
f 7644 7643 7624
f 7625 7644 7624
f 7645 7644 7625
f 7626 7645 7625
f 7646 7645 7626
f 7627 7646 7626
f 7647 7646 7627
f 7628 7647 7627
f 7648 7647 7628
f 7629 7648 7628
f 7649 7648 7629
f 7630 7649 7629
f 7650 7649 7630
f 7631 7650 7630
f 7651 7650 7631
f 7632 7651 7631
f 7652 7651 7632
f 7633 7652 7632
f 7653 7652 7633
f 7634 7653 7633
f 7654 7653 7634
f 7635 7654 7634
f 7655 7654 7635
f 7636 7655 7635
f 7656 7655 7636
f 7637 7656 7636
f 7657 7656 7637
f 7638 7657 7637
f 7658 7657 7638
f 7639 7658 7638
f 7659 7658 7639
f 7640 7659 7639
f 7660 7659 7640
f 7621 7660 7640
f 7641 7660 7621
f 7642 7661 7641
f 7662 7661 7642
f 7643 7662 7642
f 7663 7662 7643
f 7644 7663 7643
f 7664 7663 7644
f 7645 7664 7644
f 7665 7664 7645
f 7646 7665 7645
f 7666 7665 7646
f 7647 7666 7646
f 7667 7666 7647
f 7648 7667 7647
f 7668 7667 7648
f 7649 7668 7648
f 7669 7668 7649
f 7650 7669 7649
f 7670 7669 7650
f 7651 7670 7650
f 7671 7670 7651
f 7652 7671 7651
f 7672 7671 7652
f 7653 7672 7652
f 7673 7672 7653
f 7654 7673 7653
f 7674 7673 7654
f 7655 7674 7654
f 7675 7674 7655
f 7656 7675 7655
f 7676 7675 7656
f 7657 7676 7656
f 7677 7676 7657
f 7658 7677 7657
f 7678 7677 7658
f 7659 7678 7658
f 7679 7678 7659
f 7660 7679 7659
f 7680 7679 7660
f 7641 7680 7660
f 7661 7680 7641
f 7662 7681 7661
f 7682 7681 7662
f 7663 7682 7662
f 7683 7682 7663
f 7664 7683 7663
f 7684 7683 7664
f 7665 7684 7664
f 7685 7684 7665
f 7666 7685 7665
f 7686 7685 7666
f 7667 7686 7666
f 7687 7686 7667
f 7668 7687 7667
f 7688 7687 7668
f 7669 7688 7668
f 7689 7688 7669
f 7670 7689 7669
f 7690 7689 7670
f 7671 7690 7670
f 7691 7690 7671
f 7672 7691 7671
f 7692 7691 7672
f 7673 7692 7672
f 7693 7692 7673
f 7674 7693 7673
f 7694 7693 7674
f 7675 7694 7674
f 7695 7694 7675
f 7676 7695 7675
f 7696 7695 7676
f 7677 7696 7676
f 7697 7696 7677
f 7678 7697 7677
f 7698 7697 7678
f 7679 7698 7678
f 7699 7698 7679
f 7680 7699 7679
f 7700 7699 7680
f 7661 7700 7680
f 7681 7700 7661
f 7682 7701 7681
f 7702 7701 7682
f 7683 7702 7682
f 7703 7702 7683
f 7684 7703 7683
f 7704 7703 7684
f 7685 7704 7684
f 7705 7704 7685
f 7686 7705 7685
f 7706 7705 7686
f 7687 7706 7686
f 7707 7706 7687
f 7688 7707 7687
f 7708 7707 7688
f 7689 7708 7688
f 7709 7708 7689
f 7690 7709 7689
f 7710 7709 7690
f 7691 7710 7690
f 7711 7710 7691
f 7692 7711 7691
f 7712 7711 7692
f 7693 7712 7692
f 7713 7712 7693
f 7694 7713 7693
f 7714 7713 7694
f 7695 7714 7694
f 7715 7714 7695
f 7696 7715 7695
f 7716 7715 7696
f 7697 7716 7696
f 7717 7716 7697
f 7698 7717 7697
f 7718 7717 7698
f 7699 7718 7698
f 7719 7718 7699
f 7700 7719 7699
f 7720 7719 7700
f 7681 7720 7700
f 7701 7720 7681
f 7702 7721 7701
f 7722 7721 7702
f 7703 7722 7702
f 7723 7722 7703
f 7704 7723 7703
f 7724 7723 7704
f 7705 7724 7704
f 7725 7724 7705
f 7706 7725 7705
f 7726 7725 7706
f 7707 7726 7706
f 7727 7726 7707
f 7708 7727 7707
f 7728 7727 7708
f 7709 7728 7708
f 7729 7728 7709
f 7710 7729 7709
f 7730 7729 7710
f 7711 7730 7710
f 7731 7730 7711
f 7712 7731 7711
f 7732 7731 7712
f 7713 7732 7712
f 7733 7732 7713
f 7714 7733 7713
f 7734 7733 7714
f 7715 7734 7714
f 7735 7734 7715
f 7716 7735 7715
f 7736 7735 7716
f 7717 7736 7716
f 7737 7736 7717
f 7718 7737 7717
f 7738 7737 7718
f 7719 7738 7718
f 7739 7738 7719
f 7720 7739 7719
f 7740 7739 7720
f 7701 7740 7720
f 7721 7740 7701
f 7722 7741 7721
f 7723 7741 7722
f 7724 7741 7723
f 7725 7741 7724
f 7726 7741 7725
f 7727 7741 7726
f 7728 7741 7727
f 7729 7741 7728
f 7730 7741 7729
f 7731 7741 7730
f 7732 7741 7731
f 7733 7741 7732
f 7734 7741 7733
f 7735 7741 7734
f 7736 7741 7735
f 7737 7741 7736
f 7738 7741 7737
f 7739 7741 7738
f 7740 7741 7739
f 7721 7741 7740
f 7742 7743 7754
f 7743 7755 7754
f 7743 7744 7755
f 7744 7756 7755
f 7744 7745 7756
f 7745 7757 7756
f 7745 7746 7757
f 7746 7758 7757
f 7746 7747 7758
f 7747 7759 7758
f 7747 7748 7759
f 7748 7760 7759
f 7748 7749 7760
f 7749 7761 7760
f 7749 7750 7761
f 7750 7762 7761
f 7750 7751 7762
f 7751 7763 7762
f 7751 7752 7763
f 7752 7764 7763
f 7752 7753 7764
f 7753 7765 7764
f 7753 7742 7765
f 7742 7754 7765
f 7754 7755 7766
f 7755 7767 7766
f 7755 7756 7767
f 7756 7768 7767
f 7756 7757 7768
f 7757 7769 7768
f 7757 7758 7769
f 7758 7770 7769
f 7758 7759 7770
f 7759 7771 7770
f 7759 7760 7771
f 7760 7772 7771
f 7760 7761 7772
f 7761 7773 7772
f 7761 7762 7773
f 7762 7774 7773
f 7762 7763 7774
f 7763 7775 7774
f 7763 7764 7775
f 7764 7776 7775
f 7764 7765 7776
f 7765 7777 7776
f 7765 7754 7777
f 7754 7766 7777
f 7778 7743 7742
f 7778 7744 7743
f 7778 7745 7744
f 7778 7746 7745
f 7778 7747 7746
f 7778 7748 7747
f 7778 7749 7748
f 7778 7750 7749
f 7778 7751 7750
f 7778 7752 7751
f 7778 7753 7752
f 7778 7742 7753
f 7779 7766 7767
f 7779 7767 7768
f 7779 7768 7769
f 7779 7769 7770
f 7779 7770 7771
f 7779 7771 7772
f 7779 7772 7773
f 7779 7773 7774
f 7779 7774 7775
f 7779 7775 7776
f 7779 7776 7777
f 7779 7777 7766
f 7780 7781 7794
f 7781 7795 7794
f 7781 7782 7795
f 7782 7796 7795
f 7782 7783 7796
f 7783 7797 7796
f 7783 7784 7797
f 7784 7798 7797
f 7784 7785 7798
f 7785 7799 7798
f 7785 7786 7799
f 7786 7800 7799
f 7786 7787 7800
f 7787 7801 7800
f 7787 7788 7801
f 7788 7802 7801
f 7788 7789 7802
f 7789 7803 7802
f 7789 7790 7803
f 7790 7804 7803
f 7790 7791 7804
f 7791 7805 7804
f 7791 7792 7805
f 7792 7806 7805
f 7792 7793 7806
f 7793 7807 7806
f 7793 7780 7807
f 7780 7794 7807
f 7794 7795 7808
f 7795 7809 7808
f 7795 7796 7809
f 7796 7810 7809
f 7796 7797 7810
f 7797 7811 7810
f 7797 7798 7811
f 7798 7812 7811
f 7798 7799 7812
f 7799 7813 7812
f 7799 7800 7813
f 7800 7814 7813
f 7800 7801 7814
f 7801 7815 7814
f 7801 7802 7815
f 7802 7816 7815
f 7802 7803 7816
f 7803 7817 7816
f 7803 7804 7817
f 7804 7818 7817
f 7804 7805 7818
f 7805 7819 7818
f 7805 7806 7819
f 7806 7820 7819
f 7806 7807 7820
f 7807 7821 7820
f 7807 7794 7821
f 7794 7808 7821
f 7822 7781 7780
f 7822 7782 7781
f 7822 7783 7782
f 7822 7784 7783
f 7822 7785 7784
f 7822 7786 7785
f 7822 7787 7786
f 7822 7788 7787
f 7822 7789 7788
f 7822 7790 7789
f 7822 7791 7790
f 7822 7792 7791
f 7822 7793 7792
f 7822 7780 7793
f 7823 7808 7809
f 7823 7809 7810
f 7823 7810 7811
f 7823 7811 7812
f 7823 7812 7813
f 7823 7813 7814
f 7823 7814 7815
f 7823 7815 7816
f 7823 7816 7817
f 7823 7817 7818
f 7823 7818 7819
f 7823 7819 7820
f 7823 7820 7821
f 7823 7821 7808
v -0.045000 1.696000 0.108000
v -0.039306 1.695557 0.108000
v -0.039585 1.695557 0.108640
v -0.040393 1.695557 0.109217
v -0.041653 1.695557 0.109675
v -0.043240 1.695557 0.109969
v -0.045000 1.695557 0.110071
v -0.046760 1.695557 0.109969
v -0.048347 1.695557 0.109675
v -0.049607 1.695557 0.109217
v -0.050415 1.695557 0.108640
v -0.050694 1.695557 0.108000
v -0.050415 1.695557 0.107360
v -0.049607 1.695557 0.106783
v -0.048347 1.695557 0.106325
v -0.046760 1.695557 0.106031
v -0.045000 1.695557 0.105929
v -0.043240 1.695557 0.106031
v -0.041653 1.695557 0.106325
v -0.040393 1.695557 0.106783
v -0.039585 1.695557 0.107360
v -0.034000 1.694258 0.108000
v -0.034538 1.694258 0.109236
v -0.036101 1.694258 0.110351
v -0.038534 1.694258 0.111236
v -0.041601 1.694258 0.111804
v -0.045000 1.694258 0.112000
v -0.048399 1.694258 0.111804
v -0.051466 1.694258 0.111236
v -0.053899 1.694258 0.110351
v -0.055462 1.694258 0.109236
v -0.056000 1.694258 0.108000
v -0.055462 1.694258 0.106764
v -0.053899 1.694258 0.105649
v -0.051466 1.694258 0.104764
v -0.048399 1.694258 0.104196
v -0.045000 1.694258 0.104000
v -0.041601 1.694258 0.104196
v -0.038534 1.694258 0.104764
v -0.036101 1.694258 0.105649
v -0.034538 1.694258 0.106764
v -0.029444 1.692192 0.108000
v -0.030205 1.692192 0.109748
v -0.032415 1.692192 0.111325
v -0.035856 1.692192 0.112576
v -0.040193 1.692192 0.113380
v -0.045000 1.692192 0.113657
v -0.049807 1.692192 0.113380
v -0.054144 1.692192 0.112576
v -0.057585 1.692192 0.111325
v -0.059795 1.692192 0.109748
v -0.060556 1.692192 0.108000
v -0.059795 1.692192 0.106252
v -0.057585 1.692192 0.104675
v -0.054144 1.692192 0.103424
v -0.049807 1.692192 0.102620
v -0.045000 1.692192 0.102343
v -0.040193 1.692192 0.102620
v -0.035856 1.692192 0.103424
v -0.032415 1.692192 0.104675
v -0.030205 1.692192 0.106252
v -0.025947 1.689500 0.108000
v -0.026880 1.689500 0.110141
v -0.029586 1.689500 0.112072
v -0.033801 1.689500 0.113605
v -0.039112 1.689500 0.114589
v -0.045000 1.689500 0.114928
v -0.050888 1.689500 0.114589
v -0.056199 1.689500 0.113605
v -0.060414 1.689500 0.112072
v -0.063120 1.689500 0.110141
v -0.064053 1.689500 0.108000
v -0.063120 1.689500 0.105859
v -0.060414 1.689500 0.103928
v -0.056199 1.689500 0.102395
v -0.050888 1.689500 0.101411
v -0.045000 1.689500 0.101072
v -0.039112 1.689500 0.101411
v -0.033801 1.689500 0.102395
v -0.029586 1.689500 0.103928
v -0.026880 1.689500 0.105859
v -0.023750 1.686365 0.108000
v -0.024790 1.686365 0.110388
v -0.027808 1.686365 0.112542
v -0.032509 1.686365 0.114252
v -0.038433 1.686365 0.115349
v -0.045000 1.686365 0.115727
v -0.051567 1.686365 0.115349
v -0.057491 1.686365 0.114252
v -0.062192 1.686365 0.112542
v -0.065210 1.686365 0.110388
v -0.066250 1.686365 0.108000
v -0.065210 1.686365 0.105612
v -0.062192 1.686365 0.103458
v -0.057491 1.686365 0.101748
v -0.051567 1.686365 0.100651
v -0.045000 1.686365 0.100273
v -0.038433 1.686365 0.100651
v -0.032509 1.686365 0.101748
v -0.027808 1.686365 0.103458
v -0.024790 1.686365 0.105612
v -0.023000 1.683000 0.108000
v -0.024077 1.683000 0.110472
v -0.027202 1.683000 0.112702
v -0.032069 1.683000 0.114472
v -0.038202 1.683000 0.115608
v -0.045000 1.683000 0.116000
v -0.051798 1.683000 0.115608
v -0.057931 1.683000 0.114472
v -0.062798 1.683000 0.112702
v -0.065923 1.683000 0.110472
v -0.067000 1.683000 0.108000
v -0.065923 1.683000 0.105528
v -0.062798 1.683000 0.103298
v -0.057931 1.683000 0.101528
v -0.051798 1.683000 0.100392
v -0.045000 1.683000 0.100000
v -0.038202 1.683000 0.100392
v -0.032069 1.683000 0.101528
v -0.027202 1.683000 0.103298
v -0.024077 1.683000 0.105528
v -0.023750 1.679635 0.108000
v -0.024790 1.679635 0.110388
v -0.027808 1.679635 0.112542
v -0.032509 1.679635 0.114252
v -0.038433 1.679635 0.115349
v -0.045000 1.679635 0.115727
v -0.051567 1.679635 0.115349
v -0.057491 1.679635 0.114252
v -0.062192 1.679635 0.112542
v -0.065210 1.679635 0.110388
v -0.066250 1.679635 0.108000
v -0.065210 1.679635 0.105612
v -0.062192 1.679635 0.103458
v -0.057491 1.679635 0.101748
v -0.051567 1.679635 0.100651
v -0.045000 1.679635 0.100273
v -0.038433 1.679635 0.100651
v -0.032509 1.679635 0.101748
v -0.027808 1.679635 0.103458
v -0.024790 1.679635 0.105612
v -0.025947 1.676500 0.108000
v -0.026880 1.676500 0.110141
v -0.029586 1.676500 0.112072
v -0.033801 1.676500 0.113605
v -0.039112 1.676500 0.114589
v -0.045000 1.676500 0.114928
v -0.050888 1.676500 0.114589
v -0.056199 1.676500 0.113605
v -0.060414 1.676500 0.112072
v -0.063120 1.676500 0.110141
v -0.064053 1.676500 0.108000
v -0.063120 1.676500 0.105859
v -0.060414 1.676500 0.103928
v -0.056199 1.676500 0.102395
v -0.050888 1.676500 0.101411
v -0.045000 1.676500 0.101072
v -0.039112 1.676500 0.101411
v -0.033801 1.676500 0.102395
v -0.029586 1.676500 0.103928
v -0.026880 1.676500 0.105859
v -0.029444 1.673808 0.108000
v -0.030205 1.673808 0.109748
v -0.032415 1.673808 0.111325
v -0.035856 1.673808 0.112576
v -0.040193 1.673808 0.113380
v -0.045000 1.673808 0.113657
v -0.049807 1.673808 0.113380
v -0.054144 1.673808 0.112576
v -0.057585 1.673808 0.111325
v -0.059795 1.673808 0.109748
v -0.060556 1.673808 0.108000
v -0.059795 1.673808 0.106252
v -0.057585 1.673808 0.104675
v -0.054144 1.673808 0.103424
v -0.049807 1.673808 0.102620
v -0.045000 1.673808 0.102343
v -0.040193 1.673808 0.102620
v -0.035856 1.673808 0.103424
v -0.032415 1.673808 0.104675
v -0.030205 1.673808 0.106252
v -0.034000 1.671742 0.108000
v -0.034538 1.671742 0.109236
v -0.036101 1.671742 0.110351
v -0.038534 1.671742 0.111236
v -0.041601 1.671742 0.111804
v -0.045000 1.671742 0.112000
v -0.048399 1.671742 0.111804
v -0.051466 1.671742 0.111236
v -0.053899 1.671742 0.110351
v -0.055462 1.671742 0.109236
v -0.056000 1.671742 0.108000
v -0.055462 1.671742 0.106764
v -0.053899 1.671742 0.105649
v -0.051466 1.671742 0.104764
v -0.048399 1.671742 0.104196
v -0.045000 1.671742 0.104000
v -0.041601 1.671742 0.104196
v -0.038534 1.671742 0.104764
v -0.036101 1.671742 0.105649
v -0.034538 1.671742 0.106764
v -0.039306 1.670443 0.108000
v -0.039585 1.670443 0.108640
v -0.040393 1.670443 0.109217
v -0.041653 1.670443 0.109675
v -0.043240 1.670443 0.109969
v -0.045000 1.670443 0.110071
v -0.046760 1.670443 0.109969
v -0.048347 1.670443 0.109675
v -0.049607 1.670443 0.109217
v -0.050415 1.670443 0.108640
v -0.050694 1.670443 0.108000
v -0.050415 1.670443 0.107360
v -0.049607 1.670443 0.106783
v -0.048347 1.670443 0.106325
v -0.046760 1.670443 0.106031
v -0.045000 1.670443 0.105929
v -0.043240 1.670443 0.106031
v -0.041653 1.670443 0.106325
v -0.040393 1.670443 0.106783
v -0.039585 1.670443 0.107360
v -0.045000 1.670000 0.108000
v 0.045000 1.696000 0.108000
v 0.050694 1.695557 0.108000
v 0.050415 1.695557 0.108640
v 0.049607 1.695557 0.109217
v 0.048347 1.695557 0.109675
v 0.046760 1.695557 0.109969
v 0.045000 1.695557 0.110071
v 0.043240 1.695557 0.109969
v 0.041653 1.695557 0.109675
v 0.040393 1.695557 0.109217
v 0.039585 1.695557 0.108640
v 0.039306 1.695557 0.108000
v 0.039585 1.695557 0.107360
v 0.040393 1.695557 0.106783
v 0.041653 1.695557 0.106325
v 0.043240 1.695557 0.106031
v 0.045000 1.695557 0.105929
v 0.046760 1.695557 0.106031
v 0.048347 1.695557 0.106325
v 0.049607 1.695557 0.106783
v 0.050415 1.695557 0.107360
v 0.056000 1.694258 0.108000
v 0.055462 1.694258 0.109236
v 0.053899 1.694258 0.110351
v 0.051466 1.694258 0.111236
v 0.048399 1.694258 0.111804
v 0.045000 1.694258 0.112000
v 0.041601 1.694258 0.111804
v 0.038534 1.694258 0.111236
v 0.036101 1.694258 0.110351
v 0.034538 1.694258 0.109236
v 0.034000 1.694258 0.108000
v 0.034538 1.694258 0.106764
v 0.036101 1.694258 0.105649
v 0.038534 1.694258 0.104764
v 0.041601 1.694258 0.104196
v 0.045000 1.694258 0.104000
v 0.048399 1.694258 0.104196
v 0.051466 1.694258 0.104764
v 0.053899 1.694258 0.105649
v 0.055462 1.694258 0.106764
v 0.060556 1.692192 0.108000
v 0.059795 1.692192 0.109748
v 0.057585 1.692192 0.111325
v 0.054144 1.692192 0.112576
v 0.049807 1.692192 0.113380
v 0.045000 1.692192 0.113657
v 0.040193 1.692192 0.113380
v 0.035856 1.692192 0.112576
v 0.032415 1.692192 0.111325
v 0.030205 1.692192 0.109748
v 0.029444 1.692192 0.108000
v 0.030205 1.692192 0.106252
v 0.032415 1.692192 0.104675
v 0.035856 1.692192 0.103424
v 0.040193 1.692192 0.102620
v 0.045000 1.692192 0.102343
v 0.049807 1.692192 0.102620
v 0.054144 1.692192 0.103424
v 0.057585 1.692192 0.104675
v 0.059795 1.692192 0.106252
v 0.064053 1.689500 0.108000
v 0.063120 1.689500 0.110141
v 0.060414 1.689500 0.112072
v 0.056199 1.689500 0.113605
v 0.050888 1.689500 0.114589
v 0.045000 1.689500 0.114928
v 0.039112 1.689500 0.114589
v 0.033801 1.689500 0.113605
v 0.029586 1.689500 0.112072
v 0.026880 1.689500 0.110141
v 0.025947 1.689500 0.108000
v 0.026880 1.689500 0.105859
v 0.029586 1.689500 0.103928
v 0.033801 1.689500 0.102395
v 0.039112 1.689500 0.101411
v 0.045000 1.689500 0.101072
v 0.050888 1.689500 0.101411
v 0.056199 1.689500 0.102395
v 0.060414 1.689500 0.103928
v 0.063120 1.689500 0.105859
v 0.066250 1.686365 0.108000
v 0.065210 1.686365 0.110388
v 0.062192 1.686365 0.112542
v 0.057491 1.686365 0.114252
v 0.051567 1.686365 0.115349
v 0.045000 1.686365 0.115727
v 0.038433 1.686365 0.115349
v 0.032509 1.686365 0.114252
v 0.027808 1.686365 0.112542
v 0.024790 1.686365 0.110388
v 0.023750 1.686365 0.108000
v 0.024790 1.686365 0.105612
v 0.027808 1.686365 0.103458
v 0.032509 1.686365 0.101748
v 0.038433 1.686365 0.100651
v 0.045000 1.686365 0.100273
v 0.051567 1.686365 0.100651
v 0.057491 1.686365 0.101748
v 0.062192 1.686365 0.103458
v 0.065210 1.686365 0.105612
v 0.067000 1.683000 0.108000
v 0.065923 1.683000 0.110472
v 0.062798 1.683000 0.112702
v 0.057931 1.683000 0.114472
v 0.051798 1.683000 0.115608
v 0.045000 1.683000 0.116000
v 0.038202 1.683000 0.115608
v 0.032069 1.683000 0.114472
v 0.027202 1.683000 0.112702
v 0.024077 1.683000 0.110472
v 0.023000 1.683000 0.108000
v 0.024077 1.683000 0.105528
v 0.027202 1.683000 0.103298
v 0.032069 1.683000 0.101528
v 0.038202 1.683000 0.100392
v 0.045000 1.683000 0.100000
v 0.051798 1.683000 0.100392
v 0.057931 1.683000 0.101528
v 0.062798 1.683000 0.103298
v 0.065923 1.683000 0.105528
v 0.066250 1.679635 0.108000
v 0.065210 1.679635 0.110388
v 0.062192 1.679635 0.112542
v 0.057491 1.679635 0.114252
v 0.051567 1.679635 0.115349
v 0.045000 1.679635 0.115727
v 0.038433 1.679635 0.115349
v 0.032509 1.679635 0.114252
v 0.027808 1.679635 0.112542
v 0.024790 1.679635 0.110388
v 0.023750 1.679635 0.108000
v 0.024790 1.679635 0.105612
v 0.027808 1.679635 0.103458
v 0.032509 1.679635 0.101748
v 0.038433 1.679635 0.100651
v 0.045000 1.679635 0.100273
v 0.051567 1.679635 0.100651
v 0.057491 1.679635 0.101748
v 0.062192 1.679635 0.103458
v 0.065210 1.679635 0.105612
v 0.064053 1.676500 0.108000
v 0.063120 1.676500 0.110141
v 0.060414 1.676500 0.112072
v 0.056199 1.676500 0.113605
v 0.050888 1.676500 0.114589
v 0.045000 1.676500 0.114928
v 0.039112 1.676500 0.114589
v 0.033801 1.676500 0.113605
v 0.029586 1.676500 0.112072
v 0.026880 1.676500 0.110141
v 0.025947 1.676500 0.108000
v 0.026880 1.676500 0.105859
v 0.029586 1.676500 0.103928
v 0.033801 1.676500 0.102395
v 0.039112 1.676500 0.101411
v 0.045000 1.676500 0.101072
v 0.050888 1.676500 0.101411
v 0.056199 1.676500 0.102395
v 0.060414 1.676500 0.103928
v 0.063120 1.676500 0.105859
v 0.060556 1.673808 0.108000
v 0.059795 1.673808 0.109748
v 0.057585 1.673808 0.111325
v 0.054144 1.673808 0.112576
v 0.049807 1.673808 0.113380
v 0.045000 1.673808 0.113657
v 0.040193 1.673808 0.113380
v 0.035856 1.673808 0.112576
v 0.032415 1.673808 0.111325
v 0.030205 1.673808 0.109748
v 0.029444 1.673808 0.108000
v 0.030205 1.673808 0.106252
v 0.032415 1.673808 0.104675
v 0.035856 1.673808 0.103424
v 0.040193 1.673808 0.102620
v 0.045000 1.673808 0.102343
v 0.049807 1.673808 0.102620
v 0.054144 1.673808 0.103424
v 0.057585 1.673808 0.104675
v 0.059795 1.673808 0.106252
v 0.056000 1.671742 0.108000
v 0.055462 1.671742 0.109236
v 0.053899 1.671742 0.110351
v 0.051466 1.671742 0.111236
v 0.048399 1.671742 0.111804
v 0.045000 1.671742 0.112000
v 0.041601 1.671742 0.111804
v 0.038534 1.671742 0.111236
v 0.036101 1.671742 0.110351
v 0.034538 1.671742 0.109236
v 0.034000 1.671742 0.108000
v 0.034538 1.671742 0.106764
v 0.036101 1.671742 0.105649
v 0.038534 1.671742 0.104764
v 0.041601 1.671742 0.104196
v 0.045000 1.671742 0.104000
v 0.048399 1.671742 0.104196
v 0.051466 1.671742 0.104764
v 0.053899 1.671742 0.105649
v 0.055462 1.671742 0.106764
v 0.050694 1.670443 0.108000
v 0.050415 1.670443 0.108640
v 0.049607 1.670443 0.109217
v 0.048347 1.670443 0.109675
v 0.046760 1.670443 0.109969
v 0.045000 1.670443 0.110071
v 0.043240 1.670443 0.109969
v 0.041653 1.670443 0.109675
v 0.040393 1.670443 0.109217
v 0.039585 1.670443 0.108640
v 0.039306 1.670443 0.108000
v 0.039585 1.670443 0.107360
v 0.040393 1.670443 0.106783
v 0.041653 1.670443 0.106325
v 0.043240 1.670443 0.106031
v 0.045000 1.670443 0.105929
v 0.046760 1.670443 0.106031
v 0.048347 1.670443 0.106325
v 0.049607 1.670443 0.106783
v 0.050415 1.670443 0.107360
v 0.045000 1.670000 0.108000
v 0.000000 1.858000 -0.002000
v 0.019867 1.857101 -0.002000
v 0.019485 1.857101 0.001418
v 0.018355 1.857101 0.004705
v 0.016519 1.857101 0.007734
v 0.014048 1.857101 0.010389
v 0.011038 1.857101 0.012568
v 0.007603 1.857101 0.014187
v 0.003876 1.857101 0.015184
v 0.000000 1.857101 0.015521
v -0.003876 1.857101 0.015184
v -0.007603 1.857101 0.014187
v -0.011038 1.857101 0.012568
v -0.014048 1.857101 0.010389
v -0.016519 1.857101 0.007734
v -0.018355 1.857101 0.004705
v -0.019485 1.857101 0.001418
v -0.019867 1.857101 -0.002000
v -0.019485 1.857101 -0.005418
v -0.018355 1.857101 -0.008705
v -0.016519 1.857101 -0.011734
v -0.014048 1.857101 -0.014389
v -0.011038 1.857101 -0.016568
v -0.007603 1.857101 -0.018187
v -0.003876 1.857101 -0.019184
v -0.000000 1.857101 -0.019521
v 0.003876 1.857101 -0.019184
v 0.007603 1.857101 -0.018187
v 0.011038 1.857101 -0.016568
v 0.014048 1.857101 -0.014389
v 0.016519 1.857101 -0.011734
v 0.018355 1.857101 -0.008705
v 0.019485 1.857101 -0.005418
v 0.039245 1.854427 -0.002000
v 0.038491 1.854427 0.004752
v 0.036258 1.854427 0.011245
v 0.032631 1.854427 0.017228
v 0.027751 1.854427 0.022473
v 0.021803 1.854427 0.026777
v 0.015018 1.854427 0.029975
v 0.007656 1.854427 0.031945
v 0.000000 1.854427 0.032610
v -0.007656 1.854427 0.031945
v -0.015018 1.854427 0.029975
v -0.021803 1.854427 0.026777
v -0.027751 1.854427 0.022473
v -0.032631 1.854427 0.017228
v -0.036258 1.854427 0.011245
v -0.038491 1.854427 0.004752
v -0.039245 1.854427 -0.002000
v -0.038491 1.854427 -0.008752
v -0.036258 1.854427 -0.015245
v -0.032631 1.854427 -0.021228
v -0.027751 1.854427 -0.026473
v -0.021803 1.854427 -0.030777
v -0.015018 1.854427 -0.033975
v -0.007656 1.854427 -0.035945
v -0.000000 1.854427 -0.036610
v 0.007656 1.854427 -0.035945
v 0.015018 1.854427 -0.033975
v 0.021803 1.854427 -0.030777
v 0.027751 1.854427 -0.026473
v 0.032631 1.854427 -0.021228
v 0.036258 1.854427 -0.015245
v 0.038491 1.854427 -0.008752
v 0.057657 1.850043 -0.002000
v 0.056549 1.850043 0.007920
v 0.053268 1.850043 0.017458
v 0.047940 1.850043 0.026249
v 0.040770 1.850043 0.033954
v 0.032032 1.850043 0.040278
v 0.022064 1.850043 0.044976
v 0.011248 1.850043 0.047870
v 0.000000 1.850043 0.048847
v -0.011248 1.850043 0.047870
v -0.022064 1.850043 0.044976
v -0.032032 1.850043 0.040278
v -0.040770 1.850043 0.033954
v -0.047940 1.850043 0.026249
v -0.053268 1.850043 0.017458
v -0.056549 1.850043 0.007920
v -0.057657 1.850043 -0.002000
v -0.056549 1.850043 -0.011920
v -0.053268 1.850043 -0.021458
v -0.047940 1.850043 -0.030249
v -0.040770 1.850043 -0.037954
v -0.032032 1.850043 -0.044278
v -0.022064 1.850043 -0.048976
v -0.011248 1.850043 -0.051870
v -0.000000 1.850043 -0.052847
v 0.011248 1.850043 -0.051870
v 0.022064 1.850043 -0.048976
v 0.032032 1.850043 -0.044278
v 0.040770 1.850043 -0.037954
v 0.047940 1.850043 -0.030249
v 0.053268 1.850043 -0.021458
v 0.056549 1.850043 -0.011920
v 0.074649 1.844058 -0.002000
v 0.073214 1.844058 0.010843
v 0.068966 1.844058 0.023193
v 0.062068 1.844058 0.034574
v 0.052785 1.844058 0.044550
v 0.041473 1.844058 0.052737
v 0.028567 1.844058 0.058821
v 0.014563 1.844058 0.062567
v 0.000000 1.844058 0.063832
v -0.014563 1.844058 0.062567
v -0.028567 1.844058 0.058821
v -0.041473 1.844058 0.052737
v -0.052785 1.844058 0.044550
v -0.062068 1.844058 0.034574
v -0.068966 1.844058 0.023193
v -0.073214 1.844058 0.010843
v -0.074649 1.844058 -0.002000
v -0.073214 1.844058 -0.014843
v -0.068966 1.844058 -0.027193
v -0.062068 1.844058 -0.038574
v -0.052785 1.844058 -0.048550
v -0.041473 1.844058 -0.056737
v -0.028567 1.844058 -0.062821
v -0.014563 1.844058 -0.066567
v -0.000000 1.844058 -0.067832
v 0.014563 1.844058 -0.066567
v 0.028567 1.844058 -0.062821
v 0.041473 1.844058 -0.056737
v 0.052785 1.844058 -0.048550
v 0.062068 1.844058 -0.038574
v 0.068966 1.844058 -0.027193
v 0.073214 1.844058 -0.014843
v 0.089803 1.836619 -0.002000
v 0.088077 1.836619 0.013450
v 0.082967 1.836619 0.028307
v 0.074668 1.836619 0.041999
v 0.063500 1.836619 0.054000
v 0.049892 1.836619 0.063849
v 0.034366 1.836619 0.071168
v 0.017520 1.836619 0.075674
v 0.000000 1.836619 0.077196
v -0.017520 1.836619 0.075674
v -0.034366 1.836619 0.071168
v -0.049892 1.836619 0.063849
v -0.063500 1.836619 0.054000
v -0.074668 1.836619 0.041999
v -0.082967 1.836619 0.028307
v -0.088077 1.836619 0.013450
v -0.089803 1.836619 -0.002000
v -0.088077 1.836619 -0.017450
v -0.082967 1.836619 -0.032307
v -0.074668 1.836619 -0.045999
v -0.063500 1.836619 -0.058000
v -0.049892 1.836619 -0.067849
v -0.034366 1.836619 -0.075168
v -0.017520 1.836619 -0.079674
v -0.000000 1.836619 -0.081196
v 0.017520 1.836619 -0.079674
v 0.034366 1.836619 -0.075168
v 0.049892 1.836619 -0.067849
v 0.063500 1.836619 -0.058000
v 0.074668 1.836619 -0.045999
v 0.082967 1.836619 -0.032307
v 0.088077 1.836619 -0.017450
v 0.102745 1.827908 -0.002000
v 0.100771 1.827908 0.015677
v 0.094924 1.827908 0.032675
v 0.085429 1.827908 0.048340
v 0.072652 1.827908 0.062071
v 0.057082 1.827908 0.073339
v 0.039319 1.827908 0.081713
v 0.020045 1.827908 0.086869
v 0.000000 1.827908 0.088610
v -0.020045 1.827908 0.086869
v -0.039319 1.827908 0.081713
v -0.057082 1.827908 0.073339
v -0.072652 1.827908 0.062071
v -0.085429 1.827908 0.048340
v -0.094924 1.827908 0.032675
v -0.100771 1.827908 0.015677
v -0.102745 1.827908 -0.002000
v -0.100771 1.827908 -0.019677
v -0.094924 1.827908 -0.036675
v -0.085429 1.827908 -0.052340
v -0.072652 1.827908 -0.066071
v -0.057082 1.827908 -0.077339
v -0.039319 1.827908 -0.085713
v -0.020045 1.827908 -0.090869
v -0.000000 1.827908 -0.092610
v 0.020045 1.827908 -0.090869
v 0.039319 1.827908 -0.085713
v 0.057082 1.827908 -0.077339
v 0.072652 1.827908 -0.066071
v 0.085429 1.827908 -0.052340
v 0.094924 1.827908 -0.036675
v 0.100771 1.827908 -0.019677
v 0.113158 1.818141 -0.002000
v 0.110984 1.818141 0.017469
v 0.104544 1.818141 0.036189
v 0.094087 1.818141 0.053442
v 0.080015 1.818141 0.068564
v 0.062867 1.818141 0.080975
v 0.043304 1.818141 0.090196
v 0.022076 1.818141 0.095875
v 0.000000 1.818141 0.097793
v -0.022076 1.818141 0.095875
v -0.043304 1.818141 0.090196
v -0.062867 1.818141 0.080975
v -0.080015 1.818141 0.068564
v -0.094087 1.818141 0.053442
v -0.104544 1.818141 0.036189
v -0.110984 1.818141 0.017469
v -0.113158 1.818141 -0.002000
v -0.110984 1.818141 -0.021469
v -0.104544 1.818141 -0.040189
v -0.094087 1.818141 -0.057442
v -0.080015 1.818141 -0.072564
v -0.062867 1.818141 -0.084975
v -0.043304 1.818141 -0.094196
v -0.022076 1.818141 -0.099875
v -0.000000 1.818141 -0.101793
v 0.022076 1.818141 -0.099875
v 0.043304 1.818141 -0.094196
v 0.062867 1.818141 -0.084975
v 0.080015 1.818141 -0.072564
v 0.094087 1.818141 -0.057442
v 0.104544 1.818141 -0.040189
v 0.110984 1.818141 -0.021469
v 0.120784 1.807558 -0.002000
v 0.118463 1.807558 0.018781
v 0.111590 1.807558 0.038763
v 0.100428 1.807558 0.057178
v 0.085407 1.807558 0.073320
v 0.067104 1.807558 0.086567
v 0.046222 1.807558 0.096410
v 0.023564 1.807558 0.102472
v 0.000000 1.807558 0.104518
v -0.023564 1.807558 0.102472
v -0.046222 1.807558 0.096410
v -0.067104 1.807558 0.086567
v -0.085407 1.807558 0.073320
v -0.100428 1.807558 0.057178
v -0.111590 1.807558 0.038763
v -0.118463 1.807558 0.018781
v -0.120784 1.807558 -0.002000
v -0.118463 1.807558 -0.022781
v -0.111590 1.807558 -0.042763
v -0.100428 1.807558 -0.061178
v -0.085407 1.807558 -0.077320
v -0.067104 1.807558 -0.090567
v -0.046222 1.807558 -0.100410
v -0.023564 1.807558 -0.106472
v -0.000000 1.807558 -0.108518
v 0.023564 1.807558 -0.106472
v 0.046222 1.807558 -0.100410
v 0.067104 1.807558 -0.090567
v 0.085407 1.807558 -0.077320
v 0.100428 1.807558 -0.061178
v 0.111590 1.807558 -0.042763
v 0.118463 1.807558 -0.022781
v 0.125436 1.796420 -0.002000
v 0.123026 1.796420 0.019581
v 0.115888 1.796420 0.040333
v 0.104297 1.796420 0.059458
v 0.088697 1.796420 0.076221
v 0.069689 1.796420 0.089978
v 0.048002 1.796420 0.100201
v 0.024471 1.796420 0.106496
v 0.000000 1.796420 0.108621
v -0.024471 1.796420 0.106496
v -0.048002 1.796420 0.100201
v -0.069689 1.796420 0.089978
v -0.088697 1.796420 0.076221
v -0.104297 1.796420 0.059458
v -0.115888 1.796420 0.040333
v -0.123026 1.796420 0.019581
v -0.125436 1.796420 -0.002000
v -0.123026 1.796420 -0.023581
v -0.115888 1.796420 -0.044333
v -0.104297 1.796420 -0.063458
v -0.088697 1.796420 -0.080221
v -0.069689 1.796420 -0.093978
v -0.048002 1.796420 -0.104201
v -0.024471 1.796420 -0.110496
v -0.000000 1.796420 -0.112621
v 0.024471 1.796420 -0.110496
v 0.048002 1.796420 -0.104201
v 0.069689 1.796420 -0.093978
v 0.088697 1.796420 -0.080221
v 0.104297 1.796420 -0.063458
v 0.115888 1.796420 -0.044333
v 0.123026 1.796420 -0.023581
v 0.127000 1.785000 -0.002000
v 0.124560 1.785000 0.019850
v 0.117333 1.785000 0.040861
v 0.105597 1.785000 0.060224
v 0.089803 1.785000 0.077196
v 0.070557 1.785000 0.091125
v 0.048601 1.785000 0.101475
v 0.024776 1.785000 0.107848
v 0.000000 1.785000 0.110000
v -0.024776 1.785000 0.107848
v -0.048601 1.785000 0.101475
v -0.070557 1.785000 0.091125
v -0.089803 1.785000 0.077196
v -0.105597 1.785000 0.060224
v -0.117333 1.785000 0.040861
v -0.124560 1.785000 0.019850
v -0.127000 1.785000 -0.002000
v -0.124560 1.785000 -0.023850
v -0.117333 1.785000 -0.044861
v -0.105597 1.785000 -0.064224
v -0.089803 1.785000 -0.081196
v -0.070557 1.785000 -0.095125
v -0.048601 1.785000 -0.105475
v -0.024776 1.785000 -0.111848
v -0.000000 1.785000 -0.114000
v 0.024776 1.785000 -0.111848
v 0.048601 1.785000 -0.105475
v 0.070557 1.785000 -0.095125
v 0.089803 1.785000 -0.081196
v 0.105597 1.785000 -0.064224
v 0.117333 1.785000 -0.044861
v 0.124560 1.785000 -0.023850
v 0.125436 1.773580 -0.002000
v 0.123026 1.773580 0.019581
v 0.115888 1.773580 0.040333
v 0.104297 1.773580 0.059458
v 0.088697 1.773580 0.076221
v 0.069689 1.773580 0.089978
v 0.048002 1.773580 0.100201
v 0.024471 1.773580 0.106496
v 0.000000 1.773580 0.108621
v -0.024471 1.773580 0.106496
v -0.048002 1.773580 0.100201
v -0.069689 1.773580 0.089978
v -0.088697 1.773580 0.076221
v -0.104297 1.773580 0.059458
v -0.115888 1.773580 0.040333
v -0.123026 1.773580 0.019581
v -0.125436 1.773580 -0.002000
v -0.123026 1.773580 -0.023581
v -0.115888 1.773580 -0.044333
v -0.104297 1.773580 -0.063458
v -0.088697 1.773580 -0.080221
v -0.069689 1.773580 -0.093978
v -0.048002 1.773580 -0.104201
v -0.024471 1.773580 -0.110496
v -0.000000 1.773580 -0.112621
v 0.024471 1.773580 -0.110496
v 0.048002 1.773580 -0.104201
v 0.069689 1.773580 -0.093978
v 0.088697 1.773580 -0.080221
v 0.104297 1.773580 -0.063458
v 0.115888 1.773580 -0.044333
v 0.123026 1.773580 -0.023581
v 0.120784 1.762442 -0.002000
v 0.118463 1.762442 0.018781
v 0.111590 1.762442 0.038763
v 0.100428 1.762442 0.057178
v 0.085407 1.762442 0.073320
v 0.067104 1.762442 0.086567
v 0.046222 1.762442 0.096410
v 0.023564 1.762442 0.102472
v 0.000000 1.762442 0.104518
v -0.023564 1.762442 0.102472
v -0.046222 1.762442 0.096410
v -0.067104 1.762442 0.086567
v -0.085407 1.762442 0.073320
v -0.100428 1.762442 0.057178
v -0.111590 1.762442 0.038763
v -0.118463 1.762442 0.018781
v -0.120784 1.762442 -0.002000
v -0.118463 1.762442 -0.022781
v -0.111590 1.762442 -0.042763
v -0.100428 1.762442 -0.061178
v -0.085407 1.762442 -0.077320
v -0.067104 1.762442 -0.090567
v -0.046222 1.762442 -0.100410
v -0.023564 1.762442 -0.106472
v -0.000000 1.762442 -0.108518
v 0.023564 1.762442 -0.106472
v 0.046222 1.762442 -0.100410
v 0.067104 1.762442 -0.090567
v 0.085407 1.762442 -0.077320
v 0.100428 1.762442 -0.061178
v 0.111590 1.762442 -0.042763
v 0.118463 1.762442 -0.022781
v 0.113158 1.751859 -0.002000
v 0.110984 1.751859 0.017469
v 0.104544 1.751859 0.036189
v 0.094087 1.751859 0.053442
v 0.080015 1.751859 0.068564
v 0.062867 1.751859 0.080975
v 0.043304 1.751859 0.090196
v 0.022076 1.751859 0.095875
v 0.000000 1.751859 0.097793
v -0.022076 1.751859 0.095875
v -0.043304 1.751859 0.090196
v -0.062867 1.751859 0.080975
v -0.080015 1.751859 0.068564
v -0.094087 1.751859 0.053442
v -0.104544 1.751859 0.036189
v -0.110984 1.751859 0.017469
v -0.113158 1.751859 -0.002000
v -0.110984 1.751859 -0.021469
v -0.104544 1.751859 -0.040189
v -0.094087 1.751859 -0.057442
v -0.080015 1.751859 -0.072564
v -0.062867 1.751859 -0.084975
v -0.043304 1.751859 -0.094196
v -0.022076 1.751859 -0.099875
v -0.000000 1.751859 -0.101793
v 0.022076 1.751859 -0.099875
v 0.043304 1.751859 -0.094196
v 0.062867 1.751859 -0.084975
v 0.080015 1.751859 -0.072564
v 0.094087 1.751859 -0.057442
v 0.104544 1.751859 -0.040189
v 0.110984 1.751859 -0.021469
v 0.102745 1.742092 -0.002000
v 0.100771 1.742092 0.015677
v 0.094924 1.742092 0.032675
v 0.085429 1.742092 0.048340
v 0.072652 1.742092 0.062071
v 0.057082 1.742092 0.073339
v 0.039319 1.742092 0.081713
v 0.020045 1.742092 0.086869
v 0.000000 1.742092 0.088610
v -0.020045 1.742092 0.086869
v -0.039319 1.742092 0.081713
v -0.057082 1.742092 0.073339
v -0.072652 1.742092 0.062071
v -0.085429 1.742092 0.048340
v -0.094924 1.742092 0.032675
v -0.100771 1.742092 0.015677
v -0.102745 1.742092 -0.002000
v -0.100771 1.742092 -0.019677
v -0.094924 1.742092 -0.036675
v -0.085429 1.742092 -0.052340
v -0.072652 1.742092 -0.066071
v -0.057082 1.742092 -0.077339
v -0.039319 1.742092 -0.085713
v -0.020045 1.742092 -0.090869
v -0.000000 1.742092 -0.092610
v 0.020045 1.742092 -0.090869
v 0.039319 1.742092 -0.085713
v 0.057082 1.742092 -0.077339
v 0.072652 1.742092 -0.066071
v 0.085429 1.742092 -0.052340
v 0.094924 1.742092 -0.036675
v 0.100771 1.742092 -0.019677
v 0.089803 1.733381 -0.002000
v 0.088077 1.733381 0.013450
v 0.082967 1.733381 0.028307
v 0.074668 1.733381 0.041999
v 0.063500 1.733381 0.054000
v 0.049892 1.733381 0.063849
v 0.034366 1.733381 0.071168
v 0.017520 1.733381 0.075674
v 0.000000 1.733381 0.077196
v -0.017520 1.733381 0.075674
v -0.034366 1.733381 0.071168
v -0.049892 1.733381 0.063849
v -0.063500 1.733381 0.054000
v -0.074668 1.733381 0.041999
v -0.082967 1.733381 0.028307
v -0.088077 1.733381 0.013450
v -0.089803 1.733381 -0.002000
v -0.088077 1.733381 -0.017450
v -0.082967 1.733381 -0.032307
v -0.074668 1.733381 -0.045999
v -0.063500 1.733381 -0.058000
v -0.049892 1.733381 -0.067849
v -0.034366 1.733381 -0.075168
v -0.017520 1.733381 -0.079674
v -0.000000 1.733381 -0.081196
v 0.017520 1.733381 -0.079674
v 0.034366 1.733381 -0.075168
v 0.049892 1.733381 -0.067849
v 0.063500 1.733381 -0.058000
v 0.074668 1.733381 -0.045999
v 0.082967 1.733381 -0.032307
v 0.088077 1.733381 -0.017450
v 0.074649 1.725942 -0.002000
v 0.073214 1.725942 0.010843
v 0.068966 1.725942 0.023193
v 0.062068 1.725942 0.034574
v 0.052785 1.725942 0.044550
v 0.041473 1.725942 0.052737
v 0.028567 1.725942 0.058821
v 0.014563 1.725942 0.062567
v 0.000000 1.725942 0.063832
v -0.014563 1.725942 0.062567
v -0.028567 1.725942 0.058821
v -0.041473 1.725942 0.052737
v -0.052785 1.725942 0.044550
v -0.062068 1.725942 0.034574
v -0.068966 1.725942 0.023193
v -0.073214 1.725942 0.010843
v -0.074649 1.725942 -0.002000
v -0.073214 1.725942 -0.014843
v -0.068966 1.725942 -0.027193
v -0.062068 1.725942 -0.038574
v -0.052785 1.725942 -0.048550
v -0.041473 1.725942 -0.056737
v -0.028567 1.725942 -0.062821
v -0.014563 1.725942 -0.066567
v -0.000000 1.725942 -0.067832
v 0.014563 1.725942 -0.066567
v 0.028567 1.725942 -0.062821
v 0.041473 1.725942 -0.056737
v 0.052785 1.725942 -0.048550
v 0.062068 1.725942 -0.038574
v 0.068966 1.725942 -0.027193
v 0.073214 1.725942 -0.014843
v 0.057657 1.719957 -0.002000
v 0.056549 1.719957 0.007920
v 0.053268 1.719957 0.017458
v 0.047940 1.719957 0.026249
v 0.040770 1.719957 0.033954
v 0.032032 1.719957 0.040278
v 0.022064 1.719957 0.044976
v 0.011248 1.719957 0.047870
v 0.000000 1.719957 0.048847
v -0.011248 1.719957 0.047870
v -0.022064 1.719957 0.044976
v -0.032032 1.719957 0.040278
v -0.040770 1.719957 0.033954
v -0.047940 1.719957 0.026249
v -0.053268 1.719957 0.017458
v -0.056549 1.719957 0.007920
v -0.057657 1.719957 -0.002000
v -0.056549 1.719957 -0.011920
v -0.053268 1.719957 -0.021458
v -0.047940 1.719957 -0.030249
v -0.040770 1.719957 -0.037954
v -0.032032 1.719957 -0.044278
v -0.022064 1.719957 -0.048976
v -0.011248 1.719957 -0.051870
v -0.000000 1.719957 -0.052847
v 0.011248 1.719957 -0.051870
v 0.022064 1.719957 -0.048976
v 0.032032 1.719957 -0.044278
v 0.040770 1.719957 -0.037954
v 0.047940 1.719957 -0.030249
v 0.053268 1.719957 -0.021458
v 0.056549 1.719957 -0.011920
v 0.039245 1.715573 -0.002000
v 0.038491 1.715573 0.004752
v 0.036258 1.715573 0.011245
v 0.032631 1.715573 0.017228
v 0.027751 1.715573 0.022473
v 0.021803 1.715573 0.026777
v 0.015018 1.715573 0.029975
v 0.007656 1.715573 0.031945
v 0.000000 1.715573 0.032610
v -0.007656 1.715573 0.031945
v -0.015018 1.715573 0.029975
v -0.021803 1.715573 0.026777
v -0.027751 1.715573 0.022473
v -0.032631 1.715573 0.017228
v -0.036258 1.715573 0.011245
v -0.038491 1.715573 0.004752
v -0.039245 1.715573 -0.002000
v -0.038491 1.715573 -0.008752
v -0.036258 1.715573 -0.015245
v -0.032631 1.715573 -0.021228
v -0.027751 1.715573 -0.026473
v -0.021803 1.715573 -0.030777
v -0.015018 1.715573 -0.033975
v -0.007656 1.715573 -0.035945
v -0.000000 1.715573 -0.036610
v 0.007656 1.715573 -0.035945
v 0.015018 1.715573 -0.033975
v 0.021803 1.715573 -0.030777
v 0.027751 1.715573 -0.026473
v 0.032631 1.715573 -0.021228
v 0.036258 1.715573 -0.015245
v 0.038491 1.715573 -0.008752
v 0.019867 1.712899 -0.002000
v 0.019485 1.712899 0.001418
v 0.018355 1.712899 0.004705
v 0.016519 1.712899 0.007734
v 0.014048 1.712899 0.010389
v 0.011038 1.712899 0.012568
v 0.007603 1.712899 0.014187
v 0.003876 1.712899 0.015184
v 0.000000 1.712899 0.015521
v -0.003876 1.712899 0.015184
v -0.007603 1.712899 0.014187
v -0.011038 1.712899 0.012568
v -0.014048 1.712899 0.010389
v -0.016519 1.712899 0.007734
v -0.018355 1.712899 0.004705
v -0.019485 1.712899 0.001418
v -0.019867 1.712899 -0.002000
v -0.019485 1.712899 -0.005418
v -0.018355 1.712899 -0.008705
v -0.016519 1.712899 -0.011734
v -0.014048 1.712899 -0.014389
v -0.011038 1.712899 -0.016568
v -0.007603 1.712899 -0.018187
v -0.003876 1.712899 -0.019184
v -0.000000 1.712899 -0.019521
v 0.003876 1.712899 -0.019184
v 0.007603 1.712899 -0.018187
v 0.011038 1.712899 -0.016568
v 0.014048 1.712899 -0.014389
v 0.016519 1.712899 -0.011734
v 0.018355 1.712899 -0.008705
v 0.019485 1.712899 -0.005418
v 0.000000 1.712000 -0.002000
v -0.062031 1.815779 -0.019400
v -0.064541 1.826056 -0.013442
v -0.071687 1.834194 -0.007264
v -0.082383 1.838953 -0.001807
v -0.095000 1.839609 0.002098
v -0.107617 1.836061 0.003857
v -0.118313 1.828850 0.003201
v -0.125459 1.819074 0.000232
v -0.127969 1.808221 -0.004600
v -0.125459 1.797944 -0.010558
v -0.118313 1.789806 -0.016736
v -0.107617 1.785047 -0.022193
v -0.095000 1.784391 -0.026098
v -0.082383 1.787939 -0.027857
v -0.071687 1.795150 -0.027201
v -0.064541 1.804926 -0.024232
v -0.051839 1.792889 0.028259
v -0.054112 1.800881 0.034838
v -0.060585 1.806912 0.041442
v -0.070273 1.810064 0.047066
v -0.081700 1.809857 0.050852
v -0.093127 1.806322 0.052225
v -0.102815 1.799998 0.050976
v -0.109288 1.791847 0.047294
v -0.111561 1.783111 0.041741
v -0.109288 1.775119 0.035162
v -0.102815 1.769088 0.028558
v -0.093127 1.765936 0.022934
v -0.081700 1.766143 0.019148
v -0.070273 1.769678 0.017775
v -0.060585 1.776002 0.019024
v -0.054112 1.784153 0.022706
v -0.042617 1.752025 0.076694
v -0.044218 1.754439 0.084375
v -0.048777 1.755568 0.091238
v -0.055601 1.755240 0.096237
v -0.063650 1.753506 0.098613
v -0.071699 1.750629 0.098002
v -0.078523 1.747048 0.094499
v -0.083082 1.743306 0.088636
v -0.084683 1.739975 0.081306
v -0.083082 1.737561 0.073625
v -0.078523 1.736432 0.066762
v -0.071699 1.736760 0.061763
v -0.063650 1.738494 0.059387
v -0.055601 1.741371 0.059998
v -0.048777 1.744952 0.063501
v -0.044218 1.748694 0.069364
v -0.048247 1.708352 0.066451
v -0.048768 1.707039 0.070047
v -0.050254 1.705720 0.073027
v -0.052477 1.704596 0.074937
v -0.055100 1.703838 0.075487
v -0.057723 1.703561 0.074592
v -0.059946 1.703808 0.072389
v -0.061432 1.704541 0.069214
v -0.061953 1.705648 0.065549
v -0.061432 1.706961 0.061953
v -0.059946 1.708280 0.058973
v -0.057723 1.709404 0.057063
v -0.055100 1.710162 0.056513
v -0.052477 1.710439 0.057408
v -0.050254 1.710192 0.059611
v -0.048768 1.709459 0.062786
v -0.095000 1.812000 -0.012000
v -0.055100 1.707000 0.066000
v -0.030480 1.814588 -0.023864
v -0.033031 1.824957 -0.018083
v -0.040298 1.833352 -0.012410
v -0.051172 1.838498 -0.007710
v -0.064000 1.839609 -0.004697
v -0.076828 1.836517 -0.003830
v -0.087702 1.829692 -0.005242
v -0.094969 1.820174 -0.008717
v -0.097520 1.809412 -0.013726
v -0.094969 1.799043 -0.019507
v -0.087702 1.790648 -0.025180
v -0.076828 1.785502 -0.029880
v -0.064000 1.784391 -0.032893
v -0.051172 1.787483 -0.033760
v -0.040298 1.794308 -0.032348
v -0.033031 1.803826 -0.028873
v -0.024573 1.791361 0.023571
v -0.026892 1.799469 0.029990
v -0.033497 1.805831 0.036138
v -0.043381 1.809479 0.041077
v -0.055040 1.809857 0.044057
v -0.066699 1.806907 0.044624
v -0.076583 1.801079 0.042691
v -0.083188 1.793259 0.038552
v -0.085507 1.784639 0.032839
v -0.083188 1.776531 0.026420
v -0.076583 1.770169 0.020272
v -0.066699 1.766521 0.015333
v -0.055040 1.766143 0.012353
v -0.043381 1.769093 0.011786
v -0.033497 1.774921 0.013720
v -0.026892 1.782741 0.017858
v -0.021335 1.750158 0.070614
v -0.022975 1.752714 0.078240
v -0.027645 1.754247 0.084948
v -0.034635 1.754526 0.089716
v -0.042880 1.753506 0.091818
v -0.051125 1.751344 0.090934
v -0.058115 1.748368 0.087198
v -0.062785 1.745031 0.081181
v -0.064425 1.741842 0.073796
v -0.062785 1.739286 0.066170
v -0.058115 1.737753 0.059462
v -0.051125 1.737474 0.054694
v -0.042880 1.738494 0.052592
v -0.034635 1.740656 0.053476
v -0.027645 1.743632 0.057212
v -0.022975 1.746969 0.063230
v -0.030188 1.707921 0.059512
v -0.030715 1.706641 0.063119
v -0.032218 1.705416 0.066130
v -0.034467 1.704431 0.068087
v -0.037120 1.703838 0.068692
v -0.039773 1.703726 0.067852
v -0.042022 1.704112 0.065696
v -0.043525 1.704939 0.062552
v -0.044052 1.706079 0.058898
v -0.043525 1.707359 0.055291
v -0.042022 1.708584 0.052280
v -0.039773 1.709569 0.050323
v -0.037120 1.710162 0.049718
v -0.034467 1.710274 0.050558
v -0.032218 1.709888 0.052714
v -0.030715 1.709061 0.055858
v -0.064000 1.812000 -0.018795
v -0.037120 1.707000 0.059205
v 0.000870 1.813348 -0.026226
v -0.001708 1.823811 -0.020630
v -0.009050 1.832476 -0.015484
v -0.020038 1.838023 -0.011571
v -0.033000 1.839609 -0.009488
v -0.045962 1.836991 -0.009550
v -0.056950 1.830569 -0.011750
v -0.064292 1.821320 -0.015751
v -0.066870 1.810652 -0.020945
v -0.064292 1.800189 -0.026541
v -0.056950 1.791524 -0.031687
v -0.045962 1.785977 -0.035600
v -0.033000 1.784391 -0.037684
v -0.020038 1.787009 -0.037621
v -0.009050 1.793431 -0.035422
v -0.001708 1.802680 -0.031421
v 0.002476 1.789755 0.020995
v 0.000127 1.797986 0.027245
v -0.006562 1.804696 0.032912
v -0.016572 1.808864 0.037134
v -0.028380 1.809857 0.039266
v -0.040188 1.807521 0.038986
v -0.050198 1.802214 0.036334
v -0.056887 1.794743 0.031716
v -0.059236 1.786245 0.025834
v -0.056887 1.778014 0.019583
v -0.050198 1.771304 0.013916
v -0.040188 1.767136 0.009695
v -0.028380 1.766143 0.007562
v -0.016572 1.768479 0.007843
v -0.006562 1.773786 0.010494
v 0.000127 1.781257 0.015112
v -0.000234 1.748177 0.066581
v -0.001899 1.750883 0.074150
v -0.006641 1.752847 0.080694
v -0.013738 1.753768 0.085215
v -0.022110 1.753506 0.087027
v -0.030482 1.752102 0.085853
v -0.037579 1.749768 0.081872
v -0.042321 1.746861 0.075689
v -0.043986 1.743823 0.068247
v -0.042321 1.741117 0.060678
v -0.037579 1.739153 0.054135
v -0.030482 1.738232 0.049613
v -0.022110 1.738494 0.047802
v -0.013738 1.739898 0.048976
v -0.006641 1.742232 0.052957
v -0.001899 1.745139 0.059139
v -0.012158 1.707479 0.054574
v -0.012690 1.706232 0.058192
v -0.014203 1.705102 0.061235
v -0.016468 1.704262 0.063240
v -0.019140 1.703838 0.063901
v -0.021812 1.703895 0.063118
v -0.024077 1.704426 0.061010
v -0.025590 1.705348 0.057897
v -0.026122 1.706521 0.054255
v -0.025590 1.707768 0.050636
v -0.024077 1.708898 0.047593
v -0.021812 1.709738 0.045589
v -0.019140 1.710162 0.044927
v -0.016468 1.710105 0.045711
v -0.014203 1.709574 0.047819
v -0.012690 1.708652 0.050931
v -0.033000 1.812000 -0.023586
v -0.019140 1.707000 0.054414
v 0.032000 1.812082 -0.025120
v 0.029411 1.822641 -0.019713
v 0.022041 1.831580 -0.015104
v 0.011011 1.837539 -0.011996
v -0.002000 1.839609 -0.010861
v -0.015011 1.837476 -0.011873
v -0.026041 1.831464 -0.014877
v -0.033411 1.822490 -0.019416
v -0.036000 1.811918 -0.024799
v -0.033411 1.801359 -0.030206
v -0.026041 1.792420 -0.034814
v -0.015011 1.786461 -0.037923
v -0.002000 1.784391 -0.039057
v 0.011011 1.786524 -0.038046
v 0.022041 1.792536 -0.035042
v 0.029411 1.801510 -0.030503
v 0.029279 1.788107 0.021893
v 0.026920 1.796463 0.027971
v 0.020200 1.803531 0.033146
v 0.010143 1.808234 0.036630
v -0.001720 1.809857 0.037893
v -0.013583 1.808152 0.036743
v -0.023640 1.803379 0.033354
v -0.030360 1.796265 0.028243
v -0.032719 1.787893 0.022188
v -0.030360 1.779537 0.016111
v -0.023640 1.772469 0.010936
v -0.013583 1.767766 0.007452
v -0.001720 1.766143 0.006189
v 0.010143 1.767848 0.007339
v 0.020200 1.772621 0.010727
v 0.026920 1.779735 0.015838
v 0.020660 1.746133 0.065990
v 0.018985 1.748995 0.073499
v 0.014216 1.751401 0.079873
v 0.007079 1.752986 0.084141
v -0.001340 1.753506 0.085653
v -0.009759 1.752884 0.084180
v -0.016896 1.751214 0.079945
v -0.021665 1.748750 0.073593
v -0.023340 1.745867 0.066092
v -0.021665 1.743005 0.058582
v -0.016896 1.740599 0.052208
v -0.009759 1.739014 0.047940
v -0.001340 1.738494 0.046428
v 0.007079 1.739116 0.047902
v 0.014216 1.740786 0.052137
v 0.018985 1.743250 0.058488
v 0.005840 1.707029 0.053050
v 0.005307 1.705817 0.056680
v 0.003790 1.704784 0.059756
v 0.001519 1.704090 0.061809
v -0.001160 1.703838 0.062528
v -0.003839 1.704067 0.061802
v -0.006110 1.704743 0.059742
v -0.007627 1.705763 0.056662
v -0.008160 1.706971 0.053031
v -0.007627 1.708183 0.049401
v -0.006110 1.709216 0.046326
v -0.003839 1.709910 0.044272
v -0.001160 1.710162 0.043554
v 0.001519 1.709933 0.044280
v 0.003790 1.709257 0.046339
v 0.005307 1.708237 0.049419
v -0.002000 1.812000 -0.024959
v -0.001160 1.707000 0.053041
v 0.062900 1.810814 -0.020188
v 0.060319 1.821470 -0.014969
v 0.052971 1.830684 -0.010899
v 0.041973 1.837053 -0.008597
v 0.029000 1.839609 -0.008412
v 0.016027 1.837961 -0.010374
v 0.005029 1.832361 -0.014184
v -0.002319 1.823661 -0.019261
v -0.004900 1.813186 -0.024833
v -0.002319 1.802530 -0.030051
v 0.005029 1.793316 -0.034122
v 0.016027 1.786947 -0.036424
v 0.029000 1.784391 -0.036609
v 0.041973 1.786039 -0.034647
v 0.052971 1.791639 -0.030837
v 0.060319 1.800339 -0.025760
v 0.055828 1.786456 0.026618
v 0.053477 1.794938 0.032522
v 0.046781 1.802363 0.037204
v 0.036760 1.807602 0.039950
v 0.024940 1.809857 0.040342
v 0.013120 1.808784 0.038320
v 0.003099 1.804547 0.034193
v -0.003597 1.797791 0.028589
v -0.005948 1.789544 0.022361
v -0.003597 1.781062 0.016457
v 0.003099 1.773637 0.011775
v 0.013120 1.768398 0.009030
v 0.024940 1.766143 0.008637
v 0.036760 1.767216 0.010659
v 0.046781 1.771453 0.014786
v 0.053477 1.778209 0.020390
v 0.041334 1.744085 0.069223
v 0.039667 1.747103 0.076672
v 0.034919 1.749953 0.082876
v 0.027812 1.752202 0.086890
v 0.019430 1.753506 0.088102
v 0.011048 1.753668 0.086329
v 0.003941 1.752662 0.081840
v -0.000807 1.750642 0.075318
v -0.002474 1.747915 0.067757
v -0.000807 1.744897 0.060307
v 0.003941 1.742047 0.054103
v 0.011048 1.739798 0.050089
v 0.019430 1.738494 0.048877
v 0.027812 1.738332 0.050650
v 0.034919 1.739338 0.055140
v 0.039667 1.741358 0.061661
v 0.023806 1.706579 0.055349
v 0.023274 1.705401 0.058990
v 0.021760 1.704466 0.062099
v 0.019493 1.703917 0.064201
v 0.016820 1.703838 0.064976
v 0.014147 1.704239 0.064308
v 0.011880 1.705061 0.062297
v 0.010366 1.706179 0.059250
v 0.009834 1.707421 0.055630
v 0.010366 1.708599 0.051989
v 0.011880 1.709534 0.048881
v 0.014147 1.710083 0.046779
v 0.016820 1.710162 0.046003
v 0.019493 1.709761 0.046671
v 0.021760 1.708939 0.048682
v 0.023274 1.707821 0.051730
v 0.029000 1.812000 -0.022510
v 0.016820 1.707000 0.055490
v 0.093577 1.809569 -0.012202
v 0.091021 1.820320 -0.007169
v 0.083743 1.829804 -0.003627
v 0.072849 1.836577 -0.002115
v 0.060000 1.839609 -0.002864
v 0.047151 1.838437 -0.005758
v 0.036257 1.833241 -0.010358
v 0.028979 1.824811 -0.015964
v 0.026423 1.814431 -0.021721
v 0.028979 1.803680 -0.026754
v 0.036257 1.794196 -0.030296
v 0.047151 1.787423 -0.031808
v 0.060000 1.784391 -0.031060
v 0.072849 1.785563 -0.028165
v 0.083743 1.790759 -0.023565
v 0.091021 1.799189 -0.017959
v 0.082130 1.784843 0.034391
v 0.079806 1.793447 0.040126
v 0.073188 1.801223 0.044326
v 0.063283 1.806985 0.046350
v 0.051600 1.809857 0.045890
v 0.039917 1.809401 0.043018
v 0.030012 1.805687 0.038169
v 0.023394 1.799281 0.032083
v 0.021070 1.791157 0.025685
v 0.023394 1.782553 0.019950
v 0.030012 1.774777 0.015751
v 0.039917 1.769015 0.013727
v 0.051600 1.766143 0.014186
v 0.063283 1.766599 0.017059
v 0.073188 1.770313 0.021907
v 0.079806 1.776719 0.027994
v 0.061799 1.742093 0.075534
v 0.060154 1.745263 0.082925
v 0.055472 1.748545 0.088964
v 0.048465 1.751439 0.092730
v 0.040200 1.753506 0.093651
v 0.031935 1.754430 0.091586
v 0.024928 1.754071 0.086849
v 0.020246 1.752482 0.080162
v 0.018601 1.749907 0.072543
v 0.020246 1.746737 0.065151
v 0.024928 1.743455 0.059113
v 0.031935 1.740561 0.055346
v 0.040200 1.738494 0.054426
v 0.048465 1.737570 0.056491
v 0.055472 1.737929 0.061228
v 0.060154 1.739518 0.067915
v 0.041740 1.706135 0.060750
v 0.041212 1.704991 0.064403
v 0.039708 1.704152 0.067543
v 0.037456 1.703747 0.069693
v 0.034800 1.703838 0.070525
v 0.032144 1.704409 0.069913
v 0.029892 1.705375 0.067950
v 0.028388 1.706589 0.064935
v 0.027860 1.707865 0.061327
v 0.028388 1.709009 0.057674
v 0.029892 1.709848 0.054534
v 0.032144 1.710253 0.052384
v 0.034800 1.710162 0.051552
v 0.037456 1.709591 0.052163
v 0.039708 1.708625 0.054126
v 0.041212 1.707411 0.057142
v 0.060000 1.812000 -0.016962
v 0.034800 1.707000 0.061038
v 0.124051 1.808371 -0.002843
v 0.121535 1.819213 0.002011
v 0.114370 1.828957 0.005044
v 0.103648 1.836119 0.005795
v 0.091000 1.839609 0.004149
v 0.078352 1.838896 0.000356
v 0.067630 1.834088 -0.005005
v 0.060465 1.825918 -0.011119
v 0.057949 1.815629 -0.017055
v 0.060465 1.804787 -0.021909
v 0.067630 1.795043 -0.024943
v 0.078352 1.787881 -0.025694
v 0.091000 1.784391 -0.024047
v 0.103648 1.785104 -0.020255
v 0.114370 1.789912 -0.014894
v 0.121535 1.798082 -0.008779
v 0.108210 1.783303 0.043527
v 0.105930 1.792024 0.049101
v 0.099438 1.800133 0.052839
v 0.089721 1.806395 0.054175
v 0.078260 1.809857 0.052903
v 0.066799 1.809990 0.049218
v 0.057082 1.806776 0.043680
v 0.050590 1.800704 0.037133
v 0.048310 1.792697 0.030574
v 0.050590 1.783976 0.025001
v 0.057082 1.775867 0.021262
v 0.066799 1.769605 0.019927
v 0.078260 1.766143 0.021199
v 0.089721 1.766010 0.024884
v 0.099438 1.769224 0.030421
v 0.105930 1.775296 0.036968
v 0.082078 1.740208 0.083267
v 0.080471 1.743522 0.090604
v 0.075896 1.747212 0.096486
v 0.069048 1.750718 0.100019
v 0.060970 1.753506 0.100663
v 0.052892 1.755151 0.098322
v 0.046044 1.755403 0.093352
v 0.041469 1.754223 0.086508
v 0.039862 1.751792 0.078834
v 0.041469 1.748478 0.071497
v 0.046044 1.744788 0.065615
v 0.052892 1.741282 0.062083
v 0.060970 1.738494 0.061438
v 0.069048 1.736849 0.063779
v 0.075896 1.736597 0.068750
v 0.080471 1.737777 0.075593
v 0.059645 1.705702 0.067618
v 0.059123 1.704591 0.071282
v 0.057634 1.703846 0.074453
v 0.055407 1.703582 0.076650
v 0.052780 1.703838 0.077538
v 0.050153 1.704575 0.076981
v 0.047926 1.705681 0.075065
v 0.046437 1.706989 0.072081
v 0.045915 1.708298 0.068483
v 0.046437 1.709409 0.064820
v 0.047926 1.710154 0.061648
v 0.050153 1.710418 0.059452
v 0.052780 1.710162 0.058564
v 0.055407 1.709425 0.059120
v 0.057634 1.708319 0.061037
v 0.059123 1.707011 0.064021
v 0.091000 1.812000 -0.009949
v 0.052780 1.707000 0.068051
v -0.060535 1.780233 0.040400
v -0.062930 1.787713 0.047594
v -0.069751 1.795542 0.052415
v -0.079959 1.802527 0.054127
v -0.092000 1.807605 0.052471
v -0.104041 1.810003 0.047698
v -0.114249 1.809355 0.040536
v -0.121070 1.805761 0.032073
v -0.123465 1.799767 0.023600
v -0.121070 1.792287 0.016406
v -0.114249 1.784458 0.011585
v -0.104041 1.777473 0.009873
v -0.092000 1.772395 0.011529
v -0.079959 1.769997 0.016302
v -0.069751 1.770645 0.023464
v -0.062930 1.774239 0.031927
v -0.091787 1.733880 0.077448
v -0.093858 1.737473 0.085078
v -0.099757 1.741450 0.091175
v -0.108586 1.745207 0.094808
v -0.119000 1.748171 0.095426
v -0.129414 1.749891 0.092935
v -0.138243 1.750105 0.087713
v -0.144142 1.748781 0.080555
v -0.146213 1.746120 0.072552
v -0.144142 1.742527 0.064922
v -0.138243 1.738550 0.058825
v -0.129414 1.734793 0.055192
v -0.119000 1.731829 0.054574
v -0.108586 1.730109 0.057065
v -0.099757 1.729895 0.062287
v -0.093858 1.731219 0.069445
v -0.101144 1.677377 0.078620
v -0.102732 1.675457 0.085238
v -0.107253 1.673468 0.090754
v -0.114019 1.671712 0.094329
v -0.122000 1.670456 0.095417
v -0.129981 1.669893 0.093854
v -0.136747 1.670106 0.089877
v -0.141268 1.671065 0.084092
v -0.142856 1.672623 0.077380
v -0.141268 1.674543 0.070762
v -0.136747 1.676532 0.065246
v -0.129981 1.678288 0.061671
v -0.122000 1.679544 0.060583
v -0.114019 1.680107 0.062146
v -0.107253 1.679894 0.066123
v -0.102732 1.678935 0.071908
v -0.099228 1.626367 0.045902
v -0.099667 1.624577 0.048389
v -0.100919 1.622851 0.050359
v -0.102791 1.621452 0.051514
v -0.105000 1.620593 0.051677
v -0.107209 1.620406 0.050823
v -0.109081 1.620917 0.049083
v -0.110333 1.622051 0.046722
v -0.110772 1.623633 0.044098
v -0.110333 1.625423 0.041611
v -0.109081 1.627149 0.039641
v -0.107209 1.628548 0.038486
v -0.105000 1.629407 0.038323
v -0.102791 1.629594 0.039177
v -0.100919 1.629083 0.040917
v -0.099667 1.627949 0.043278
v -0.092000 1.790000 0.032000
v -0.105000 1.625000 0.045000
v -0.045194 1.751943 -0.066501
v -0.048146 1.746319 -0.054278
v -0.056416 1.742414 -0.044179
v -0.068368 1.741001 -0.038204
v -0.081632 1.742362 -0.037536
v -0.093584 1.746225 -0.042308
v -0.101854 1.751827 -0.051574
v -0.104806 1.758057 -0.063499
v -0.101854 1.763681 -0.075722
v -0.093584 1.767586 -0.085821
v -0.081632 1.768999 -0.091796
v -0.068368 1.767638 -0.092464
v -0.056416 1.763775 -0.087692
v -0.048146 1.758173 -0.078426
v -0.058019 1.700940 -0.091865
v -0.060394 1.699301 -0.081142
v -0.067048 1.697800 -0.072569
v -0.076664 1.696735 -0.067846
v -0.087336 1.696317 -0.067906
v -0.096952 1.696628 -0.072738
v -0.103606 1.697607 -0.081386
v -0.105981 1.699060 -0.092135
v -0.103606 1.700699 -0.102858
v -0.096952 1.702200 -0.111431
v -0.087336 1.703265 -0.116154
v -0.076664 1.703683 -0.116094
v -0.067048 1.703372 -0.111262
v -0.060394 1.702393 -0.102614
v -0.064085 1.630998 -0.083128
v -0.064671 1.631397 -0.079242
v -0.066312 1.631519 -0.076101
v -0.068684 1.631341 -0.074326
v -0.071316 1.630897 -0.074269
v -0.073688 1.630275 -0.075941
v -0.075329 1.629599 -0.079011
v -0.075915 1.629002 -0.082872
v -0.075329 1.628603 -0.086758
v -0.073688 1.628481 -0.089899
v -0.071316 1.628659 -0.091674
v -0.068684 1.629103 -0.091731
v -0.066312 1.629725 -0.090059
v -0.064671 1.630401 -0.086989
v -0.075000 1.755000 -0.065000
v -0.070000 1.630000 -0.083000
v 0.104806 1.758057 -0.063499
v 0.101854 1.751827 -0.051574
v 0.093584 1.746225 -0.042308
v 0.081632 1.742362 -0.037536
v 0.068368 1.741001 -0.038204
v 0.056416 1.742414 -0.044179
v 0.048146 1.746319 -0.054278
v 0.045194 1.751943 -0.066501
v 0.048146 1.758173 -0.078426
v 0.056416 1.763775 -0.087692
v 0.068368 1.767638 -0.092464
v 0.081632 1.768999 -0.091796
v 0.093584 1.767586 -0.085821
v 0.101854 1.763681 -0.075722
v 0.105981 1.699060 -0.092135
v 0.103606 1.697607 -0.081386
v 0.096952 1.696628 -0.072738
v 0.087336 1.696317 -0.067906
v 0.076664 1.696735 -0.067846
v 0.067048 1.697800 -0.072569
v 0.060394 1.699301 -0.081142
v 0.058019 1.700940 -0.091865
v 0.060394 1.702393 -0.102614
v 0.067048 1.703372 -0.111262
v 0.076664 1.703683 -0.116094
v 0.087336 1.703265 -0.116154
v 0.096952 1.702200 -0.111431
v 0.103606 1.700699 -0.102858
v 0.075915 1.629002 -0.082872
v 0.075329 1.629599 -0.079011
v 0.073688 1.630275 -0.075941
v 0.071316 1.630897 -0.074269
v 0.068684 1.631341 -0.074326
v 0.066312 1.631519 -0.076101
v 0.064671 1.631397 -0.079242
v 0.064085 1.630998 -0.083128
v 0.064671 1.630401 -0.086989
v 0.066312 1.629725 -0.090059
v 0.068684 1.629103 -0.091731
v 0.071316 1.628659 -0.091674
v 0.073688 1.628481 -0.089899
v 0.075329 1.628603 -0.086758
v 0.075000 1.755000 -0.065000
v 0.070000 1.630000 -0.083000
usemtl Hair
f 7824 7826 7825
f 7824 7827 7826
f 7824 7828 7827
f 7824 7829 7828
f 7824 7830 7829
f 7824 7831 7830
f 7824 7832 7831
f 7824 7833 7832
f 7824 7834 7833
f 7824 7835 7834
f 7824 7836 7835
f 7824 7837 7836
f 7824 7838 7837
f 7824 7839 7838
f 7824 7840 7839
f 7824 7841 7840
f 7824 7842 7841
f 7824 7843 7842
f 7824 7844 7843
f 7824 7825 7844
f 7826 7845 7825
f 7846 7845 7826
f 7827 7846 7826
f 7847 7846 7827
f 7828 7847 7827
f 7848 7847 7828
f 7829 7848 7828
f 7849 7848 7829
f 7830 7849 7829
f 7850 7849 7830
f 7831 7850 7830
f 7851 7850 7831
f 7832 7851 7831
f 7852 7851 7832
f 7833 7852 7832
f 7853 7852 7833
f 7834 7853 7833
f 7854 7853 7834
f 7835 7854 7834
f 7855 7854 7835
f 7836 7855 7835
f 7856 7855 7836
f 7837 7856 7836
f 7857 7856 7837
f 7838 7857 7837
f 7858 7857 7838
f 7839 7858 7838
f 7859 7858 7839
f 7840 7859 7839
f 7860 7859 7840
f 7841 7860 7840
f 7861 7860 7841
f 7842 7861 7841
f 7862 7861 7842
f 7843 7862 7842
f 7863 7862 7843
f 7844 7863 7843
f 7864 7863 7844
f 7825 7864 7844
f 7845 7864 7825
f 7846 7865 7845
f 7866 7865 7846
f 7847 7866 7846
f 7867 7866 7847
f 7848 7867 7847
f 7868 7867 7848
f 7849 7868 7848
f 7869 7868 7849
f 7850 7869 7849
f 7870 7869 7850
f 7851 7870 7850
f 7871 7870 7851
f 7852 7871 7851
f 7872 7871 7852
f 7853 7872 7852
f 7873 7872 7853
f 7854 7873 7853
f 7874 7873 7854
f 7855 7874 7854
f 7875 7874 7855
f 7856 7875 7855
f 7876 7875 7856
f 7857 7876 7856
f 7877 7876 7857
f 7858 7877 7857
f 7878 7877 7858
f 7859 7878 7858
f 7879 7878 7859
f 7860 7879 7859
f 7880 7879 7860
f 7861 7880 7860
f 7881 7880 7861
f 7862 7881 7861
f 7882 7881 7862
f 7863 7882 7862
f 7883 7882 7863
f 7864 7883 7863
f 7884 7883 7864
f 7845 7884 7864
f 7865 7884 7845
f 7866 7885 7865
f 7886 7885 7866
f 7867 7886 7866
f 7887 7886 7867
f 7868 7887 7867
f 7888 7887 7868
f 7869 7888 7868
f 7889 7888 7869
f 7870 7889 7869
f 7890 7889 7870
f 7871 7890 7870
f 7891 7890 7871
f 7872 7891 7871
f 7892 7891 7872
f 7873 7892 7872
f 7893 7892 7873
f 7874 7893 7873
f 7894 7893 7874
f 7875 7894 7874
f 7895 7894 7875
f 7876 7895 7875
f 7896 7895 7876
f 7877 7896 7876
f 7897 7896 7877
f 7878 7897 7877
f 7898 7897 7878
f 7879 7898 7878
f 7899 7898 7879
f 7880 7899 7879
f 7900 7899 7880
f 7881 7900 7880
f 7901 7900 7881
f 7882 7901 7881
f 7902 7901 7882
f 7883 7902 7882
f 7903 7902 7883
f 7884 7903 7883
f 7904 7903 7884
f 7865 7904 7884
f 7885 7904 7865
f 7886 7905 7885
f 7906 7905 7886
f 7887 7906 7886
f 7907 7906 7887
f 7888 7907 7887
f 7908 7907 7888
f 7889 7908 7888
f 7909 7908 7889
f 7890 7909 7889
f 7910 7909 7890
f 7891 7910 7890
f 7911 7910 7891
f 7892 7911 7891
f 7912 7911 7892
f 7893 7912 7892
f 7913 7912 7893
f 7894 7913 7893
f 7914 7913 7894
f 7895 7914 7894
f 7915 7914 7895
f 7896 7915 7895
f 7916 7915 7896
f 7897 7916 7896
f 7917 7916 7897
f 7898 7917 7897
f 7918 7917 7898
f 7899 7918 7898
f 7919 7918 7899
f 7900 7919 7899
f 7920 7919 7900
f 7901 7920 7900
f 7921 7920 7901
f 7902 7921 7901
f 7922 7921 7902
f 7903 7922 7902
f 7923 7922 7903
f 7904 7923 7903
f 7924 7923 7904
f 7885 7924 7904
f 7905 7924 7885
f 7906 7925 7905
f 7926 7925 7906
f 7907 7926 7906
f 7927 7926 7907
f 7908 7927 7907
f 7928 7927 7908
f 7909 7928 7908
f 7929 7928 7909
f 7910 7929 7909
f 7930 7929 7910
f 7911 7930 7910
f 7931 7930 7911
f 7912 7931 7911
f 7932 7931 7912
f 7913 7932 7912
f 7933 7932 7913
f 7914 7933 7913
f 7934 7933 7914
f 7915 7934 7914
f 7935 7934 7915
f 7916 7935 7915
f 7936 7935 7916
f 7917 7936 7916
f 7937 7936 7917
f 7918 7937 7917
f 7938 7937 7918
f 7919 7938 7918
f 7939 7938 7919
f 7920 7939 7919
f 7940 7939 7920
f 7921 7940 7920
f 7941 7940 7921
f 7922 7941 7921
f 7942 7941 7922
f 7923 7942 7922
f 7943 7942 7923
f 7924 7943 7923
f 7944 7943 7924
f 7905 7944 7924
f 7925 7944 7905
f 7926 7945 7925
f 7946 7945 7926
f 7927 7946 7926
f 7947 7946 7927
f 7928 7947 7927
f 7948 7947 7928
f 7929 7948 7928
f 7949 7948 7929
f 7930 7949 7929
f 7950 7949 7930
f 7931 7950 7930
f 7951 7950 7931
f 7932 7951 7931
f 7952 7951 7932
f 7933 7952 7932
f 7953 7952 7933
f 7934 7953 7933
f 7954 7953 7934
f 7935 7954 7934
f 7955 7954 7935
f 7936 7955 7935
f 7956 7955 7936
f 7937 7956 7936
f 7957 7956 7937
f 7938 7957 7937
f 7958 7957 7938
f 7939 7958 7938
f 7959 7958 7939
f 7940 7959 7939
f 7960 7959 7940
f 7941 7960 7940
f 7961 7960 7941
f 7942 7961 7941
f 7962 7961 7942
f 7943 7962 7942
f 7963 7962 7943
f 7944 7963 7943
f 7964 7963 7944
f 7925 7964 7944
f 7945 7964 7925
f 7946 7965 7945
f 7966 7965 7946
f 7947 7966 7946
f 7967 7966 7947
f 7948 7967 7947
f 7968 7967 7948
f 7949 7968 7948
f 7969 7968 7949
f 7950 7969 7949
f 7970 7969 7950
f 7951 7970 7950
f 7971 7970 7951
f 7952 7971 7951
f 7972 7971 7952
f 7953 7972 7952
f 7973 7972 7953
f 7954 7973 7953
f 7974 7973 7954
f 7955 7974 7954
f 7975 7974 7955
f 7956 7975 7955
f 7976 7975 7956
f 7957 7976 7956
f 7977 7976 7957
f 7958 7977 7957
f 7978 7977 7958
f 7959 7978 7958
f 7979 7978 7959
f 7960 7979 7959
f 7980 7979 7960
f 7961 7980 7960
f 7981 7980 7961
f 7962 7981 7961
f 7982 7981 7962
f 7963 7982 7962
f 7983 7982 7963
f 7964 7983 7963
f 7984 7983 7964
f 7945 7984 7964
f 7965 7984 7945
f 7966 7985 7965
f 7986 7985 7966
f 7967 7986 7966
f 7987 7986 7967
f 7968 7987 7967
f 7988 7987 7968
f 7969 7988 7968
f 7989 7988 7969
f 7970 7989 7969
f 7990 7989 7970
f 7971 7990 7970
f 7991 7990 7971
f 7972 7991 7971
f 7992 7991 7972
f 7973 7992 7972
f 7993 7992 7973
f 7974 7993 7973
f 7994 7993 7974
f 7975 7994 7974
f 7995 7994 7975
f 7976 7995 7975
f 7996 7995 7976
f 7977 7996 7976
f 7997 7996 7977
f 7978 7997 7977
f 7998 7997 7978
f 7979 7998 7978
f 7999 7998 7979
f 7980 7999 7979
f 8000 7999 7980
f 7981 8000 7980
f 8001 8000 7981
f 7982 8001 7981
f 8002 8001 7982
f 7983 8002 7982
f 8003 8002 7983
f 7984 8003 7983
f 8004 8003 7984
f 7965 8004 7984
f 7985 8004 7965
f 7986 8005 7985
f 8006 8005 7986
f 7987 8006 7986
f 8007 8006 7987
f 7988 8007 7987
f 8008 8007 7988
f 7989 8008 7988
f 8009 8008 7989
f 7990 8009 7989
f 8010 8009 7990
f 7991 8010 7990
f 8011 8010 7991
f 7992 8011 7991
f 8012 8011 7992
f 7993 8012 7992
f 8013 8012 7993
f 7994 8013 7993
f 8014 8013 7994
f 7995 8014 7994
f 8015 8014 7995
f 7996 8015 7995
f 8016 8015 7996
f 7997 8016 7996
f 8017 8016 7997
f 7998 8017 7997
f 8018 8017 7998
f 7999 8018 7998
f 8019 8018 7999
f 8000 8019 7999
f 8020 8019 8000
f 8001 8020 8000
f 8021 8020 8001
f 8002 8021 8001
f 8022 8021 8002
f 8003 8022 8002
f 8023 8022 8003
f 8004 8023 8003
f 8024 8023 8004
f 7985 8024 8004
f 8005 8024 7985
f 8006 8025 8005
f 8026 8025 8006
f 8007 8026 8006
f 8027 8026 8007
f 8008 8027 8007
f 8028 8027 8008
f 8009 8028 8008
f 8029 8028 8009
f 8010 8029 8009
f 8030 8029 8010
f 8011 8030 8010
f 8031 8030 8011
f 8012 8031 8011
f 8032 8031 8012
f 8013 8032 8012
f 8033 8032 8013
f 8014 8033 8013
f 8034 8033 8014
f 8015 8034 8014
f 8035 8034 8015
f 8016 8035 8015
f 8036 8035 8016
f 8017 8036 8016
f 8037 8036 8017
f 8018 8037 8017
f 8038 8037 8018
f 8019 8038 8018
f 8039 8038 8019
f 8020 8039 8019
f 8040 8039 8020
f 8021 8040 8020
f 8041 8040 8021
f 8022 8041 8021
f 8042 8041 8022
f 8023 8042 8022
f 8043 8042 8023
f 8024 8043 8023
f 8044 8043 8024
f 8005 8044 8024
f 8025 8044 8005
f 8026 8045 8025
f 8027 8045 8026
f 8028 8045 8027
f 8029 8045 8028
f 8030 8045 8029
f 8031 8045 8030
f 8032 8045 8031
f 8033 8045 8032
f 8034 8045 8033
f 8035 8045 8034
f 8036 8045 8035
f 8037 8045 8036
f 8038 8045 8037
f 8039 8045 8038
f 8040 8045 8039
f 8041 8045 8040
f 8042 8045 8041
f 8043 8045 8042
f 8044 8045 8043
f 8025 8045 8044
f 8046 8048 8047
f 8046 8049 8048
f 8046 8050 8049
f 8046 8051 8050
f 8046 8052 8051
f 8046 8053 8052
f 8046 8054 8053
f 8046 8055 8054
f 8046 8056 8055
f 8046 8057 8056
f 8046 8058 8057
f 8046 8059 8058
f 8046 8060 8059
f 8046 8061 8060
f 8046 8062 8061
f 8046 8063 8062
f 8046 8064 8063
f 8046 8065 8064
f 8046 8066 8065
f 8046 8047 8066
f 8048 8067 8047
f 8068 8067 8048
f 8049 8068 8048
f 8069 8068 8049
f 8050 8069 8049
f 8070 8069 8050
f 8051 8070 8050
f 8071 8070 8051
f 8052 8071 8051
f 8072 8071 8052
f 8053 8072 8052
f 8073 8072 8053
f 8054 8073 8053
f 8074 8073 8054
f 8055 8074 8054
f 8075 8074 8055
f 8056 8075 8055
f 8076 8075 8056
f 8057 8076 8056
f 8077 8076 8057
f 8058 8077 8057
f 8078 8077 8058
f 8059 8078 8058
f 8079 8078 8059
f 8060 8079 8059
f 8080 8079 8060
f 8061 8080 8060
f 8081 8080 8061
f 8062 8081 8061
f 8082 8081 8062
f 8063 8082 8062
f 8083 8082 8063
f 8064 8083 8063
f 8084 8083 8064
f 8065 8084 8064
f 8085 8084 8065
f 8066 8085 8065
f 8086 8085 8066
f 8047 8086 8066
f 8067 8086 8047
f 8068 8087 8067
f 8088 8087 8068
f 8069 8088 8068
f 8089 8088 8069
f 8070 8089 8069
f 8090 8089 8070
f 8071 8090 8070
f 8091 8090 8071
f 8072 8091 8071
f 8092 8091 8072
f 8073 8092 8072
f 8093 8092 8073
f 8074 8093 8073
f 8094 8093 8074
f 8075 8094 8074
f 8095 8094 8075
f 8076 8095 8075
f 8096 8095 8076
f 8077 8096 8076
f 8097 8096 8077
f 8078 8097 8077
f 8098 8097 8078
f 8079 8098 8078
f 8099 8098 8079
f 8080 8099 8079
f 8100 8099 8080
f 8081 8100 8080
f 8101 8100 8081
f 8082 8101 8081
f 8102 8101 8082
f 8083 8102 8082
f 8103 8102 8083
f 8084 8103 8083
f 8104 8103 8084
f 8085 8104 8084
f 8105 8104 8085
f 8086 8105 8085
f 8106 8105 8086
f 8067 8106 8086
f 8087 8106 8067
f 8088 8107 8087
f 8108 8107 8088
f 8089 8108 8088
f 8109 8108 8089
f 8090 8109 8089
f 8110 8109 8090
f 8091 8110 8090
f 8111 8110 8091
f 8092 8111 8091
f 8112 8111 8092
f 8093 8112 8092
f 8113 8112 8093
f 8094 8113 8093
f 8114 8113 8094
f 8095 8114 8094
f 8115 8114 8095
f 8096 8115 8095
f 8116 8115 8096
f 8097 8116 8096
f 8117 8116 8097
f 8098 8117 8097
f 8118 8117 8098
f 8099 8118 8098
f 8119 8118 8099
f 8100 8119 8099
f 8120 8119 8100
f 8101 8120 8100
f 8121 8120 8101
f 8102 8121 8101
f 8122 8121 8102
f 8103 8122 8102
f 8123 8122 8103
f 8104 8123 8103
f 8124 8123 8104
f 8105 8124 8104
f 8125 8124 8105
f 8106 8125 8105
f 8126 8125 8106
f 8087 8126 8106
f 8107 8126 8087
f 8108 8127 8107
f 8128 8127 8108
f 8109 8128 8108
f 8129 8128 8109
f 8110 8129 8109
f 8130 8129 8110
f 8111 8130 8110
f 8131 8130 8111
f 8112 8131 8111
f 8132 8131 8112
f 8113 8132 8112
f 8133 8132 8113
f 8114 8133 8113
f 8134 8133 8114
f 8115 8134 8114
f 8135 8134 8115
f 8116 8135 8115
f 8136 8135 8116
f 8117 8136 8116
f 8137 8136 8117
f 8118 8137 8117
f 8138 8137 8118
f 8119 8138 8118
f 8139 8138 8119
f 8120 8139 8119
f 8140 8139 8120
f 8121 8140 8120
f 8141 8140 8121
f 8122 8141 8121
f 8142 8141 8122
f 8123 8142 8122
f 8143 8142 8123
f 8124 8143 8123
f 8144 8143 8124
f 8125 8144 8124
f 8145 8144 8125
f 8126 8145 8125
f 8146 8145 8126
f 8107 8146 8126
f 8127 8146 8107
f 8128 8147 8127
f 8148 8147 8128
f 8129 8148 8128
f 8149 8148 8129
f 8130 8149 8129
f 8150 8149 8130
f 8131 8150 8130
f 8151 8150 8131
f 8132 8151 8131
f 8152 8151 8132
f 8133 8152 8132
f 8153 8152 8133
f 8134 8153 8133
f 8154 8153 8134
f 8135 8154 8134
f 8155 8154 8135
f 8136 8155 8135
f 8156 8155 8136
f 8137 8156 8136
f 8157 8156 8137
f 8138 8157 8137
f 8158 8157 8138
f 8139 8158 8138
f 8159 8158 8139
f 8140 8159 8139
f 8160 8159 8140
f 8141 8160 8140
f 8161 8160 8141
f 8142 8161 8141
f 8162 8161 8142
f 8143 8162 8142
f 8163 8162 8143
f 8144 8163 8143
f 8164 8163 8144
f 8145 8164 8144
f 8165 8164 8145
f 8146 8165 8145
f 8166 8165 8146
f 8127 8166 8146
f 8147 8166 8127
f 8148 8167 8147
f 8168 8167 8148
f 8149 8168 8148
f 8169 8168 8149
f 8150 8169 8149
f 8170 8169 8150
f 8151 8170 8150
f 8171 8170 8151
f 8152 8171 8151
f 8172 8171 8152
f 8153 8172 8152
f 8173 8172 8153
f 8154 8173 8153
f 8174 8173 8154
f 8155 8174 8154
f 8175 8174 8155
f 8156 8175 8155
f 8176 8175 8156
f 8157 8176 8156
f 8177 8176 8157
f 8158 8177 8157
f 8178 8177 8158
f 8159 8178 8158
f 8179 8178 8159
f 8160 8179 8159
f 8180 8179 8160
f 8161 8180 8160
f 8181 8180 8161
f 8162 8181 8161
f 8182 8181 8162
f 8163 8182 8162
f 8183 8182 8163
f 8164 8183 8163
f 8184 8183 8164
f 8165 8184 8164
f 8185 8184 8165
f 8166 8185 8165
f 8186 8185 8166
f 8147 8186 8166
f 8167 8186 8147
f 8168 8187 8167
f 8188 8187 8168
f 8169 8188 8168
f 8189 8188 8169
f 8170 8189 8169
f 8190 8189 8170
f 8171 8190 8170
f 8191 8190 8171
f 8172 8191 8171
f 8192 8191 8172
f 8173 8192 8172
f 8193 8192 8173
f 8174 8193 8173
f 8194 8193 8174
f 8175 8194 8174
f 8195 8194 8175
f 8176 8195 8175
f 8196 8195 8176
f 8177 8196 8176
f 8197 8196 8177
f 8178 8197 8177
f 8198 8197 8178
f 8179 8198 8178
f 8199 8198 8179
f 8180 8199 8179
f 8200 8199 8180
f 8181 8200 8180
f 8201 8200 8181
f 8182 8201 8181
f 8202 8201 8182
f 8183 8202 8182
f 8203 8202 8183
f 8184 8203 8183
f 8204 8203 8184
f 8185 8204 8184
f 8205 8204 8185
f 8186 8205 8185
f 8206 8205 8186
f 8167 8206 8186
f 8187 8206 8167
f 8188 8207 8187
f 8208 8207 8188
f 8189 8208 8188
f 8209 8208 8189
f 8190 8209 8189
f 8210 8209 8190
f 8191 8210 8190
f 8211 8210 8191
f 8192 8211 8191
f 8212 8211 8192
f 8193 8212 8192
f 8213 8212 8193
f 8194 8213 8193
f 8214 8213 8194
f 8195 8214 8194
f 8215 8214 8195
f 8196 8215 8195
f 8216 8215 8196
f 8197 8216 8196
f 8217 8216 8197
f 8198 8217 8197
f 8218 8217 8198
f 8199 8218 8198
f 8219 8218 8199
f 8200 8219 8199
f 8220 8219 8200
f 8201 8220 8200
f 8221 8220 8201
f 8202 8221 8201
f 8222 8221 8202
f 8203 8222 8202
f 8223 8222 8203
f 8204 8223 8203
f 8224 8223 8204
f 8205 8224 8204
f 8225 8224 8205
f 8206 8225 8205
f 8226 8225 8206
f 8187 8226 8206
f 8207 8226 8187
f 8208 8227 8207
f 8228 8227 8208
f 8209 8228 8208
f 8229 8228 8209
f 8210 8229 8209
f 8230 8229 8210
f 8211 8230 8210
f 8231 8230 8211
f 8212 8231 8211
f 8232 8231 8212
f 8213 8232 8212
f 8233 8232 8213
f 8214 8233 8213
f 8234 8233 8214
f 8215 8234 8214
f 8235 8234 8215
f 8216 8235 8215
f 8236 8235 8216
f 8217 8236 8216
f 8237 8236 8217
f 8218 8237 8217
f 8238 8237 8218
f 8219 8238 8218
f 8239 8238 8219
f 8220 8239 8219
f 8240 8239 8220
f 8221 8240 8220
f 8241 8240 8221
f 8222 8241 8221
f 8242 8241 8222
f 8223 8242 8222
f 8243 8242 8223
f 8224 8243 8223
f 8244 8243 8224
f 8225 8244 8224
f 8245 8244 8225
f 8226 8245 8225
f 8246 8245 8226
f 8207 8246 8226
f 8227 8246 8207
f 8228 8247 8227
f 8248 8247 8228
f 8229 8248 8228
f 8249 8248 8229
f 8230 8249 8229
f 8250 8249 8230
f 8231 8250 8230
f 8251 8250 8231
f 8232 8251 8231
f 8252 8251 8232
f 8233 8252 8232
f 8253 8252 8233
f 8234 8253 8233
f 8254 8253 8234
f 8235 8254 8234
f 8255 8254 8235
f 8236 8255 8235
f 8256 8255 8236
f 8237 8256 8236
f 8257 8256 8237
f 8238 8257 8237
f 8258 8257 8238
f 8239 8258 8238
f 8259 8258 8239
f 8240 8259 8239
f 8260 8259 8240
f 8241 8260 8240
f 8261 8260 8241
f 8242 8261 8241
f 8262 8261 8242
f 8243 8262 8242
f 8263 8262 8243
f 8244 8263 8243
f 8264 8263 8244
f 8245 8264 8244
f 8265 8264 8245
f 8246 8265 8245
f 8266 8265 8246
f 8227 8266 8246
f 8247 8266 8227
f 8248 8267 8247
f 8249 8267 8248
f 8250 8267 8249
f 8251 8267 8250
f 8252 8267 8251
f 8253 8267 8252
f 8254 8267 8253
f 8255 8267 8254
f 8256 8267 8255
f 8257 8267 8256
f 8258 8267 8257
f 8259 8267 8258
f 8260 8267 8259
f 8261 8267 8260
f 8262 8267 8261
f 8263 8267 8262
f 8264 8267 8263
f 8265 8267 8264
f 8266 8267 8265
f 8247 8267 8266
f 8268 8270 8269
f 8268 8271 8270
f 8268 8272 8271
f 8268 8273 8272
f 8268 8274 8273
f 8268 8275 8274
f 8268 8276 8275
f 8268 8277 8276
f 8268 8278 8277
f 8268 8279 8278
f 8268 8280 8279
f 8268 8281 8280
f 8268 8282 8281
f 8268 8283 8282
f 8268 8284 8283
f 8268 8285 8284
f 8268 8286 8285
f 8268 8287 8286
f 8268 8288 8287
f 8268 8289 8288
f 8268 8290 8289
f 8268 8291 8290
f 8268 8292 8291
f 8268 8293 8292
f 8268 8294 8293
f 8268 8295 8294
f 8268 8296 8295
f 8268 8297 8296
f 8268 8298 8297
f 8268 8299 8298
f 8268 8300 8299
f 8268 8269 8300
f 8270 8301 8269
f 8302 8301 8270
f 8271 8302 8270
f 8303 8302 8271
f 8272 8303 8271
f 8304 8303 8272
f 8273 8304 8272
f 8305 8304 8273
f 8274 8305 8273
f 8306 8305 8274
f 8275 8306 8274
f 8307 8306 8275
f 8276 8307 8275
f 8308 8307 8276
f 8277 8308 8276
f 8309 8308 8277
f 8278 8309 8277
f 8310 8309 8278
f 8279 8310 8278
f 8311 8310 8279
f 8280 8311 8279
f 8312 8311 8280
f 8281 8312 8280
f 8313 8312 8281
f 8282 8313 8281
f 8314 8313 8282
f 8283 8314 8282
f 8315 8314 8283
f 8284 8315 8283
f 8316 8315 8284
f 8285 8316 8284
f 8317 8316 8285
f 8286 8317 8285
f 8318 8317 8286
f 8287 8318 8286
f 8319 8318 8287
f 8288 8319 8287
f 8320 8319 8288
f 8289 8320 8288
f 8321 8320 8289
f 8290 8321 8289
f 8322 8321 8290
f 8291 8322 8290
f 8323 8322 8291
f 8292 8323 8291
f 8324 8323 8292
f 8293 8324 8292
f 8325 8324 8293
f 8294 8325 8293
f 8326 8325 8294
f 8295 8326 8294
f 8327 8326 8295
f 8296 8327 8295
f 8328 8327 8296
f 8297 8328 8296
f 8329 8328 8297
f 8298 8329 8297
f 8330 8329 8298
f 8299 8330 8298
f 8331 8330 8299
f 8300 8331 8299
f 8332 8331 8300
f 8269 8332 8300
f 8301 8332 8269
f 8302 8333 8301
f 8334 8333 8302
f 8303 8334 8302
f 8335 8334 8303
f 8304 8335 8303
f 8336 8335 8304
f 8305 8336 8304
f 8337 8336 8305
f 8306 8337 8305
f 8338 8337 8306
f 8307 8338 8306
f 8339 8338 8307
f 8308 8339 8307
f 8340 8339 8308
f 8309 8340 8308
f 8341 8340 8309
f 8310 8341 8309
f 8342 8341 8310
f 8311 8342 8310
f 8343 8342 8311
f 8312 8343 8311
f 8344 8343 8312
f 8313 8344 8312
f 8345 8344 8313
f 8314 8345 8313
f 8346 8345 8314
f 8315 8346 8314
f 8347 8346 8315
f 8316 8347 8315
f 8348 8347 8316
f 8317 8348 8316
f 8349 8348 8317
f 8318 8349 8317
f 8350 8349 8318
f 8319 8350 8318
f 8351 8350 8319
f 8320 8351 8319
f 8352 8351 8320
f 8321 8352 8320
f 8353 8352 8321
f 8322 8353 8321
f 8354 8353 8322
f 8323 8354 8322
f 8355 8354 8323
f 8324 8355 8323
f 8356 8355 8324
f 8325 8356 8324
f 8357 8356 8325
f 8326 8357 8325
f 8358 8357 8326
f 8327 8358 8326
f 8359 8358 8327
f 8328 8359 8327
f 8360 8359 8328
f 8329 8360 8328
f 8361 8360 8329
f 8330 8361 8329
f 8362 8361 8330
f 8331 8362 8330
f 8363 8362 8331
f 8332 8363 8331
f 8364 8363 8332
f 8301 8364 8332
f 8333 8364 8301
f 8334 8365 8333
f 8366 8365 8334
f 8335 8366 8334
f 8367 8366 8335
f 8336 8367 8335
f 8368 8367 8336
f 8337 8368 8336
f 8369 8368 8337
f 8338 8369 8337
f 8370 8369 8338
f 8339 8370 8338
f 8371 8370 8339
f 8340 8371 8339
f 8372 8371 8340
f 8341 8372 8340
f 8373 8372 8341
f 8342 8373 8341
f 8374 8373 8342
f 8343 8374 8342
f 8375 8374 8343
f 8344 8375 8343
f 8376 8375 8344
f 8345 8376 8344
f 8377 8376 8345
f 8346 8377 8345
f 8378 8377 8346
f 8347 8378 8346
f 8379 8378 8347
f 8348 8379 8347
f 8380 8379 8348
f 8349 8380 8348
f 8381 8380 8349
f 8350 8381 8349
f 8382 8381 8350
f 8351 8382 8350
f 8383 8382 8351
f 8352 8383 8351
f 8384 8383 8352
f 8353 8384 8352
f 8385 8384 8353
f 8354 8385 8353
f 8386 8385 8354
f 8355 8386 8354
f 8387 8386 8355
f 8356 8387 8355
f 8388 8387 8356
f 8357 8388 8356
f 8389 8388 8357
f 8358 8389 8357
f 8390 8389 8358
f 8359 8390 8358
f 8391 8390 8359
f 8360 8391 8359
f 8392 8391 8360
f 8361 8392 8360
f 8393 8392 8361
f 8362 8393 8361
f 8394 8393 8362
f 8363 8394 8362
f 8395 8394 8363
f 8364 8395 8363
f 8396 8395 8364
f 8333 8396 8364
f 8365 8396 8333
f 8366 8397 8365
f 8398 8397 8366
f 8367 8398 8366
f 8399 8398 8367
f 8368 8399 8367
f 8400 8399 8368
f 8369 8400 8368
f 8401 8400 8369
f 8370 8401 8369
f 8402 8401 8370
f 8371 8402 8370
f 8403 8402 8371
f 8372 8403 8371
f 8404 8403 8372
f 8373 8404 8372
f 8405 8404 8373
f 8374 8405 8373
f 8406 8405 8374
f 8375 8406 8374
f 8407 8406 8375
f 8376 8407 8375
f 8408 8407 8376
f 8377 8408 8376
f 8409 8408 8377
f 8378 8409 8377
f 8410 8409 8378
f 8379 8410 8378
f 8411 8410 8379
f 8380 8411 8379
f 8412 8411 8380
f 8381 8412 8380
f 8413 8412 8381
f 8382 8413 8381
f 8414 8413 8382
f 8383 8414 8382
f 8415 8414 8383
f 8384 8415 8383
f 8416 8415 8384
f 8385 8416 8384
f 8417 8416 8385
f 8386 8417 8385
f 8418 8417 8386
f 8387 8418 8386
f 8419 8418 8387
f 8388 8419 8387
f 8420 8419 8388
f 8389 8420 8388
f 8421 8420 8389
f 8390 8421 8389
f 8422 8421 8390
f 8391 8422 8390
f 8423 8422 8391
f 8392 8423 8391
f 8424 8423 8392
f 8393 8424 8392
f 8425 8424 8393
f 8394 8425 8393
f 8426 8425 8394
f 8395 8426 8394
f 8427 8426 8395
f 8396 8427 8395
f 8428 8427 8396
f 8365 8428 8396
f 8397 8428 8365
f 8398 8429 8397
f 8430 8429 8398
f 8399 8430 8398
f 8431 8430 8399
f 8400 8431 8399
f 8432 8431 8400
f 8401 8432 8400
f 8433 8432 8401
f 8402 8433 8401
f 8434 8433 8402
f 8403 8434 8402
f 8435 8434 8403
f 8404 8435 8403
f 8436 8435 8404
f 8405 8436 8404
f 8437 8436 8405
f 8406 8437 8405
f 8438 8437 8406
f 8407 8438 8406
f 8439 8438 8407
f 8408 8439 8407
f 8440 8439 8408
f 8409 8440 8408
f 8441 8440 8409
f 8410 8441 8409
f 8442 8441 8410
f 8411 8442 8410
f 8443 8442 8411
f 8412 8443 8411
f 8444 8443 8412
f 8413 8444 8412
f 8445 8444 8413
f 8414 8445 8413
f 8446 8445 8414
f 8415 8446 8414
f 8447 8446 8415
f 8416 8447 8415
f 8448 8447 8416
f 8417 8448 8416
f 8449 8448 8417
f 8418 8449 8417
f 8450 8449 8418
f 8419 8450 8418
f 8451 8450 8419
f 8420 8451 8419
f 8452 8451 8420
f 8421 8452 8420
f 8453 8452 8421
f 8422 8453 8421
f 8454 8453 8422
f 8423 8454 8422
f 8455 8454 8423
f 8424 8455 8423
f 8456 8455 8424
f 8425 8456 8424
f 8457 8456 8425
f 8426 8457 8425
f 8458 8457 8426
f 8427 8458 8426
f 8459 8458 8427
f 8428 8459 8427
f 8460 8459 8428
f 8397 8460 8428
f 8429 8460 8397
f 8430 8461 8429
f 8462 8461 8430
f 8431 8462 8430
f 8463 8462 8431
f 8432 8463 8431
f 8464 8463 8432
f 8433 8464 8432
f 8465 8464 8433
f 8434 8465 8433
f 8466 8465 8434
f 8435 8466 8434
f 8467 8466 8435
f 8436 8467 8435
f 8468 8467 8436
f 8437 8468 8436
f 8469 8468 8437
f 8438 8469 8437
f 8470 8469 8438
f 8439 8470 8438
f 8471 8470 8439
f 8440 8471 8439
f 8472 8471 8440
f 8441 8472 8440
f 8473 8472 8441
f 8442 8473 8441
f 8474 8473 8442
f 8443 8474 8442
f 8475 8474 8443
f 8444 8475 8443
f 8476 8475 8444
f 8445 8476 8444
f 8477 8476 8445
f 8446 8477 8445
f 8478 8477 8446
f 8447 8478 8446
f 8479 8478 8447
f 8448 8479 8447
f 8480 8479 8448
f 8449 8480 8448
f 8481 8480 8449
f 8450 8481 8449
f 8482 8481 8450
f 8451 8482 8450
f 8483 8482 8451
f 8452 8483 8451
f 8484 8483 8452
f 8453 8484 8452
f 8485 8484 8453
f 8454 8485 8453
f 8486 8485 8454
f 8455 8486 8454
f 8487 8486 8455
f 8456 8487 8455
f 8488 8487 8456
f 8457 8488 8456
f 8489 8488 8457
f 8458 8489 8457
f 8490 8489 8458
f 8459 8490 8458
f 8491 8490 8459
f 8460 8491 8459
f 8492 8491 8460
f 8429 8492 8460
f 8461 8492 8429
f 8462 8493 8461
f 8494 8493 8462
f 8463 8494 8462
f 8495 8494 8463
f 8464 8495 8463
f 8496 8495 8464
f 8465 8496 8464
f 8497 8496 8465
f 8466 8497 8465
f 8498 8497 8466
f 8467 8498 8466
f 8499 8498 8467
f 8468 8499 8467
f 8500 8499 8468
f 8469 8500 8468
f 8501 8500 8469
f 8470 8501 8469
f 8502 8501 8470
f 8471 8502 8470
f 8503 8502 8471
f 8472 8503 8471
f 8504 8503 8472
f 8473 8504 8472
f 8505 8504 8473
f 8474 8505 8473
f 8506 8505 8474
f 8475 8506 8474
f 8507 8506 8475
f 8476 8507 8475
f 8508 8507 8476
f 8477 8508 8476
f 8509 8508 8477
f 8478 8509 8477
f 8510 8509 8478
f 8479 8510 8478
f 8511 8510 8479
f 8480 8511 8479
f 8512 8511 8480
f 8481 8512 8480
f 8513 8512 8481
f 8482 8513 8481
f 8514 8513 8482
f 8483 8514 8482
f 8515 8514 8483
f 8484 8515 8483
f 8516 8515 8484
f 8485 8516 8484
f 8517 8516 8485
f 8486 8517 8485
f 8518 8517 8486
f 8487 8518 8486
f 8519 8518 8487
f 8488 8519 8487
f 8520 8519 8488
f 8489 8520 8488
f 8521 8520 8489
f 8490 8521 8489
f 8522 8521 8490
f 8491 8522 8490
f 8523 8522 8491
f 8492 8523 8491
f 8524 8523 8492
f 8461 8524 8492
f 8493 8524 8461
f 8494 8525 8493
f 8526 8525 8494
f 8495 8526 8494
f 8527 8526 8495
f 8496 8527 8495
f 8528 8527 8496
f 8497 8528 8496
f 8529 8528 8497
f 8498 8529 8497
f 8530 8529 8498
f 8499 8530 8498
f 8531 8530 8499
f 8500 8531 8499
f 8532 8531 8500
f 8501 8532 8500
f 8533 8532 8501
f 8502 8533 8501
f 8534 8533 8502
f 8503 8534 8502
f 8535 8534 8503
f 8504 8535 8503
f 8536 8535 8504
f 8505 8536 8504
f 8537 8536 8505
f 8506 8537 8505
f 8538 8537 8506
f 8507 8538 8506
f 8539 8538 8507
f 8508 8539 8507
f 8540 8539 8508
f 8509 8540 8508
f 8541 8540 8509
f 8510 8541 8509
f 8542 8541 8510
f 8511 8542 8510
f 8543 8542 8511
f 8512 8543 8511
f 8544 8543 8512
f 8513 8544 8512
f 8545 8544 8513
f 8514 8545 8513
f 8546 8545 8514
f 8515 8546 8514
f 8547 8546 8515
f 8516 8547 8515
f 8548 8547 8516
f 8517 8548 8516
f 8549 8548 8517
f 8518 8549 8517
f 8550 8549 8518
f 8519 8550 8518
f 8551 8550 8519
f 8520 8551 8519
f 8552 8551 8520
f 8521 8552 8520
f 8553 8552 8521
f 8522 8553 8521
f 8554 8553 8522
f 8523 8554 8522
f 8555 8554 8523
f 8524 8555 8523
f 8556 8555 8524
f 8493 8556 8524
f 8525 8556 8493
f 8526 8557 8525
f 8558 8557 8526
f 8527 8558 8526
f 8559 8558 8527
f 8528 8559 8527
f 8560 8559 8528
f 8529 8560 8528
f 8561 8560 8529
f 8530 8561 8529
f 8562 8561 8530
f 8531 8562 8530
f 8563 8562 8531
f 8532 8563 8531
f 8564 8563 8532
f 8533 8564 8532
f 8565 8564 8533
f 8534 8565 8533
f 8566 8565 8534
f 8535 8566 8534
f 8567 8566 8535
f 8536 8567 8535
f 8568 8567 8536
f 8537 8568 8536
f 8569 8568 8537
f 8538 8569 8537
f 8570 8569 8538
f 8539 8570 8538
f 8571 8570 8539
f 8540 8571 8539
f 8572 8571 8540
f 8541 8572 8540
f 8573 8572 8541
f 8542 8573 8541
f 8574 8573 8542
f 8543 8574 8542
f 8575 8574 8543
f 8544 8575 8543
f 8576 8575 8544
f 8545 8576 8544
f 8577 8576 8545
f 8546 8577 8545
f 8578 8577 8546
f 8547 8578 8546
f 8579 8578 8547
f 8548 8579 8547
f 8580 8579 8548
f 8549 8580 8548
f 8581 8580 8549
f 8550 8581 8549
f 8582 8581 8550
f 8551 8582 8550
f 8583 8582 8551
f 8552 8583 8551
f 8584 8583 8552
f 8553 8584 8552
f 8585 8584 8553
f 8554 8585 8553
f 8586 8585 8554
f 8555 8586 8554
f 8587 8586 8555
f 8556 8587 8555
f 8588 8587 8556
f 8525 8588 8556
f 8557 8588 8525
f 8558 8589 8557
f 8590 8589 8558
f 8559 8590 8558
f 8591 8590 8559
f 8560 8591 8559
f 8592 8591 8560
f 8561 8592 8560
f 8593 8592 8561
f 8562 8593 8561
f 8594 8593 8562
f 8563 8594 8562
f 8595 8594 8563
f 8564 8595 8563
f 8596 8595 8564
f 8565 8596 8564
f 8597 8596 8565
f 8566 8597 8565
f 8598 8597 8566
f 8567 8598 8566
f 8599 8598 8567
f 8568 8599 8567
f 8600 8599 8568
f 8569 8600 8568
f 8601 8600 8569
f 8570 8601 8569
f 8602 8601 8570
f 8571 8602 8570
f 8603 8602 8571
f 8572 8603 8571
f 8604 8603 8572
f 8573 8604 8572
f 8605 8604 8573
f 8574 8605 8573
f 8606 8605 8574
f 8575 8606 8574
f 8607 8606 8575
f 8576 8607 8575
f 8608 8607 8576
f 8577 8608 8576
f 8609 8608 8577
f 8578 8609 8577
f 8610 8609 8578
f 8579 8610 8578
f 8611 8610 8579
f 8580 8611 8579
f 8612 8611 8580
f 8581 8612 8580
f 8613 8612 8581
f 8582 8613 8581
f 8614 8613 8582
f 8583 8614 8582
f 8615 8614 8583
f 8584 8615 8583
f 8616 8615 8584
f 8585 8616 8584
f 8617 8616 8585
f 8586 8617 8585
f 8618 8617 8586
f 8587 8618 8586
f 8619 8618 8587
f 8588 8619 8587
f 8620 8619 8588
f 8557 8620 8588
f 8589 8620 8557
f 8590 8621 8589
f 8622 8621 8590
f 8591 8622 8590
f 8623 8622 8591
f 8592 8623 8591
f 8624 8623 8592
f 8593 8624 8592
f 8625 8624 8593
f 8594 8625 8593
f 8626 8625 8594
f 8595 8626 8594
f 8627 8626 8595
f 8596 8627 8595
f 8628 8627 8596
f 8597 8628 8596
f 8629 8628 8597
f 8598 8629 8597
f 8630 8629 8598
f 8599 8630 8598
f 8631 8630 8599
f 8600 8631 8599
f 8632 8631 8600
f 8601 8632 8600
f 8633 8632 8601
f 8602 8633 8601
f 8634 8633 8602
f 8603 8634 8602
f 8635 8634 8603
f 8604 8635 8603
f 8636 8635 8604
f 8605 8636 8604
f 8637 8636 8605
f 8606 8637 8605
f 8638 8637 8606
f 8607 8638 8606
f 8639 8638 8607
f 8608 8639 8607
f 8640 8639 8608
f 8609 8640 8608
f 8641 8640 8609
f 8610 8641 8609
f 8642 8641 8610
f 8611 8642 8610
f 8643 8642 8611
f 8612 8643 8611
f 8644 8643 8612
f 8613 8644 8612
f 8645 8644 8613
f 8614 8645 8613
f 8646 8645 8614
f 8615 8646 8614
f 8647 8646 8615
f 8616 8647 8615
f 8648 8647 8616
f 8617 8648 8616
f 8649 8648 8617
f 8618 8649 8617
f 8650 8649 8618
f 8619 8650 8618
f 8651 8650 8619
f 8620 8651 8619
f 8652 8651 8620
f 8589 8652 8620
f 8621 8652 8589
f 8622 8653 8621
f 8654 8653 8622
f 8623 8654 8622
f 8655 8654 8623
f 8624 8655 8623
f 8656 8655 8624
f 8625 8656 8624
f 8657 8656 8625
f 8626 8657 8625
f 8658 8657 8626
f 8627 8658 8626
f 8659 8658 8627
f 8628 8659 8627
f 8660 8659 8628
f 8629 8660 8628
f 8661 8660 8629
f 8630 8661 8629
f 8662 8661 8630
f 8631 8662 8630
f 8663 8662 8631
f 8632 8663 8631
f 8664 8663 8632
f 8633 8664 8632
f 8665 8664 8633
f 8634 8665 8633
f 8666 8665 8634
f 8635 8666 8634
f 8667 8666 8635
f 8636 8667 8635
f 8668 8667 8636
f 8637 8668 8636
f 8669 8668 8637
f 8638 8669 8637
f 8670 8669 8638
f 8639 8670 8638
f 8671 8670 8639
f 8640 8671 8639
f 8672 8671 8640
f 8641 8672 8640
f 8673 8672 8641
f 8642 8673 8641
f 8674 8673 8642
f 8643 8674 8642
f 8675 8674 8643
f 8644 8675 8643
f 8676 8675 8644
f 8645 8676 8644
f 8677 8676 8645
f 8646 8677 8645
f 8678 8677 8646
f 8647 8678 8646
f 8679 8678 8647
f 8648 8679 8647
f 8680 8679 8648
f 8649 8680 8648
f 8681 8680 8649
f 8650 8681 8649
f 8682 8681 8650
f 8651 8682 8650
f 8683 8682 8651
f 8652 8683 8651
f 8684 8683 8652
f 8621 8684 8652
f 8653 8684 8621
f 8654 8685 8653
f 8686 8685 8654
f 8655 8686 8654
f 8687 8686 8655
f 8656 8687 8655
f 8688 8687 8656
f 8657 8688 8656
f 8689 8688 8657
f 8658 8689 8657
f 8690 8689 8658
f 8659 8690 8658
f 8691 8690 8659
f 8660 8691 8659
f 8692 8691 8660
f 8661 8692 8660
f 8693 8692 8661
f 8662 8693 8661
f 8694 8693 8662
f 8663 8694 8662
f 8695 8694 8663
f 8664 8695 8663
f 8696 8695 8664
f 8665 8696 8664
f 8697 8696 8665
f 8666 8697 8665
f 8698 8697 8666
f 8667 8698 8666
f 8699 8698 8667
f 8668 8699 8667
f 8700 8699 8668
f 8669 8700 8668
f 8701 8700 8669
f 8670 8701 8669
f 8702 8701 8670
f 8671 8702 8670
f 8703 8702 8671
f 8672 8703 8671
f 8704 8703 8672
f 8673 8704 8672
f 8705 8704 8673
f 8674 8705 8673
f 8706 8705 8674
f 8675 8706 8674
f 8707 8706 8675
f 8676 8707 8675
f 8708 8707 8676
f 8677 8708 8676
f 8709 8708 8677
f 8678 8709 8677
f 8710 8709 8678
f 8679 8710 8678
f 8711 8710 8679
f 8680 8711 8679
f 8712 8711 8680
f 8681 8712 8680
f 8713 8712 8681
f 8682 8713 8681
f 8714 8713 8682
f 8683 8714 8682
f 8715 8714 8683
f 8684 8715 8683
f 8716 8715 8684
f 8653 8716 8684
f 8685 8716 8653
f 8686 8717 8685
f 8718 8717 8686
f 8687 8718 8686
f 8719 8718 8687
f 8688 8719 8687
f 8720 8719 8688
f 8689 8720 8688
f 8721 8720 8689
f 8690 8721 8689
f 8722 8721 8690
f 8691 8722 8690
f 8723 8722 8691
f 8692 8723 8691
f 8724 8723 8692
f 8693 8724 8692
f 8725 8724 8693
f 8694 8725 8693
f 8726 8725 8694
f 8695 8726 8694
f 8727 8726 8695
f 8696 8727 8695
f 8728 8727 8696
f 8697 8728 8696
f 8729 8728 8697
f 8698 8729 8697
f 8730 8729 8698
f 8699 8730 8698
f 8731 8730 8699
f 8700 8731 8699
f 8732 8731 8700
f 8701 8732 8700
f 8733 8732 8701
f 8702 8733 8701
f 8734 8733 8702
f 8703 8734 8702
f 8735 8734 8703
f 8704 8735 8703
f 8736 8735 8704
f 8705 8736 8704
f 8737 8736 8705
f 8706 8737 8705
f 8738 8737 8706
f 8707 8738 8706
f 8739 8738 8707
f 8708 8739 8707
f 8740 8739 8708
f 8709 8740 8708
f 8741 8740 8709
f 8710 8741 8709
f 8742 8741 8710
f 8711 8742 8710
f 8743 8742 8711
f 8712 8743 8711
f 8744 8743 8712
f 8713 8744 8712
f 8745 8744 8713
f 8714 8745 8713
f 8746 8745 8714
f 8715 8746 8714
f 8747 8746 8715
f 8716 8747 8715
f 8748 8747 8716
f 8685 8748 8716
f 8717 8748 8685
f 8718 8749 8717
f 8750 8749 8718
f 8719 8750 8718
f 8751 8750 8719
f 8720 8751 8719
f 8752 8751 8720
f 8721 8752 8720
f 8753 8752 8721
f 8722 8753 8721
f 8754 8753 8722
f 8723 8754 8722
f 8755 8754 8723
f 8724 8755 8723
f 8756 8755 8724
f 8725 8756 8724
f 8757 8756 8725
f 8726 8757 8725
f 8758 8757 8726
f 8727 8758 8726
f 8759 8758 8727
f 8728 8759 8727
f 8760 8759 8728
f 8729 8760 8728
f 8761 8760 8729
f 8730 8761 8729
f 8762 8761 8730
f 8731 8762 8730
f 8763 8762 8731
f 8732 8763 8731
f 8764 8763 8732
f 8733 8764 8732
f 8765 8764 8733
f 8734 8765 8733
f 8766 8765 8734
f 8735 8766 8734
f 8767 8766 8735
f 8736 8767 8735
f 8768 8767 8736
f 8737 8768 8736
f 8769 8768 8737
f 8738 8769 8737
f 8770 8769 8738
f 8739 8770 8738
f 8771 8770 8739
f 8740 8771 8739
f 8772 8771 8740
f 8741 8772 8740
f 8773 8772 8741
f 8742 8773 8741
f 8774 8773 8742
f 8743 8774 8742
f 8775 8774 8743
f 8744 8775 8743
f 8776 8775 8744
f 8745 8776 8744
f 8777 8776 8745
f 8746 8777 8745
f 8778 8777 8746
f 8747 8778 8746
f 8779 8778 8747
f 8748 8779 8747
f 8780 8779 8748
f 8717 8780 8748
f 8749 8780 8717
f 8750 8781 8749
f 8782 8781 8750
f 8751 8782 8750
f 8783 8782 8751
f 8752 8783 8751
f 8784 8783 8752
f 8753 8784 8752
f 8785 8784 8753
f 8754 8785 8753
f 8786 8785 8754
f 8755 8786 8754
f 8787 8786 8755
f 8756 8787 8755
f 8788 8787 8756
f 8757 8788 8756
f 8789 8788 8757
f 8758 8789 8757
f 8790 8789 8758
f 8759 8790 8758
f 8791 8790 8759
f 8760 8791 8759
f 8792 8791 8760
f 8761 8792 8760
f 8793 8792 8761
f 8762 8793 8761
f 8794 8793 8762
f 8763 8794 8762
f 8795 8794 8763
f 8764 8795 8763
f 8796 8795 8764
f 8765 8796 8764
f 8797 8796 8765
f 8766 8797 8765
f 8798 8797 8766
f 8767 8798 8766
f 8799 8798 8767
f 8768 8799 8767
f 8800 8799 8768
f 8769 8800 8768
f 8801 8800 8769
f 8770 8801 8769
f 8802 8801 8770
f 8771 8802 8770
f 8803 8802 8771
f 8772 8803 8771
f 8804 8803 8772
f 8773 8804 8772
f 8805 8804 8773
f 8774 8805 8773
f 8806 8805 8774
f 8775 8806 8774
f 8807 8806 8775
f 8776 8807 8775
f 8808 8807 8776
f 8777 8808 8776
f 8809 8808 8777
f 8778 8809 8777
f 8810 8809 8778
f 8779 8810 8778
f 8811 8810 8779
f 8780 8811 8779
f 8812 8811 8780
f 8749 8812 8780
f 8781 8812 8749
f 8782 8813 8781
f 8814 8813 8782
f 8783 8814 8782
f 8815 8814 8783
f 8784 8815 8783
f 8816 8815 8784
f 8785 8816 8784
f 8817 8816 8785
f 8786 8817 8785
f 8818 8817 8786
f 8787 8818 8786
f 8819 8818 8787
f 8788 8819 8787
f 8820 8819 8788
f 8789 8820 8788
f 8821 8820 8789
f 8790 8821 8789
f 8822 8821 8790
f 8791 8822 8790
f 8823 8822 8791
f 8792 8823 8791
f 8824 8823 8792
f 8793 8824 8792
f 8825 8824 8793
f 8794 8825 8793
f 8826 8825 8794
f 8795 8826 8794
f 8827 8826 8795
f 8796 8827 8795
f 8828 8827 8796
f 8797 8828 8796
f 8829 8828 8797
f 8798 8829 8797
f 8830 8829 8798
f 8799 8830 8798
f 8831 8830 8799
f 8800 8831 8799
f 8832 8831 8800
f 8801 8832 8800
f 8833 8832 8801
f 8802 8833 8801
f 8834 8833 8802
f 8803 8834 8802
f 8835 8834 8803
f 8804 8835 8803
f 8836 8835 8804
f 8805 8836 8804
f 8837 8836 8805
f 8806 8837 8805
f 8838 8837 8806
f 8807 8838 8806
f 8839 8838 8807
f 8808 8839 8807
f 8840 8839 8808
f 8809 8840 8808
f 8841 8840 8809
f 8810 8841 8809
f 8842 8841 8810
f 8811 8842 8810
f 8843 8842 8811
f 8812 8843 8811
f 8844 8843 8812
f 8781 8844 8812
f 8813 8844 8781
f 8814 8845 8813
f 8846 8845 8814
f 8815 8846 8814
f 8847 8846 8815
f 8816 8847 8815
f 8848 8847 8816
f 8817 8848 8816
f 8849 8848 8817
f 8818 8849 8817
f 8850 8849 8818
f 8819 8850 8818
f 8851 8850 8819
f 8820 8851 8819
f 8852 8851 8820
f 8821 8852 8820
f 8853 8852 8821
f 8822 8853 8821
f 8854 8853 8822
f 8823 8854 8822
f 8855 8854 8823
f 8824 8855 8823
f 8856 8855 8824
f 8825 8856 8824
f 8857 8856 8825
f 8826 8857 8825
f 8858 8857 8826
f 8827 8858 8826
f 8859 8858 8827
f 8828 8859 8827
f 8860 8859 8828
f 8829 8860 8828
f 8861 8860 8829
f 8830 8861 8829
f 8862 8861 8830
f 8831 8862 8830
f 8863 8862 8831
f 8832 8863 8831
f 8864 8863 8832
f 8833 8864 8832
f 8865 8864 8833
f 8834 8865 8833
f 8866 8865 8834
f 8835 8866 8834
f 8867 8866 8835
f 8836 8867 8835
f 8868 8867 8836
f 8837 8868 8836
f 8869 8868 8837
f 8838 8869 8837
f 8870 8869 8838
f 8839 8870 8838
f 8871 8870 8839
f 8840 8871 8839
f 8872 8871 8840
f 8841 8872 8840
f 8873 8872 8841
f 8842 8873 8841
f 8874 8873 8842
f 8843 8874 8842
f 8875 8874 8843
f 8844 8875 8843
f 8876 8875 8844
f 8813 8876 8844
f 8845 8876 8813
f 8846 8877 8845
f 8847 8877 8846
f 8848 8877 8847
f 8849 8877 8848
f 8850 8877 8849
f 8851 8877 8850
f 8852 8877 8851
f 8853 8877 8852
f 8854 8877 8853
f 8855 8877 8854
f 8856 8877 8855
f 8857 8877 8856
f 8858 8877 8857
f 8859 8877 8858
f 8860 8877 8859
f 8861 8877 8860
f 8862 8877 8861
f 8863 8877 8862
f 8864 8877 8863
f 8865 8877 8864
f 8866 8877 8865
f 8867 8877 8866
f 8868 8877 8867
f 8869 8877 8868
f 8870 8877 8869
f 8871 8877 8870
f 8872 8877 8871
f 8873 8877 8872
f 8874 8877 8873
f 8875 8877 8874
f 8876 8877 8875
f 8845 8877 8876
f 8878 8879 8894
f 8879 8895 8894
f 8879 8880 8895
f 8880 8896 8895
f 8880 8881 8896
f 8881 8897 8896
f 8881 8882 8897
f 8882 8898 8897
f 8882 8883 8898
f 8883 8899 8898
f 8883 8884 8899
f 8884 8900 8899
f 8884 8885 8900
f 8885 8901 8900
f 8885 8886 8901
f 8886 8902 8901
f 8886 8887 8902
f 8887 8903 8902
f 8887 8888 8903
f 8888 8904 8903
f 8888 8889 8904
f 8889 8905 8904
f 8889 8890 8905
f 8890 8906 8905
f 8890 8891 8906
f 8891 8907 8906
f 8891 8892 8907
f 8892 8908 8907
f 8892 8893 8908
f 8893 8909 8908
f 8893 8878 8909
f 8878 8894 8909
f 8894 8895 8910
f 8895 8911 8910
f 8895 8896 8911
f 8896 8912 8911
f 8896 8897 8912
f 8897 8913 8912
f 8897 8898 8913
f 8898 8914 8913
f 8898 8899 8914
f 8899 8915 8914
f 8899 8900 8915
f 8900 8916 8915
f 8900 8901 8916
f 8901 8917 8916
f 8901 8902 8917
f 8902 8918 8917
f 8902 8903 8918
f 8903 8919 8918
f 8903 8904 8919
f 8904 8920 8919
f 8904 8905 8920
f 8905 8921 8920
f 8905 8906 8921
f 8906 8922 8921
f 8906 8907 8922
f 8907 8923 8922
f 8907 8908 8923
f 8908 8924 8923
f 8908 8909 8924
f 8909 8925 8924
f 8909 8894 8925
f 8894 8910 8925
f 8910 8911 8926
f 8911 8927 8926
f 8911 8912 8927
f 8912 8928 8927
f 8912 8913 8928
f 8913 8929 8928
f 8913 8914 8929
f 8914 8930 8929
f 8914 8915 8930
f 8915 8931 8930
f 8915 8916 8931
f 8916 8932 8931
f 8916 8917 8932
f 8917 8933 8932
f 8917 8918 8933
f 8918 8934 8933
f 8918 8919 8934
f 8919 8935 8934
f 8919 8920 8935
f 8920 8936 8935
f 8920 8921 8936
f 8921 8937 8936
f 8921 8922 8937
f 8922 8938 8937
f 8922 8923 8938
f 8923 8939 8938
f 8923 8924 8939
f 8924 8940 8939
f 8924 8925 8940
f 8925 8941 8940
f 8925 8910 8941
f 8910 8926 8941
f 8942 8879 8878
f 8942 8880 8879
f 8942 8881 8880
f 8942 8882 8881
f 8942 8883 8882
f 8942 8884 8883
f 8942 8885 8884
f 8942 8886 8885
f 8942 8887 8886
f 8942 8888 8887
f 8942 8889 8888
f 8942 8890 8889
f 8942 8891 8890
f 8942 8892 8891
f 8942 8893 8892
f 8942 8878 8893
f 8943 8926 8927
f 8943 8927 8928
f 8943 8928 8929
f 8943 8929 8930
f 8943 8930 8931
f 8943 8931 8932
f 8943 8932 8933
f 8943 8933 8934
f 8943 8934 8935
f 8943 8935 8936
f 8943 8936 8937
f 8943 8937 8938
f 8943 8938 8939
f 8943 8939 8940
f 8943 8940 8941
f 8943 8941 8926
f 8944 8945 8960
f 8945 8961 8960
f 8945 8946 8961
f 8946 8962 8961
f 8946 8947 8962
f 8947 8963 8962
f 8947 8948 8963
f 8948 8964 8963
f 8948 8949 8964
f 8949 8965 8964
f 8949 8950 8965
f 8950 8966 8965
f 8950 8951 8966
f 8951 8967 8966
f 8951 8952 8967
f 8952 8968 8967
f 8952 8953 8968
f 8953 8969 8968
f 8953 8954 8969
f 8954 8970 8969
f 8954 8955 8970
f 8955 8971 8970
f 8955 8956 8971
f 8956 8972 8971
f 8956 8957 8972
f 8957 8973 8972
f 8957 8958 8973
f 8958 8974 8973
f 8958 8959 8974
f 8959 8975 8974
f 8959 8944 8975
f 8944 8960 8975
f 8960 8961 8976
f 8961 8977 8976
f 8961 8962 8977
f 8962 8978 8977
f 8962 8963 8978
f 8963 8979 8978
f 8963 8964 8979
f 8964 8980 8979
f 8964 8965 8980
f 8965 8981 8980
f 8965 8966 8981
f 8966 8982 8981
f 8966 8967 8982
f 8967 8983 8982
f 8967 8968 8983
f 8968 8984 8983
f 8968 8969 8984
f 8969 8985 8984
f 8969 8970 8985
f 8970 8986 8985
f 8970 8971 8986
f 8971 8987 8986
f 8971 8972 8987
f 8972 8988 8987
f 8972 8973 8988
f 8973 8989 8988
f 8973 8974 8989
f 8974 8990 8989
f 8974 8975 8990
f 8975 8991 8990
f 8975 8960 8991
f 8960 8976 8991
f 8976 8977 8992
f 8977 8993 8992
f 8977 8978 8993
f 8978 8994 8993
f 8978 8979 8994
f 8979 8995 8994
f 8979 8980 8995
f 8980 8996 8995
f 8980 8981 8996
f 8981 8997 8996
f 8981 8982 8997
f 8982 8998 8997
f 8982 8983 8998
f 8983 8999 8998
f 8983 8984 8999
f 8984 9000 8999
f 8984 8985 9000
f 8985 9001 9000
f 8985 8986 9001
f 8986 9002 9001
f 8986 8987 9002
f 8987 9003 9002
f 8987 8988 9003
f 8988 9004 9003
f 8988 8989 9004
f 8989 9005 9004
f 8989 8990 9005
f 8990 9006 9005
f 8990 8991 9006
f 8991 9007 9006
f 8991 8976 9007
f 8976 8992 9007
f 9008 8945 8944
f 9008 8946 8945
f 9008 8947 8946
f 9008 8948 8947
f 9008 8949 8948
f 9008 8950 8949
f 9008 8951 8950
f 9008 8952 8951
f 9008 8953 8952
f 9008 8954 8953
f 9008 8955 8954
f 9008 8956 8955
f 9008 8957 8956
f 9008 8958 8957
f 9008 8959 8958
f 9008 8944 8959
f 9009 8992 8993
f 9009 8993 8994
f 9009 8994 8995
f 9009 8995 8996
f 9009 8996 8997
f 9009 8997 8998
f 9009 8998 8999
f 9009 8999 9000
f 9009 9000 9001
f 9009 9001 9002
f 9009 9002 9003
f 9009 9003 9004
f 9009 9004 9005
f 9009 9005 9006
f 9009 9006 9007
f 9009 9007 8992
f 9010 9011 9026
f 9011 9027 9026
f 9011 9012 9027
f 9012 9028 9027
f 9012 9013 9028
f 9013 9029 9028
f 9013 9014 9029
f 9014 9030 9029
f 9014 9015 9030
f 9015 9031 9030
f 9015 9016 9031
f 9016 9032 9031
f 9016 9017 9032
f 9017 9033 9032
f 9017 9018 9033
f 9018 9034 9033
f 9018 9019 9034
f 9019 9035 9034
f 9019 9020 9035
f 9020 9036 9035
f 9020 9021 9036
f 9021 9037 9036
f 9021 9022 9037
f 9022 9038 9037
f 9022 9023 9038
f 9023 9039 9038
f 9023 9024 9039
f 9024 9040 9039
f 9024 9025 9040
f 9025 9041 9040
f 9025 9010 9041
f 9010 9026 9041
f 9026 9027 9042
f 9027 9043 9042
f 9027 9028 9043
f 9028 9044 9043
f 9028 9029 9044
f 9029 9045 9044
f 9029 9030 9045
f 9030 9046 9045
f 9030 9031 9046
f 9031 9047 9046
f 9031 9032 9047
f 9032 9048 9047
f 9032 9033 9048
f 9033 9049 9048
f 9033 9034 9049
f 9034 9050 9049
f 9034 9035 9050
f 9035 9051 9050
f 9035 9036 9051
f 9036 9052 9051
f 9036 9037 9052
f 9037 9053 9052
f 9037 9038 9053
f 9038 9054 9053
f 9038 9039 9054
f 9039 9055 9054
f 9039 9040 9055
f 9040 9056 9055
f 9040 9041 9056
f 9041 9057 9056
f 9041 9026 9057
f 9026 9042 9057
f 9042 9043 9058
f 9043 9059 9058
f 9043 9044 9059
f 9044 9060 9059
f 9044 9045 9060
f 9045 9061 9060
f 9045 9046 9061
f 9046 9062 9061
f 9046 9047 9062
f 9047 9063 9062
f 9047 9048 9063
f 9048 9064 9063
f 9048 9049 9064
f 9049 9065 9064
f 9049 9050 9065
f 9050 9066 9065
f 9050 9051 9066
f 9051 9067 9066
f 9051 9052 9067
f 9052 9068 9067
f 9052 9053 9068
f 9053 9069 9068
f 9053 9054 9069
f 9054 9070 9069
f 9054 9055 9070
f 9055 9071 9070
f 9055 9056 9071
f 9056 9072 9071
f 9056 9057 9072
f 9057 9073 9072
f 9057 9042 9073
f 9042 9058 9073
f 9074 9011 9010
f 9074 9012 9011
f 9074 9013 9012
f 9074 9014 9013
f 9074 9015 9014
f 9074 9016 9015
f 9074 9017 9016
f 9074 9018 9017
f 9074 9019 9018
f 9074 9020 9019
f 9074 9021 9020
f 9074 9022 9021
f 9074 9023 9022
f 9074 9024 9023
f 9074 9025 9024
f 9074 9010 9025
f 9075 9058 9059
f 9075 9059 9060
f 9075 9060 9061
f 9075 9061 9062
f 9075 9062 9063
f 9075 9063 9064
f 9075 9064 9065
f 9075 9065 9066
f 9075 9066 9067
f 9075 9067 9068
f 9075 9068 9069
f 9075 9069 9070
f 9075 9070 9071
f 9075 9071 9072
f 9075 9072 9073
f 9075 9073 9058
f 9076 9077 9092
f 9077 9093 9092
f 9077 9078 9093
f 9078 9094 9093
f 9078 9079 9094
f 9079 9095 9094
f 9079 9080 9095
f 9080 9096 9095
f 9080 9081 9096
f 9081 9097 9096
f 9081 9082 9097
f 9082 9098 9097
f 9082 9083 9098
f 9083 9099 9098
f 9083 9084 9099
f 9084 9100 9099
f 9084 9085 9100
f 9085 9101 9100
f 9085 9086 9101
f 9086 9102 9101
f 9086 9087 9102
f 9087 9103 9102
f 9087 9088 9103
f 9088 9104 9103
f 9088 9089 9104
f 9089 9105 9104
f 9089 9090 9105
f 9090 9106 9105
f 9090 9091 9106
f 9091 9107 9106
f 9091 9076 9107
f 9076 9092 9107
f 9092 9093 9108
f 9093 9109 9108
f 9093 9094 9109
f 9094 9110 9109
f 9094 9095 9110
f 9095 9111 9110
f 9095 9096 9111
f 9096 9112 9111
f 9096 9097 9112
f 9097 9113 9112
f 9097 9098 9113
f 9098 9114 9113
f 9098 9099 9114
f 9099 9115 9114
f 9099 9100 9115
f 9100 9116 9115
f 9100 9101 9116
f 9101 9117 9116
f 9101 9102 9117
f 9102 9118 9117
f 9102 9103 9118
f 9103 9119 9118
f 9103 9104 9119
f 9104 9120 9119
f 9104 9105 9120
f 9105 9121 9120
f 9105 9106 9121
f 9106 9122 9121
f 9106 9107 9122
f 9107 9123 9122
f 9107 9092 9123
f 9092 9108 9123
f 9108 9109 9124
f 9109 9125 9124
f 9109 9110 9125
f 9110 9126 9125
f 9110 9111 9126
f 9111 9127 9126
f 9111 9112 9127
f 9112 9128 9127
f 9112 9113 9128
f 9113 9129 9128
f 9113 9114 9129
f 9114 9130 9129
f 9114 9115 9130
f 9115 9131 9130
f 9115 9116 9131
f 9116 9132 9131
f 9116 9117 9132
f 9117 9133 9132
f 9117 9118 9133
f 9118 9134 9133
f 9118 9119 9134
f 9119 9135 9134
f 9119 9120 9135
f 9120 9136 9135
f 9120 9121 9136
f 9121 9137 9136
f 9121 9122 9137
f 9122 9138 9137
f 9122 9123 9138
f 9123 9139 9138
f 9123 9108 9139
f 9108 9124 9139
f 9140 9077 9076
f 9140 9078 9077
f 9140 9079 9078
f 9140 9080 9079
f 9140 9081 9080
f 9140 9082 9081
f 9140 9083 9082
f 9140 9084 9083
f 9140 9085 9084
f 9140 9086 9085
f 9140 9087 9086
f 9140 9088 9087
f 9140 9089 9088
f 9140 9090 9089
f 9140 9091 9090
f 9140 9076 9091
f 9141 9124 9125
f 9141 9125 9126
f 9141 9126 9127
f 9141 9127 9128
f 9141 9128 9129
f 9141 9129 9130
f 9141 9130 9131
f 9141 9131 9132
f 9141 9132 9133
f 9141 9133 9134
f 9141 9134 9135
f 9141 9135 9136
f 9141 9136 9137
f 9141 9137 9138
f 9141 9138 9139
f 9141 9139 9124
f 9142 9143 9158
f 9143 9159 9158
f 9143 9144 9159
f 9144 9160 9159
f 9144 9145 9160
f 9145 9161 9160
f 9145 9146 9161
f 9146 9162 9161
f 9146 9147 9162
f 9147 9163 9162
f 9147 9148 9163
f 9148 9164 9163
f 9148 9149 9164
f 9149 9165 9164
f 9149 9150 9165
f 9150 9166 9165
f 9150 9151 9166
f 9151 9167 9166
f 9151 9152 9167
f 9152 9168 9167
f 9152 9153 9168
f 9153 9169 9168
f 9153 9154 9169
f 9154 9170 9169
f 9154 9155 9170
f 9155 9171 9170
f 9155 9156 9171
f 9156 9172 9171
f 9156 9157 9172
f 9157 9173 9172
f 9157 9142 9173
f 9142 9158 9173
f 9158 9159 9174
f 9159 9175 9174
f 9159 9160 9175
f 9160 9176 9175
f 9160 9161 9176
f 9161 9177 9176
f 9161 9162 9177
f 9162 9178 9177
f 9162 9163 9178
f 9163 9179 9178
f 9163 9164 9179
f 9164 9180 9179
f 9164 9165 9180
f 9165 9181 9180
f 9165 9166 9181
f 9166 9182 9181
f 9166 9167 9182
f 9167 9183 9182
f 9167 9168 9183
f 9168 9184 9183
f 9168 9169 9184
f 9169 9185 9184
f 9169 9170 9185
f 9170 9186 9185
f 9170 9171 9186
f 9171 9187 9186
f 9171 9172 9187
f 9172 9188 9187
f 9172 9173 9188
f 9173 9189 9188
f 9173 9158 9189
f 9158 9174 9189
f 9174 9175 9190
f 9175 9191 9190
f 9175 9176 9191
f 9176 9192 9191
f 9176 9177 9192
f 9177 9193 9192
f 9177 9178 9193
f 9178 9194 9193
f 9178 9179 9194
f 9179 9195 9194
f 9179 9180 9195
f 9180 9196 9195
f 9180 9181 9196
f 9181 9197 9196
f 9181 9182 9197
f 9182 9198 9197
f 9182 9183 9198
f 9183 9199 9198
f 9183 9184 9199
f 9184 9200 9199
f 9184 9185 9200
f 9185 9201 9200
f 9185 9186 9201
f 9186 9202 9201
f 9186 9187 9202
f 9187 9203 9202
f 9187 9188 9203
f 9188 9204 9203
f 9188 9189 9204
f 9189 9205 9204
f 9189 9174 9205
f 9174 9190 9205
f 9206 9143 9142
f 9206 9144 9143
f 9206 9145 9144
f 9206 9146 9145
f 9206 9147 9146
f 9206 9148 9147
f 9206 9149 9148
f 9206 9150 9149
f 9206 9151 9150
f 9206 9152 9151
f 9206 9153 9152
f 9206 9154 9153
f 9206 9155 9154
f 9206 9156 9155
f 9206 9157 9156
f 9206 9142 9157
f 9207 9190 9191
f 9207 9191 9192
f 9207 9192 9193
f 9207 9193 9194
f 9207 9194 9195
f 9207 9195 9196
f 9207 9196 9197
f 9207 9197 9198
f 9207 9198 9199
f 9207 9199 9200
f 9207 9200 9201
f 9207 9201 9202
f 9207 9202 9203
f 9207 9203 9204
f 9207 9204 9205
f 9207 9205 9190
f 9208 9209 9224
f 9209 9225 9224
f 9209 9210 9225
f 9210 9226 9225
f 9210 9211 9226
f 9211 9227 9226
f 9211 9212 9227
f 9212 9228 9227
f 9212 9213 9228
f 9213 9229 9228
f 9213 9214 9229
f 9214 9230 9229
f 9214 9215 9230
f 9215 9231 9230
f 9215 9216 9231
f 9216 9232 9231
f 9216 9217 9232
f 9217 9233 9232
f 9217 9218 9233
f 9218 9234 9233
f 9218 9219 9234
f 9219 9235 9234
f 9219 9220 9235
f 9220 9236 9235
f 9220 9221 9236
f 9221 9237 9236
f 9221 9222 9237
f 9222 9238 9237
f 9222 9223 9238
f 9223 9239 9238
f 9223 9208 9239
f 9208 9224 9239
f 9224 9225 9240
f 9225 9241 9240
f 9225 9226 9241
f 9226 9242 9241
f 9226 9227 9242
f 9227 9243 9242
f 9227 9228 9243
f 9228 9244 9243
f 9228 9229 9244
f 9229 9245 9244
f 9229 9230 9245
f 9230 9246 9245
f 9230 9231 9246
f 9231 9247 9246
f 9231 9232 9247
f 9232 9248 9247
f 9232 9233 9248
f 9233 9249 9248
f 9233 9234 9249
f 9234 9250 9249
f 9234 9235 9250
f 9235 9251 9250
f 9235 9236 9251
f 9236 9252 9251
f 9236 9237 9252
f 9237 9253 9252
f 9237 9238 9253
f 9238 9254 9253
f 9238 9239 9254
f 9239 9255 9254
f 9239 9224 9255
f 9224 9240 9255
f 9240 9241 9256
f 9241 9257 9256
f 9241 9242 9257
f 9242 9258 9257
f 9242 9243 9258
f 9243 9259 9258
f 9243 9244 9259
f 9244 9260 9259
f 9244 9245 9260
f 9245 9261 9260
f 9245 9246 9261
f 9246 9262 9261
f 9246 9247 9262
f 9247 9263 9262
f 9247 9248 9263
f 9248 9264 9263
f 9248 9249 9264
f 9249 9265 9264
f 9249 9250 9265
f 9250 9266 9265
f 9250 9251 9266
f 9251 9267 9266
f 9251 9252 9267
f 9252 9268 9267
f 9252 9253 9268
f 9253 9269 9268
f 9253 9254 9269
f 9254 9270 9269
f 9254 9255 9270
f 9255 9271 9270
f 9255 9240 9271
f 9240 9256 9271
f 9272 9209 9208
f 9272 9210 9209
f 9272 9211 9210
f 9272 9212 9211
f 9272 9213 9212
f 9272 9214 9213
f 9272 9215 9214
f 9272 9216 9215
f 9272 9217 9216
f 9272 9218 9217
f 9272 9219 9218
f 9272 9220 9219
f 9272 9221 9220
f 9272 9222 9221
f 9272 9223 9222
f 9272 9208 9223
f 9273 9256 9257
f 9273 9257 9258
f 9273 9258 9259
f 9273 9259 9260
f 9273 9260 9261
f 9273 9261 9262
f 9273 9262 9263
f 9273 9263 9264
f 9273 9264 9265
f 9273 9265 9266
f 9273 9266 9267
f 9273 9267 9268
f 9273 9268 9269
f 9273 9269 9270
f 9273 9270 9271
f 9273 9271 9256
f 9274 9275 9290
f 9275 9291 9290
f 9275 9276 9291
f 9276 9292 9291
f 9276 9277 9292
f 9277 9293 9292
f 9277 9278 9293
f 9278 9294 9293
f 9278 9279 9294
f 9279 9295 9294
f 9279 9280 9295
f 9280 9296 9295
f 9280 9281 9296
f 9281 9297 9296
f 9281 9282 9297
f 9282 9298 9297
f 9282 9283 9298
f 9283 9299 9298
f 9283 9284 9299
f 9284 9300 9299
f 9284 9285 9300
f 9285 9301 9300
f 9285 9286 9301
f 9286 9302 9301
f 9286 9287 9302
f 9287 9303 9302
f 9287 9288 9303
f 9288 9304 9303
f 9288 9289 9304
f 9289 9305 9304
f 9289 9274 9305
f 9274 9290 9305
f 9290 9291 9306
f 9291 9307 9306
f 9291 9292 9307
f 9292 9308 9307
f 9292 9293 9308
f 9293 9309 9308
f 9293 9294 9309
f 9294 9310 9309
f 9294 9295 9310
f 9295 9311 9310
f 9295 9296 9311
f 9296 9312 9311
f 9296 9297 9312
f 9297 9313 9312
f 9297 9298 9313
f 9298 9314 9313
f 9298 9299 9314
f 9299 9315 9314
f 9299 9300 9315
f 9300 9316 9315
f 9300 9301 9316
f 9301 9317 9316
f 9301 9302 9317
f 9302 9318 9317
f 9302 9303 9318
f 9303 9319 9318
f 9303 9304 9319
f 9304 9320 9319
f 9304 9305 9320
f 9305 9321 9320
f 9305 9290 9321
f 9290 9306 9321
f 9306 9307 9322
f 9307 9323 9322
f 9307 9308 9323
f 9308 9324 9323
f 9308 9309 9324
f 9309 9325 9324
f 9309 9310 9325
f 9310 9326 9325
f 9310 9311 9326
f 9311 9327 9326
f 9311 9312 9327
f 9312 9328 9327
f 9312 9313 9328
f 9313 9329 9328
f 9313 9314 9329
f 9314 9330 9329
f 9314 9315 9330
f 9315 9331 9330
f 9315 9316 9331
f 9316 9332 9331
f 9316 9317 9332
f 9317 9333 9332
f 9317 9318 9333
f 9318 9334 9333
f 9318 9319 9334
f 9319 9335 9334
f 9319 9320 9335
f 9320 9336 9335
f 9320 9321 9336
f 9321 9337 9336
f 9321 9306 9337
f 9306 9322 9337
f 9338 9275 9274
f 9338 9276 9275
f 9338 9277 9276
f 9338 9278 9277
f 9338 9279 9278
f 9338 9280 9279
f 9338 9281 9280
f 9338 9282 9281
f 9338 9283 9282
f 9338 9284 9283
f 9338 9285 9284
f 9338 9286 9285
f 9338 9287 9286
f 9338 9288 9287
f 9338 9289 9288
f 9338 9274 9289
f 9339 9322 9323
f 9339 9323 9324
f 9339 9324 9325
f 9339 9325 9326
f 9339 9326 9327
f 9339 9327 9328
f 9339 9328 9329
f 9339 9329 9330
f 9339 9330 9331
f 9339 9331 9332
f 9339 9332 9333
f 9339 9333 9334
f 9339 9334 9335
f 9339 9335 9336
f 9339 9336 9337
f 9339 9337 9322
f 9340 9341 9356
f 9341 9357 9356
f 9341 9342 9357
f 9342 9358 9357
f 9342 9343 9358
f 9343 9359 9358
f 9343 9344 9359
f 9344 9360 9359
f 9344 9345 9360
f 9345 9361 9360
f 9345 9346 9361
f 9346 9362 9361
f 9346 9347 9362
f 9347 9363 9362
f 9347 9348 9363
f 9348 9364 9363
f 9348 9349 9364
f 9349 9365 9364
f 9349 9350 9365
f 9350 9366 9365
f 9350 9351 9366
f 9351 9367 9366
f 9351 9352 9367
f 9352 9368 9367
f 9352 9353 9368
f 9353 9369 9368
f 9353 9354 9369
f 9354 9370 9369
f 9354 9355 9370
f 9355 9371 9370
f 9355 9340 9371
f 9340 9356 9371
f 9356 9357 9372
f 9357 9373 9372
f 9357 9358 9373
f 9358 9374 9373
f 9358 9359 9374
f 9359 9375 9374
f 9359 9360 9375
f 9360 9376 9375
f 9360 9361 9376
f 9361 9377 9376
f 9361 9362 9377
f 9362 9378 9377
f 9362 9363 9378
f 9363 9379 9378
f 9363 9364 9379
f 9364 9380 9379
f 9364 9365 9380
f 9365 9381 9380
f 9365 9366 9381
f 9366 9382 9381
f 9366 9367 9382
f 9367 9383 9382
f 9367 9368 9383
f 9368 9384 9383
f 9368 9369 9384
f 9369 9385 9384
f 9369 9370 9385
f 9370 9386 9385
f 9370 9371 9386
f 9371 9387 9386
f 9371 9356 9387
f 9356 9372 9387
f 9372 9373 9388
f 9373 9389 9388
f 9373 9374 9389
f 9374 9390 9389
f 9374 9375 9390
f 9375 9391 9390
f 9375 9376 9391
f 9376 9392 9391
f 9376 9377 9392
f 9377 9393 9392
f 9377 9378 9393
f 9378 9394 9393
f 9378 9379 9394
f 9379 9395 9394
f 9379 9380 9395
f 9380 9396 9395
f 9380 9381 9396
f 9381 9397 9396
f 9381 9382 9397
f 9382 9398 9397
f 9382 9383 9398
f 9383 9399 9398
f 9383 9384 9399
f 9384 9400 9399
f 9384 9385 9400
f 9385 9401 9400
f 9385 9386 9401
f 9386 9402 9401
f 9386 9387 9402
f 9387 9403 9402
f 9387 9372 9403
f 9372 9388 9403
f 9404 9341 9340
f 9404 9342 9341
f 9404 9343 9342
f 9404 9344 9343
f 9404 9345 9344
f 9404 9346 9345
f 9404 9347 9346
f 9404 9348 9347
f 9404 9349 9348
f 9404 9350 9349
f 9404 9351 9350
f 9404 9352 9351
f 9404 9353 9352
f 9404 9354 9353
f 9404 9355 9354
f 9404 9340 9355
f 9405 9388 9389
f 9405 9389 9390
f 9405 9390 9391
f 9405 9391 9392
f 9405 9392 9393
f 9405 9393 9394
f 9405 9394 9395
f 9405 9395 9396
f 9405 9396 9397
f 9405 9397 9398
f 9405 9398 9399
f 9405 9399 9400
f 9405 9400 9401
f 9405 9401 9402
f 9405 9402 9403
f 9405 9403 9388
f 9406 9407 9420
f 9407 9421 9420
f 9407 9408 9421
f 9408 9422 9421
f 9408 9409 9422
f 9409 9423 9422
f 9409 9410 9423
f 9410 9424 9423
f 9410 9411 9424
f 9411 9425 9424
f 9411 9412 9425
f 9412 9426 9425
f 9412 9413 9426
f 9413 9427 9426
f 9413 9414 9427
f 9414 9428 9427
f 9414 9415 9428
f 9415 9429 9428
f 9415 9416 9429
f 9416 9430 9429
f 9416 9417 9430
f 9417 9431 9430
f 9417 9418 9431
f 9418 9432 9431
f 9418 9419 9432
f 9419 9433 9432
f 9419 9406 9433
f 9406 9420 9433
f 9420 9421 9434
f 9421 9435 9434
f 9421 9422 9435
f 9422 9436 9435
f 9422 9423 9436
f 9423 9437 9436
f 9423 9424 9437
f 9424 9438 9437
f 9424 9425 9438
f 9425 9439 9438
f 9425 9426 9439
f 9426 9440 9439
f 9426 9427 9440
f 9427 9441 9440
f 9427 9428 9441
f 9428 9442 9441
f 9428 9429 9442
f 9429 9443 9442
f 9429 9430 9443
f 9430 9444 9443
f 9430 9431 9444
f 9431 9445 9444
f 9431 9432 9445
f 9432 9446 9445
f 9432 9433 9446
f 9433 9447 9446
f 9433 9420 9447
f 9420 9434 9447
f 9448 9407 9406
f 9448 9408 9407
f 9448 9409 9408
f 9448 9410 9409
f 9448 9411 9410
f 9448 9412 9411
f 9448 9413 9412
f 9448 9414 9413
f 9448 9415 9414
f 9448 9416 9415
f 9448 9417 9416
f 9448 9418 9417
f 9448 9419 9418
f 9448 9406 9419
f 9449 9434 9435
f 9449 9435 9436
f 9449 9436 9437
f 9449 9437 9438
f 9449 9438 9439
f 9449 9439 9440
f 9449 9440 9441
f 9449 9441 9442
f 9449 9442 9443
f 9449 9443 9444
f 9449 9444 9445
f 9449 9445 9446
f 9449 9446 9447
f 9449 9447 9434
f 9450 9451 9464
f 9451 9465 9464
f 9451 9452 9465
f 9452 9466 9465
f 9452 9453 9466
f 9453 9467 9466
f 9453 9454 9467
f 9454 9468 9467
f 9454 9455 9468
f 9455 9469 9468
f 9455 9456 9469
f 9456 9470 9469
f 9456 9457 9470
f 9457 9471 9470
f 9457 9458 9471
f 9458 9472 9471
f 9458 9459 9472
f 9459 9473 9472
f 9459 9460 9473
f 9460 9474 9473
f 9460 9461 9474
f 9461 9475 9474
f 9461 9462 9475
f 9462 9476 9475
f 9462 9463 9476
f 9463 9477 9476
f 9463 9450 9477
f 9450 9464 9477
f 9464 9465 9478
f 9465 9479 9478
f 9465 9466 9479
f 9466 9480 9479
f 9466 9467 9480
f 9467 9481 9480
f 9467 9468 9481
f 9468 9482 9481
f 9468 9469 9482
f 9469 9483 9482
f 9469 9470 9483
f 9470 9484 9483
f 9470 9471 9484
f 9471 9485 9484
f 9471 9472 9485
f 9472 9486 9485
f 9472 9473 9486
f 9473 9487 9486
f 9473 9474 9487
f 9474 9488 9487
f 9474 9475 9488
f 9475 9489 9488
f 9475 9476 9489
f 9476 9490 9489
f 9476 9477 9490
f 9477 9491 9490
f 9477 9464 9491
f 9464 9478 9491
f 9492 9451 9450
f 9492 9452 9451
f 9492 9453 9452
f 9492 9454 9453
f 9492 9455 9454
f 9492 9456 9455
f 9492 9457 9456
f 9492 9458 9457
f 9492 9459 9458
f 9492 9460 9459
f 9492 9461 9460
f 9492 9462 9461
f 9492 9463 9462
f 9492 9450 9463
f 9493 9478 9479
f 9493 9479 9480
f 9493 9480 9481
f 9493 9481 9482
f 9493 9482 9483
f 9493 9483 9484
f 9493 9484 9485
f 9493 9485 9486
f 9493 9486 9487
f 9493 9487 9488
f 9493 9488 9489
f 9493 9489 9490
f 9493 9490 9491
f 9493 9491 9478
v -0.029000 0.260000 -0.030000
v -0.032101 0.260000 -0.005412
v -0.041192 0.260000 0.017500
v -0.055653 0.260000 0.037175
v -0.074500 0.260000 0.052272
v -0.096447 0.260000 0.061763
v -0.120000 0.260000 0.065000
v -0.143553 0.260000 0.061763
v -0.165500 0.260000 0.052272
v -0.184347 0.260000 0.037175
v -0.198808 0.260000 0.017500
v -0.207899 0.260000 -0.005412
v -0.211000 0.260000 -0.030000
v -0.207899 0.260000 -0.054588
v -0.198808 0.260000 -0.077500
v -0.184347 0.260000 -0.097175
v -0.165500 0.260000 -0.112272
v -0.143553 0.260000 -0.121763
v -0.120000 0.260000 -0.125000
v -0.096447 0.260000 -0.121763
v -0.074500 0.260000 -0.112272
v -0.055653 0.260000 -0.097175
v -0.041192 0.260000 -0.077500
v -0.032101 0.260000 -0.054588
v -0.028000 0.230000 -0.030000
v -0.031135 0.230000 -0.004895
v -0.040326 0.230000 0.018500
v -0.054946 0.230000 0.038589
v -0.074000 0.230000 0.054004
v -0.096189 0.230000 0.063695
v -0.120000 0.230000 0.067000
v -0.143811 0.230000 0.063695
v -0.166000 0.230000 0.054004
v -0.185054 0.230000 0.038589
v -0.199674 0.230000 0.018500
v -0.208865 0.230000 -0.004895
v -0.212000 0.230000 -0.030000
v -0.208865 0.230000 -0.055105
v -0.199674 0.230000 -0.078500
v -0.185054 0.230000 -0.098589
v -0.166000 0.230000 -0.114004
v -0.143811 0.230000 -0.123695
v -0.120000 0.230000 -0.127000
v -0.096189 0.230000 -0.123695
v -0.074000 0.230000 -0.114004
v -0.054946 0.230000 -0.098589
v -0.040326 0.230000 -0.078500
v -0.031135 0.230000 -0.055105
v -0.120000 0.260000 -0.030000
v -0.120000 0.230000 -0.030000
v -0.203000 0.209000 0.015000
v -0.199556 0.208315 0.015000
v -0.200017 0.208315 0.017296
v -0.201278 0.208315 0.018977
v -0.203000 0.208315 0.019592
v -0.204722 0.208315 0.018977
v -0.205983 0.208315 0.017296
v -0.206444 0.208315 0.015000
v -0.205983 0.208315 0.012704
v -0.204722 0.208315 0.011023
v -0.203000 0.208315 0.010408
v -0.201278 0.208315 0.011023
v -0.200017 0.208315 0.012704
v -0.196636 0.206364 0.015000
v -0.197489 0.206364 0.019243
v -0.199818 0.206364 0.022348
v -0.203000 0.206364 0.023485
v -0.206182 0.206364 0.022348
v -0.208511 0.206364 0.019243
v -0.209364 0.206364 0.015000
v -0.208511 0.206364 0.010757
v -0.206182 0.206364 0.007652
v -0.203000 0.206364 0.006515
v -0.199818 0.206364 0.007652
v -0.197489 0.206364 0.010757
v -0.194685 0.203444 0.015000
v -0.195799 0.203444 0.020543
v -0.198843 0.203444 0.024601
v -0.203000 0.203444 0.026087
v -0.207157 0.203444 0.024601
v -0.210201 0.203444 0.020543
v -0.211315 0.203444 0.015000
v -0.210201 0.203444 0.009457
v -0.207157 0.203444 0.005399
v -0.203000 0.203444 0.003913
v -0.198843 0.203444 0.005399
v -0.195799 0.203444 0.009457
v -0.194000 0.200000 0.015000
v -0.195206 0.200000 0.021000
v -0.198500 0.200000 0.025392
v -0.203000 0.200000 0.027000
v -0.207500 0.200000 0.025392
v -0.210794 0.200000 0.021000
v -0.212000 0.200000 0.015000
v -0.210794 0.200000 0.009000
v -0.207500 0.200000 0.004608
v -0.203000 0.200000 0.003000
v -0.198500 0.200000 0.004608
v -0.195206 0.200000 0.009000
v -0.194685 0.196556 0.015000
v -0.195799 0.196556 0.020543
v -0.198843 0.196556 0.024601
v -0.203000 0.196556 0.026087
v -0.207157 0.196556 0.024601
v -0.210201 0.196556 0.020543
v -0.211315 0.196556 0.015000
v -0.210201 0.196556 0.009457
v -0.207157 0.196556 0.005399
v -0.203000 0.196556 0.003913
v -0.198843 0.196556 0.005399
v -0.195799 0.196556 0.009457
v -0.196636 0.193636 0.015000
v -0.197489 0.193636 0.019243
v -0.199818 0.193636 0.022348
v -0.203000 0.193636 0.023485
v -0.206182 0.193636 0.022348
v -0.208511 0.193636 0.019243
v -0.209364 0.193636 0.015000
v -0.208511 0.193636 0.010757
v -0.206182 0.193636 0.007652
v -0.203000 0.193636 0.006515
v -0.199818 0.193636 0.007652
v -0.197489 0.193636 0.010757
v -0.199556 0.191685 0.015000
v -0.200017 0.191685 0.017296
v -0.201278 0.191685 0.018977
v -0.203000 0.191685 0.019592
v -0.204722 0.191685 0.018977
v -0.205983 0.191685 0.017296
v -0.206444 0.191685 0.015000
v -0.205983 0.191685 0.012704
v -0.204722 0.191685 0.011023
v -0.203000 0.191685 0.010408
v -0.201278 0.191685 0.011023
v -0.200017 0.191685 0.012704
v -0.203000 0.191000 0.015000
v -0.203000 0.174000 0.015000
v -0.199556 0.173315 0.015000
v -0.200017 0.173315 0.017296
v -0.201278 0.173315 0.018977
v -0.203000 0.173315 0.019592
v -0.204722 0.173315 0.018977
v -0.205983 0.173315 0.017296
v -0.206444 0.173315 0.015000
v -0.205983 0.173315 0.012704
v -0.204722 0.173315 0.011023
v -0.203000 0.173315 0.010408
v -0.201278 0.173315 0.011023
v -0.200017 0.173315 0.012704
v -0.196636 0.171364 0.015000
v -0.197489 0.171364 0.019243
v -0.199818 0.171364 0.022348
v -0.203000 0.171364 0.023485
v -0.206182 0.171364 0.022348
v -0.208511 0.171364 0.019243
v -0.209364 0.171364 0.015000
v -0.208511 0.171364 0.010757
v -0.206182 0.171364 0.007652
v -0.203000 0.171364 0.006515
v -0.199818 0.171364 0.007652
v -0.197489 0.171364 0.010757
v -0.194685 0.168444 0.015000
v -0.195799 0.168444 0.020543
v -0.198843 0.168444 0.024601
v -0.203000 0.168444 0.026087
v -0.207157 0.168444 0.024601
v -0.210201 0.168444 0.020543
v -0.211315 0.168444 0.015000
v -0.210201 0.168444 0.009457
v -0.207157 0.168444 0.005399
v -0.203000 0.168444 0.003913
v -0.198843 0.168444 0.005399
v -0.195799 0.168444 0.009457
v -0.194000 0.165000 0.015000
v -0.195206 0.165000 0.021000
v -0.198500 0.165000 0.025392
v -0.203000 0.165000 0.027000
v -0.207500 0.165000 0.025392
v -0.210794 0.165000 0.021000
v -0.212000 0.165000 0.015000
v -0.210794 0.165000 0.009000
v -0.207500 0.165000 0.004608
v -0.203000 0.165000 0.003000
v -0.198500 0.165000 0.004608
v -0.195206 0.165000 0.009000
v -0.194685 0.161556 0.015000
v -0.195799 0.161556 0.020543
v -0.198843 0.161556 0.024601
v -0.203000 0.161556 0.026087
v -0.207157 0.161556 0.024601
v -0.210201 0.161556 0.020543
v -0.211315 0.161556 0.015000
v -0.210201 0.161556 0.009457
v -0.207157 0.161556 0.005399
v -0.203000 0.161556 0.003913
v -0.198843 0.161556 0.005399
v -0.195799 0.161556 0.009457
v -0.196636 0.158636 0.015000
v -0.197489 0.158636 0.019243
v -0.199818 0.158636 0.022348
v -0.203000 0.158636 0.023485
v -0.206182 0.158636 0.022348
v -0.208511 0.158636 0.019243
v -0.209364 0.158636 0.015000
v -0.208511 0.158636 0.010757
v -0.206182 0.158636 0.007652
v -0.203000 0.158636 0.006515
v -0.199818 0.158636 0.007652
v -0.197489 0.158636 0.010757
v -0.199556 0.156685 0.015000
v -0.200017 0.156685 0.017296
v -0.201278 0.156685 0.018977
v -0.203000 0.156685 0.019592
v -0.204722 0.156685 0.018977
v -0.205983 0.156685 0.017296
v -0.206444 0.156685 0.015000
v -0.205983 0.156685 0.012704
v -0.204722 0.156685 0.011023
v -0.203000 0.156685 0.010408
v -0.201278 0.156685 0.011023
v -0.200017 0.156685 0.012704
v -0.203000 0.156000 0.015000
v -0.203000 0.139000 0.015000
v -0.199556 0.138315 0.015000
v -0.200017 0.138315 0.017296
v -0.201278 0.138315 0.018977
v -0.203000 0.138315 0.019592
v -0.204722 0.138315 0.018977
v -0.205983 0.138315 0.017296
v -0.206444 0.138315 0.015000
v -0.205983 0.138315 0.012704
v -0.204722 0.138315 0.011023
v -0.203000 0.138315 0.010408
v -0.201278 0.138315 0.011023
v -0.200017 0.138315 0.012704
v -0.196636 0.136364 0.015000
v -0.197489 0.136364 0.019243
v -0.199818 0.136364 0.022348
v -0.203000 0.136364 0.023485
v -0.206182 0.136364 0.022348
v -0.208511 0.136364 0.019243
v -0.209364 0.136364 0.015000
v -0.208511 0.136364 0.010757
v -0.206182 0.136364 0.007652
v -0.203000 0.136364 0.006515
v -0.199818 0.136364 0.007652
v -0.197489 0.136364 0.010757
v -0.194685 0.133444 0.015000
v -0.195799 0.133444 0.020543
v -0.198843 0.133444 0.024601
v -0.203000 0.133444 0.026087
v -0.207157 0.133444 0.024601
v -0.210201 0.133444 0.020543
v -0.211315 0.133444 0.015000
v -0.210201 0.133444 0.009457
v -0.207157 0.133444 0.005399
v -0.203000 0.133444 0.003913
v -0.198843 0.133444 0.005399
v -0.195799 0.133444 0.009457
v -0.194000 0.130000 0.015000
v -0.195206 0.130000 0.021000
v -0.198500 0.130000 0.025392
v -0.203000 0.130000 0.027000
v -0.207500 0.130000 0.025392
v -0.210794 0.130000 0.021000
v -0.212000 0.130000 0.015000
v -0.210794 0.130000 0.009000
v -0.207500 0.130000 0.004608
v -0.203000 0.130000 0.003000
v -0.198500 0.130000 0.004608
v -0.195206 0.130000 0.009000
v -0.194685 0.126556 0.015000
v -0.195799 0.126556 0.020543
v -0.198843 0.126556 0.024601
v -0.203000 0.126556 0.026087
v -0.207157 0.126556 0.024601
v -0.210201 0.126556 0.020543
v -0.211315 0.126556 0.015000
v -0.210201 0.126556 0.009457
v -0.207157 0.126556 0.005399
v -0.203000 0.126556 0.003913
v -0.198843 0.126556 0.005399
v -0.195799 0.126556 0.009457
v -0.196636 0.123636 0.015000
v -0.197489 0.123636 0.019243
v -0.199818 0.123636 0.022348
v -0.203000 0.123636 0.023485
v -0.206182 0.123636 0.022348
v -0.208511 0.123636 0.019243
v -0.209364 0.123636 0.015000
v -0.208511 0.123636 0.010757
v -0.206182 0.123636 0.007652
v -0.203000 0.123636 0.006515
v -0.199818 0.123636 0.007652
v -0.197489 0.123636 0.010757
v -0.199556 0.121685 0.015000
v -0.200017 0.121685 0.017296
v -0.201278 0.121685 0.018977
v -0.203000 0.121685 0.019592
v -0.204722 0.121685 0.018977
v -0.205983 0.121685 0.017296
v -0.206444 0.121685 0.015000
v -0.205983 0.121685 0.012704
v -0.204722 0.121685 0.011023
v -0.203000 0.121685 0.010408
v -0.201278 0.121685 0.011023
v -0.200017 0.121685 0.012704
v -0.203000 0.121000 0.015000
v 0.211000 0.260000 -0.030000
v 0.207899 0.260000 -0.005412
v 0.198808 0.260000 0.017500
v 0.184347 0.260000 0.037175
v 0.165500 0.260000 0.052272
v 0.143553 0.260000 0.061763
v 0.120000 0.260000 0.065000
v 0.096447 0.260000 0.061763
v 0.074500 0.260000 0.052272
v 0.055653 0.260000 0.037175
v 0.041192 0.260000 0.017500
v 0.032101 0.260000 -0.005412
v 0.029000 0.260000 -0.030000
v 0.032101 0.260000 -0.054588
v 0.041192 0.260000 -0.077500
v 0.055653 0.260000 -0.097175
v 0.074500 0.260000 -0.112272
v 0.096447 0.260000 -0.121763
v 0.120000 0.260000 -0.125000
v 0.143553 0.260000 -0.121763
v 0.165500 0.260000 -0.112272
v 0.184347 0.260000 -0.097175
v 0.198808 0.260000 -0.077500
v 0.207899 0.260000 -0.054588
v 0.212000 0.230000 -0.030000
v 0.208865 0.230000 -0.004895
v 0.199674 0.230000 0.018500
v 0.185054 0.230000 0.038589
v 0.166000 0.230000 0.054004
v 0.143811 0.230000 0.063695
v 0.120000 0.230000 0.067000
v 0.096189 0.230000 0.063695
v 0.074000 0.230000 0.054004
v 0.054946 0.230000 0.038589
v 0.040326 0.230000 0.018500
v 0.031135 0.230000 -0.004895
v 0.028000 0.230000 -0.030000
v 0.031135 0.230000 -0.055105
v 0.040326 0.230000 -0.078500
v 0.054946 0.230000 -0.098589
v 0.074000 0.230000 -0.114004
v 0.096189 0.230000 -0.123695
v 0.120000 0.230000 -0.127000
v 0.143811 0.230000 -0.123695
v 0.166000 0.230000 -0.114004
v 0.185054 0.230000 -0.098589
v 0.199674 0.230000 -0.078500
v 0.208865 0.230000 -0.055105
v 0.120000 0.260000 -0.030000
v 0.120000 0.230000 -0.030000
v 0.203000 0.209000 0.015000
v 0.206444 0.208315 0.015000
v 0.205983 0.208315 0.017296
v 0.204722 0.208315 0.018977
v 0.203000 0.208315 0.019592
v 0.201278 0.208315 0.018977
v 0.200017 0.208315 0.017296
v 0.199556 0.208315 0.015000
v 0.200017 0.208315 0.012704
v 0.201278 0.208315 0.011023
v 0.203000 0.208315 0.010408
v 0.204722 0.208315 0.011023
v 0.205983 0.208315 0.012704
v 0.209364 0.206364 0.015000
v 0.208511 0.206364 0.019243
v 0.206182 0.206364 0.022348
v 0.203000 0.206364 0.023485
v 0.199818 0.206364 0.022348
v 0.197489 0.206364 0.019243
v 0.196636 0.206364 0.015000
v 0.197489 0.206364 0.010757
v 0.199818 0.206364 0.007652
v 0.203000 0.206364 0.006515
v 0.206182 0.206364 0.007652
v 0.208511 0.206364 0.010757
v 0.211315 0.203444 0.015000
v 0.210201 0.203444 0.020543
v 0.207157 0.203444 0.024601
v 0.203000 0.203444 0.026087
v 0.198843 0.203444 0.024601
v 0.195799 0.203444 0.020543
v 0.194685 0.203444 0.015000
v 0.195799 0.203444 0.009457
v 0.198843 0.203444 0.005399
v 0.203000 0.203444 0.003913
v 0.207157 0.203444 0.005399
v 0.210201 0.203444 0.009457
v 0.212000 0.200000 0.015000
v 0.210794 0.200000 0.021000
v 0.207500 0.200000 0.025392
v 0.203000 0.200000 0.027000
v 0.198500 0.200000 0.025392
v 0.195206 0.200000 0.021000
v 0.194000 0.200000 0.015000
v 0.195206 0.200000 0.009000
v 0.198500 0.200000 0.004608
v 0.203000 0.200000 0.003000
v 0.207500 0.200000 0.004608
v 0.210794 0.200000 0.009000
v 0.211315 0.196556 0.015000
v 0.210201 0.196556 0.020543
v 0.207157 0.196556 0.024601
v 0.203000 0.196556 0.026087
v 0.198843 0.196556 0.024601
v 0.195799 0.196556 0.020543
v 0.194685 0.196556 0.015000
v 0.195799 0.196556 0.009457
v 0.198843 0.196556 0.005399
v 0.203000 0.196556 0.003913
v 0.207157 0.196556 0.005399
v 0.210201 0.196556 0.009457
v 0.209364 0.193636 0.015000
v 0.208511 0.193636 0.019243
v 0.206182 0.193636 0.022348
v 0.203000 0.193636 0.023485
v 0.199818 0.193636 0.022348
v 0.197489 0.193636 0.019243
v 0.196636 0.193636 0.015000
v 0.197489 0.193636 0.010757
v 0.199818 0.193636 0.007652
v 0.203000 0.193636 0.006515
v 0.206182 0.193636 0.007652
v 0.208511 0.193636 0.010757
v 0.206444 0.191685 0.015000
v 0.205983 0.191685 0.017296
v 0.204722 0.191685 0.018977
v 0.203000 0.191685 0.019592
v 0.201278 0.191685 0.018977
v 0.200017 0.191685 0.017296
v 0.199556 0.191685 0.015000
v 0.200017 0.191685 0.012704
v 0.201278 0.191685 0.011023
v 0.203000 0.191685 0.010408
v 0.204722 0.191685 0.011023
v 0.205983 0.191685 0.012704
v 0.203000 0.191000 0.015000
v 0.203000 0.174000 0.015000
v 0.206444 0.173315 0.015000
v 0.205983 0.173315 0.017296
v 0.204722 0.173315 0.018977
v 0.203000 0.173315 0.019592
v 0.201278 0.173315 0.018977
v 0.200017 0.173315 0.017296
v 0.199556 0.173315 0.015000
v 0.200017 0.173315 0.012704
v 0.201278 0.173315 0.011023
v 0.203000 0.173315 0.010408
v 0.204722 0.173315 0.011023
v 0.205983 0.173315 0.012704
v 0.209364 0.171364 0.015000
v 0.208511 0.171364 0.019243
v 0.206182 0.171364 0.022348
v 0.203000 0.171364 0.023485
v 0.199818 0.171364 0.022348
v 0.197489 0.171364 0.019243
v 0.196636 0.171364 0.015000
v 0.197489 0.171364 0.010757
v 0.199818 0.171364 0.007652
v 0.203000 0.171364 0.006515
v 0.206182 0.171364 0.007652
v 0.208511 0.171364 0.010757
v 0.211315 0.168444 0.015000
v 0.210201 0.168444 0.020543
v 0.207157 0.168444 0.024601
v 0.203000 0.168444 0.026087
v 0.198843 0.168444 0.024601
v 0.195799 0.168444 0.020543
v 0.194685 0.168444 0.015000
v 0.195799 0.168444 0.009457
v 0.198843 0.168444 0.005399
v 0.203000 0.168444 0.003913
v 0.207157 0.168444 0.005399
v 0.210201 0.168444 0.009457
v 0.212000 0.165000 0.015000
v 0.210794 0.165000 0.021000
v 0.207500 0.165000 0.025392
v 0.203000 0.165000 0.027000
v 0.198500 0.165000 0.025392
v 0.195206 0.165000 0.021000
v 0.194000 0.165000 0.015000
v 0.195206 0.165000 0.009000
v 0.198500 0.165000 0.004608
v 0.203000 0.165000 0.003000
v 0.207500 0.165000 0.004608
v 0.210794 0.165000 0.009000
v 0.211315 0.161556 0.015000
v 0.210201 0.161556 0.020543
v 0.207157 0.161556 0.024601
v 0.203000 0.161556 0.026087
v 0.198843 0.161556 0.024601
v 0.195799 0.161556 0.020543
v 0.194685 0.161556 0.015000
v 0.195799 0.161556 0.009457
v 0.198843 0.161556 0.005399
v 0.203000 0.161556 0.003913
v 0.207157 0.161556 0.005399
v 0.210201 0.161556 0.009457
v 0.209364 0.158636 0.015000
v 0.208511 0.158636 0.019243
v 0.206182 0.158636 0.022348
v 0.203000 0.158636 0.023485
v 0.199818 0.158636 0.022348
v 0.197489 0.158636 0.019243
v 0.196636 0.158636 0.015000
v 0.197489 0.158636 0.010757
v 0.199818 0.158636 0.007652
v 0.203000 0.158636 0.006515
v 0.206182 0.158636 0.007652
v 0.208511 0.158636 0.010757
v 0.206444 0.156685 0.015000
v 0.205983 0.156685 0.017296
v 0.204722 0.156685 0.018977
v 0.203000 0.156685 0.019592
v 0.201278 0.156685 0.018977
v 0.200017 0.156685 0.017296
v 0.199556 0.156685 0.015000
v 0.200017 0.156685 0.012704
v 0.201278 0.156685 0.011023
v 0.203000 0.156685 0.010408
v 0.204722 0.156685 0.011023
v 0.205983 0.156685 0.012704
v 0.203000 0.156000 0.015000
v 0.203000 0.139000 0.015000
v 0.206444 0.138315 0.015000
v 0.205983 0.138315 0.017296
v 0.204722 0.138315 0.018977
v 0.203000 0.138315 0.019592
v 0.201278 0.138315 0.018977
v 0.200017 0.138315 0.017296
v 0.199556 0.138315 0.015000
v 0.200017 0.138315 0.012704
v 0.201278 0.138315 0.011023
v 0.203000 0.138315 0.010408
v 0.204722 0.138315 0.011023
v 0.205983 0.138315 0.012704
v 0.209364 0.136364 0.015000
v 0.208511 0.136364 0.019243
v 0.206182 0.136364 0.022348
v 0.203000 0.136364 0.023485
v 0.199818 0.136364 0.022348
v 0.197489 0.136364 0.019243
v 0.196636 0.136364 0.015000
v 0.197489 0.136364 0.010757
v 0.199818 0.136364 0.007652
v 0.203000 0.136364 0.006515
v 0.206182 0.136364 0.007652
v 0.208511 0.136364 0.010757
v 0.211315 0.133444 0.015000
v 0.210201 0.133444 0.020543
v 0.207157 0.133444 0.024601
v 0.203000 0.133444 0.026087
v 0.198843 0.133444 0.024601
v 0.195799 0.133444 0.020543
v 0.194685 0.133444 0.015000
v 0.195799 0.133444 0.009457
v 0.198843 0.133444 0.005399
v 0.203000 0.133444 0.003913
v 0.207157 0.133444 0.005399
v 0.210201 0.133444 0.009457
v 0.212000 0.130000 0.015000
v 0.210794 0.130000 0.021000
v 0.207500 0.130000 0.025392
v 0.203000 0.130000 0.027000
v 0.198500 0.130000 0.025392
v 0.195206 0.130000 0.021000
v 0.194000 0.130000 0.015000
v 0.195206 0.130000 0.009000
v 0.198500 0.130000 0.004608
v 0.203000 0.130000 0.003000
v 0.207500 0.130000 0.004608
v 0.210794 0.130000 0.009000
v 0.211315 0.126556 0.015000
v 0.210201 0.126556 0.020543
v 0.207157 0.126556 0.024601
v 0.203000 0.126556 0.026087
v 0.198843 0.126556 0.024601
v 0.195799 0.126556 0.020543
v 0.194685 0.126556 0.015000
v 0.195799 0.126556 0.009457
v 0.198843 0.126556 0.005399
v 0.203000 0.126556 0.003913
v 0.207157 0.126556 0.005399
v 0.210201 0.126556 0.009457
v 0.209364 0.123636 0.015000
v 0.208511 0.123636 0.019243
v 0.206182 0.123636 0.022348
v 0.203000 0.123636 0.023485
v 0.199818 0.123636 0.022348
v 0.197489 0.123636 0.019243
v 0.196636 0.123636 0.015000
v 0.197489 0.123636 0.010757
v 0.199818 0.123636 0.007652
v 0.203000 0.123636 0.006515
v 0.206182 0.123636 0.007652
v 0.208511 0.123636 0.010757
v 0.206444 0.121685 0.015000
v 0.205983 0.121685 0.017296
v 0.204722 0.121685 0.018977
v 0.203000 0.121685 0.019592
v 0.201278 0.121685 0.018977
v 0.200017 0.121685 0.017296
v 0.199556 0.121685 0.015000
v 0.200017 0.121685 0.012704
v 0.201278 0.121685 0.011023
v 0.203000 0.121685 0.010408
v 0.204722 0.121685 0.011023
v 0.205983 0.121685 0.012704
v 0.203000 0.121000 0.015000
v -0.378001 1.005012 -0.010098
v -0.378765 1.006760 -0.009861
v -0.380764 1.007835 -0.009677
v -0.383236 1.007827 -0.009616
v -0.385235 1.006740 -0.009702
v -0.385999 1.004988 -0.009902
v -0.385235 1.003240 -0.010139
v -0.383236 1.002165 -0.010323
v -0.380764 1.002173 -0.010384
v -0.378765 1.003260 -0.010298
v -0.376001 0.995013 0.069936
v -0.376764 0.996737 0.070308
v -0.378764 0.997797 0.070562
v -0.381236 0.997789 0.070602
v -0.383236 0.996716 0.070411
v -0.383999 0.994987 0.070064
v -0.383236 0.993263 0.069692
v -0.381236 0.992203 0.069438
v -0.378764 0.992211 0.069398
v -0.376764 0.993284 0.069589
v -0.376000 0.980000 0.110000
v -0.376764 0.981651 0.110619
v -0.378764 0.982672 0.111002
v -0.381236 0.982672 0.111002
v -0.383236 0.981651 0.110619
v -0.384000 0.980000 0.110000
v -0.383236 0.978349 0.109381
v -0.381236 0.977328 0.108998
v -0.378764 0.977328 0.108998
v -0.376764 0.978349 0.109381
v -0.382000 1.005000 -0.010000
v -0.380000 0.980000 0.110000
v 0.385999 1.004988 -0.009902
v 0.385235 1.006740 -0.009702
v 0.383236 1.007827 -0.009616
v 0.380764 1.007835 -0.009677
v 0.378765 1.006760 -0.009861
v 0.378001 1.005012 -0.010098
v 0.378765 1.003260 -0.010298
v 0.380764 1.002173 -0.010384
v 0.383236 1.002165 -0.010323
v 0.385235 1.003240 -0.010139
v 0.383999 0.994987 0.070064
v 0.383236 0.996716 0.070411
v 0.381236 0.997789 0.070602
v 0.378764 0.997797 0.070562
v 0.376764 0.996737 0.070308
v 0.376001 0.995013 0.069936
v 0.376764 0.993284 0.069589
v 0.378764 0.992211 0.069398
v 0.381236 0.992203 0.069438
v 0.383236 0.993263 0.069692
v 0.384000 0.980000 0.110000
v 0.383236 0.981651 0.110619
v 0.381236 0.982672 0.111002
v 0.378764 0.982672 0.111002
v 0.376764 0.981651 0.110619
v 0.376000 0.980000 0.110000
v 0.376764 0.978349 0.109381
v 0.378764 0.977328 0.108998
v 0.381236 0.977328 0.108998
v 0.383236 0.978349 0.109381
v 0.382000 1.005000 -0.010000
v 0.380000 0.980000 0.110000
v -0.036000 1.018000 0.166000
v -0.037337 1.018000 0.161886
v -0.040837 1.018000 0.159343
v -0.045163 1.018000 0.159343
v -0.048663 1.018000 0.161886
v -0.050000 1.018000 0.166000
v -0.048663 1.018000 0.170114
v -0.045163 1.018000 0.172657
v -0.040837 1.018000 0.172657
v -0.037337 1.018000 0.170114
v -0.036000 1.055000 0.166000
v -0.037337 1.055000 0.161886
v -0.040837 1.055000 0.159343
v -0.045163 1.055000 0.159343
v -0.048663 1.055000 0.161886
v -0.050000 1.055000 0.166000
v -0.048663 1.055000 0.170114
v -0.045163 1.055000 0.172657
v -0.040837 1.055000 0.172657
v -0.037337 1.055000 0.170114
v -0.043000 1.018000 0.166000
v -0.043000 1.055000 0.166000
v 0.050000 1.018000 0.166000
v 0.048663 1.018000 0.161886
v 0.045163 1.018000 0.159343
v 0.040837 1.018000 0.159343
v 0.037337 1.018000 0.161886
v 0.036000 1.018000 0.166000
v 0.037337 1.018000 0.170114
v 0.040837 1.018000 0.172657
v 0.045163 1.018000 0.172657
v 0.048663 1.018000 0.170114
v 0.050000 1.055000 0.166000
v 0.048663 1.055000 0.161886
v 0.045163 1.055000 0.159343
v 0.040837 1.055000 0.159343
v 0.037337 1.055000 0.161886
v 0.036000 1.055000 0.166000
v 0.037337 1.055000 0.170114
v 0.040837 1.055000 0.172657
v 0.045163 1.055000 0.172657
v 0.048663 1.055000 0.170114
v 0.043000 1.018000 0.166000
v 0.043000 1.055000 0.166000
v -0.043000 1.018000 0.173000
v -0.043000 1.013886 0.171663
v -0.043000 1.011343 0.168163
v -0.043000 1.011343 0.163837
v -0.043000 1.013886 0.160337
v -0.043000 1.018000 0.159000
v -0.043000 1.022114 0.160337
v -0.043000 1.024657 0.163837
v -0.043000 1.024657 0.168163
v -0.043000 1.022114 0.171663
v 0.043000 1.018000 0.173000
v 0.043000 1.013886 0.171663
v 0.043000 1.011343 0.168163
v 0.043000 1.011343 0.163837
v 0.043000 1.013886 0.160337
v 0.043000 1.018000 0.159000
v 0.043000 1.022114 0.160337
v 0.043000 1.024657 0.163837
v 0.043000 1.024657 0.168163
v 0.043000 1.022114 0.171663
v -0.043000 1.018000 0.166000
v 0.043000 1.018000 0.166000
v -0.043000 1.055000 0.173000
v -0.043000 1.050886 0.171663
v -0.043000 1.048343 0.168163
v -0.043000 1.048343 0.163837
v -0.043000 1.050886 0.160337
v -0.043000 1.055000 0.159000
v -0.043000 1.059114 0.160337
v -0.043000 1.061657 0.163837
v -0.043000 1.061657 0.168163
v -0.043000 1.059114 0.171663
v 0.043000 1.055000 0.173000
v 0.043000 1.050886 0.171663
v 0.043000 1.048343 0.168163
v 0.043000 1.048343 0.163837
v 0.043000 1.050886 0.160337
v 0.043000 1.055000 0.159000
v 0.043000 1.059114 0.160337
v 0.043000 1.061657 0.163837
v 0.043000 1.061657 0.168163
v 0.043000 1.059114 0.171663
v -0.043000 1.055000 0.166000
v 0.043000 1.055000 0.166000
v 0.000160 1.036000 0.166003
v 0.000129 1.038351 0.166767
v 0.000049 1.039804 0.168765
v -0.000049 1.039804 0.171235
v -0.000129 1.038351 0.173233
v -0.000160 1.036000 0.173997
v -0.000129 1.033649 0.173233
v -0.000049 1.032196 0.171235
v 0.000049 1.032196 0.168765
v 0.000129 1.033649 0.166767
v 0.025160 1.036000 0.167003
v 0.025129 1.038351 0.167767
v 0.025049 1.039804 0.169765
v 0.024951 1.039804 0.172235
v 0.024871 1.038351 0.174233
v 0.024840 1.036000 0.174997
v 0.024871 1.033649 0.174233
v 0.024951 1.032196 0.172235
v 0.025049 1.032196 0.169765
v 0.025129 1.033649 0.167767
v 0.000000 1.036000 0.170000
v 0.025000 1.036000 0.171000
v -0.105000 1.043000 0.164000
v -0.101939 1.042391 0.164000
v -0.102349 1.042391 0.165148
v -0.103469 1.042391 0.165988
v -0.105000 1.042391 0.166296
v -0.106531 1.042391 0.165988
v -0.107651 1.042391 0.165148
v -0.108061 1.042391 0.164000
v -0.107651 1.042391 0.162852
v -0.106531 1.042391 0.162012
v -0.105000 1.042391 0.161704
v -0.103469 1.042391 0.162012
v -0.102349 1.042391 0.162852
v -0.099343 1.040657 0.164000
v -0.100101 1.040657 0.166121
v -0.102172 1.040657 0.167674
v -0.105000 1.040657 0.168243
v -0.107828 1.040657 0.167674
v -0.109899 1.040657 0.166121
v -0.110657 1.040657 0.164000
v -0.109899 1.040657 0.161879
v -0.107828 1.040657 0.160326
v -0.105000 1.040657 0.159757
v -0.102172 1.040657 0.160326
v -0.100101 1.040657 0.161879
v -0.097609 1.038061 0.164000
v -0.098599 1.038061 0.166772
v -0.101304 1.038061 0.168801
v -0.105000 1.038061 0.169543
v -0.108696 1.038061 0.168801
v -0.111401 1.038061 0.166772
v -0.112391 1.038061 0.164000
v -0.111401 1.038061 0.161228
v -0.108696 1.038061 0.159199
v -0.105000 1.038061 0.158457
v -0.101304 1.038061 0.159199
v -0.098599 1.038061 0.161228
v -0.097000 1.035000 0.164000
v -0.098072 1.035000 0.167000
v -0.101000 1.035000 0.169196
v -0.105000 1.035000 0.170000
v -0.109000 1.035000 0.169196
v -0.111928 1.035000 0.167000
v -0.113000 1.035000 0.164000
v -0.111928 1.035000 0.161000
v -0.109000 1.035000 0.158804
v -0.105000 1.035000 0.158000
v -0.101000 1.035000 0.158804
v -0.098072 1.035000 0.161000
v -0.097609 1.031939 0.164000
v -0.098599 1.031939 0.166772
v -0.101304 1.031939 0.168801
v -0.105000 1.031939 0.169543
v -0.108696 1.031939 0.168801
v -0.111401 1.031939 0.166772
v -0.112391 1.031939 0.164000
v -0.111401 1.031939 0.161228
v -0.108696 1.031939 0.159199
v -0.105000 1.031939 0.158457
v -0.101304 1.031939 0.159199
v -0.098599 1.031939 0.161228
v -0.099343 1.029343 0.164000
v -0.100101 1.029343 0.166121
v -0.102172 1.029343 0.167674
v -0.105000 1.029343 0.168243
v -0.107828 1.029343 0.167674
v -0.109899 1.029343 0.166121
v -0.110657 1.029343 0.164000
v -0.109899 1.029343 0.161879
v -0.107828 1.029343 0.160326
v -0.105000 1.029343 0.159757
v -0.102172 1.029343 0.160326
v -0.100101 1.029343 0.161879
v -0.101939 1.027609 0.164000
v -0.102349 1.027609 0.165148
v -0.103469 1.027609 0.165988
v -0.105000 1.027609 0.166296
v -0.106531 1.027609 0.165988
v -0.107651 1.027609 0.165148
v -0.108061 1.027609 0.164000
v -0.107651 1.027609 0.162852
v -0.106531 1.027609 0.162012
v -0.105000 1.027609 0.161704
v -0.103469 1.027609 0.162012
v -0.102349 1.027609 0.162852
v -0.105000 1.027000 0.164000
v -0.150000 1.043000 0.164000
v -0.146939 1.042391 0.164000
v -0.147349 1.042391 0.165148
v -0.148469 1.042391 0.165988
v -0.150000 1.042391 0.166296
v -0.151531 1.042391 0.165988
v -0.152651 1.042391 0.165148
v -0.153061 1.042391 0.164000
v -0.152651 1.042391 0.162852
v -0.151531 1.042391 0.162012
v -0.150000 1.042391 0.161704
v -0.148469 1.042391 0.162012
v -0.147349 1.042391 0.162852
v -0.144343 1.040657 0.164000
v -0.145101 1.040657 0.166121
v -0.147172 1.040657 0.167674
v -0.150000 1.040657 0.168243
v -0.152828 1.040657 0.167674
v -0.154899 1.040657 0.166121
v -0.155657 1.040657 0.164000
v -0.154899 1.040657 0.161879
v -0.152828 1.040657 0.160326
v -0.150000 1.040657 0.159757
v -0.147172 1.040657 0.160326
v -0.145101 1.040657 0.161879
v -0.142609 1.038061 0.164000
v -0.143599 1.038061 0.166772
v -0.146304 1.038061 0.168801
v -0.150000 1.038061 0.169543
v -0.153696 1.038061 0.168801
v -0.156401 1.038061 0.166772
v -0.157391 1.038061 0.164000
v -0.156401 1.038061 0.161228
v -0.153696 1.038061 0.159199
v -0.150000 1.038061 0.158457
v -0.146304 1.038061 0.159199
v -0.143599 1.038061 0.161228
v -0.142000 1.035000 0.164000
v -0.143072 1.035000 0.167000
v -0.146000 1.035000 0.169196
v -0.150000 1.035000 0.170000
v -0.154000 1.035000 0.169196
v -0.156928 1.035000 0.167000
v -0.158000 1.035000 0.164000
v -0.156928 1.035000 0.161000
v -0.154000 1.035000 0.158804
v -0.150000 1.035000 0.158000
v -0.146000 1.035000 0.158804
v -0.143072 1.035000 0.161000
v -0.142609 1.031939 0.164000
v -0.143599 1.031939 0.166772
v -0.146304 1.031939 0.168801
v -0.150000 1.031939 0.169543
v -0.153696 1.031939 0.168801
v -0.156401 1.031939 0.166772
v -0.157391 1.031939 0.164000
v -0.156401 1.031939 0.161228
v -0.153696 1.031939 0.159199
v -0.150000 1.031939 0.158457
v -0.146304 1.031939 0.159199
v -0.143599 1.031939 0.161228
v -0.144343 1.029343 0.164000
v -0.145101 1.029343 0.166121
v -0.147172 1.029343 0.167674
v -0.150000 1.029343 0.168243
v -0.152828 1.029343 0.167674
v -0.154899 1.029343 0.166121
v -0.155657 1.029343 0.164000
v -0.154899 1.029343 0.161879
v -0.152828 1.029343 0.160326
v -0.150000 1.029343 0.159757
v -0.147172 1.029343 0.160326
v -0.145101 1.029343 0.161879
v -0.146939 1.027609 0.164000
v -0.147349 1.027609 0.165148
v -0.148469 1.027609 0.165988
v -0.150000 1.027609 0.166296
v -0.151531 1.027609 0.165988
v -0.152651 1.027609 0.165148
v -0.153061 1.027609 0.164000
v -0.152651 1.027609 0.162852
v -0.151531 1.027609 0.162012
v -0.150000 1.027609 0.161704
v -0.148469 1.027609 0.162012
v -0.147349 1.027609 0.162852
v -0.150000 1.027000 0.164000
v -0.237675 1.053047 0.042396
v -0.238119 1.055301 0.041483
v -0.239282 1.057440 0.041913
v -0.240718 1.058647 0.043522
v -0.241881 1.058461 0.045696
v -0.242325 1.056953 0.047604
v -0.241881 1.054699 0.048517
v -0.240718 1.052560 0.048087
v -0.239282 1.051353 0.046478
v -0.238119 1.051539 0.044304
v -0.205000 1.070000 0.069000
v -0.205000 1.067649 0.068236
v -0.205000 1.066196 0.066236
v -0.205000 1.066196 0.063764
v -0.205000 1.067649 0.061764
v -0.205000 1.070000 0.061000
v -0.205000 1.072351 0.061764
v -0.205000 1.073804 0.063764
v -0.205000 1.073804 0.066236
v -0.205000 1.072351 0.068236
v -0.167675 1.056953 0.047604
v -0.168119 1.054699 0.048517
v -0.169282 1.052560 0.048087
v -0.170718 1.051353 0.046478
v -0.171881 1.051539 0.044304
v -0.172325 1.053047 0.042396
v -0.171881 1.055301 0.041483
v -0.170718 1.057440 0.041913
v -0.169282 1.058647 0.043522
v -0.168119 1.058461 0.045696
v -0.240000 1.055000 0.045000
v -0.170000 1.055000 0.045000
v 0.105000 1.043000 0.164000
v 0.108061 1.042391 0.164000
v 0.107651 1.042391 0.165148
v 0.106531 1.042391 0.165988
v 0.105000 1.042391 0.166296
v 0.103469 1.042391 0.165988
v 0.102349 1.042391 0.165148
v 0.101939 1.042391 0.164000
v 0.102349 1.042391 0.162852
v 0.103469 1.042391 0.162012
v 0.105000 1.042391 0.161704
v 0.106531 1.042391 0.162012
v 0.107651 1.042391 0.162852
v 0.110657 1.040657 0.164000
v 0.109899 1.040657 0.166121
v 0.107828 1.040657 0.167674
v 0.105000 1.040657 0.168243
v 0.102172 1.040657 0.167674
v 0.100101 1.040657 0.166121
v 0.099343 1.040657 0.164000
v 0.100101 1.040657 0.161879
v 0.102172 1.040657 0.160326
v 0.105000 1.040657 0.159757
v 0.107828 1.040657 0.160326
v 0.109899 1.040657 0.161879
v 0.112391 1.038061 0.164000
v 0.111401 1.038061 0.166772
v 0.108696 1.038061 0.168801
v 0.105000 1.038061 0.169543
v 0.101304 1.038061 0.168801
v 0.098599 1.038061 0.166772
v 0.097609 1.038061 0.164000
v 0.098599 1.038061 0.161228
v 0.101304 1.038061 0.159199
v 0.105000 1.038061 0.158457
v 0.108696 1.038061 0.159199
v 0.111401 1.038061 0.161228
v 0.113000 1.035000 0.164000
v 0.111928 1.035000 0.167000
v 0.109000 1.035000 0.169196
v 0.105000 1.035000 0.170000
v 0.101000 1.035000 0.169196
v 0.098072 1.035000 0.167000
v 0.097000 1.035000 0.164000
v 0.098072 1.035000 0.161000
v 0.101000 1.035000 0.158804
v 0.105000 1.035000 0.158000
v 0.109000 1.035000 0.158804
v 0.111928 1.035000 0.161000
v 0.112391 1.031939 0.164000
v 0.111401 1.031939 0.166772
v 0.108696 1.031939 0.168801
v 0.105000 1.031939 0.169543
v 0.101304 1.031939 0.168801
v 0.098599 1.031939 0.166772
v 0.097609 1.031939 0.164000
v 0.098599 1.031939 0.161228
v 0.101304 1.031939 0.159199
v 0.105000 1.031939 0.158457
v 0.108696 1.031939 0.159199
v 0.111401 1.031939 0.161228
v 0.110657 1.029343 0.164000
v 0.109899 1.029343 0.166121
v 0.107828 1.029343 0.167674
v 0.105000 1.029343 0.168243
v 0.102172 1.029343 0.167674
v 0.100101 1.029343 0.166121
v 0.099343 1.029343 0.164000
v 0.100101 1.029343 0.161879
v 0.102172 1.029343 0.160326
v 0.105000 1.029343 0.159757
v 0.107828 1.029343 0.160326
v 0.109899 1.029343 0.161879
v 0.108061 1.027609 0.164000
v 0.107651 1.027609 0.165148
v 0.106531 1.027609 0.165988
v 0.105000 1.027609 0.166296
v 0.103469 1.027609 0.165988
v 0.102349 1.027609 0.165148
v 0.101939 1.027609 0.164000
v 0.102349 1.027609 0.162852
v 0.103469 1.027609 0.162012
v 0.105000 1.027609 0.161704
v 0.106531 1.027609 0.162012
v 0.107651 1.027609 0.162852
v 0.105000 1.027000 0.164000
v 0.150000 1.043000 0.164000
v 0.153061 1.042391 0.164000
v 0.152651 1.042391 0.165148
v 0.151531 1.042391 0.165988
v 0.150000 1.042391 0.166296
v 0.148469 1.042391 0.165988
v 0.147349 1.042391 0.165148
v 0.146939 1.042391 0.164000
v 0.147349 1.042391 0.162852
v 0.148469 1.042391 0.162012
v 0.150000 1.042391 0.161704
v 0.151531 1.042391 0.162012
v 0.152651 1.042391 0.162852
v 0.155657 1.040657 0.164000
v 0.154899 1.040657 0.166121
v 0.152828 1.040657 0.167674
v 0.150000 1.040657 0.168243
v 0.147172 1.040657 0.167674
v 0.145101 1.040657 0.166121
v 0.144343 1.040657 0.164000
v 0.145101 1.040657 0.161879
v 0.147172 1.040657 0.160326
v 0.150000 1.040657 0.159757
v 0.152828 1.040657 0.160326
v 0.154899 1.040657 0.161879
v 0.157391 1.038061 0.164000
v 0.156401 1.038061 0.166772
v 0.153696 1.038061 0.168801
v 0.150000 1.038061 0.169543
v 0.146304 1.038061 0.168801
v 0.143599 1.038061 0.166772
v 0.142609 1.038061 0.164000
v 0.143599 1.038061 0.161228
v 0.146304 1.038061 0.159199
v 0.150000 1.038061 0.158457
v 0.153696 1.038061 0.159199
v 0.156401 1.038061 0.161228
v 0.158000 1.035000 0.164000
v 0.156928 1.035000 0.167000
v 0.154000 1.035000 0.169196
v 0.150000 1.035000 0.170000
v 0.146000 1.035000 0.169196
v 0.143072 1.035000 0.167000
v 0.142000 1.035000 0.164000
v 0.143072 1.035000 0.161000
v 0.146000 1.035000 0.158804
v 0.150000 1.035000 0.158000
v 0.154000 1.035000 0.158804
v 0.156928 1.035000 0.161000
v 0.157391 1.031939 0.164000
v 0.156401 1.031939 0.166772
v 0.153696 1.031939 0.168801
v 0.150000 1.031939 0.169543
v 0.146304 1.031939 0.168801
v 0.143599 1.031939 0.166772
v 0.142609 1.031939 0.164000
v 0.143599 1.031939 0.161228
v 0.146304 1.031939 0.159199
v 0.150000 1.031939 0.158457
v 0.153696 1.031939 0.159199
v 0.156401 1.031939 0.161228
v 0.155657 1.029343 0.164000
v 0.154899 1.029343 0.166121
v 0.152828 1.029343 0.167674
v 0.150000 1.029343 0.168243
v 0.147172 1.029343 0.167674
v 0.145101 1.029343 0.166121
v 0.144343 1.029343 0.164000
v 0.145101 1.029343 0.161879
v 0.147172 1.029343 0.160326
v 0.150000 1.029343 0.159757
v 0.152828 1.029343 0.160326
v 0.154899 1.029343 0.161879
v 0.153061 1.027609 0.164000
v 0.152651 1.027609 0.165148
v 0.151531 1.027609 0.165988
v 0.150000 1.027609 0.166296
v 0.148469 1.027609 0.165988
v 0.147349 1.027609 0.165148
v 0.146939 1.027609 0.164000
v 0.147349 1.027609 0.162852
v 0.148469 1.027609 0.162012
v 0.150000 1.027609 0.161704
v 0.151531 1.027609 0.162012
v 0.152651 1.027609 0.162852
v 0.150000 1.027000 0.164000
v 0.242325 1.056953 0.047604
v 0.241881 1.058461 0.045696
v 0.240718 1.058647 0.043522
v 0.239282 1.057440 0.041913
v 0.238119 1.055301 0.041483
v 0.237675 1.053047 0.042396
v 0.238119 1.051539 0.044304
v 0.239282 1.051353 0.046478
v 0.240718 1.052560 0.048087
v 0.241881 1.054699 0.048517
v 0.205000 1.070000 0.069000
v 0.205000 1.072351 0.068236
v 0.205000 1.073804 0.066236
v 0.205000 1.073804 0.063764
v 0.205000 1.072351 0.061764
v 0.205000 1.070000 0.061000
v 0.205000 1.067649 0.061764
v 0.205000 1.066196 0.063764
v 0.205000 1.066196 0.066236
v 0.205000 1.067649 0.068236
v 0.172325 1.053047 0.042396
v 0.171881 1.051539 0.044304
v 0.170718 1.051353 0.046478
v 0.169282 1.052560 0.048087
v 0.168119 1.054699 0.048517
v 0.167675 1.056953 0.047604
v 0.168119 1.058461 0.045696
v 0.169282 1.058647 0.043522
v 0.170718 1.057440 0.041913
v 0.171881 1.055301 0.041483
v 0.240000 1.055000 0.045000
v 0.170000 1.055000 0.045000
v 0.000000 1.352000 0.178000
v 0.009169 1.351001 0.178000
v 0.008939 1.351001 0.178608
v 0.008261 1.351001 0.179185
v 0.007169 1.351001 0.179703
v 0.005717 1.351001 0.180135
v 0.003978 1.351001 0.180461
v 0.002040 1.351001 0.180663
v 0.000000 1.351001 0.180731
v -0.002040 1.351001 0.180663
v -0.003978 1.351001 0.180461
v -0.005717 1.351001 0.180135
v -0.007169 1.351001 0.179703
v -0.008261 1.351001 0.179185
v -0.008939 1.351001 0.178608
v -0.009169 1.351001 0.178000
v -0.008939 1.351001 0.177392
v -0.008261 1.351001 0.176815
v -0.007169 1.351001 0.176297
v -0.005717 1.351001 0.175865
v -0.003978 1.351001 0.175539
v -0.002040 1.351001 0.175337
v -0.000000 1.351001 0.175269
v 0.002040 1.351001 0.175337
v 0.003978 1.351001 0.175539
v 0.005717 1.351001 0.175865
v 0.007169 1.351001 0.176297
v 0.008261 1.351001 0.176815
v 0.008939 1.351001 0.177392
v 0.017986 1.348042 0.178000
v 0.017535 1.348042 0.179192
v 0.016205 1.348042 0.180325
v 0.014062 1.348042 0.181340
v 0.011214 1.348042 0.182189
v 0.007804 1.348042 0.182827
v 0.004002 1.348042 0.183223
v 0.000000 1.348042 0.183358
v -0.004002 1.348042 0.183223
v -0.007804 1.348042 0.182827
v -0.011214 1.348042 0.182189
v -0.014062 1.348042 0.181340
v -0.016205 1.348042 0.180325
v -0.017535 1.348042 0.179192
v -0.017986 1.348042 0.178000
v -0.017535 1.348042 0.176808
v -0.016205 1.348042 0.175675
v -0.014062 1.348042 0.174660
v -0.011214 1.348042 0.173811
v -0.007804 1.348042 0.173173
v -0.004002 1.348042 0.172777
v -0.000000 1.348042 0.172642
v 0.004002 1.348042 0.172777
v 0.007804 1.348042 0.173173
v 0.011214 1.348042 0.173811
v 0.014062 1.348042 0.174660
v 0.016205 1.348042 0.175675
v 0.017535 1.348042 0.176808
v 0.026112 1.343236 0.178000
v 0.025457 1.343236 0.179731
v 0.023526 1.343236 0.181375
v 0.020415 1.343236 0.182849
v 0.016280 1.343236 0.184081
v 0.011329 1.343236 0.185008
v 0.005810 1.343236 0.185583
v 0.000000 1.343236 0.185778
v -0.005810 1.343236 0.185583
v -0.011329 1.343236 0.185008
v -0.016280 1.343236 0.184081
v -0.020415 1.343236 0.182849
v -0.023526 1.343236 0.181375
v -0.025457 1.343236 0.179731
v -0.026112 1.343236 0.178000
v -0.025457 1.343236 0.176269
v -0.023526 1.343236 0.174625
v -0.020415 1.343236 0.173151
v -0.016280 1.343236 0.171919
v -0.011329 1.343236 0.170992
v -0.005810 1.343236 0.170417
v -0.000000 1.343236 0.170222
v 0.005810 1.343236 0.170417
v 0.011329 1.343236 0.170992
v 0.016280 1.343236 0.171919
v 0.020415 1.343236 0.173151
v 0.023526 1.343236 0.174625
v 0.025457 1.343236 0.176269
v 0.033234 1.336770 0.178000
v 0.032401 1.336770 0.180203
v 0.029943 1.336770 0.182295
v 0.025983 1.336770 0.184172
v 0.020721 1.336770 0.185740
v 0.014420 1.336770 0.186919
v 0.007395 1.336770 0.187651
v 0.000000 1.336770 0.187899
v -0.007395 1.336770 0.187651
v -0.014420 1.336770 0.186919
v -0.020721 1.336770 0.185740
v -0.025983 1.336770 0.184172
v -0.029943 1.336770 0.182295
v -0.032401 1.336770 0.180203
v -0.033234 1.336770 0.178000
v -0.032401 1.336770 0.175797
v -0.029943 1.336770 0.173705
v -0.025983 1.336770 0.171828
v -0.020721 1.336770 0.170260
v -0.014420 1.336770 0.169081
v -0.007395 1.336770 0.168349
v -0.000000 1.336770 0.168101
v 0.007395 1.336770 0.168349
v 0.014420 1.336770 0.169081
v 0.020721 1.336770 0.170260
v 0.025983 1.336770 0.171828
v 0.029943 1.336770 0.173705
v 0.032401 1.336770 0.175797
v 0.039079 1.328890 0.178000
v 0.038099 1.328890 0.180590
v 0.035209 1.328890 0.183051
v 0.030553 1.328890 0.185258
v 0.024365 1.328890 0.187101
v 0.016956 1.328890 0.188488
v 0.008696 1.328890 0.189349
v 0.000000 1.328890 0.189641
v -0.008696 1.328890 0.189349
v -0.016956 1.328890 0.188488
v -0.024365 1.328890 0.187101
v -0.030553 1.328890 0.185258
v -0.035209 1.328890 0.183051
v -0.038099 1.328890 0.180590
v -0.039079 1.328890 0.178000
v -0.038099 1.328890 0.175410
v -0.035209 1.328890 0.172949
v -0.030553 1.328890 0.170742
v -0.024365 1.328890 0.168899
v -0.016956 1.328890 0.167512
v -0.008696 1.328890 0.166651
v -0.000000 1.328890 0.166359
v 0.008696 1.328890 0.166651
v 0.016956 1.328890 0.167512
v 0.024365 1.328890 0.168899
v 0.030553 1.328890 0.170742
v 0.035209 1.328890 0.172949
v 0.038099 1.328890 0.175410
v 0.043422 1.319900 0.178000
v 0.042334 1.319900 0.180878
v 0.039122 1.319900 0.183612
v 0.033949 1.319900 0.186064
v 0.027073 1.319900 0.188112
v 0.018840 1.319900 0.189653
v 0.009662 1.319900 0.190610
v 0.000000 1.319900 0.190934
v -0.009662 1.319900 0.190610
v -0.018840 1.319900 0.189653
v -0.027073 1.319900 0.188112
v -0.033949 1.319900 0.186064
v -0.039122 1.319900 0.183612
v -0.042334 1.319900 0.180878
v -0.043422 1.319900 0.178000
v -0.042334 1.319900 0.175122
v -0.039122 1.319900 0.172388
v -0.033949 1.319900 0.169936
v -0.027073 1.319900 0.167888
v -0.018840 1.319900 0.166347
v -0.009662 1.319900 0.165390
v -0.000000 1.319900 0.165066
v 0.009662 1.319900 0.165390
v 0.018840 1.319900 0.166347
v 0.027073 1.319900 0.167888
v 0.033949 1.319900 0.169936
v 0.039122 1.319900 0.172388
v 0.042334 1.319900 0.175122
v 0.046097 1.310145 0.178000
v 0.044941 1.310145 0.181055
v 0.041532 1.310145 0.183958
v 0.036040 1.310145 0.186561
v 0.028741 1.310145 0.188735
v 0.020001 1.310145 0.190371
v 0.010258 1.310145 0.191387
v 0.000000 1.310145 0.191731
v -0.010258 1.310145 0.191387
v -0.020001 1.310145 0.190371
v -0.028741 1.310145 0.188735
v -0.036040 1.310145 0.186561
v -0.041532 1.310145 0.183958
v -0.044941 1.310145 0.181055
v -0.046097 1.310145 0.178000
v -0.044941 1.310145 0.174945
v -0.041532 1.310145 0.172042
v -0.036040 1.310145 0.169439
v -0.028741 1.310145 0.167265
v -0.020001 1.310145 0.165629
v -0.010258 1.310145 0.164613
v -0.000000 1.310145 0.164269
v 0.010258 1.310145 0.164613
v 0.020001 1.310145 0.165629
v 0.028741 1.310145 0.167265
v 0.036040 1.310145 0.169439
v 0.041532 1.310145 0.172042
v 0.044941 1.310145 0.174945
v 0.047000 1.300000 0.178000
v 0.045822 1.300000 0.181115
v 0.042346 1.300000 0.184074
v 0.036746 1.300000 0.186729
v 0.029304 1.300000 0.188946
v 0.020393 1.300000 0.190614
v 0.010458 1.300000 0.191649
v 0.000000 1.300000 0.192000
v -0.010458 1.300000 0.191649
v -0.020393 1.300000 0.190614
v -0.029304 1.300000 0.188946
v -0.036746 1.300000 0.186729
v -0.042346 1.300000 0.184074
v -0.045822 1.300000 0.181115
v -0.047000 1.300000 0.178000
v -0.045822 1.300000 0.174885
v -0.042346 1.300000 0.171926
v -0.036746 1.300000 0.169271
v -0.029304 1.300000 0.167054
v -0.020393 1.300000 0.165386
v -0.010458 1.300000 0.164351
v -0.000000 1.300000 0.164000
v 0.010458 1.300000 0.164351
v 0.020393 1.300000 0.165386
v 0.029304 1.300000 0.167054
v 0.036746 1.300000 0.169271
v 0.042346 1.300000 0.171926
v 0.045822 1.300000 0.174885
v 0.046097 1.289855 0.178000
v 0.044941 1.289855 0.181055
v 0.041532 1.289855 0.183958
v 0.036040 1.289855 0.186561
v 0.028741 1.289855 0.188735
v 0.020001 1.289855 0.190371
v 0.010258 1.289855 0.191387
v 0.000000 1.289855 0.191731
v -0.010258 1.289855 0.191387
v -0.020001 1.289855 0.190371
v -0.028741 1.289855 0.188735
v -0.036040 1.289855 0.186561
v -0.041532 1.289855 0.183958
v -0.044941 1.289855 0.181055
v -0.046097 1.289855 0.178000
v -0.044941 1.289855 0.174945
v -0.041532 1.289855 0.172042
v -0.036040 1.289855 0.169439
v -0.028741 1.289855 0.167265
v -0.020001 1.289855 0.165629
v -0.010258 1.289855 0.164613
v -0.000000 1.289855 0.164269
v 0.010258 1.289855 0.164613
v 0.020001 1.289855 0.165629
v 0.028741 1.289855 0.167265
v 0.036040 1.289855 0.169439
v 0.041532 1.289855 0.172042
v 0.044941 1.289855 0.174945
v 0.043422 1.280100 0.178000
v 0.042334 1.280100 0.180878
v 0.039122 1.280100 0.183612
v 0.033949 1.280100 0.186064
v 0.027073 1.280100 0.188112
v 0.018840 1.280100 0.189653
v 0.009662 1.280100 0.190610
v 0.000000 1.280100 0.190934
v -0.009662 1.280100 0.190610
v -0.018840 1.280100 0.189653
v -0.027073 1.280100 0.188112
v -0.033949 1.280100 0.186064
v -0.039122 1.280100 0.183612
v -0.042334 1.280100 0.180878
v -0.043422 1.280100 0.178000
v -0.042334 1.280100 0.175122
v -0.039122 1.280100 0.172388
v -0.033949 1.280100 0.169936
v -0.027073 1.280100 0.167888
v -0.018840 1.280100 0.166347
v -0.009662 1.280100 0.165390
v -0.000000 1.280100 0.165066
v 0.009662 1.280100 0.165390
v 0.018840 1.280100 0.166347
v 0.027073 1.280100 0.167888
v 0.033949 1.280100 0.169936
v 0.039122 1.280100 0.172388
v 0.042334 1.280100 0.175122
v 0.039079 1.271110 0.178000
v 0.038099 1.271110 0.180590
v 0.035209 1.271110 0.183051
v 0.030553 1.271110 0.185258
v 0.024365 1.271110 0.187101
v 0.016956 1.271110 0.188488
v 0.008696 1.271110 0.189349
v 0.000000 1.271110 0.189641
v -0.008696 1.271110 0.189349
v -0.016956 1.271110 0.188488
v -0.024365 1.271110 0.187101
v -0.030553 1.271110 0.185258
v -0.035209 1.271110 0.183051
v -0.038099 1.271110 0.180590
v -0.039079 1.271110 0.178000
v -0.038099 1.271110 0.175410
v -0.035209 1.271110 0.172949
v -0.030553 1.271110 0.170742
v -0.024365 1.271110 0.168899
v -0.016956 1.271110 0.167512
v -0.008696 1.271110 0.166651
v -0.000000 1.271110 0.166359
v 0.008696 1.271110 0.166651
v 0.016956 1.271110 0.167512
v 0.024365 1.271110 0.168899
v 0.030553 1.271110 0.170742
v 0.035209 1.271110 0.172949
v 0.038099 1.271110 0.175410
v 0.033234 1.263230 0.178000
v 0.032401 1.263230 0.180203
v 0.029943 1.263230 0.182295
v 0.025983 1.263230 0.184172
v 0.020721 1.263230 0.185740
v 0.014420 1.263230 0.186919
v 0.007395 1.263230 0.187651
v 0.000000 1.263230 0.187899
v -0.007395 1.263230 0.187651
v -0.014420 1.263230 0.186919
v -0.020721 1.263230 0.185740
v -0.025983 1.263230 0.184172
v -0.029943 1.263230 0.182295
v -0.032401 1.263230 0.180203
v -0.033234 1.263230 0.178000
v -0.032401 1.263230 0.175797
v -0.029943 1.263230 0.173705
v -0.025983 1.263230 0.171828
v -0.020721 1.263230 0.170260
v -0.014420 1.263230 0.169081
v -0.007395 1.263230 0.168349
v -0.000000 1.263230 0.168101
v 0.007395 1.263230 0.168349
v 0.014420 1.263230 0.169081
v 0.020721 1.263230 0.170260
v 0.025983 1.263230 0.171828
v 0.029943 1.263230 0.173705
v 0.032401 1.263230 0.175797
v 0.026112 1.256764 0.178000
v 0.025457 1.256764 0.179731
v 0.023526 1.256764 0.181375
v 0.020415 1.256764 0.182849
v 0.016280 1.256764 0.184081
v 0.011329 1.256764 0.185008
v 0.005810 1.256764 0.185583
v 0.000000 1.256764 0.185778
v -0.005810 1.256764 0.185583
v -0.011329 1.256764 0.185008
v -0.016280 1.256764 0.184081
v -0.020415 1.256764 0.182849
v -0.023526 1.256764 0.181375
v -0.025457 1.256764 0.179731
v -0.026112 1.256764 0.178000
v -0.025457 1.256764 0.176269
v -0.023526 1.256764 0.174625
v -0.020415 1.256764 0.173151
v -0.016280 1.256764 0.171919
v -0.011329 1.256764 0.170992
v -0.005810 1.256764 0.170417
v -0.000000 1.256764 0.170222
v 0.005810 1.256764 0.170417
v 0.011329 1.256764 0.170992
v 0.016280 1.256764 0.171919
v 0.020415 1.256764 0.173151
v 0.023526 1.256764 0.174625
v 0.025457 1.256764 0.176269
v 0.017986 1.251958 0.178000
v 0.017535 1.251958 0.179192
v 0.016205 1.251958 0.180325
v 0.014062 1.251958 0.181340
v 0.011214 1.251958 0.182189
v 0.007804 1.251958 0.182827
v 0.004002 1.251958 0.183223
v 0.000000 1.251958 0.183358
v -0.004002 1.251958 0.183223
v -0.007804 1.251958 0.182827
v -0.011214 1.251958 0.182189
v -0.014062 1.251958 0.181340
v -0.016205 1.251958 0.180325
v -0.017535 1.251958 0.179192
v -0.017986 1.251958 0.178000
v -0.017535 1.251958 0.176808
v -0.016205 1.251958 0.175675
v -0.014062 1.251958 0.174660
v -0.011214 1.251958 0.173811
v -0.007804 1.251958 0.173173
v -0.004002 1.251958 0.172777
v -0.000000 1.251958 0.172642
v 0.004002 1.251958 0.172777
v 0.007804 1.251958 0.173173
v 0.011214 1.251958 0.173811
v 0.014062 1.251958 0.174660
v 0.016205 1.251958 0.175675
v 0.017535 1.251958 0.176808
v 0.009169 1.248999 0.178000
v 0.008939 1.248999 0.178608
v 0.008261 1.248999 0.179185
v 0.007169 1.248999 0.179703
v 0.005717 1.248999 0.180135
v 0.003978 1.248999 0.180461
v 0.002040 1.248999 0.180663
v 0.000000 1.248999 0.180731
v -0.002040 1.248999 0.180663
v -0.003978 1.248999 0.180461
v -0.005717 1.248999 0.180135
v -0.007169 1.248999 0.179703
v -0.008261 1.248999 0.179185
v -0.008939 1.248999 0.178608
v -0.009169 1.248999 0.178000
v -0.008939 1.248999 0.177392
v -0.008261 1.248999 0.176815
v -0.007169 1.248999 0.176297
v -0.005717 1.248999 0.175865
v -0.003978 1.248999 0.175539
v -0.002040 1.248999 0.175337
v -0.000000 1.248999 0.175269
v 0.002040 1.248999 0.175337
v 0.003978 1.248999 0.175539
v 0.005717 1.248999 0.175865
v 0.007169 1.248999 0.176297
v 0.008261 1.248999 0.176815
v 0.008939 1.248999 0.177392
v 0.000000 1.248000 0.178000
v -0.022131 1.284124 0.204024
v -0.022679 1.284242 0.202257
v -0.024113 1.284650 0.201155
v -0.025887 1.285191 0.201140
v -0.027321 1.285660 0.202218
v -0.027869 1.285876 0.203976
v -0.027321 1.285758 0.205743
v -0.025887 1.285350 0.206845
v -0.024113 1.284809 0.206860
v -0.022679 1.284340 0.205782
v -0.011287 1.319721 0.203024
v -0.011805 1.319932 0.201256
v -0.013162 1.320551 0.200155
v -0.014838 1.321342 0.200140
v -0.016195 1.322002 0.201217
v -0.016713 1.322279 0.202976
v -0.016195 1.322068 0.204744
v -0.014838 1.321449 0.205845
v -0.013162 1.320658 0.205860
v -0.011805 1.319998 0.204783
v 0.000280 1.335013 0.203000
v 0.000227 1.335584 0.201237
v 0.000087 1.337077 0.200147
v -0.000087 1.338923 0.200147
v -0.000227 1.340416 0.201237
v -0.000280 1.340987 0.203000
v -0.000227 1.340416 0.204763
v -0.000087 1.338923 0.205853
v 0.000087 1.337077 0.205853
v 0.000227 1.335584 0.204763
v 0.020583 1.325526 0.203000
v 0.020090 1.325235 0.204763
v 0.018798 1.324472 0.205853
v 0.017202 1.323528 0.205853
v 0.015910 1.322765 0.204763
v 0.015417 1.322474 0.203000
v 0.015910 1.322765 0.201237
v 0.017202 1.323528 0.200147
v 0.018798 1.324472 0.200147
v 0.020090 1.325235 0.201237
v 0.028899 1.294773 0.203000
v 0.028345 1.294625 0.204763
v 0.026896 1.294239 0.205853
v 0.025104 1.293761 0.205853
v 0.023655 1.293375 0.204763
v 0.023101 1.293227 0.203000
v 0.023655 1.293375 0.201237
v 0.025104 1.293761 0.200147
v 0.026896 1.294239 0.200147
v 0.028345 1.294625 0.201237
v -0.025000 1.285000 0.204000
v 0.026000 1.294000 0.203000
v 0.000000 1.309000 0.206000
v 0.001854 1.308560 0.206000
v 0.001670 1.308560 0.206536
v 0.001156 1.308560 0.206966
v 0.000413 1.308560 0.207205
v -0.000413 1.308560 0.207205
v -0.001156 1.308560 0.206966
v -0.001670 1.308560 0.206536
v -0.001854 1.308560 0.206000
v -0.001670 1.308560 0.205464
v -0.001156 1.308560 0.205034
v -0.000413 1.308560 0.204795
v 0.000413 1.308560 0.204795
v 0.001156 1.308560 0.205034
v 0.001670 1.308560 0.205464
v 0.003527 1.307281 0.206000
v 0.003177 1.307281 0.207020
v 0.002199 1.307281 0.207838
v 0.000785 1.307281 0.208292
v -0.000785 1.307281 0.208292
v -0.002199 1.307281 0.207838
v -0.003177 1.307281 0.207020
v -0.003527 1.307281 0.206000
v -0.003177 1.307281 0.204980
v -0.002199 1.307281 0.204162
v -0.000785 1.307281 0.203708
v 0.000785 1.307281 0.203708
v 0.002199 1.307281 0.204162
v 0.003177 1.307281 0.204980
v 0.004854 1.305290 0.206000
v 0.004373 1.305290 0.207404
v 0.003026 1.305290 0.208530
v 0.001080 1.305290 0.209155
v -0.001080 1.305290 0.209155
v -0.003026 1.305290 0.208530
v -0.004373 1.305290 0.207404
v -0.004854 1.305290 0.206000
v -0.004373 1.305290 0.204596
v -0.003026 1.305290 0.203470
v -0.001080 1.305290 0.202845
v 0.001080 1.305290 0.202845
v 0.003026 1.305290 0.203470
v 0.004373 1.305290 0.204596
v 0.005706 1.302781 0.206000
v 0.005141 1.302781 0.207651
v 0.003558 1.302781 0.208974
v 0.001270 1.302781 0.209709
v -0.001270 1.302781 0.209709
v -0.003558 1.302781 0.208974
v -0.005141 1.302781 0.207651
v -0.005706 1.302781 0.206000
v -0.005141 1.302781 0.204349
v -0.003558 1.302781 0.203026
v -0.001270 1.302781 0.202291
v 0.001270 1.302781 0.202291
v 0.003558 1.302781 0.203026
v 0.005141 1.302781 0.204349
v 0.006000 1.300000 0.206000
v 0.005406 1.300000 0.207736
v 0.003741 1.300000 0.209127
v 0.001335 1.300000 0.209900
v -0.001335 1.300000 0.209900
v -0.003741 1.300000 0.209127
v -0.005406 1.300000 0.207736
v -0.006000 1.300000 0.206000
v -0.005406 1.300000 0.204264
v -0.003741 1.300000 0.202873
v -0.001335 1.300000 0.202100
v 0.001335 1.300000 0.202100
v 0.003741 1.300000 0.202873
v 0.005406 1.300000 0.204264
v 0.005706 1.297219 0.206000
v 0.005141 1.297219 0.207651
v 0.003558 1.297219 0.208974
v 0.001270 1.297219 0.209709
v -0.001270 1.297219 0.209709
v -0.003558 1.297219 0.208974
v -0.005141 1.297219 0.207651
v -0.005706 1.297219 0.206000
v -0.005141 1.297219 0.204349
v -0.003558 1.297219 0.203026
v -0.001270 1.297219 0.202291
v 0.001270 1.297219 0.202291
v 0.003558 1.297219 0.203026
v 0.005141 1.297219 0.204349
v 0.004854 1.294710 0.206000
v 0.004373 1.294710 0.207404
v 0.003026 1.294710 0.208530
v 0.001080 1.294710 0.209155
v -0.001080 1.294710 0.209155
v -0.003026 1.294710 0.208530
v -0.004373 1.294710 0.207404
v -0.004854 1.294710 0.206000
v -0.004373 1.294710 0.204596
v -0.003026 1.294710 0.203470
v -0.001080 1.294710 0.202845
v 0.001080 1.294710 0.202845
v 0.003026 1.294710 0.203470
v 0.004373 1.294710 0.204596
v 0.003527 1.292719 0.206000
v 0.003177 1.292719 0.207020
v 0.002199 1.292719 0.207838
v 0.000785 1.292719 0.208292
v -0.000785 1.292719 0.208292
v -0.002199 1.292719 0.207838
v -0.003177 1.292719 0.207020
v -0.003527 1.292719 0.206000
v -0.003177 1.292719 0.204980
v -0.002199 1.292719 0.204162
v -0.000785 1.292719 0.203708
v 0.000785 1.292719 0.203708
v 0.002199 1.292719 0.204162
v 0.003177 1.292719 0.204980
v 0.001854 1.291440 0.206000
v 0.001670 1.291440 0.206536
v 0.001156 1.291440 0.206966
v 0.000413 1.291440 0.207205
v -0.000413 1.291440 0.207205
v -0.001156 1.291440 0.206966
v -0.001670 1.291440 0.206536
v -0.001854 1.291440 0.206000
v -0.001670 1.291440 0.205464
v -0.001156 1.291440 0.205034
v -0.000413 1.291440 0.204795
v 0.000413 1.291440 0.204795
v 0.001156 1.291440 0.205034
v 0.001670 1.291440 0.205464
v 0.000000 1.291000 0.206000
v 0.015000 1.442000 0.165000
v 0.018708 1.441413 0.165000
v 0.018426 1.441413 0.165828
v 0.017622 1.441413 0.166530
v 0.016419 1.441413 0.166998
v 0.015000 1.441413 0.167163
v 0.013581 1.441413 0.166998
v 0.012378 1.441413 0.166530
v 0.011574 1.441413 0.165828
v 0.011292 1.441413 0.165000
v 0.011574 1.441413 0.164172
v 0.012378 1.441413 0.163470
v 0.013581 1.441413 0.163002
v 0.015000 1.441413 0.162837
v 0.016419 1.441413 0.163002
v 0.017622 1.441413 0.163470
v 0.018426 1.441413 0.164172
v 0.022053 1.439708 0.165000
v 0.021517 1.439708 0.166575
v 0.019988 1.439708 0.167909
v 0.017699 1.439708 0.168801
v 0.015000 1.439708 0.169114
v 0.012301 1.439708 0.168801
v 0.010012 1.439708 0.167909
v 0.008483 1.439708 0.166575
v 0.007947 1.439708 0.165000
v 0.008483 1.439708 0.163425
v 0.010012 1.439708 0.162091
v 0.012301 1.439708 0.161199
v 0.015000 1.439708 0.160886
v 0.017699 1.439708 0.161199
v 0.019988 1.439708 0.162091
v 0.021517 1.439708 0.163425
v 0.024708 1.437053 0.165000
v 0.023969 1.437053 0.167167
v 0.021865 1.437053 0.169004
v 0.018715 1.437053 0.170232
v 0.015000 1.437053 0.170663
v 0.011285 1.437053 0.170232
v 0.008135 1.437053 0.169004
v 0.006031 1.437053 0.167167
v 0.005292 1.437053 0.165000
v 0.006031 1.437053 0.162833
v 0.008135 1.437053 0.160996
v 0.011285 1.437053 0.159768
v 0.015000 1.437053 0.159337
v 0.018715 1.437053 0.159768
v 0.021865 1.437053 0.160996
v 0.023969 1.437053 0.162833
v 0.026413 1.433708 0.165000
v 0.025544 1.433708 0.167548
v 0.023070 1.433708 0.169707
v 0.019367 1.433708 0.171151
v 0.015000 1.433708 0.171657
v 0.010633 1.433708 0.171151
v 0.006930 1.433708 0.169707
v 0.004456 1.433708 0.167548
v 0.003587 1.433708 0.165000
v 0.004456 1.433708 0.162452
v 0.006930 1.433708 0.160293
v 0.010633 1.433708 0.158849
v 0.015000 1.433708 0.158343
v 0.019367 1.433708 0.158849
v 0.023070 1.433708 0.160293
v 0.025544 1.433708 0.162452
v 0.027000 1.430000 0.165000
v 0.026087 1.430000 0.167679
v 0.023485 1.430000 0.169950
v 0.019592 1.430000 0.171467
v 0.015000 1.430000 0.172000
v 0.010408 1.430000 0.171467
v 0.006515 1.430000 0.169950
v 0.003913 1.430000 0.167679
v 0.003000 1.430000 0.165000
v 0.003913 1.430000 0.162321
v 0.006515 1.430000 0.160050
v 0.010408 1.430000 0.158533
v 0.015000 1.430000 0.158000
v 0.019592 1.430000 0.158533
v 0.023485 1.430000 0.160050
v 0.026087 1.430000 0.162321
v 0.026413 1.426292 0.165000
v 0.025544 1.426292 0.167548
v 0.023070 1.426292 0.169707
v 0.019367 1.426292 0.171151
v 0.015000 1.426292 0.171657
v 0.010633 1.426292 0.171151
v 0.006930 1.426292 0.169707
v 0.004456 1.426292 0.167548
v 0.003587 1.426292 0.165000
v 0.004456 1.426292 0.162452
v 0.006930 1.426292 0.160293
v 0.010633 1.426292 0.158849
v 0.015000 1.426292 0.158343
v 0.019367 1.426292 0.158849
v 0.023070 1.426292 0.160293
v 0.025544 1.426292 0.162452
v 0.024708 1.422947 0.165000
v 0.023969 1.422947 0.167167
v 0.021865 1.422947 0.169004
v 0.018715 1.422947 0.170232
v 0.015000 1.422947 0.170663
v 0.011285 1.422947 0.170232
v 0.008135 1.422947 0.169004
v 0.006031 1.422947 0.167167
v 0.005292 1.422947 0.165000
v 0.006031 1.422947 0.162833
v 0.008135 1.422947 0.160996
v 0.011285 1.422947 0.159768
v 0.015000 1.422947 0.159337
v 0.018715 1.422947 0.159768
v 0.021865 1.422947 0.160996
v 0.023969 1.422947 0.162833
v 0.022053 1.420292 0.165000
v 0.021517 1.420292 0.166575
v 0.019988 1.420292 0.167909
v 0.017699 1.420292 0.168801
v 0.015000 1.420292 0.169114
v 0.012301 1.420292 0.168801
v 0.010012 1.420292 0.167909
v 0.008483 1.420292 0.166575
v 0.007947 1.420292 0.165000
v 0.008483 1.420292 0.163425
v 0.010012 1.420292 0.162091
v 0.012301 1.420292 0.161199
v 0.015000 1.420292 0.160886
v 0.017699 1.420292 0.161199
v 0.019988 1.420292 0.162091
v 0.021517 1.420292 0.163425
v 0.018708 1.418587 0.165000
v 0.018426 1.418587 0.165828
v 0.017622 1.418587 0.166530
v 0.016419 1.418587 0.166998
v 0.015000 1.418587 0.167163
v 0.013581 1.418587 0.166998
v 0.012378 1.418587 0.166530
v 0.011574 1.418587 0.165828
v 0.011292 1.418587 0.165000
v 0.011574 1.418587 0.164172
v 0.012378 1.418587 0.163470
v 0.013581 1.418587 0.163002
v 0.015000 1.418587 0.162837
v 0.016419 1.418587 0.163002
v 0.017622 1.418587 0.163470
v 0.018426 1.418587 0.164172
v 0.015000 1.418000 0.165000
v 0.015000 1.378000 0.153000
v 0.018708 1.377413 0.153000
v 0.018426 1.377413 0.153828
v 0.017622 1.377413 0.154530
v 0.016419 1.377413 0.154998
v 0.015000 1.377413 0.155163
v 0.013581 1.377413 0.154998
v 0.012378 1.377413 0.154530
v 0.011574 1.377413 0.153828
v 0.011292 1.377413 0.153000
v 0.011574 1.377413 0.152172
v 0.012378 1.377413 0.151470
v 0.013581 1.377413 0.151002
v 0.015000 1.377413 0.150837
v 0.016419 1.377413 0.151002
v 0.017622 1.377413 0.151470
v 0.018426 1.377413 0.152172
v 0.022053 1.375708 0.153000
v 0.021517 1.375708 0.154575
v 0.019988 1.375708 0.155909
v 0.017699 1.375708 0.156801
v 0.015000 1.375708 0.157114
v 0.012301 1.375708 0.156801
v 0.010012 1.375708 0.155909
v 0.008483 1.375708 0.154575
v 0.007947 1.375708 0.153000
v 0.008483 1.375708 0.151425
v 0.010012 1.375708 0.150091
v 0.012301 1.375708 0.149199
v 0.015000 1.375708 0.148886
v 0.017699 1.375708 0.149199
v 0.019988 1.375708 0.150091
v 0.021517 1.375708 0.151425
v 0.024708 1.373053 0.153000
v 0.023969 1.373053 0.155167
v 0.021865 1.373053 0.157004
v 0.018715 1.373053 0.158232
v 0.015000 1.373053 0.158663
v 0.011285 1.373053 0.158232
v 0.008135 1.373053 0.157004
v 0.006031 1.373053 0.155167
v 0.005292 1.373053 0.153000
v 0.006031 1.373053 0.150833
v 0.008135 1.373053 0.148996
v 0.011285 1.373053 0.147768
v 0.015000 1.373053 0.147337
v 0.018715 1.373053 0.147768
v 0.021865 1.373053 0.148996
v 0.023969 1.373053 0.150833
v 0.026413 1.369708 0.153000
v 0.025544 1.369708 0.155548
v 0.023070 1.369708 0.157707
v 0.019367 1.369708 0.159151
v 0.015000 1.369708 0.159657
v 0.010633 1.369708 0.159151
v 0.006930 1.369708 0.157707
v 0.004456 1.369708 0.155548
v 0.003587 1.369708 0.153000
v 0.004456 1.369708 0.150452
v 0.006930 1.369708 0.148293
v 0.010633 1.369708 0.146849
v 0.015000 1.369708 0.146343
v 0.019367 1.369708 0.146849
v 0.023070 1.369708 0.148293
v 0.025544 1.369708 0.150452
v 0.027000 1.366000 0.153000
v 0.026087 1.366000 0.155679
v 0.023485 1.366000 0.157950
v 0.019592 1.366000 0.159467
v 0.015000 1.366000 0.160000
v 0.010408 1.366000 0.159467
v 0.006515 1.366000 0.157950
v 0.003913 1.366000 0.155679
v 0.003000 1.366000 0.153000
v 0.003913 1.366000 0.150321
v 0.006515 1.366000 0.148050
v 0.010408 1.366000 0.146533
v 0.015000 1.366000 0.146000
v 0.019592 1.366000 0.146533
v 0.023485 1.366000 0.148050
v 0.026087 1.366000 0.150321
v 0.026413 1.362292 0.153000
v 0.025544 1.362292 0.155548
v 0.023070 1.362292 0.157707
v 0.019367 1.362292 0.159151
v 0.015000 1.362292 0.159657
v 0.010633 1.362292 0.159151
v 0.006930 1.362292 0.157707
v 0.004456 1.362292 0.155548
v 0.003587 1.362292 0.153000
v 0.004456 1.362292 0.150452
v 0.006930 1.362292 0.148293
v 0.010633 1.362292 0.146849
v 0.015000 1.362292 0.146343
v 0.019367 1.362292 0.146849
v 0.023070 1.362292 0.148293
v 0.025544 1.362292 0.150452
v 0.024708 1.358947 0.153000
v 0.023969 1.358947 0.155167
v 0.021865 1.358947 0.157004
v 0.018715 1.358947 0.158232
v 0.015000 1.358947 0.158663
v 0.011285 1.358947 0.158232
v 0.008135 1.358947 0.157004
v 0.006031 1.358947 0.155167
v 0.005292 1.358947 0.153000
v 0.006031 1.358947 0.150833
v 0.008135 1.358947 0.148996
v 0.011285 1.358947 0.147768
v 0.015000 1.358947 0.147337
v 0.018715 1.358947 0.147768
v 0.021865 1.358947 0.148996
v 0.023969 1.358947 0.150833
v 0.022053 1.356292 0.153000
v 0.021517 1.356292 0.154575
v 0.019988 1.356292 0.155909
v 0.017699 1.356292 0.156801
v 0.015000 1.356292 0.157114
v 0.012301 1.356292 0.156801
v 0.010012 1.356292 0.155909
v 0.008483 1.356292 0.154575
v 0.007947 1.356292 0.153000
v 0.008483 1.356292 0.151425
v 0.010012 1.356292 0.150091
v 0.012301 1.356292 0.149199
v 0.015000 1.356292 0.148886
v 0.017699 1.356292 0.149199
v 0.019988 1.356292 0.150091
v 0.021517 1.356292 0.151425
v 0.018708 1.354587 0.153000
v 0.018426 1.354587 0.153828
v 0.017622 1.354587 0.154530
v 0.016419 1.354587 0.154998
v 0.015000 1.354587 0.155163
v 0.013581 1.354587 0.154998
v 0.012378 1.354587 0.154530
v 0.011574 1.354587 0.153828
v 0.011292 1.354587 0.153000
v 0.011574 1.354587 0.152172
v 0.012378 1.354587 0.151470
v 0.013581 1.354587 0.151002
v 0.015000 1.354587 0.150837
v 0.016419 1.354587 0.151002
v 0.017622 1.354587 0.151470
v 0.018426 1.354587 0.152172
v 0.015000 1.354000 0.153000
v 0.015000 1.314000 0.141000
v 0.018708 1.313413 0.141000
v 0.018426 1.313413 0.141828
v 0.017622 1.313413 0.142530
v 0.016419 1.313413 0.142998
v 0.015000 1.313413 0.143163
v 0.013581 1.313413 0.142998
v 0.012378 1.313413 0.142530
v 0.011574 1.313413 0.141828
v 0.011292 1.313413 0.141000
v 0.011574 1.313413 0.140172
v 0.012378 1.313413 0.139470
v 0.013581 1.313413 0.139002
v 0.015000 1.313413 0.138837
v 0.016419 1.313413 0.139002
v 0.017622 1.313413 0.139470
v 0.018426 1.313413 0.140172
v 0.022053 1.311708 0.141000
v 0.021517 1.311708 0.142575
v 0.019988 1.311708 0.143909
v 0.017699 1.311708 0.144801
v 0.015000 1.311708 0.145114
v 0.012301 1.311708 0.144801
v 0.010012 1.311708 0.143909
v 0.008483 1.311708 0.142575
v 0.007947 1.311708 0.141000
v 0.008483 1.311708 0.139425
v 0.010012 1.311708 0.138091
v 0.012301 1.311708 0.137199
v 0.015000 1.311708 0.136886
v 0.017699 1.311708 0.137199
v 0.019988 1.311708 0.138091
v 0.021517 1.311708 0.139425
v 0.024708 1.309053 0.141000
v 0.023969 1.309053 0.143167
v 0.021865 1.309053 0.145004
v 0.018715 1.309053 0.146232
v 0.015000 1.309053 0.146663
v 0.011285 1.309053 0.146232
v 0.008135 1.309053 0.145004
v 0.006031 1.309053 0.143167
v 0.005292 1.309053 0.141000
v 0.006031 1.309053 0.138833
v 0.008135 1.309053 0.136996
v 0.011285 1.309053 0.135768
v 0.015000 1.309053 0.135337
v 0.018715 1.309053 0.135768
v 0.021865 1.309053 0.136996
v 0.023969 1.309053 0.138833
v 0.026413 1.305708 0.141000
v 0.025544 1.305708 0.143548
v 0.023070 1.305708 0.145707
v 0.019367 1.305708 0.147151
v 0.015000 1.305708 0.147657
v 0.010633 1.305708 0.147151
v 0.006930 1.305708 0.145707
v 0.004456 1.305708 0.143548
v 0.003587 1.305708 0.141000
v 0.004456 1.305708 0.138452
v 0.006930 1.305708 0.136293
v 0.010633 1.305708 0.134849
v 0.015000 1.305708 0.134343
v 0.019367 1.305708 0.134849
v 0.023070 1.305708 0.136293
v 0.025544 1.305708 0.138452
v 0.027000 1.302000 0.141000
v 0.026087 1.302000 0.143679
v 0.023485 1.302000 0.145950
v 0.019592 1.302000 0.147467
v 0.015000 1.302000 0.148000
v 0.010408 1.302000 0.147467
v 0.006515 1.302000 0.145950
v 0.003913 1.302000 0.143679
v 0.003000 1.302000 0.141000
v 0.003913 1.302000 0.138321
v 0.006515 1.302000 0.136050
v 0.010408 1.302000 0.134533
v 0.015000 1.302000 0.134000
v 0.019592 1.302000 0.134533
v 0.023485 1.302000 0.136050
v 0.026087 1.302000 0.138321
v 0.026413 1.298292 0.141000
v 0.025544 1.298292 0.143548
v 0.023070 1.298292 0.145707
v 0.019367 1.298292 0.147151
v 0.015000 1.298292 0.147657
v 0.010633 1.298292 0.147151
v 0.006930 1.298292 0.145707
v 0.004456 1.298292 0.143548
v 0.003587 1.298292 0.141000
v 0.004456 1.298292 0.138452
v 0.006930 1.298292 0.136293
v 0.010633 1.298292 0.134849
v 0.015000 1.298292 0.134343
v 0.019367 1.298292 0.134849
v 0.023070 1.298292 0.136293
v 0.025544 1.298292 0.138452
v 0.024708 1.294947 0.141000
v 0.023969 1.294947 0.143167
v 0.021865 1.294947 0.145004
v 0.018715 1.294947 0.146232
v 0.015000 1.294947 0.146663
v 0.011285 1.294947 0.146232
v 0.008135 1.294947 0.145004
v 0.006031 1.294947 0.143167
v 0.005292 1.294947 0.141000
v 0.006031 1.294947 0.138833
v 0.008135 1.294947 0.136996
v 0.011285 1.294947 0.135768
v 0.015000 1.294947 0.135337
v 0.018715 1.294947 0.135768
v 0.021865 1.294947 0.136996
v 0.023969 1.294947 0.138833
v 0.022053 1.292292 0.141000
v 0.021517 1.292292 0.142575
v 0.019988 1.292292 0.143909
v 0.017699 1.292292 0.144801
v 0.015000 1.292292 0.145114
v 0.012301 1.292292 0.144801
v 0.010012 1.292292 0.143909
v 0.008483 1.292292 0.142575
v 0.007947 1.292292 0.141000
v 0.008483 1.292292 0.139425
v 0.010012 1.292292 0.138091
v 0.012301 1.292292 0.137199
v 0.015000 1.292292 0.136886
v 0.017699 1.292292 0.137199
v 0.019988 1.292292 0.138091
v 0.021517 1.292292 0.139425
v 0.018708 1.290587 0.141000
v 0.018426 1.290587 0.141828
v 0.017622 1.290587 0.142530
v 0.016419 1.290587 0.142998
v 0.015000 1.290587 0.143163
v 0.013581 1.290587 0.142998
v 0.012378 1.290587 0.142530
v 0.011574 1.290587 0.141828
v 0.011292 1.290587 0.141000
v 0.011574 1.290587 0.140172
v 0.012378 1.290587 0.139470
v 0.013581 1.290587 0.139002
v 0.015000 1.290587 0.138837
v 0.016419 1.290587 0.139002
v 0.017622 1.290587 0.139470
v 0.018426 1.290587 0.140172
v 0.015000 1.290000 0.141000
v 0.015000 1.250000 0.129000
v 0.018708 1.249413 0.129000
v 0.018426 1.249413 0.129828
v 0.017622 1.249413 0.130530
v 0.016419 1.249413 0.130998
v 0.015000 1.249413 0.131163
v 0.013581 1.249413 0.130998
v 0.012378 1.249413 0.130530
v 0.011574 1.249413 0.129828
v 0.011292 1.249413 0.129000
v 0.011574 1.249413 0.128172
v 0.012378 1.249413 0.127470
v 0.013581 1.249413 0.127002
v 0.015000 1.249413 0.126837
v 0.016419 1.249413 0.127002
v 0.017622 1.249413 0.127470
v 0.018426 1.249413 0.128172
v 0.022053 1.247708 0.129000
v 0.021517 1.247708 0.130575
v 0.019988 1.247708 0.131909
v 0.017699 1.247708 0.132801
v 0.015000 1.247708 0.133114
v 0.012301 1.247708 0.132801
v 0.010012 1.247708 0.131909
v 0.008483 1.247708 0.130575
v 0.007947 1.247708 0.129000
v 0.008483 1.247708 0.127425
v 0.010012 1.247708 0.126091
v 0.012301 1.247708 0.125199
v 0.015000 1.247708 0.124886
v 0.017699 1.247708 0.125199
v 0.019988 1.247708 0.126091
v 0.021517 1.247708 0.127425
v 0.024708 1.245053 0.129000
v 0.023969 1.245053 0.131167
v 0.021865 1.245053 0.133004
v 0.018715 1.245053 0.134232
v 0.015000 1.245053 0.134663
v 0.011285 1.245053 0.134232
v 0.008135 1.245053 0.133004
v 0.006031 1.245053 0.131167
v 0.005292 1.245053 0.129000
v 0.006031 1.245053 0.126833
v 0.008135 1.245053 0.124996
v 0.011285 1.245053 0.123768
v 0.015000 1.245053 0.123337
v 0.018715 1.245053 0.123768
v 0.021865 1.245053 0.124996
v 0.023969 1.245053 0.126833
v 0.026413 1.241708 0.129000
v 0.025544 1.241708 0.131548
v 0.023070 1.241708 0.133707
v 0.019367 1.241708 0.135151
v 0.015000 1.241708 0.135657
v 0.010633 1.241708 0.135151
v 0.006930 1.241708 0.133707
v 0.004456 1.241708 0.131548
v 0.003587 1.241708 0.129000
v 0.004456 1.241708 0.126452
v 0.006930 1.241708 0.124293
v 0.010633 1.241708 0.122849
v 0.015000 1.241708 0.122343
v 0.019367 1.241708 0.122849
v 0.023070 1.241708 0.124293
v 0.025544 1.241708 0.126452
v 0.027000 1.238000 0.129000
v 0.026087 1.238000 0.131679
v 0.023485 1.238000 0.133950
v 0.019592 1.238000 0.135467
v 0.015000 1.238000 0.136000
v 0.010408 1.238000 0.135467
v 0.006515 1.238000 0.133950
v 0.003913 1.238000 0.131679
v 0.003000 1.238000 0.129000
v 0.003913 1.238000 0.126321
v 0.006515 1.238000 0.124050
v 0.010408 1.238000 0.122533
v 0.015000 1.238000 0.122000
v 0.019592 1.238000 0.122533
v 0.023485 1.238000 0.124050
v 0.026087 1.238000 0.126321
v 0.026413 1.234292 0.129000
v 0.025544 1.234292 0.131548
v 0.023070 1.234292 0.133707
v 0.019367 1.234292 0.135151
v 0.015000 1.234292 0.135657
v 0.010633 1.234292 0.135151
v 0.006930 1.234292 0.133707
v 0.004456 1.234292 0.131548
v 0.003587 1.234292 0.129000
v 0.004456 1.234292 0.126452
v 0.006930 1.234292 0.124293
v 0.010633 1.234292 0.122849
v 0.015000 1.234292 0.122343
v 0.019367 1.234292 0.122849
v 0.023070 1.234292 0.124293
v 0.025544 1.234292 0.126452
v 0.024708 1.230947 0.129000
v 0.023969 1.230947 0.131167
v 0.021865 1.230947 0.133004
v 0.018715 1.230947 0.134232
v 0.015000 1.230947 0.134663
v 0.011285 1.230947 0.134232
v 0.008135 1.230947 0.133004
v 0.006031 1.230947 0.131167
v 0.005292 1.230947 0.129000
v 0.006031 1.230947 0.126833
v 0.008135 1.230947 0.124996
v 0.011285 1.230947 0.123768
v 0.015000 1.230947 0.123337
v 0.018715 1.230947 0.123768
v 0.021865 1.230947 0.124996
v 0.023969 1.230947 0.126833
v 0.022053 1.228292 0.129000
v 0.021517 1.228292 0.130575
v 0.019988 1.228292 0.131909
v 0.017699 1.228292 0.132801
v 0.015000 1.228292 0.133114
v 0.012301 1.228292 0.132801
v 0.010012 1.228292 0.131909
v 0.008483 1.228292 0.130575
v 0.007947 1.228292 0.129000
v 0.008483 1.228292 0.127425
v 0.010012 1.228292 0.126091
v 0.012301 1.228292 0.125199
v 0.015000 1.228292 0.124886
v 0.017699 1.228292 0.125199
v 0.019988 1.228292 0.126091
v 0.021517 1.228292 0.127425
v 0.018708 1.226587 0.129000
v 0.018426 1.226587 0.129828
v 0.017622 1.226587 0.130530
v 0.016419 1.226587 0.130998
v 0.015000 1.226587 0.131163
v 0.013581 1.226587 0.130998
v 0.012378 1.226587 0.130530
v 0.011574 1.226587 0.129828
v 0.011292 1.226587 0.129000
v 0.011574 1.226587 0.128172
v 0.012378 1.226587 0.127470
v 0.013581 1.226587 0.127002
v 0.015000 1.226587 0.126837
v 0.016419 1.226587 0.127002
v 0.017622 1.226587 0.127470
v 0.018426 1.226587 0.128172
v 0.015000 1.226000 0.129000
v 0.015000 1.186000 0.117000
v 0.018708 1.185413 0.117000
v 0.018426 1.185413 0.117828
v 0.017622 1.185413 0.118530
v 0.016419 1.185413 0.118998
v 0.015000 1.185413 0.119163
v 0.013581 1.185413 0.118998
v 0.012378 1.185413 0.118530
v 0.011574 1.185413 0.117828
v 0.011292 1.185413 0.117000
v 0.011574 1.185413 0.116172
v 0.012378 1.185413 0.115470
v 0.013581 1.185413 0.115002
v 0.015000 1.185413 0.114837
v 0.016419 1.185413 0.115002
v 0.017622 1.185413 0.115470
v 0.018426 1.185413 0.116172
v 0.022053 1.183708 0.117000
v 0.021517 1.183708 0.118575
v 0.019988 1.183708 0.119909
v 0.017699 1.183708 0.120801
v 0.015000 1.183708 0.121114
v 0.012301 1.183708 0.120801
v 0.010012 1.183708 0.119909
v 0.008483 1.183708 0.118575
v 0.007947 1.183708 0.117000
v 0.008483 1.183708 0.115425
v 0.010012 1.183708 0.114091
v 0.012301 1.183708 0.113199
v 0.015000 1.183708 0.112886
v 0.017699 1.183708 0.113199
v 0.019988 1.183708 0.114091
v 0.021517 1.183708 0.115425
v 0.024708 1.181053 0.117000
v 0.023969 1.181053 0.119167
v 0.021865 1.181053 0.121004
v 0.018715 1.181053 0.122232
v 0.015000 1.181053 0.122663
v 0.011285 1.181053 0.122232
v 0.008135 1.181053 0.121004
v 0.006031 1.181053 0.119167
v 0.005292 1.181053 0.117000
v 0.006031 1.181053 0.114833
v 0.008135 1.181053 0.112996
v 0.011285 1.181053 0.111768
v 0.015000 1.181053 0.111337
v 0.018715 1.181053 0.111768
v 0.021865 1.181053 0.112996
v 0.023969 1.181053 0.114833
v 0.026413 1.177708 0.117000
v 0.025544 1.177708 0.119548
v 0.023070 1.177708 0.121707
v 0.019367 1.177708 0.123151
v 0.015000 1.177708 0.123657
v 0.010633 1.177708 0.123151
v 0.006930 1.177708 0.121707
v 0.004456 1.177708 0.119548
v 0.003587 1.177708 0.117000
v 0.004456 1.177708 0.114452
v 0.006930 1.177708 0.112293
v 0.010633 1.177708 0.110849
v 0.015000 1.177708 0.110343
v 0.019367 1.177708 0.110849
v 0.023070 1.177708 0.112293
v 0.025544 1.177708 0.114452
v 0.027000 1.174000 0.117000
v 0.026087 1.174000 0.119679
v 0.023485 1.174000 0.121950
v 0.019592 1.174000 0.123467
v 0.015000 1.174000 0.124000
v 0.010408 1.174000 0.123467
v 0.006515 1.174000 0.121950
v 0.003913 1.174000 0.119679
v 0.003000 1.174000 0.117000
v 0.003913 1.174000 0.114321
v 0.006515 1.174000 0.112050
v 0.010408 1.174000 0.110533
v 0.015000 1.174000 0.110000
v 0.019592 1.174000 0.110533
v 0.023485 1.174000 0.112050
v 0.026087 1.174000 0.114321
v 0.026413 1.170292 0.117000
v 0.025544 1.170292 0.119548
v 0.023070 1.170292 0.121707
v 0.019367 1.170292 0.123151
v 0.015000 1.170292 0.123657
v 0.010633 1.170292 0.123151
v 0.006930 1.170292 0.121707
v 0.004456 1.170292 0.119548
v 0.003587 1.170292 0.117000
v 0.004456 1.170292 0.114452
v 0.006930 1.170292 0.112293
v 0.010633 1.170292 0.110849
v 0.015000 1.170292 0.110343
v 0.019367 1.170292 0.110849
v 0.023070 1.170292 0.112293
v 0.025544 1.170292 0.114452
v 0.024708 1.166947 0.117000
v 0.023969 1.166947 0.119167
v 0.021865 1.166947 0.121004
v 0.018715 1.166947 0.122232
v 0.015000 1.166947 0.122663
v 0.011285 1.166947 0.122232
v 0.008135 1.166947 0.121004
v 0.006031 1.166947 0.119167
v 0.005292 1.166947 0.117000
v 0.006031 1.166947 0.114833
v 0.008135 1.166947 0.112996
v 0.011285 1.166947 0.111768
v 0.015000 1.166947 0.111337
v 0.018715 1.166947 0.111768
v 0.021865 1.166947 0.112996
v 0.023969 1.166947 0.114833
v 0.022053 1.164292 0.117000
v 0.021517 1.164292 0.118575
v 0.019988 1.164292 0.119909
v 0.017699 1.164292 0.120801
v 0.015000 1.164292 0.121114
v 0.012301 1.164292 0.120801
v 0.010012 1.164292 0.119909
v 0.008483 1.164292 0.118575
v 0.007947 1.164292 0.117000
v 0.008483 1.164292 0.115425
v 0.010012 1.164292 0.114091
v 0.012301 1.164292 0.113199
v 0.015000 1.164292 0.112886
v 0.017699 1.164292 0.113199
v 0.019988 1.164292 0.114091
v 0.021517 1.164292 0.115425
v 0.018708 1.162587 0.117000
v 0.018426 1.162587 0.117828
v 0.017622 1.162587 0.118530
v 0.016419 1.162587 0.118998
v 0.015000 1.162587 0.119163
v 0.013581 1.162587 0.118998
v 0.012378 1.162587 0.118530
v 0.011574 1.162587 0.117828
v 0.011292 1.162587 0.117000
v 0.011574 1.162587 0.116172
v 0.012378 1.162587 0.115470
v 0.013581 1.162587 0.115002
v 0.015000 1.162587 0.114837
v 0.016419 1.162587 0.115002
v 0.017622 1.162587 0.115470
v 0.018426 1.162587 0.116172
v 0.015000 1.162000 0.117000
v -0.255000 1.469000 0.076000
v -0.248769 1.468148 0.076000
v -0.249074 1.468148 0.076825
v -0.249959 1.468148 0.077570
v -0.251338 1.468148 0.078160
v -0.253075 1.468148 0.078540
v -0.255000 1.468148 0.078670
v -0.256925 1.468148 0.078540
v -0.258662 1.468148 0.078160
v -0.260041 1.468148 0.077570
v -0.260926 1.468148 0.076825
v -0.261231 1.468148 0.076000
v -0.260926 1.468148 0.075175
v -0.260041 1.468148 0.074430
v -0.258662 1.468148 0.073840
v -0.256925 1.468148 0.073460
v -0.255000 1.468148 0.073330
v -0.253075 1.468148 0.073460
v -0.251338 1.468148 0.073840
v -0.249959 1.468148 0.074430
v -0.249074 1.468148 0.075175
v -0.242851 1.465633 0.076000
v -0.243446 1.465633 0.077609
v -0.245171 1.465633 0.079060
v -0.247859 1.465633 0.080212
v -0.251246 1.465633 0.080952
v -0.255000 1.465633 0.081207
v -0.258754 1.465633 0.080952
v -0.262141 1.465633 0.080212
v -0.264829 1.465633 0.079060
v -0.266554 1.465633 0.077609
v -0.267149 1.465633 0.076000
v -0.266554 1.465633 0.074391
v -0.264829 1.465633 0.072940
v -0.262141 1.465633 0.071788
v -0.258754 1.465633 0.071048
v -0.255000 1.465633 0.070793
v -0.251246 1.465633 0.071048
v -0.247859 1.465633 0.071788
v -0.245171 1.465633 0.072940
v -0.243446 1.465633 0.074391
v -0.237542 1.461582 0.076000
v -0.238397 1.461582 0.078312
v -0.240876 1.461582 0.080398
v -0.244739 1.461582 0.082053
v -0.249605 1.461582 0.083116
v -0.255000 1.461582 0.083482
v -0.260395 1.461582 0.083116
v -0.265261 1.461582 0.082053
v -0.269124 1.461582 0.080398
v -0.271603 1.461582 0.078312
v -0.272458 1.461582 0.076000
v -0.271603 1.461582 0.073688
v -0.269124 1.461582 0.071602
v -0.265261 1.461582 0.069947
v -0.260395 1.461582 0.068884
v -0.255000 1.461582 0.068518
v -0.249605 1.461582 0.068884
v -0.244739 1.461582 0.069947
v -0.240876 1.461582 0.071602
v -0.238397 1.461582 0.073688
v -0.233109 1.456199 0.076000
v -0.234180 1.456199 0.078899
v -0.237290 1.456199 0.081515
v -0.242133 1.456199 0.083590
v -0.248235 1.456199 0.084923
v -0.255000 1.456199 0.085382
v -0.261765 1.456199 0.084923
v -0.267867 1.456199 0.083590
v -0.272710 1.456199 0.081515
v -0.275820 1.456199 0.078899
v -0.276891 1.456199 0.076000
v -0.275820 1.456199 0.073101
v -0.272710 1.456199 0.070485
v -0.267867 1.456199 0.068410
v -0.261765 1.456199 0.067077
v -0.255000 1.456199 0.066618
v -0.248235 1.456199 0.067077
v -0.242133 1.456199 0.068410
v -0.237290 1.456199 0.070485
v -0.234180 1.456199 0.073101
v -0.229773 1.449752 0.076000
v -0.231008 1.449752 0.079341
v -0.234591 1.449752 0.082355
v -0.240172 1.449752 0.084747
v -0.247204 1.449752 0.086282
v -0.255000 1.449752 0.086812
v -0.262796 1.449752 0.086282
v -0.269828 1.449752 0.084747
v -0.275409 1.449752 0.082355
v -0.278992 1.449752 0.079341
v -0.280227 1.449752 0.076000
v -0.278992 1.449752 0.072659
v -0.275409 1.449752 0.069645
v -0.269828 1.449752 0.067253
v -0.262796 1.449752 0.065718
v -0.255000 1.449752 0.065188
v -0.247204 1.449752 0.065718
v -0.240172 1.449752 0.067253
v -0.234591 1.449752 0.069645
v -0.231008 1.449752 0.072659
v -0.227702 1.442566 0.076000
v -0.229038 1.442566 0.079615
v -0.232915 1.442566 0.082877
v -0.238955 1.442566 0.085465
v -0.246564 1.442566 0.087127
v -0.255000 1.442566 0.087699
v -0.263436 1.442566 0.087127
v -0.271045 1.442566 0.085465
v -0.277085 1.442566 0.082877
v -0.280962 1.442566 0.079615
v -0.282298 1.442566 0.076000
v -0.280962 1.442566 0.072385
v -0.277085 1.442566 0.069123
v -0.271045 1.442566 0.066535
v -0.263436 1.442566 0.064873
v -0.255000 1.442566 0.064301
v -0.246564 1.442566 0.064873
v -0.238955 1.442566 0.066535
v -0.232915 1.442566 0.069123
v -0.229038 1.442566 0.072385
v -0.227000 1.435000 0.076000
v -0.228370 1.435000 0.079708
v -0.232348 1.435000 0.083053
v -0.238542 1.435000 0.085708
v -0.246348 1.435000 0.087413
v -0.255000 1.435000 0.088000
v -0.263652 1.435000 0.087413
v -0.271458 1.435000 0.085708
v -0.277652 1.435000 0.083053
v -0.281630 1.435000 0.079708
v -0.283000 1.435000 0.076000
v -0.281630 1.435000 0.072292
v -0.277652 1.435000 0.068947
v -0.271458 1.435000 0.066292
v -0.263652 1.435000 0.064587
v -0.255000 1.435000 0.064000
v -0.246348 1.435000 0.064587
v -0.238542 1.435000 0.066292
v -0.232348 1.435000 0.068947
v -0.228370 1.435000 0.072292
v -0.227702 1.427434 0.076000
v -0.229038 1.427434 0.079615
v -0.232915 1.427434 0.082877
v -0.238955 1.427434 0.085465
v -0.246564 1.427434 0.087127
v -0.255000 1.427434 0.087699
v -0.263436 1.427434 0.087127
v -0.271045 1.427434 0.085465
v -0.277085 1.427434 0.082877
v -0.280962 1.427434 0.079615
v -0.282298 1.427434 0.076000
v -0.280962 1.427434 0.072385
v -0.277085 1.427434 0.069123
v -0.271045 1.427434 0.066535
v -0.263436 1.427434 0.064873
v -0.255000 1.427434 0.064301
v -0.246564 1.427434 0.064873
v -0.238955 1.427434 0.066535
v -0.232915 1.427434 0.069123
v -0.229038 1.427434 0.072385
v -0.229773 1.420248 0.076000
v -0.231008 1.420248 0.079341
v -0.234591 1.420248 0.082355
v -0.240172 1.420248 0.084747
v -0.247204 1.420248 0.086282
v -0.255000 1.420248 0.086812
v -0.262796 1.420248 0.086282
v -0.269828 1.420248 0.084747
v -0.275409 1.420248 0.082355
v -0.278992 1.420248 0.079341
v -0.280227 1.420248 0.076000
v -0.278992 1.420248 0.072659
v -0.275409 1.420248 0.069645
v -0.269828 1.420248 0.067253
v -0.262796 1.420248 0.065718
v -0.255000 1.420248 0.065188
v -0.247204 1.420248 0.065718
v -0.240172 1.420248 0.067253
v -0.234591 1.420248 0.069645
v -0.231008 1.420248 0.072659
v -0.233109 1.413801 0.076000
v -0.234180 1.413801 0.078899
v -0.237290 1.413801 0.081515
v -0.242133 1.413801 0.083590
v -0.248235 1.413801 0.084923
v -0.255000 1.413801 0.085382
v -0.261765 1.413801 0.084923
v -0.267867 1.413801 0.083590
v -0.272710 1.413801 0.081515
v -0.275820 1.413801 0.078899
v -0.276891 1.413801 0.076000
v -0.275820 1.413801 0.073101
v -0.272710 1.413801 0.070485
v -0.267867 1.413801 0.068410
v -0.261765 1.413801 0.067077
v -0.255000 1.413801 0.066618
v -0.248235 1.413801 0.067077
v -0.242133 1.413801 0.068410
v -0.237290 1.413801 0.070485
v -0.234180 1.413801 0.073101
v -0.237542 1.408418 0.076000
v -0.238397 1.408418 0.078312
v -0.240876 1.408418 0.080398
v -0.244739 1.408418 0.082053
v -0.249605 1.408418 0.083116
v -0.255000 1.408418 0.083482
v -0.260395 1.408418 0.083116
v -0.265261 1.408418 0.082053
v -0.269124 1.408418 0.080398
v -0.271603 1.408418 0.078312
v -0.272458 1.408418 0.076000
v -0.271603 1.408418 0.073688
v -0.269124 1.408418 0.071602
v -0.265261 1.408418 0.069947
v -0.260395 1.408418 0.068884
v -0.255000 1.408418 0.068518
v -0.249605 1.408418 0.068884
v -0.244739 1.408418 0.069947
v -0.240876 1.408418 0.071602
v -0.238397 1.408418 0.073688
v -0.242851 1.404367 0.076000
v -0.243446 1.404367 0.077609
v -0.245171 1.404367 0.079060
v -0.247859 1.404367 0.080212
v -0.251246 1.404367 0.080952
v -0.255000 1.404367 0.081207
v -0.258754 1.404367 0.080952
v -0.262141 1.404367 0.080212
v -0.264829 1.404367 0.079060
v -0.266554 1.404367 0.077609
v -0.267149 1.404367 0.076000
v -0.266554 1.404367 0.074391
v -0.264829 1.404367 0.072940
v -0.262141 1.404367 0.071788
v -0.258754 1.404367 0.071048
v -0.255000 1.404367 0.070793
v -0.251246 1.404367 0.071048
v -0.247859 1.404367 0.071788
v -0.245171 1.404367 0.072940
v -0.243446 1.404367 0.074391
v -0.248769 1.401852 0.076000
v -0.249074 1.401852 0.076825
v -0.249959 1.401852 0.077570
v -0.251338 1.401852 0.078160
v -0.253075 1.401852 0.078540
v -0.255000 1.401852 0.078670
v -0.256925 1.401852 0.078540
v -0.258662 1.401852 0.078160
v -0.260041 1.401852 0.077570
v -0.260926 1.401852 0.076825
v -0.261231 1.401852 0.076000
v -0.260926 1.401852 0.075175
v -0.260041 1.401852 0.074430
v -0.258662 1.401852 0.073840
v -0.256925 1.401852 0.073460
v -0.255000 1.401852 0.073330
v -0.253075 1.401852 0.073460
v -0.251338 1.401852 0.073840
v -0.249959 1.401852 0.074430
v -0.249074 1.401852 0.075175
v -0.255000 1.401000 0.076000
usemtl AgedBrass
f 9494 9495 9518
f 9495 9519 9518
f 9495 9496 9519
f 9496 9520 9519
f 9496 9497 9520
f 9497 9521 9520
f 9497 9498 9521
f 9498 9522 9521
f 9498 9499 9522
f 9499 9523 9522
f 9499 9500 9523
f 9500 9524 9523
f 9500 9501 9524
f 9501 9525 9524
f 9501 9502 9525
f 9502 9526 9525
f 9502 9503 9526
f 9503 9527 9526
f 9503 9504 9527
f 9504 9528 9527
f 9504 9505 9528
f 9505 9529 9528
f 9505 9506 9529
f 9506 9530 9529
f 9506 9507 9530
f 9507 9531 9530
f 9507 9508 9531
f 9508 9532 9531
f 9508 9509 9532
f 9509 9533 9532
f 9509 9510 9533
f 9510 9534 9533
f 9510 9511 9534
f 9511 9535 9534
f 9511 9512 9535
f 9512 9536 9535
f 9512 9513 9536
f 9513 9537 9536
f 9513 9514 9537
f 9514 9538 9537
f 9514 9515 9538
f 9515 9539 9538
f 9515 9516 9539
f 9516 9540 9539
f 9516 9517 9540
f 9517 9541 9540
f 9517 9494 9541
f 9494 9518 9541
f 9542 9495 9494
f 9542 9496 9495
f 9542 9497 9496
f 9542 9498 9497
f 9542 9499 9498
f 9542 9500 9499
f 9542 9501 9500
f 9542 9502 9501
f 9542 9503 9502
f 9542 9504 9503
f 9542 9505 9504
f 9542 9506 9505
f 9542 9507 9506
f 9542 9508 9507
f 9542 9509 9508
f 9542 9510 9509
f 9542 9511 9510
f 9542 9512 9511
f 9542 9513 9512
f 9542 9514 9513
f 9542 9515 9514
f 9542 9516 9515
f 9542 9517 9516
f 9542 9494 9517
f 9543 9518 9519
f 9543 9519 9520
f 9543 9520 9521
f 9543 9521 9522
f 9543 9522 9523
f 9543 9523 9524
f 9543 9524 9525
f 9543 9525 9526
f 9543 9526 9527
f 9543 9527 9528
f 9543 9528 9529
f 9543 9529 9530
f 9543 9530 9531
f 9543 9531 9532
f 9543 9532 9533
f 9543 9533 9534
f 9543 9534 9535
f 9543 9535 9536
f 9543 9536 9537
f 9543 9537 9538
f 9543 9538 9539
f 9543 9539 9540
f 9543 9540 9541
f 9543 9541 9518
f 9544 9546 9545
f 9544 9547 9546
f 9544 9548 9547
f 9544 9549 9548
f 9544 9550 9549
f 9544 9551 9550
f 9544 9552 9551
f 9544 9553 9552
f 9544 9554 9553
f 9544 9555 9554
f 9544 9556 9555
f 9544 9545 9556
f 9546 9557 9545
f 9558 9557 9546
f 9547 9558 9546
f 9559 9558 9547
f 9548 9559 9547
f 9560 9559 9548
f 9549 9560 9548
f 9561 9560 9549
f 9550 9561 9549
f 9562 9561 9550
f 9551 9562 9550
f 9563 9562 9551
f 9552 9563 9551
f 9564 9563 9552
f 9553 9564 9552
f 9565 9564 9553
f 9554 9565 9553
f 9566 9565 9554
f 9555 9566 9554
f 9567 9566 9555
f 9556 9567 9555
f 9568 9567 9556
f 9545 9568 9556
f 9557 9568 9545
f 9558 9569 9557
f 9570 9569 9558
f 9559 9570 9558
f 9571 9570 9559
f 9560 9571 9559
f 9572 9571 9560
f 9561 9572 9560
f 9573 9572 9561
f 9562 9573 9561
f 9574 9573 9562
f 9563 9574 9562
f 9575 9574 9563
f 9564 9575 9563
f 9576 9575 9564
f 9565 9576 9564
f 9577 9576 9565
f 9566 9577 9565
f 9578 9577 9566
f 9567 9578 9566
f 9579 9578 9567
f 9568 9579 9567
f 9580 9579 9568
f 9557 9580 9568
f 9569 9580 9557
f 9570 9581 9569
f 9582 9581 9570
f 9571 9582 9570
f 9583 9582 9571
f 9572 9583 9571
f 9584 9583 9572
f 9573 9584 9572
f 9585 9584 9573
f 9574 9585 9573
f 9586 9585 9574
f 9575 9586 9574
f 9587 9586 9575
f 9576 9587 9575
f 9588 9587 9576
f 9577 9588 9576
f 9589 9588 9577
f 9578 9589 9577
f 9590 9589 9578
f 9579 9590 9578
f 9591 9590 9579
f 9580 9591 9579
f 9592 9591 9580
f 9569 9592 9580
f 9581 9592 9569
f 9582 9593 9581
f 9594 9593 9582
f 9583 9594 9582
f 9595 9594 9583
f 9584 9595 9583
f 9596 9595 9584
f 9585 9596 9584
f 9597 9596 9585
f 9586 9597 9585
f 9598 9597 9586
f 9587 9598 9586
f 9599 9598 9587
f 9588 9599 9587
f 9600 9599 9588
f 9589 9600 9588
f 9601 9600 9589
f 9590 9601 9589
f 9602 9601 9590
f 9591 9602 9590
f 9603 9602 9591
f 9592 9603 9591
f 9604 9603 9592
f 9581 9604 9592
f 9593 9604 9581
f 9594 9605 9593
f 9606 9605 9594
f 9595 9606 9594
f 9607 9606 9595
f 9596 9607 9595
f 9608 9607 9596
f 9597 9608 9596
f 9609 9608 9597
f 9598 9609 9597
f 9610 9609 9598
f 9599 9610 9598
f 9611 9610 9599
f 9600 9611 9599
f 9612 9611 9600
f 9601 9612 9600
f 9613 9612 9601
f 9602 9613 9601
f 9614 9613 9602
f 9603 9614 9602
f 9615 9614 9603
f 9604 9615 9603
f 9616 9615 9604
f 9593 9616 9604
f 9605 9616 9593
f 9606 9617 9605
f 9618 9617 9606
f 9607 9618 9606
f 9619 9618 9607
f 9608 9619 9607
f 9620 9619 9608
f 9609 9620 9608
f 9621 9620 9609
f 9610 9621 9609
f 9622 9621 9610
f 9611 9622 9610
f 9623 9622 9611
f 9612 9623 9611
f 9624 9623 9612
f 9613 9624 9612
f 9625 9624 9613
f 9614 9625 9613
f 9626 9625 9614
f 9615 9626 9614
f 9627 9626 9615
f 9616 9627 9615
f 9628 9627 9616
f 9605 9628 9616
f 9617 9628 9605
f 9618 9629 9617
f 9619 9629 9618
f 9620 9629 9619
f 9621 9629 9620
f 9622 9629 9621
f 9623 9629 9622
f 9624 9629 9623
f 9625 9629 9624
f 9626 9629 9625
f 9627 9629 9626
f 9628 9629 9627
f 9617 9629 9628
f 9630 9632 9631
f 9630 9633 9632
f 9630 9634 9633
f 9630 9635 9634
f 9630 9636 9635
f 9630 9637 9636
f 9630 9638 9637
f 9630 9639 9638
f 9630 9640 9639
f 9630 9641 9640
f 9630 9642 9641
f 9630 9631 9642
f 9632 9643 9631
f 9644 9643 9632
f 9633 9644 9632
f 9645 9644 9633
f 9634 9645 9633
f 9646 9645 9634
f 9635 9646 9634
f 9647 9646 9635
f 9636 9647 9635
f 9648 9647 9636
f 9637 9648 9636
f 9649 9648 9637
f 9638 9649 9637
f 9650 9649 9638
f 9639 9650 9638
f 9651 9650 9639
f 9640 9651 9639
f 9652 9651 9640
f 9641 9652 9640
f 9653 9652 9641
f 9642 9653 9641
f 9654 9653 9642
f 9631 9654 9642
f 9643 9654 9631
f 9644 9655 9643
f 9656 9655 9644
f 9645 9656 9644
f 9657 9656 9645
f 9646 9657 9645
f 9658 9657 9646
f 9647 9658 9646
f 9659 9658 9647
f 9648 9659 9647
f 9660 9659 9648
f 9649 9660 9648
f 9661 9660 9649
f 9650 9661 9649
f 9662 9661 9650
f 9651 9662 9650
f 9663 9662 9651
f 9652 9663 9651
f 9664 9663 9652
f 9653 9664 9652
f 9665 9664 9653
f 9654 9665 9653
f 9666 9665 9654
f 9643 9666 9654
f 9655 9666 9643
f 9656 9667 9655
f 9668 9667 9656
f 9657 9668 9656
f 9669 9668 9657
f 9658 9669 9657
f 9670 9669 9658
f 9659 9670 9658
f 9671 9670 9659
f 9660 9671 9659
f 9672 9671 9660
f 9661 9672 9660
f 9673 9672 9661
f 9662 9673 9661
f 9674 9673 9662
f 9663 9674 9662
f 9675 9674 9663
f 9664 9675 9663
f 9676 9675 9664
f 9665 9676 9664
f 9677 9676 9665
f 9666 9677 9665
f 9678 9677 9666
f 9655 9678 9666
f 9667 9678 9655
f 9668 9679 9667
f 9680 9679 9668
f 9669 9680 9668
f 9681 9680 9669
f 9670 9681 9669
f 9682 9681 9670
f 9671 9682 9670
f 9683 9682 9671
f 9672 9683 9671
f 9684 9683 9672
f 9673 9684 9672
f 9685 9684 9673
f 9674 9685 9673
f 9686 9685 9674
f 9675 9686 9674
f 9687 9686 9675
f 9676 9687 9675
f 9688 9687 9676
f 9677 9688 9676
f 9689 9688 9677
f 9678 9689 9677
f 9690 9689 9678
f 9667 9690 9678
f 9679 9690 9667
f 9680 9691 9679
f 9692 9691 9680
f 9681 9692 9680
f 9693 9692 9681
f 9682 9693 9681
f 9694 9693 9682
f 9683 9694 9682
f 9695 9694 9683
f 9684 9695 9683
f 9696 9695 9684
f 9685 9696 9684
f 9697 9696 9685
f 9686 9697 9685
f 9698 9697 9686
f 9687 9698 9686
f 9699 9698 9687
f 9688 9699 9687
f 9700 9699 9688
f 9689 9700 9688
f 9701 9700 9689
f 9690 9701 9689
f 9702 9701 9690
f 9679 9702 9690
f 9691 9702 9679
f 9692 9703 9691
f 9704 9703 9692
f 9693 9704 9692
f 9705 9704 9693
f 9694 9705 9693
f 9706 9705 9694
f 9695 9706 9694
f 9707 9706 9695
f 9696 9707 9695
f 9708 9707 9696
f 9697 9708 9696
f 9709 9708 9697
f 9698 9709 9697
f 9710 9709 9698
f 9699 9710 9698
f 9711 9710 9699
f 9700 9711 9699
f 9712 9711 9700
f 9701 9712 9700
f 9713 9712 9701
f 9702 9713 9701
f 9714 9713 9702
f 9691 9714 9702
f 9703 9714 9691
f 9704 9715 9703
f 9705 9715 9704
f 9706 9715 9705
f 9707 9715 9706
f 9708 9715 9707
f 9709 9715 9708
f 9710 9715 9709
f 9711 9715 9710
f 9712 9715 9711
f 9713 9715 9712
f 9714 9715 9713
f 9703 9715 9714
f 9716 9718 9717
f 9716 9719 9718
f 9716 9720 9719
f 9716 9721 9720
f 9716 9722 9721
f 9716 9723 9722
f 9716 9724 9723
f 9716 9725 9724
f 9716 9726 9725
f 9716 9727 9726
f 9716 9728 9727
f 9716 9717 9728
f 9718 9729 9717
f 9730 9729 9718
f 9719 9730 9718
f 9731 9730 9719
f 9720 9731 9719
f 9732 9731 9720
f 9721 9732 9720
f 9733 9732 9721
f 9722 9733 9721
f 9734 9733 9722
f 9723 9734 9722
f 9735 9734 9723
f 9724 9735 9723
f 9736 9735 9724
f 9725 9736 9724
f 9737 9736 9725
f 9726 9737 9725
f 9738 9737 9726
f 9727 9738 9726
f 9739 9738 9727
f 9728 9739 9727
f 9740 9739 9728
f 9717 9740 9728
f 9729 9740 9717
f 9730 9741 9729
f 9742 9741 9730
f 9731 9742 9730
f 9743 9742 9731
f 9732 9743 9731
f 9744 9743 9732
f 9733 9744 9732
f 9745 9744 9733
f 9734 9745 9733
f 9746 9745 9734
f 9735 9746 9734
f 9747 9746 9735
f 9736 9747 9735
f 9748 9747 9736
f 9737 9748 9736
f 9749 9748 9737
f 9738 9749 9737
f 9750 9749 9738
f 9739 9750 9738
f 9751 9750 9739
f 9740 9751 9739
f 9752 9751 9740
f 9729 9752 9740
f 9741 9752 9729
f 9742 9753 9741
f 9754 9753 9742
f 9743 9754 9742
f 9755 9754 9743
f 9744 9755 9743
f 9756 9755 9744
f 9745 9756 9744
f 9757 9756 9745
f 9746 9757 9745
f 9758 9757 9746
f 9747 9758 9746
f 9759 9758 9747
f 9748 9759 9747
f 9760 9759 9748
f 9749 9760 9748
f 9761 9760 9749
f 9750 9761 9749
f 9762 9761 9750
f 9751 9762 9750
f 9763 9762 9751
f 9752 9763 9751
f 9764 9763 9752
f 9741 9764 9752
f 9753 9764 9741
f 9754 9765 9753
f 9766 9765 9754
f 9755 9766 9754
f 9767 9766 9755
f 9756 9767 9755
f 9768 9767 9756
f 9757 9768 9756
f 9769 9768 9757
f 9758 9769 9757
f 9770 9769 9758
f 9759 9770 9758
f 9771 9770 9759
f 9760 9771 9759
f 9772 9771 9760
f 9761 9772 9760
f 9773 9772 9761
f 9762 9773 9761
f 9774 9773 9762
f 9763 9774 9762
f 9775 9774 9763
f 9764 9775 9763
f 9776 9775 9764
f 9753 9776 9764
f 9765 9776 9753
f 9766 9777 9765
f 9778 9777 9766
f 9767 9778 9766
f 9779 9778 9767
f 9768 9779 9767
f 9780 9779 9768
f 9769 9780 9768
f 9781 9780 9769
f 9770 9781 9769
f 9782 9781 9770
f 9771 9782 9770
f 9783 9782 9771
f 9772 9783 9771
f 9784 9783 9772
f 9773 9784 9772
f 9785 9784 9773
f 9774 9785 9773
f 9786 9785 9774
f 9775 9786 9774
f 9787 9786 9775
f 9776 9787 9775
f 9788 9787 9776
f 9765 9788 9776
f 9777 9788 9765
f 9778 9789 9777
f 9790 9789 9778
f 9779 9790 9778
f 9791 9790 9779
f 9780 9791 9779
f 9792 9791 9780
f 9781 9792 9780
f 9793 9792 9781
f 9782 9793 9781
f 9794 9793 9782
f 9783 9794 9782
f 9795 9794 9783
f 9784 9795 9783
f 9796 9795 9784
f 9785 9796 9784
f 9797 9796 9785
f 9786 9797 9785
f 9798 9797 9786
f 9787 9798 9786
f 9799 9798 9787
f 9788 9799 9787
f 9800 9799 9788
f 9777 9800 9788
f 9789 9800 9777
f 9790 9801 9789
f 9791 9801 9790
f 9792 9801 9791
f 9793 9801 9792
f 9794 9801 9793
f 9795 9801 9794
f 9796 9801 9795
f 9797 9801 9796
f 9798 9801 9797
f 9799 9801 9798
f 9800 9801 9799
f 9789 9801 9800
f 9802 9803 9826
f 9803 9827 9826
f 9803 9804 9827
f 9804 9828 9827
f 9804 9805 9828
f 9805 9829 9828
f 9805 9806 9829
f 9806 9830 9829
f 9806 9807 9830
f 9807 9831 9830
f 9807 9808 9831
f 9808 9832 9831
f 9808 9809 9832
f 9809 9833 9832
f 9809 9810 9833
f 9810 9834 9833
f 9810 9811 9834
f 9811 9835 9834
f 9811 9812 9835
f 9812 9836 9835
f 9812 9813 9836
f 9813 9837 9836
f 9813 9814 9837
f 9814 9838 9837
f 9814 9815 9838
f 9815 9839 9838
f 9815 9816 9839
f 9816 9840 9839
f 9816 9817 9840
f 9817 9841 9840
f 9817 9818 9841
f 9818 9842 9841
f 9818 9819 9842
f 9819 9843 9842
f 9819 9820 9843
f 9820 9844 9843
f 9820 9821 9844
f 9821 9845 9844
f 9821 9822 9845
f 9822 9846 9845
f 9822 9823 9846
f 9823 9847 9846
f 9823 9824 9847
f 9824 9848 9847
f 9824 9825 9848
f 9825 9849 9848
f 9825 9802 9849
f 9802 9826 9849
f 9850 9803 9802
f 9850 9804 9803
f 9850 9805 9804
f 9850 9806 9805
f 9850 9807 9806
f 9850 9808 9807
f 9850 9809 9808
f 9850 9810 9809
f 9850 9811 9810
f 9850 9812 9811
f 9850 9813 9812
f 9850 9814 9813
f 9850 9815 9814
f 9850 9816 9815
f 9850 9817 9816
f 9850 9818 9817
f 9850 9819 9818
f 9850 9820 9819
f 9850 9821 9820
f 9850 9822 9821
f 9850 9823 9822
f 9850 9824 9823
f 9850 9825 9824
f 9850 9802 9825
f 9851 9826 9827
f 9851 9827 9828
f 9851 9828 9829
f 9851 9829 9830
f 9851 9830 9831
f 9851 9831 9832
f 9851 9832 9833
f 9851 9833 9834
f 9851 9834 9835
f 9851 9835 9836
f 9851 9836 9837
f 9851 9837 9838
f 9851 9838 9839
f 9851 9839 9840
f 9851 9840 9841
f 9851 9841 9842
f 9851 9842 9843
f 9851 9843 9844
f 9851 9844 9845
f 9851 9845 9846
f 9851 9846 9847
f 9851 9847 9848
f 9851 9848 9849
f 9851 9849 9826
f 9852 9854 9853
f 9852 9855 9854
f 9852 9856 9855
f 9852 9857 9856
f 9852 9858 9857
f 9852 9859 9858
f 9852 9860 9859
f 9852 9861 9860
f 9852 9862 9861
f 9852 9863 9862
f 9852 9864 9863
f 9852 9853 9864
f 9854 9865 9853
f 9866 9865 9854
f 9855 9866 9854
f 9867 9866 9855
f 9856 9867 9855
f 9868 9867 9856
f 9857 9868 9856
f 9869 9868 9857
f 9858 9869 9857
f 9870 9869 9858
f 9859 9870 9858
f 9871 9870 9859
f 9860 9871 9859
f 9872 9871 9860
f 9861 9872 9860
f 9873 9872 9861
f 9862 9873 9861
f 9874 9873 9862
f 9863 9874 9862
f 9875 9874 9863
f 9864 9875 9863
f 9876 9875 9864
f 9853 9876 9864
f 9865 9876 9853
f 9866 9877 9865
f 9878 9877 9866
f 9867 9878 9866
f 9879 9878 9867
f 9868 9879 9867
f 9880 9879 9868
f 9869 9880 9868
f 9881 9880 9869
f 9870 9881 9869
f 9882 9881 9870
f 9871 9882 9870
f 9883 9882 9871
f 9872 9883 9871
f 9884 9883 9872
f 9873 9884 9872
f 9885 9884 9873
f 9874 9885 9873
f 9886 9885 9874
f 9875 9886 9874
f 9887 9886 9875
f 9876 9887 9875
f 9888 9887 9876
f 9865 9888 9876
f 9877 9888 9865
f 9878 9889 9877
f 9890 9889 9878
f 9879 9890 9878
f 9891 9890 9879
f 9880 9891 9879
f 9892 9891 9880
f 9881 9892 9880
f 9893 9892 9881
f 9882 9893 9881
f 9894 9893 9882
f 9883 9894 9882
f 9895 9894 9883
f 9884 9895 9883
f 9896 9895 9884
f 9885 9896 9884
f 9897 9896 9885
f 9886 9897 9885
f 9898 9897 9886
f 9887 9898 9886
f 9899 9898 9887
f 9888 9899 9887
f 9900 9899 9888
f 9877 9900 9888
f 9889 9900 9877
f 9890 9901 9889
f 9902 9901 9890
f 9891 9902 9890
f 9903 9902 9891
f 9892 9903 9891
f 9904 9903 9892
f 9893 9904 9892
f 9905 9904 9893
f 9894 9905 9893
f 9906 9905 9894
f 9895 9906 9894
f 9907 9906 9895
f 9896 9907 9895
f 9908 9907 9896
f 9897 9908 9896
f 9909 9908 9897
f 9898 9909 9897
f 9910 9909 9898
f 9899 9910 9898
f 9911 9910 9899
f 9900 9911 9899
f 9912 9911 9900
f 9889 9912 9900
f 9901 9912 9889
f 9902 9913 9901
f 9914 9913 9902
f 9903 9914 9902
f 9915 9914 9903
f 9904 9915 9903
f 9916 9915 9904
f 9905 9916 9904
f 9917 9916 9905
f 9906 9917 9905
f 9918 9917 9906
f 9907 9918 9906
f 9919 9918 9907
f 9908 9919 9907
f 9920 9919 9908
f 9909 9920 9908
f 9921 9920 9909
f 9910 9921 9909
f 9922 9921 9910
f 9911 9922 9910
f 9923 9922 9911
f 9912 9923 9911
f 9924 9923 9912
f 9901 9924 9912
f 9913 9924 9901
f 9914 9925 9913
f 9926 9925 9914
f 9915 9926 9914
f 9927 9926 9915
f 9916 9927 9915
f 9928 9927 9916
f 9917 9928 9916
f 9929 9928 9917
f 9918 9929 9917
f 9930 9929 9918
f 9919 9930 9918
f 9931 9930 9919
f 9920 9931 9919
f 9932 9931 9920
f 9921 9932 9920
f 9933 9932 9921
f 9922 9933 9921
f 9934 9933 9922
f 9923 9934 9922
f 9935 9934 9923
f 9924 9935 9923
f 9936 9935 9924
f 9913 9936 9924
f 9925 9936 9913
f 9926 9937 9925
f 9927 9937 9926
f 9928 9937 9927
f 9929 9937 9928
f 9930 9937 9929
f 9931 9937 9930
f 9932 9937 9931
f 9933 9937 9932
f 9934 9937 9933
f 9935 9937 9934
f 9936 9937 9935
f 9925 9937 9936
f 9938 9940 9939
f 9938 9941 9940
f 9938 9942 9941
f 9938 9943 9942
f 9938 9944 9943
f 9938 9945 9944
f 9938 9946 9945
f 9938 9947 9946
f 9938 9948 9947
f 9938 9949 9948
f 9938 9950 9949
f 9938 9939 9950
f 9940 9951 9939
f 9952 9951 9940
f 9941 9952 9940
f 9953 9952 9941
f 9942 9953 9941
f 9954 9953 9942
f 9943 9954 9942
f 9955 9954 9943
f 9944 9955 9943
f 9956 9955 9944
f 9945 9956 9944
f 9957 9956 9945
f 9946 9957 9945
f 9958 9957 9946
f 9947 9958 9946
f 9959 9958 9947
f 9948 9959 9947
f 9960 9959 9948
f 9949 9960 9948
f 9961 9960 9949
f 9950 9961 9949
f 9962 9961 9950
f 9939 9962 9950
f 9951 9962 9939
f 9952 9963 9951
f 9964 9963 9952
f 9953 9964 9952
f 9965 9964 9953
f 9954 9965 9953
f 9966 9965 9954
f 9955 9966 9954
f 9967 9966 9955
f 9956 9967 9955
f 9968 9967 9956
f 9957 9968 9956
f 9969 9968 9957
f 9958 9969 9957
f 9970 9969 9958
f 9959 9970 9958
f 9971 9970 9959
f 9960 9971 9959
f 9972 9971 9960
f 9961 9972 9960
f 9973 9972 9961
f 9962 9973 9961
f 9974 9973 9962
f 9951 9974 9962
f 9963 9974 9951
f 9964 9975 9963
f 9976 9975 9964
f 9965 9976 9964
f 9977 9976 9965
f 9966 9977 9965
f 9978 9977 9966
f 9967 9978 9966
f 9979 9978 9967
f 9968 9979 9967
f 9980 9979 9968
f 9969 9980 9968
f 9981 9980 9969
f 9970 9981 9969
f 9982 9981 9970
f 9971 9982 9970
f 9983 9982 9971
f 9972 9983 9971
f 9984 9983 9972
f 9973 9984 9972
f 9985 9984 9973
f 9974 9985 9973
f 9986 9985 9974
f 9963 9986 9974
f 9975 9986 9963
f 9976 9987 9975
f 9988 9987 9976
f 9977 9988 9976
f 9989 9988 9977
f 9978 9989 9977
f 9990 9989 9978
f 9979 9990 9978
f 9991 9990 9979
f 9980 9991 9979
f 9992 9991 9980
f 9981 9992 9980
f 9993 9992 9981
f 9982 9993 9981
f 9994 9993 9982
f 9983 9994 9982
f 9995 9994 9983
f 9984 9995 9983
f 9996 9995 9984
f 9985 9996 9984
f 9997 9996 9985
f 9986 9997 9985
f 9998 9997 9986
f 9975 9998 9986
f 9987 9998 9975
f 9988 9999 9987
f 10000 9999 9988
f 9989 10000 9988
f 10001 10000 9989
f 9990 10001 9989
f 10002 10001 9990
f 9991 10002 9990
f 10003 10002 9991
f 9992 10003 9991
f 10004 10003 9992
f 9993 10004 9992
f 10005 10004 9993
f 9994 10005 9993
f 10006 10005 9994
f 9995 10006 9994
f 10007 10006 9995
f 9996 10007 9995
f 10008 10007 9996
f 9997 10008 9996
f 10009 10008 9997
f 9998 10009 9997
f 10010 10009 9998
f 9987 10010 9998
f 9999 10010 9987
f 10000 10011 9999
f 10012 10011 10000
f 10001 10012 10000
f 10013 10012 10001
f 10002 10013 10001
f 10014 10013 10002
f 10003 10014 10002
f 10015 10014 10003
f 10004 10015 10003
f 10016 10015 10004
f 10005 10016 10004
f 10017 10016 10005
f 10006 10017 10005
f 10018 10017 10006
f 10007 10018 10006
f 10019 10018 10007
f 10008 10019 10007
f 10020 10019 10008
f 10009 10020 10008
f 10021 10020 10009
f 10010 10021 10009
f 10022 10021 10010
f 9999 10022 10010
f 10011 10022 9999
f 10012 10023 10011
f 10013 10023 10012
f 10014 10023 10013
f 10015 10023 10014
f 10016 10023 10015
f 10017 10023 10016
f 10018 10023 10017
f 10019 10023 10018
f 10020 10023 10019
f 10021 10023 10020
f 10022 10023 10021
f 10011 10023 10022
f 10024 10026 10025
f 10024 10027 10026
f 10024 10028 10027
f 10024 10029 10028
f 10024 10030 10029
f 10024 10031 10030
f 10024 10032 10031
f 10024 10033 10032
f 10024 10034 10033
f 10024 10035 10034
f 10024 10036 10035
f 10024 10025 10036
f 10026 10037 10025
f 10038 10037 10026
f 10027 10038 10026
f 10039 10038 10027
f 10028 10039 10027
f 10040 10039 10028
f 10029 10040 10028
f 10041 10040 10029
f 10030 10041 10029
f 10042 10041 10030
f 10031 10042 10030
f 10043 10042 10031
f 10032 10043 10031
f 10044 10043 10032
f 10033 10044 10032
f 10045 10044 10033
f 10034 10045 10033
f 10046 10045 10034
f 10035 10046 10034
f 10047 10046 10035
f 10036 10047 10035
f 10048 10047 10036
f 10025 10048 10036
f 10037 10048 10025
f 10038 10049 10037
f 10050 10049 10038
f 10039 10050 10038
f 10051 10050 10039
f 10040 10051 10039
f 10052 10051 10040
f 10041 10052 10040
f 10053 10052 10041
f 10042 10053 10041
f 10054 10053 10042
f 10043 10054 10042
f 10055 10054 10043
f 10044 10055 10043
f 10056 10055 10044
f 10045 10056 10044
f 10057 10056 10045
f 10046 10057 10045
f 10058 10057 10046
f 10047 10058 10046
f 10059 10058 10047
f 10048 10059 10047
f 10060 10059 10048
f 10037 10060 10048
f 10049 10060 10037
f 10050 10061 10049
f 10062 10061 10050
f 10051 10062 10050
f 10063 10062 10051
f 10052 10063 10051
f 10064 10063 10052
f 10053 10064 10052
f 10065 10064 10053
f 10054 10065 10053
f 10066 10065 10054
f 10055 10066 10054
f 10067 10066 10055
f 10056 10067 10055
f 10068 10067 10056
f 10057 10068 10056
f 10069 10068 10057
f 10058 10069 10057
f 10070 10069 10058
f 10059 10070 10058
f 10071 10070 10059
f 10060 10071 10059
f 10072 10071 10060
f 10049 10072 10060
f 10061 10072 10049
f 10062 10073 10061
f 10074 10073 10062
f 10063 10074 10062
f 10075 10074 10063
f 10064 10075 10063
f 10076 10075 10064
f 10065 10076 10064
f 10077 10076 10065
f 10066 10077 10065
f 10078 10077 10066
f 10067 10078 10066
f 10079 10078 10067
f 10068 10079 10067
f 10080 10079 10068
f 10069 10080 10068
f 10081 10080 10069
f 10070 10081 10069
f 10082 10081 10070
f 10071 10082 10070
f 10083 10082 10071
f 10072 10083 10071
f 10084 10083 10072
f 10061 10084 10072
f 10073 10084 10061
f 10074 10085 10073
f 10086 10085 10074
f 10075 10086 10074
f 10087 10086 10075
f 10076 10087 10075
f 10088 10087 10076
f 10077 10088 10076
f 10089 10088 10077
f 10078 10089 10077
f 10090 10089 10078
f 10079 10090 10078
f 10091 10090 10079
f 10080 10091 10079
f 10092 10091 10080
f 10081 10092 10080
f 10093 10092 10081
f 10082 10093 10081
f 10094 10093 10082
f 10083 10094 10082
f 10095 10094 10083
f 10084 10095 10083
f 10096 10095 10084
f 10073 10096 10084
f 10085 10096 10073
f 10086 10097 10085
f 10098 10097 10086
f 10087 10098 10086
f 10099 10098 10087
f 10088 10099 10087
f 10100 10099 10088
f 10089 10100 10088
f 10101 10100 10089
f 10090 10101 10089
f 10102 10101 10090
f 10091 10102 10090
f 10103 10102 10091
f 10092 10103 10091
f 10104 10103 10092
f 10093 10104 10092
f 10105 10104 10093
f 10094 10105 10093
f 10106 10105 10094
f 10095 10106 10094
f 10107 10106 10095
f 10096 10107 10095
f 10108 10107 10096
f 10085 10108 10096
f 10097 10108 10085
f 10098 10109 10097
f 10099 10109 10098
f 10100 10109 10099
f 10101 10109 10100
f 10102 10109 10101
f 10103 10109 10102
f 10104 10109 10103
f 10105 10109 10104
f 10106 10109 10105
f 10107 10109 10106
f 10108 10109 10107
f 10097 10109 10108
f 10110 10111 10120
f 10111 10121 10120
f 10111 10112 10121
f 10112 10122 10121
f 10112 10113 10122
f 10113 10123 10122
f 10113 10114 10123
f 10114 10124 10123
f 10114 10115 10124
f 10115 10125 10124
f 10115 10116 10125
f 10116 10126 10125
f 10116 10117 10126
f 10117 10127 10126
f 10117 10118 10127
f 10118 10128 10127
f 10118 10119 10128
f 10119 10129 10128
f 10119 10110 10129
f 10110 10120 10129
f 10120 10121 10130
f 10121 10131 10130
f 10121 10122 10131
f 10122 10132 10131
f 10122 10123 10132
f 10123 10133 10132
f 10123 10124 10133
f 10124 10134 10133
f 10124 10125 10134
f 10125 10135 10134
f 10125 10126 10135
f 10126 10136 10135
f 10126 10127 10136
f 10127 10137 10136
f 10127 10128 10137
f 10128 10138 10137
f 10128 10129 10138
f 10129 10139 10138
f 10129 10120 10139
f 10120 10130 10139
f 10140 10111 10110
f 10140 10112 10111
f 10140 10113 10112
f 10140 10114 10113
f 10140 10115 10114
f 10140 10116 10115
f 10140 10117 10116
f 10140 10118 10117
f 10140 10119 10118
f 10140 10110 10119
f 10141 10130 10131
f 10141 10131 10132
f 10141 10132 10133
f 10141 10133 10134
f 10141 10134 10135
f 10141 10135 10136
f 10141 10136 10137
f 10141 10137 10138
f 10141 10138 10139
f 10141 10139 10130
f 10142 10143 10152
f 10143 10153 10152
f 10143 10144 10153
f 10144 10154 10153
f 10144 10145 10154
f 10145 10155 10154
f 10145 10146 10155
f 10146 10156 10155
f 10146 10147 10156
f 10147 10157 10156
f 10147 10148 10157
f 10148 10158 10157
f 10148 10149 10158
f 10149 10159 10158
f 10149 10150 10159
f 10150 10160 10159
f 10150 10151 10160
f 10151 10161 10160
f 10151 10142 10161
f 10142 10152 10161
f 10152 10153 10162
f 10153 10163 10162
f 10153 10154 10163
f 10154 10164 10163
f 10154 10155 10164
f 10155 10165 10164
f 10155 10156 10165
f 10156 10166 10165
f 10156 10157 10166
f 10157 10167 10166
f 10157 10158 10167
f 10158 10168 10167
f 10158 10159 10168
f 10159 10169 10168
f 10159 10160 10169
f 10160 10170 10169
f 10160 10161 10170
f 10161 10171 10170
f 10161 10152 10171
f 10152 10162 10171
f 10172 10143 10142
f 10172 10144 10143
f 10172 10145 10144
f 10172 10146 10145
f 10172 10147 10146
f 10172 10148 10147
f 10172 10149 10148
f 10172 10150 10149
f 10172 10151 10150
f 10172 10142 10151
f 10173 10162 10163
f 10173 10163 10164
f 10173 10164 10165
f 10173 10165 10166
f 10173 10166 10167
f 10173 10167 10168
f 10173 10168 10169
f 10173 10169 10170
f 10173 10170 10171
f 10173 10171 10162
f 10174 10175 10184
f 10175 10185 10184
f 10175 10176 10185
f 10176 10186 10185
f 10176 10177 10186
f 10177 10187 10186
f 10177 10178 10187
f 10178 10188 10187
f 10178 10179 10188
f 10179 10189 10188
f 10179 10180 10189
f 10180 10190 10189
f 10180 10181 10190
f 10181 10191 10190
f 10181 10182 10191
f 10182 10192 10191
f 10182 10183 10192
f 10183 10193 10192
f 10183 10174 10193
f 10174 10184 10193
f 10194 10175 10174
f 10194 10176 10175
f 10194 10177 10176
f 10194 10178 10177
f 10194 10179 10178
f 10194 10180 10179
f 10194 10181 10180
f 10194 10182 10181
f 10194 10183 10182
f 10194 10174 10183
f 10195 10184 10185
f 10195 10185 10186
f 10195 10186 10187
f 10195 10187 10188
f 10195 10188 10189
f 10195 10189 10190
f 10195 10190 10191
f 10195 10191 10192
f 10195 10192 10193
f 10195 10193 10184
f 10196 10197 10206
f 10197 10207 10206
f 10197 10198 10207
f 10198 10208 10207
f 10198 10199 10208
f 10199 10209 10208
f 10199 10200 10209
f 10200 10210 10209
f 10200 10201 10210
f 10201 10211 10210
f 10201 10202 10211
f 10202 10212 10211
f 10202 10203 10212
f 10203 10213 10212
f 10203 10204 10213
f 10204 10214 10213
f 10204 10205 10214
f 10205 10215 10214
f 10205 10196 10215
f 10196 10206 10215
f 10216 10197 10196
f 10216 10198 10197
f 10216 10199 10198
f 10216 10200 10199
f 10216 10201 10200
f 10216 10202 10201
f 10216 10203 10202
f 10216 10204 10203
f 10216 10205 10204
f 10216 10196 10205
f 10217 10206 10207
f 10217 10207 10208
f 10217 10208 10209
f 10217 10209 10210
f 10217 10210 10211
f 10217 10211 10212
f 10217 10212 10213
f 10217 10213 10214
f 10217 10214 10215
f 10217 10215 10206
f 10218 10219 10228
f 10219 10229 10228
f 10219 10220 10229
f 10220 10230 10229
f 10220 10221 10230
f 10221 10231 10230
f 10221 10222 10231
f 10222 10232 10231
f 10222 10223 10232
f 10223 10233 10232
f 10223 10224 10233
f 10224 10234 10233
f 10224 10225 10234
f 10225 10235 10234
f 10225 10226 10235
f 10226 10236 10235
f 10226 10227 10236
f 10227 10237 10236
f 10227 10218 10237
f 10218 10228 10237
f 10238 10219 10218
f 10238 10220 10219
f 10238 10221 10220
f 10238 10222 10221
f 10238 10223 10222
f 10238 10224 10223
f 10238 10225 10224
f 10238 10226 10225
f 10238 10227 10226
f 10238 10218 10227
f 10239 10228 10229
f 10239 10229 10230
f 10239 10230 10231
f 10239 10231 10232
f 10239 10232 10233
f 10239 10233 10234
f 10239 10234 10235
f 10239 10235 10236
f 10239 10236 10237
f 10239 10237 10228
f 10240 10241 10250
f 10241 10251 10250
f 10241 10242 10251
f 10242 10252 10251
f 10242 10243 10252
f 10243 10253 10252
f 10243 10244 10253
f 10244 10254 10253
f 10244 10245 10254
f 10245 10255 10254
f 10245 10246 10255
f 10246 10256 10255
f 10246 10247 10256
f 10247 10257 10256
f 10247 10248 10257
f 10248 10258 10257
f 10248 10249 10258
f 10249 10259 10258
f 10249 10240 10259
f 10240 10250 10259
f 10260 10241 10240
f 10260 10242 10241
f 10260 10243 10242
f 10260 10244 10243
f 10260 10245 10244
f 10260 10246 10245
f 10260 10247 10246
f 10260 10248 10247
f 10260 10249 10248
f 10260 10240 10249
f 10261 10250 10251
f 10261 10251 10252
f 10261 10252 10253
f 10261 10253 10254
f 10261 10254 10255
f 10261 10255 10256
f 10261 10256 10257
f 10261 10257 10258
f 10261 10258 10259
f 10261 10259 10250
f 10262 10263 10272
f 10263 10273 10272
f 10263 10264 10273
f 10264 10274 10273
f 10264 10265 10274
f 10265 10275 10274
f 10265 10266 10275
f 10266 10276 10275
f 10266 10267 10276
f 10267 10277 10276
f 10267 10268 10277
f 10268 10278 10277
f 10268 10269 10278
f 10269 10279 10278
f 10269 10270 10279
f 10270 10280 10279
f 10270 10271 10280
f 10271 10281 10280
f 10271 10262 10281
f 10262 10272 10281
f 10282 10263 10262
f 10282 10264 10263
f 10282 10265 10264
f 10282 10266 10265
f 10282 10267 10266
f 10282 10268 10267
f 10282 10269 10268
f 10282 10270 10269
f 10282 10271 10270
f 10282 10262 10271
f 10283 10272 10273
f 10283 10273 10274
f 10283 10274 10275
f 10283 10275 10276
f 10283 10276 10277
f 10283 10277 10278
f 10283 10278 10279
f 10283 10279 10280
f 10283 10280 10281
f 10283 10281 10272
f 10284 10286 10285
f 10284 10287 10286
f 10284 10288 10287
f 10284 10289 10288
f 10284 10290 10289
f 10284 10291 10290
f 10284 10292 10291
f 10284 10293 10292
f 10284 10294 10293
f 10284 10295 10294
f 10284 10296 10295
f 10284 10285 10296
f 10286 10297 10285
f 10298 10297 10286
f 10287 10298 10286
f 10299 10298 10287
f 10288 10299 10287
f 10300 10299 10288
f 10289 10300 10288
f 10301 10300 10289
f 10290 10301 10289
f 10302 10301 10290
f 10291 10302 10290
f 10303 10302 10291
f 10292 10303 10291
f 10304 10303 10292
f 10293 10304 10292
f 10305 10304 10293
f 10294 10305 10293
f 10306 10305 10294
f 10295 10306 10294
f 10307 10306 10295
f 10296 10307 10295
f 10308 10307 10296
f 10285 10308 10296
f 10297 10308 10285
f 10298 10309 10297
f 10310 10309 10298
f 10299 10310 10298
f 10311 10310 10299
f 10300 10311 10299
f 10312 10311 10300
f 10301 10312 10300
f 10313 10312 10301
f 10302 10313 10301
f 10314 10313 10302
f 10303 10314 10302
f 10315 10314 10303
f 10304 10315 10303
f 10316 10315 10304
f 10305 10316 10304
f 10317 10316 10305
f 10306 10317 10305
f 10318 10317 10306
f 10307 10318 10306
f 10319 10318 10307
f 10308 10319 10307
f 10320 10319 10308
f 10297 10320 10308
f 10309 10320 10297
f 10310 10321 10309
f 10322 10321 10310
f 10311 10322 10310
f 10323 10322 10311
f 10312 10323 10311
f 10324 10323 10312
f 10313 10324 10312
f 10325 10324 10313
f 10314 10325 10313
f 10326 10325 10314
f 10315 10326 10314
f 10327 10326 10315
f 10316 10327 10315
f 10328 10327 10316
f 10317 10328 10316
f 10329 10328 10317
f 10318 10329 10317
f 10330 10329 10318
f 10319 10330 10318
f 10331 10330 10319
f 10320 10331 10319
f 10332 10331 10320
f 10309 10332 10320
f 10321 10332 10309
f 10322 10333 10321
f 10334 10333 10322
f 10323 10334 10322
f 10335 10334 10323
f 10324 10335 10323
f 10336 10335 10324
f 10325 10336 10324
f 10337 10336 10325
f 10326 10337 10325
f 10338 10337 10326
f 10327 10338 10326
f 10339 10338 10327
f 10328 10339 10327
f 10340 10339 10328
f 10329 10340 10328
f 10341 10340 10329
f 10330 10341 10329
f 10342 10341 10330
f 10331 10342 10330
f 10343 10342 10331
f 10332 10343 10331
f 10344 10343 10332
f 10321 10344 10332
f 10333 10344 10321
f 10334 10345 10333
f 10346 10345 10334
f 10335 10346 10334
f 10347 10346 10335
f 10336 10347 10335
f 10348 10347 10336
f 10337 10348 10336
f 10349 10348 10337
f 10338 10349 10337
f 10350 10349 10338
f 10339 10350 10338
f 10351 10350 10339
f 10340 10351 10339
f 10352 10351 10340
f 10341 10352 10340
f 10353 10352 10341
f 10342 10353 10341
f 10354 10353 10342
f 10343 10354 10342
f 10355 10354 10343
f 10344 10355 10343
f 10356 10355 10344
f 10333 10356 10344
f 10345 10356 10333
f 10346 10357 10345
f 10358 10357 10346
f 10347 10358 10346
f 10359 10358 10347
f 10348 10359 10347
f 10360 10359 10348
f 10349 10360 10348
f 10361 10360 10349
f 10350 10361 10349
f 10362 10361 10350
f 10351 10362 10350
f 10363 10362 10351
f 10352 10363 10351
f 10364 10363 10352
f 10353 10364 10352
f 10365 10364 10353
f 10354 10365 10353
f 10366 10365 10354
f 10355 10366 10354
f 10367 10366 10355
f 10356 10367 10355
f 10368 10367 10356
f 10345 10368 10356
f 10357 10368 10345
f 10358 10369 10357
f 10359 10369 10358
f 10360 10369 10359
f 10361 10369 10360
f 10362 10369 10361
f 10363 10369 10362
f 10364 10369 10363
f 10365 10369 10364
f 10366 10369 10365
f 10367 10369 10366
f 10368 10369 10367
f 10357 10369 10368
f 10370 10372 10371
f 10370 10373 10372
f 10370 10374 10373
f 10370 10375 10374
f 10370 10376 10375
f 10370 10377 10376
f 10370 10378 10377
f 10370 10379 10378
f 10370 10380 10379
f 10370 10381 10380
f 10370 10382 10381
f 10370 10371 10382
f 10372 10383 10371
f 10384 10383 10372
f 10373 10384 10372
f 10385 10384 10373
f 10374 10385 10373
f 10386 10385 10374
f 10375 10386 10374
f 10387 10386 10375
f 10376 10387 10375
f 10388 10387 10376
f 10377 10388 10376
f 10389 10388 10377
f 10378 10389 10377
f 10390 10389 10378
f 10379 10390 10378
f 10391 10390 10379
f 10380 10391 10379
f 10392 10391 10380
f 10381 10392 10380
f 10393 10392 10381
f 10382 10393 10381
f 10394 10393 10382
f 10371 10394 10382
f 10383 10394 10371
f 10384 10395 10383
f 10396 10395 10384
f 10385 10396 10384
f 10397 10396 10385
f 10386 10397 10385
f 10398 10397 10386
f 10387 10398 10386
f 10399 10398 10387
f 10388 10399 10387
f 10400 10399 10388
f 10389 10400 10388
f 10401 10400 10389
f 10390 10401 10389
f 10402 10401 10390
f 10391 10402 10390
f 10403 10402 10391
f 10392 10403 10391
f 10404 10403 10392
f 10393 10404 10392
f 10405 10404 10393
f 10394 10405 10393
f 10406 10405 10394
f 10383 10406 10394
f 10395 10406 10383
f 10396 10407 10395
f 10408 10407 10396
f 10397 10408 10396
f 10409 10408 10397
f 10398 10409 10397
f 10410 10409 10398
f 10399 10410 10398
f 10411 10410 10399
f 10400 10411 10399
f 10412 10411 10400
f 10401 10412 10400
f 10413 10412 10401
f 10402 10413 10401
f 10414 10413 10402
f 10403 10414 10402
f 10415 10414 10403
f 10404 10415 10403
f 10416 10415 10404
f 10405 10416 10404
f 10417 10416 10405
f 10406 10417 10405
f 10418 10417 10406
f 10395 10418 10406
f 10407 10418 10395
f 10408 10419 10407
f 10420 10419 10408
f 10409 10420 10408
f 10421 10420 10409
f 10410 10421 10409
f 10422 10421 10410
f 10411 10422 10410
f 10423 10422 10411
f 10412 10423 10411
f 10424 10423 10412
f 10413 10424 10412
f 10425 10424 10413
f 10414 10425 10413
f 10426 10425 10414
f 10415 10426 10414
f 10427 10426 10415
f 10416 10427 10415
f 10428 10427 10416
f 10417 10428 10416
f 10429 10428 10417
f 10418 10429 10417
f 10430 10429 10418
f 10407 10430 10418
f 10419 10430 10407
f 10420 10431 10419
f 10432 10431 10420
f 10421 10432 10420
f 10433 10432 10421
f 10422 10433 10421
f 10434 10433 10422
f 10423 10434 10422
f 10435 10434 10423
f 10424 10435 10423
f 10436 10435 10424
f 10425 10436 10424
f 10437 10436 10425
f 10426 10437 10425
f 10438 10437 10426
f 10427 10438 10426
f 10439 10438 10427
f 10428 10439 10427
f 10440 10439 10428
f 10429 10440 10428
f 10441 10440 10429
f 10430 10441 10429
f 10442 10441 10430
f 10419 10442 10430
f 10431 10442 10419
f 10432 10443 10431
f 10444 10443 10432
f 10433 10444 10432
f 10445 10444 10433
f 10434 10445 10433
f 10446 10445 10434
f 10435 10446 10434
f 10447 10446 10435
f 10436 10447 10435
f 10448 10447 10436
f 10437 10448 10436
f 10449 10448 10437
f 10438 10449 10437
f 10450 10449 10438
f 10439 10450 10438
f 10451 10450 10439
f 10440 10451 10439
f 10452 10451 10440
f 10441 10452 10440
f 10453 10452 10441
f 10442 10453 10441
f 10454 10453 10442
f 10431 10454 10442
f 10443 10454 10431
f 10444 10455 10443
f 10445 10455 10444
f 10446 10455 10445
f 10447 10455 10446
f 10448 10455 10447
f 10449 10455 10448
f 10450 10455 10449
f 10451 10455 10450
f 10452 10455 10451
f 10453 10455 10452
f 10454 10455 10453
f 10443 10455 10454
f 10456 10457 10466
f 10457 10467 10466
f 10457 10458 10467
f 10458 10468 10467
f 10458 10459 10468
f 10459 10469 10468
f 10459 10460 10469
f 10460 10470 10469
f 10460 10461 10470
f 10461 10471 10470
f 10461 10462 10471
f 10462 10472 10471
f 10462 10463 10472
f 10463 10473 10472
f 10463 10464 10473
f 10464 10474 10473
f 10464 10465 10474
f 10465 10475 10474
f 10465 10456 10475
f 10456 10466 10475
f 10466 10467 10476
f 10467 10477 10476
f 10467 10468 10477
f 10468 10478 10477
f 10468 10469 10478
f 10469 10479 10478
f 10469 10470 10479
f 10470 10480 10479
f 10470 10471 10480
f 10471 10481 10480
f 10471 10472 10481
f 10472 10482 10481
f 10472 10473 10482
f 10473 10483 10482
f 10473 10474 10483
f 10474 10484 10483
f 10474 10475 10484
f 10475 10485 10484
f 10475 10466 10485
f 10466 10476 10485
f 10486 10457 10456
f 10486 10458 10457
f 10486 10459 10458
f 10486 10460 10459
f 10486 10461 10460
f 10486 10462 10461
f 10486 10463 10462
f 10486 10464 10463
f 10486 10465 10464
f 10486 10456 10465
f 10487 10476 10477
f 10487 10477 10478
f 10487 10478 10479
f 10487 10479 10480
f 10487 10480 10481
f 10487 10481 10482
f 10487 10482 10483
f 10487 10483 10484
f 10487 10484 10485
f 10487 10485 10476
f 10488 10490 10489
f 10488 10491 10490
f 10488 10492 10491
f 10488 10493 10492
f 10488 10494 10493
f 10488 10495 10494
f 10488 10496 10495
f 10488 10497 10496
f 10488 10498 10497
f 10488 10499 10498
f 10488 10500 10499
f 10488 10489 10500
f 10490 10501 10489
f 10502 10501 10490
f 10491 10502 10490
f 10503 10502 10491
f 10492 10503 10491
f 10504 10503 10492
f 10493 10504 10492
f 10505 10504 10493
f 10494 10505 10493
f 10506 10505 10494
f 10495 10506 10494
f 10507 10506 10495
f 10496 10507 10495
f 10508 10507 10496
f 10497 10508 10496
f 10509 10508 10497
f 10498 10509 10497
f 10510 10509 10498
f 10499 10510 10498
f 10511 10510 10499
f 10500 10511 10499
f 10512 10511 10500
f 10489 10512 10500
f 10501 10512 10489
f 10502 10513 10501
f 10514 10513 10502
f 10503 10514 10502
f 10515 10514 10503
f 10504 10515 10503
f 10516 10515 10504
f 10505 10516 10504
f 10517 10516 10505
f 10506 10517 10505
f 10518 10517 10506
f 10507 10518 10506
f 10519 10518 10507
f 10508 10519 10507
f 10520 10519 10508
f 10509 10520 10508
f 10521 10520 10509
f 10510 10521 10509
f 10522 10521 10510
f 10511 10522 10510
f 10523 10522 10511
f 10512 10523 10511
f 10524 10523 10512
f 10501 10524 10512
f 10513 10524 10501
f 10514 10525 10513
f 10526 10525 10514
f 10515 10526 10514
f 10527 10526 10515
f 10516 10527 10515
f 10528 10527 10516
f 10517 10528 10516
f 10529 10528 10517
f 10518 10529 10517
f 10530 10529 10518
f 10519 10530 10518
f 10531 10530 10519
f 10520 10531 10519
f 10532 10531 10520
f 10521 10532 10520
f 10533 10532 10521
f 10522 10533 10521
f 10534 10533 10522
f 10523 10534 10522
f 10535 10534 10523
f 10524 10535 10523
f 10536 10535 10524
f 10513 10536 10524
f 10525 10536 10513
f 10526 10537 10525
f 10538 10537 10526
f 10527 10538 10526
f 10539 10538 10527
f 10528 10539 10527
f 10540 10539 10528
f 10529 10540 10528
f 10541 10540 10529
f 10530 10541 10529
f 10542 10541 10530
f 10531 10542 10530
f 10543 10542 10531
f 10532 10543 10531
f 10544 10543 10532
f 10533 10544 10532
f 10545 10544 10533
f 10534 10545 10533
f 10546 10545 10534
f 10535 10546 10534
f 10547 10546 10535
f 10536 10547 10535
f 10548 10547 10536
f 10525 10548 10536
f 10537 10548 10525
f 10538 10549 10537
f 10550 10549 10538
f 10539 10550 10538
f 10551 10550 10539
f 10540 10551 10539
f 10552 10551 10540
f 10541 10552 10540
f 10553 10552 10541
f 10542 10553 10541
f 10554 10553 10542
f 10543 10554 10542
f 10555 10554 10543
f 10544 10555 10543
f 10556 10555 10544
f 10545 10556 10544
f 10557 10556 10545
f 10546 10557 10545
f 10558 10557 10546
f 10547 10558 10546
f 10559 10558 10547
f 10548 10559 10547
f 10560 10559 10548
f 10537 10560 10548
f 10549 10560 10537
f 10550 10561 10549
f 10562 10561 10550
f 10551 10562 10550
f 10563 10562 10551
f 10552 10563 10551
f 10564 10563 10552
f 10553 10564 10552
f 10565 10564 10553
f 10554 10565 10553
f 10566 10565 10554
f 10555 10566 10554
f 10567 10566 10555
f 10556 10567 10555
f 10568 10567 10556
f 10557 10568 10556
f 10569 10568 10557
f 10558 10569 10557
f 10570 10569 10558
f 10559 10570 10558
f 10571 10570 10559
f 10560 10571 10559
f 10572 10571 10560
f 10549 10572 10560
f 10561 10572 10549
f 10562 10573 10561
f 10563 10573 10562
f 10564 10573 10563
f 10565 10573 10564
f 10566 10573 10565
f 10567 10573 10566
f 10568 10573 10567
f 10569 10573 10568
f 10570 10573 10569
f 10571 10573 10570
f 10572 10573 10571
f 10561 10573 10572
f 10574 10576 10575
f 10574 10577 10576
f 10574 10578 10577
f 10574 10579 10578
f 10574 10580 10579
f 10574 10581 10580
f 10574 10582 10581
f 10574 10583 10582
f 10574 10584 10583
f 10574 10585 10584
f 10574 10586 10585
f 10574 10575 10586
f 10576 10587 10575
f 10588 10587 10576
f 10577 10588 10576
f 10589 10588 10577
f 10578 10589 10577
f 10590 10589 10578
f 10579 10590 10578
f 10591 10590 10579
f 10580 10591 10579
f 10592 10591 10580
f 10581 10592 10580
f 10593 10592 10581
f 10582 10593 10581
f 10594 10593 10582
f 10583 10594 10582
f 10595 10594 10583
f 10584 10595 10583
f 10596 10595 10584
f 10585 10596 10584
f 10597 10596 10585
f 10586 10597 10585
f 10598 10597 10586
f 10575 10598 10586
f 10587 10598 10575
f 10588 10599 10587
f 10600 10599 10588
f 10589 10600 10588
f 10601 10600 10589
f 10590 10601 10589
f 10602 10601 10590
f 10591 10602 10590
f 10603 10602 10591
f 10592 10603 10591
f 10604 10603 10592
f 10593 10604 10592
f 10605 10604 10593
f 10594 10605 10593
f 10606 10605 10594
f 10595 10606 10594
f 10607 10606 10595
f 10596 10607 10595
f 10608 10607 10596
f 10597 10608 10596
f 10609 10608 10597
f 10598 10609 10597
f 10610 10609 10598
f 10587 10610 10598
f 10599 10610 10587
f 10600 10611 10599
f 10612 10611 10600
f 10601 10612 10600
f 10613 10612 10601
f 10602 10613 10601
f 10614 10613 10602
f 10603 10614 10602
f 10615 10614 10603
f 10604 10615 10603
f 10616 10615 10604
f 10605 10616 10604
f 10617 10616 10605
f 10606 10617 10605
f 10618 10617 10606
f 10607 10618 10606
f 10619 10618 10607
f 10608 10619 10607
f 10620 10619 10608
f 10609 10620 10608
f 10621 10620 10609
f 10610 10621 10609
f 10622 10621 10610
f 10599 10622 10610
f 10611 10622 10599
f 10612 10623 10611
f 10624 10623 10612
f 10613 10624 10612
f 10625 10624 10613
f 10614 10625 10613
f 10626 10625 10614
f 10615 10626 10614
f 10627 10626 10615
f 10616 10627 10615
f 10628 10627 10616
f 10617 10628 10616
f 10629 10628 10617
f 10618 10629 10617
f 10630 10629 10618
f 10619 10630 10618
f 10631 10630 10619
f 10620 10631 10619
f 10632 10631 10620
f 10621 10632 10620
f 10633 10632 10621
f 10622 10633 10621
f 10634 10633 10622
f 10611 10634 10622
f 10623 10634 10611
f 10624 10635 10623
f 10636 10635 10624
f 10625 10636 10624
f 10637 10636 10625
f 10626 10637 10625
f 10638 10637 10626
f 10627 10638 10626
f 10639 10638 10627
f 10628 10639 10627
f 10640 10639 10628
f 10629 10640 10628
f 10641 10640 10629
f 10630 10641 10629
f 10642 10641 10630
f 10631 10642 10630
f 10643 10642 10631
f 10632 10643 10631
f 10644 10643 10632
f 10633 10644 10632
f 10645 10644 10633
f 10634 10645 10633
f 10646 10645 10634
f 10623 10646 10634
f 10635 10646 10623
f 10636 10647 10635
f 10648 10647 10636
f 10637 10648 10636
f 10649 10648 10637
f 10638 10649 10637
f 10650 10649 10638
f 10639 10650 10638
f 10651 10650 10639
f 10640 10651 10639
f 10652 10651 10640
f 10641 10652 10640
f 10653 10652 10641
f 10642 10653 10641
f 10654 10653 10642
f 10643 10654 10642
f 10655 10654 10643
f 10644 10655 10643
f 10656 10655 10644
f 10645 10656 10644
f 10657 10656 10645
f 10646 10657 10645
f 10658 10657 10646
f 10635 10658 10646
f 10647 10658 10635
f 10648 10659 10647
f 10649 10659 10648
f 10650 10659 10649
f 10651 10659 10650
f 10652 10659 10651
f 10653 10659 10652
f 10654 10659 10653
f 10655 10659 10654
f 10656 10659 10655
f 10657 10659 10656
f 10658 10659 10657
f 10647 10659 10658
f 10660 10661 10670
f 10661 10671 10670
f 10661 10662 10671
f 10662 10672 10671
f 10662 10663 10672
f 10663 10673 10672
f 10663 10664 10673
f 10664 10674 10673
f 10664 10665 10674
f 10665 10675 10674
f 10665 10666 10675
f 10666 10676 10675
f 10666 10667 10676
f 10667 10677 10676
f 10667 10668 10677
f 10668 10678 10677
f 10668 10669 10678
f 10669 10679 10678
f 10669 10660 10679
f 10660 10670 10679
f 10670 10671 10680
f 10671 10681 10680
f 10671 10672 10681
f 10672 10682 10681
f 10672 10673 10682
f 10673 10683 10682
f 10673 10674 10683
f 10674 10684 10683
f 10674 10675 10684
f 10675 10685 10684
f 10675 10676 10685
f 10676 10686 10685
f 10676 10677 10686
f 10677 10687 10686
f 10677 10678 10687
f 10678 10688 10687
f 10678 10679 10688
f 10679 10689 10688
f 10679 10670 10689
f 10670 10680 10689
f 10690 10661 10660
f 10690 10662 10661
f 10690 10663 10662
f 10690 10664 10663
f 10690 10665 10664
f 10690 10666 10665
f 10690 10667 10666
f 10690 10668 10667
f 10690 10669 10668
f 10690 10660 10669
f 10691 10680 10681
f 10691 10681 10682
f 10691 10682 10683
f 10691 10683 10684
f 10691 10684 10685
f 10691 10685 10686
f 10691 10686 10687
f 10691 10687 10688
f 10691 10688 10689
f 10691 10689 10680
f 10692 10694 10693
f 10692 10695 10694
f 10692 10696 10695
f 10692 10697 10696
f 10692 10698 10697
f 10692 10699 10698
f 10692 10700 10699
f 10692 10701 10700
f 10692 10702 10701
f 10692 10703 10702
f 10692 10704 10703
f 10692 10705 10704
f 10692 10706 10705
f 10692 10707 10706
f 10692 10708 10707
f 10692 10709 10708
f 10692 10710 10709
f 10692 10711 10710
f 10692 10712 10711
f 10692 10713 10712
f 10692 10714 10713
f 10692 10715 10714
f 10692 10716 10715
f 10692 10717 10716
f 10692 10718 10717
f 10692 10719 10718
f 10692 10720 10719
f 10692 10693 10720
f 10694 10721 10693
f 10722 10721 10694
f 10695 10722 10694
f 10723 10722 10695
f 10696 10723 10695
f 10724 10723 10696
f 10697 10724 10696
f 10725 10724 10697
f 10698 10725 10697
f 10726 10725 10698
f 10699 10726 10698
f 10727 10726 10699
f 10700 10727 10699
f 10728 10727 10700
f 10701 10728 10700
f 10729 10728 10701
f 10702 10729 10701
f 10730 10729 10702
f 10703 10730 10702
f 10731 10730 10703
f 10704 10731 10703
f 10732 10731 10704
f 10705 10732 10704
f 10733 10732 10705
f 10706 10733 10705
f 10734 10733 10706
f 10707 10734 10706
f 10735 10734 10707
f 10708 10735 10707
f 10736 10735 10708
f 10709 10736 10708
f 10737 10736 10709
f 10710 10737 10709
f 10738 10737 10710
f 10711 10738 10710
f 10739 10738 10711
f 10712 10739 10711
f 10740 10739 10712
f 10713 10740 10712
f 10741 10740 10713
f 10714 10741 10713
f 10742 10741 10714
f 10715 10742 10714
f 10743 10742 10715
f 10716 10743 10715
f 10744 10743 10716
f 10717 10744 10716
f 10745 10744 10717
f 10718 10745 10717
f 10746 10745 10718
f 10719 10746 10718
f 10747 10746 10719
f 10720 10747 10719
f 10748 10747 10720
f 10693 10748 10720
f 10721 10748 10693
f 10722 10749 10721
f 10750 10749 10722
f 10723 10750 10722
f 10751 10750 10723
f 10724 10751 10723
f 10752 10751 10724
f 10725 10752 10724
f 10753 10752 10725
f 10726 10753 10725
f 10754 10753 10726
f 10727 10754 10726
f 10755 10754 10727
f 10728 10755 10727
f 10756 10755 10728
f 10729 10756 10728
f 10757 10756 10729
f 10730 10757 10729
f 10758 10757 10730
f 10731 10758 10730
f 10759 10758 10731
f 10732 10759 10731
f 10760 10759 10732
f 10733 10760 10732
f 10761 10760 10733
f 10734 10761 10733
f 10762 10761 10734
f 10735 10762 10734
f 10763 10762 10735
f 10736 10763 10735
f 10764 10763 10736
f 10737 10764 10736
f 10765 10764 10737
f 10738 10765 10737
f 10766 10765 10738
f 10739 10766 10738
f 10767 10766 10739
f 10740 10767 10739
f 10768 10767 10740
f 10741 10768 10740
f 10769 10768 10741
f 10742 10769 10741
f 10770 10769 10742
f 10743 10770 10742
f 10771 10770 10743
f 10744 10771 10743
f 10772 10771 10744
f 10745 10772 10744
f 10773 10772 10745
f 10746 10773 10745
f 10774 10773 10746
f 10747 10774 10746
f 10775 10774 10747
f 10748 10775 10747
f 10776 10775 10748
f 10721 10776 10748
f 10749 10776 10721
f 10750 10777 10749
f 10778 10777 10750
f 10751 10778 10750
f 10779 10778 10751
f 10752 10779 10751
f 10780 10779 10752
f 10753 10780 10752
f 10781 10780 10753
f 10754 10781 10753
f 10782 10781 10754
f 10755 10782 10754
f 10783 10782 10755
f 10756 10783 10755
f 10784 10783 10756
f 10757 10784 10756
f 10785 10784 10757
f 10758 10785 10757
f 10786 10785 10758
f 10759 10786 10758
f 10787 10786 10759
f 10760 10787 10759
f 10788 10787 10760
f 10761 10788 10760
f 10789 10788 10761
f 10762 10789 10761
f 10790 10789 10762
f 10763 10790 10762
f 10791 10790 10763
f 10764 10791 10763
f 10792 10791 10764
f 10765 10792 10764
f 10793 10792 10765
f 10766 10793 10765
f 10794 10793 10766
f 10767 10794 10766
f 10795 10794 10767
f 10768 10795 10767
f 10796 10795 10768
f 10769 10796 10768
f 10797 10796 10769
f 10770 10797 10769
f 10798 10797 10770
f 10771 10798 10770
f 10799 10798 10771
f 10772 10799 10771
f 10800 10799 10772
f 10773 10800 10772
f 10801 10800 10773
f 10774 10801 10773
f 10802 10801 10774
f 10775 10802 10774
f 10803 10802 10775
f 10776 10803 10775
f 10804 10803 10776
f 10749 10804 10776
f 10777 10804 10749
f 10778 10805 10777
f 10806 10805 10778
f 10779 10806 10778
f 10807 10806 10779
f 10780 10807 10779
f 10808 10807 10780
f 10781 10808 10780
f 10809 10808 10781
f 10782 10809 10781
f 10810 10809 10782
f 10783 10810 10782
f 10811 10810 10783
f 10784 10811 10783
f 10812 10811 10784
f 10785 10812 10784
f 10813 10812 10785
f 10786 10813 10785
f 10814 10813 10786
f 10787 10814 10786
f 10815 10814 10787
f 10788 10815 10787
f 10816 10815 10788
f 10789 10816 10788
f 10817 10816 10789
f 10790 10817 10789
f 10818 10817 10790
f 10791 10818 10790
f 10819 10818 10791
f 10792 10819 10791
f 10820 10819 10792
f 10793 10820 10792
f 10821 10820 10793
f 10794 10821 10793
f 10822 10821 10794
f 10795 10822 10794
f 10823 10822 10795
f 10796 10823 10795
f 10824 10823 10796
f 10797 10824 10796
f 10825 10824 10797
f 10798 10825 10797
f 10826 10825 10798
f 10799 10826 10798
f 10827 10826 10799
f 10800 10827 10799
f 10828 10827 10800
f 10801 10828 10800
f 10829 10828 10801
f 10802 10829 10801
f 10830 10829 10802
f 10803 10830 10802
f 10831 10830 10803
f 10804 10831 10803
f 10832 10831 10804
f 10777 10832 10804
f 10805 10832 10777
f 10806 10833 10805
f 10834 10833 10806
f 10807 10834 10806
f 10835 10834 10807
f 10808 10835 10807
f 10836 10835 10808
f 10809 10836 10808
f 10837 10836 10809
f 10810 10837 10809
f 10838 10837 10810
f 10811 10838 10810
f 10839 10838 10811
f 10812 10839 10811
f 10840 10839 10812
f 10813 10840 10812
f 10841 10840 10813
f 10814 10841 10813
f 10842 10841 10814
f 10815 10842 10814
f 10843 10842 10815
f 10816 10843 10815
f 10844 10843 10816
f 10817 10844 10816
f 10845 10844 10817
f 10818 10845 10817
f 10846 10845 10818
f 10819 10846 10818
f 10847 10846 10819
f 10820 10847 10819
f 10848 10847 10820
f 10821 10848 10820
f 10849 10848 10821
f 10822 10849 10821
f 10850 10849 10822
f 10823 10850 10822
f 10851 10850 10823
f 10824 10851 10823
f 10852 10851 10824
f 10825 10852 10824
f 10853 10852 10825
f 10826 10853 10825
f 10854 10853 10826
f 10827 10854 10826
f 10855 10854 10827
f 10828 10855 10827
f 10856 10855 10828
f 10829 10856 10828
f 10857 10856 10829
f 10830 10857 10829
f 10858 10857 10830
f 10831 10858 10830
f 10859 10858 10831
f 10832 10859 10831
f 10860 10859 10832
f 10805 10860 10832
f 10833 10860 10805
f 10834 10861 10833
f 10862 10861 10834
f 10835 10862 10834
f 10863 10862 10835
f 10836 10863 10835
f 10864 10863 10836
f 10837 10864 10836
f 10865 10864 10837
f 10838 10865 10837
f 10866 10865 10838
f 10839 10866 10838
f 10867 10866 10839
f 10840 10867 10839
f 10868 10867 10840
f 10841 10868 10840
f 10869 10868 10841
f 10842 10869 10841
f 10870 10869 10842
f 10843 10870 10842
f 10871 10870 10843
f 10844 10871 10843
f 10872 10871 10844
f 10845 10872 10844
f 10873 10872 10845
f 10846 10873 10845
f 10874 10873 10846
f 10847 10874 10846
f 10875 10874 10847
f 10848 10875 10847
f 10876 10875 10848
f 10849 10876 10848
f 10877 10876 10849
f 10850 10877 10849
f 10878 10877 10850
f 10851 10878 10850
f 10879 10878 10851
f 10852 10879 10851
f 10880 10879 10852
f 10853 10880 10852
f 10881 10880 10853
f 10854 10881 10853
f 10882 10881 10854
f 10855 10882 10854
f 10883 10882 10855
f 10856 10883 10855
f 10884 10883 10856
f 10857 10884 10856
f 10885 10884 10857
f 10858 10885 10857
f 10886 10885 10858
f 10859 10886 10858
f 10887 10886 10859
f 10860 10887 10859
f 10888 10887 10860
f 10833 10888 10860
f 10861 10888 10833
f 10862 10889 10861
f 10890 10889 10862
f 10863 10890 10862
f 10891 10890 10863
f 10864 10891 10863
f 10892 10891 10864
f 10865 10892 10864
f 10893 10892 10865
f 10866 10893 10865
f 10894 10893 10866
f 10867 10894 10866
f 10895 10894 10867
f 10868 10895 10867
f 10896 10895 10868
f 10869 10896 10868
f 10897 10896 10869
f 10870 10897 10869
f 10898 10897 10870
f 10871 10898 10870
f 10899 10898 10871
f 10872 10899 10871
f 10900 10899 10872
f 10873 10900 10872
f 10901 10900 10873
f 10874 10901 10873
f 10902 10901 10874
f 10875 10902 10874
f 10903 10902 10875
f 10876 10903 10875
f 10904 10903 10876
f 10877 10904 10876
f 10905 10904 10877
f 10878 10905 10877
f 10906 10905 10878
f 10879 10906 10878
f 10907 10906 10879
f 10880 10907 10879
f 10908 10907 10880
f 10881 10908 10880
f 10909 10908 10881
f 10882 10909 10881
f 10910 10909 10882
f 10883 10910 10882
f 10911 10910 10883
f 10884 10911 10883
f 10912 10911 10884
f 10885 10912 10884
f 10913 10912 10885
f 10886 10913 10885
f 10914 10913 10886
f 10887 10914 10886
f 10915 10914 10887
f 10888 10915 10887
f 10916 10915 10888
f 10861 10916 10888
f 10889 10916 10861
f 10890 10917 10889
f 10918 10917 10890
f 10891 10918 10890
f 10919 10918 10891
f 10892 10919 10891
f 10920 10919 10892
f 10893 10920 10892
f 10921 10920 10893
f 10894 10921 10893
f 10922 10921 10894
f 10895 10922 10894
f 10923 10922 10895
f 10896 10923 10895
f 10924 10923 10896
f 10897 10924 10896
f 10925 10924 10897
f 10898 10925 10897
f 10926 10925 10898
f 10899 10926 10898
f 10927 10926 10899
f 10900 10927 10899
f 10928 10927 10900
f 10901 10928 10900
f 10929 10928 10901
f 10902 10929 10901
f 10930 10929 10902
f 10903 10930 10902
f 10931 10930 10903
f 10904 10931 10903
f 10932 10931 10904
f 10905 10932 10904
f 10933 10932 10905
f 10906 10933 10905
f 10934 10933 10906
f 10907 10934 10906
f 10935 10934 10907
f 10908 10935 10907
f 10936 10935 10908
f 10909 10936 10908
f 10937 10936 10909
f 10910 10937 10909
f 10938 10937 10910
f 10911 10938 10910
f 10939 10938 10911
f 10912 10939 10911
f 10940 10939 10912
f 10913 10940 10912
f 10941 10940 10913
f 10914 10941 10913
f 10942 10941 10914
f 10915 10942 10914
f 10943 10942 10915
f 10916 10943 10915
f 10944 10943 10916
f 10889 10944 10916
f 10917 10944 10889
f 10918 10945 10917
f 10946 10945 10918
f 10919 10946 10918
f 10947 10946 10919
f 10920 10947 10919
f 10948 10947 10920
f 10921 10948 10920
f 10949 10948 10921
f 10922 10949 10921
f 10950 10949 10922
f 10923 10950 10922
f 10951 10950 10923
f 10924 10951 10923
f 10952 10951 10924
f 10925 10952 10924
f 10953 10952 10925
f 10926 10953 10925
f 10954 10953 10926
f 10927 10954 10926
f 10955 10954 10927
f 10928 10955 10927
f 10956 10955 10928
f 10929 10956 10928
f 10957 10956 10929
f 10930 10957 10929
f 10958 10957 10930
f 10931 10958 10930
f 10959 10958 10931
f 10932 10959 10931
f 10960 10959 10932
f 10933 10960 10932
f 10961 10960 10933
f 10934 10961 10933
f 10962 10961 10934
f 10935 10962 10934
f 10963 10962 10935
f 10936 10963 10935
f 10964 10963 10936
f 10937 10964 10936
f 10965 10964 10937
f 10938 10965 10937
f 10966 10965 10938
f 10939 10966 10938
f 10967 10966 10939
f 10940 10967 10939
f 10968 10967 10940
f 10941 10968 10940
f 10969 10968 10941
f 10942 10969 10941
f 10970 10969 10942
f 10943 10970 10942
f 10971 10970 10943
f 10944 10971 10943
f 10972 10971 10944
f 10917 10972 10944
f 10945 10972 10917
f 10946 10973 10945
f 10974 10973 10946
f 10947 10974 10946
f 10975 10974 10947
f 10948 10975 10947
f 10976 10975 10948
f 10949 10976 10948
f 10977 10976 10949
f 10950 10977 10949
f 10978 10977 10950
f 10951 10978 10950
f 10979 10978 10951
f 10952 10979 10951
f 10980 10979 10952
f 10953 10980 10952
f 10981 10980 10953
f 10954 10981 10953
f 10982 10981 10954
f 10955 10982 10954
f 10983 10982 10955
f 10956 10983 10955
f 10984 10983 10956
f 10957 10984 10956
f 10985 10984 10957
f 10958 10985 10957
f 10986 10985 10958
f 10959 10986 10958
f 10987 10986 10959
f 10960 10987 10959
f 10988 10987 10960
f 10961 10988 10960
f 10989 10988 10961
f 10962 10989 10961
f 10990 10989 10962
f 10963 10990 10962
f 10991 10990 10963
f 10964 10991 10963
f 10992 10991 10964
f 10965 10992 10964
f 10993 10992 10965
f 10966 10993 10965
f 10994 10993 10966
f 10967 10994 10966
f 10995 10994 10967
f 10968 10995 10967
f 10996 10995 10968
f 10969 10996 10968
f 10997 10996 10969
f 10970 10997 10969
f 10998 10997 10970
f 10971 10998 10970
f 10999 10998 10971
f 10972 10999 10971
f 11000 10999 10972
f 10945 11000 10972
f 10973 11000 10945
f 10974 11001 10973
f 11002 11001 10974
f 10975 11002 10974
f 11003 11002 10975
f 10976 11003 10975
f 11004 11003 10976
f 10977 11004 10976
f 11005 11004 10977
f 10978 11005 10977
f 11006 11005 10978
f 10979 11006 10978
f 11007 11006 10979
f 10980 11007 10979
f 11008 11007 10980
f 10981 11008 10980
f 11009 11008 10981
f 10982 11009 10981
f 11010 11009 10982
f 10983 11010 10982
f 11011 11010 10983
f 10984 11011 10983
f 11012 11011 10984
f 10985 11012 10984
f 11013 11012 10985
f 10986 11013 10985
f 11014 11013 10986
f 10987 11014 10986
f 11015 11014 10987
f 10988 11015 10987
f 11016 11015 10988
f 10989 11016 10988
f 11017 11016 10989
f 10990 11017 10989
f 11018 11017 10990
f 10991 11018 10990
f 11019 11018 10991
f 10992 11019 10991
f 11020 11019 10992
f 10993 11020 10992
f 11021 11020 10993
f 10994 11021 10993
f 11022 11021 10994
f 10995 11022 10994
f 11023 11022 10995
f 10996 11023 10995
f 11024 11023 10996
f 10997 11024 10996
f 11025 11024 10997
f 10998 11025 10997
f 11026 11025 10998
f 10999 11026 10998
f 11027 11026 10999
f 11000 11027 10999
f 11028 11027 11000
f 10973 11028 11000
f 11001 11028 10973
f 11002 11029 11001
f 11030 11029 11002
f 11003 11030 11002
f 11031 11030 11003
f 11004 11031 11003
f 11032 11031 11004
f 11005 11032 11004
f 11033 11032 11005
f 11006 11033 11005
f 11034 11033 11006
f 11007 11034 11006
f 11035 11034 11007
f 11008 11035 11007
f 11036 11035 11008
f 11009 11036 11008
f 11037 11036 11009
f 11010 11037 11009
f 11038 11037 11010
f 11011 11038 11010
f 11039 11038 11011
f 11012 11039 11011
f 11040 11039 11012
f 11013 11040 11012
f 11041 11040 11013
f 11014 11041 11013
f 11042 11041 11014
f 11015 11042 11014
f 11043 11042 11015
f 11016 11043 11015
f 11044 11043 11016
f 11017 11044 11016
f 11045 11044 11017
f 11018 11045 11017
f 11046 11045 11018
f 11019 11046 11018
f 11047 11046 11019
f 11020 11047 11019
f 11048 11047 11020
f 11021 11048 11020
f 11049 11048 11021
f 11022 11049 11021
f 11050 11049 11022
f 11023 11050 11022
f 11051 11050 11023
f 11024 11051 11023
f 11052 11051 11024
f 11025 11052 11024
f 11053 11052 11025
f 11026 11053 11025
f 11054 11053 11026
f 11027 11054 11026
f 11055 11054 11027
f 11028 11055 11027
f 11056 11055 11028
f 11001 11056 11028
f 11029 11056 11001
f 11030 11057 11029
f 11058 11057 11030
f 11031 11058 11030
f 11059 11058 11031
f 11032 11059 11031
f 11060 11059 11032
f 11033 11060 11032
f 11061 11060 11033
f 11034 11061 11033
f 11062 11061 11034
f 11035 11062 11034
f 11063 11062 11035
f 11036 11063 11035
f 11064 11063 11036
f 11037 11064 11036
f 11065 11064 11037
f 11038 11065 11037
f 11066 11065 11038
f 11039 11066 11038
f 11067 11066 11039
f 11040 11067 11039
f 11068 11067 11040
f 11041 11068 11040
f 11069 11068 11041
f 11042 11069 11041
f 11070 11069 11042
f 11043 11070 11042
f 11071 11070 11043
f 11044 11071 11043
f 11072 11071 11044
f 11045 11072 11044
f 11073 11072 11045
f 11046 11073 11045
f 11074 11073 11046
f 11047 11074 11046
f 11075 11074 11047
f 11048 11075 11047
f 11076 11075 11048
f 11049 11076 11048
f 11077 11076 11049
f 11050 11077 11049
f 11078 11077 11050
f 11051 11078 11050
f 11079 11078 11051
f 11052 11079 11051
f 11080 11079 11052
f 11053 11080 11052
f 11081 11080 11053
f 11054 11081 11053
f 11082 11081 11054
f 11055 11082 11054
f 11083 11082 11055
f 11056 11083 11055
f 11084 11083 11056
f 11029 11084 11056
f 11057 11084 11029
f 11058 11085 11057
f 11086 11085 11058
f 11059 11086 11058
f 11087 11086 11059
f 11060 11087 11059
f 11088 11087 11060
f 11061 11088 11060
f 11089 11088 11061
f 11062 11089 11061
f 11090 11089 11062
f 11063 11090 11062
f 11091 11090 11063
f 11064 11091 11063
f 11092 11091 11064
f 11065 11092 11064
f 11093 11092 11065
f 11066 11093 11065
f 11094 11093 11066
f 11067 11094 11066
f 11095 11094 11067
f 11068 11095 11067
f 11096 11095 11068
f 11069 11096 11068
f 11097 11096 11069
f 11070 11097 11069
f 11098 11097 11070
f 11071 11098 11070
f 11099 11098 11071
f 11072 11099 11071
f 11100 11099 11072
f 11073 11100 11072
f 11101 11100 11073
f 11074 11101 11073
f 11102 11101 11074
f 11075 11102 11074
f 11103 11102 11075
f 11076 11103 11075
f 11104 11103 11076
f 11077 11104 11076
f 11105 11104 11077
f 11078 11105 11077
f 11106 11105 11078
f 11079 11106 11078
f 11107 11106 11079
f 11080 11107 11079
f 11108 11107 11080
f 11081 11108 11080
f 11109 11108 11081
f 11082 11109 11081
f 11110 11109 11082
f 11083 11110 11082
f 11111 11110 11083
f 11084 11111 11083
f 11112 11111 11084
f 11057 11112 11084
f 11085 11112 11057
f 11086 11113 11085
f 11087 11113 11086
f 11088 11113 11087
f 11089 11113 11088
f 11090 11113 11089
f 11091 11113 11090
f 11092 11113 11091
f 11093 11113 11092
f 11094 11113 11093
f 11095 11113 11094
f 11096 11113 11095
f 11097 11113 11096
f 11098 11113 11097
f 11099 11113 11098
f 11100 11113 11099
f 11101 11113 11100
f 11102 11113 11101
f 11103 11113 11102
f 11104 11113 11103
f 11105 11113 11104
f 11106 11113 11105
f 11107 11113 11106
f 11108 11113 11107
f 11109 11113 11108
f 11110 11113 11109
f 11111 11113 11110
f 11112 11113 11111
f 11085 11113 11112
f 11114 11115 11124
f 11115 11125 11124
f 11115 11116 11125
f 11116 11126 11125
f 11116 11117 11126
f 11117 11127 11126
f 11117 11118 11127
f 11118 11128 11127
f 11118 11119 11128
f 11119 11129 11128
f 11119 11120 11129
f 11120 11130 11129
f 11120 11121 11130
f 11121 11131 11130
f 11121 11122 11131
f 11122 11132 11131
f 11122 11123 11132
f 11123 11133 11132
f 11123 11114 11133
f 11114 11124 11133
f 11124 11125 11134
f 11125 11135 11134
f 11125 11126 11135
f 11126 11136 11135
f 11126 11127 11136
f 11127 11137 11136
f 11127 11128 11137
f 11128 11138 11137
f 11128 11129 11138
f 11129 11139 11138
f 11129 11130 11139
f 11130 11140 11139
f 11130 11131 11140
f 11131 11141 11140
f 11131 11132 11141
f 11132 11142 11141
f 11132 11133 11142
f 11133 11143 11142
f 11133 11124 11143
f 11124 11134 11143
f 11134 11135 11144
f 11135 11145 11144
f 11135 11136 11145
f 11136 11146 11145
f 11136 11137 11146
f 11137 11147 11146
f 11137 11138 11147
f 11138 11148 11147
f 11138 11139 11148
f 11139 11149 11148
f 11139 11140 11149
f 11140 11150 11149
f 11140 11141 11150
f 11141 11151 11150
f 11141 11142 11151
f 11142 11152 11151
f 11142 11143 11152
f 11143 11153 11152
f 11143 11134 11153
f 11134 11144 11153
f 11144 11145 11154
f 11145 11155 11154
f 11145 11146 11155
f 11146 11156 11155
f 11146 11147 11156
f 11147 11157 11156
f 11147 11148 11157
f 11148 11158 11157
f 11148 11149 11158
f 11149 11159 11158
f 11149 11150 11159
f 11150 11160 11159
f 11150 11151 11160
f 11151 11161 11160
f 11151 11152 11161
f 11152 11162 11161
f 11152 11153 11162
f 11153 11163 11162
f 11153 11144 11163
f 11144 11154 11163
f 11164 11115 11114
f 11164 11116 11115
f 11164 11117 11116
f 11164 11118 11117
f 11164 11119 11118
f 11164 11120 11119
f 11164 11121 11120
f 11164 11122 11121
f 11164 11123 11122
f 11164 11114 11123
f 11165 11154 11155
f 11165 11155 11156
f 11165 11156 11157
f 11165 11157 11158
f 11165 11158 11159
f 11165 11159 11160
f 11165 11160 11161
f 11165 11161 11162
f 11165 11162 11163
f 11165 11163 11154
f 11166 11168 11167
f 11166 11169 11168
f 11166 11170 11169
f 11166 11171 11170
f 11166 11172 11171
f 11166 11173 11172
f 11166 11174 11173
f 11166 11175 11174
f 11166 11176 11175
f 11166 11177 11176
f 11166 11178 11177
f 11166 11179 11178
f 11166 11180 11179
f 11166 11167 11180
f 11168 11181 11167
f 11182 11181 11168
f 11169 11182 11168
f 11183 11182 11169
f 11170 11183 11169
f 11184 11183 11170
f 11171 11184 11170
f 11185 11184 11171
f 11172 11185 11171
f 11186 11185 11172
f 11173 11186 11172
f 11187 11186 11173
f 11174 11187 11173
f 11188 11187 11174
f 11175 11188 11174
f 11189 11188 11175
f 11176 11189 11175
f 11190 11189 11176
f 11177 11190 11176
f 11191 11190 11177
f 11178 11191 11177
f 11192 11191 11178
f 11179 11192 11178
f 11193 11192 11179
f 11180 11193 11179
f 11194 11193 11180
f 11167 11194 11180
f 11181 11194 11167
f 11182 11195 11181
f 11196 11195 11182
f 11183 11196 11182
f 11197 11196 11183
f 11184 11197 11183
f 11198 11197 11184
f 11185 11198 11184
f 11199 11198 11185
f 11186 11199 11185
f 11200 11199 11186
f 11187 11200 11186
f 11201 11200 11187
f 11188 11201 11187
f 11202 11201 11188
f 11189 11202 11188
f 11203 11202 11189
f 11190 11203 11189
f 11204 11203 11190
f 11191 11204 11190
f 11205 11204 11191
f 11192 11205 11191
f 11206 11205 11192
f 11193 11206 11192
f 11207 11206 11193
f 11194 11207 11193
f 11208 11207 11194
f 11181 11208 11194
f 11195 11208 11181
f 11196 11209 11195
f 11210 11209 11196
f 11197 11210 11196
f 11211 11210 11197
f 11198 11211 11197
f 11212 11211 11198
f 11199 11212 11198
f 11213 11212 11199
f 11200 11213 11199
f 11214 11213 11200
f 11201 11214 11200
f 11215 11214 11201
f 11202 11215 11201
f 11216 11215 11202
f 11203 11216 11202
f 11217 11216 11203
f 11204 11217 11203
f 11218 11217 11204
f 11205 11218 11204
f 11219 11218 11205
f 11206 11219 11205
f 11220 11219 11206
f 11207 11220 11206
f 11221 11220 11207
f 11208 11221 11207
f 11222 11221 11208
f 11195 11222 11208
f 11209 11222 11195
f 11210 11223 11209
f 11224 11223 11210
f 11211 11224 11210
f 11225 11224 11211
f 11212 11225 11211
f 11226 11225 11212
f 11213 11226 11212
f 11227 11226 11213
f 11214 11227 11213
f 11228 11227 11214
f 11215 11228 11214
f 11229 11228 11215
f 11216 11229 11215
f 11230 11229 11216
f 11217 11230 11216
f 11231 11230 11217
f 11218 11231 11217
f 11232 11231 11218
f 11219 11232 11218
f 11233 11232 11219
f 11220 11233 11219
f 11234 11233 11220
f 11221 11234 11220
f 11235 11234 11221
f 11222 11235 11221
f 11236 11235 11222
f 11209 11236 11222
f 11223 11236 11209
f 11224 11237 11223
f 11238 11237 11224
f 11225 11238 11224
f 11239 11238 11225
f 11226 11239 11225
f 11240 11239 11226
f 11227 11240 11226
f 11241 11240 11227
f 11228 11241 11227
f 11242 11241 11228
f 11229 11242 11228
f 11243 11242 11229
f 11230 11243 11229
f 11244 11243 11230
f 11231 11244 11230
f 11245 11244 11231
f 11232 11245 11231
f 11246 11245 11232
f 11233 11246 11232
f 11247 11246 11233
f 11234 11247 11233
f 11248 11247 11234
f 11235 11248 11234
f 11249 11248 11235
f 11236 11249 11235
f 11250 11249 11236
f 11223 11250 11236
f 11237 11250 11223
f 11238 11251 11237
f 11252 11251 11238
f 11239 11252 11238
f 11253 11252 11239
f 11240 11253 11239
f 11254 11253 11240
f 11241 11254 11240
f 11255 11254 11241
f 11242 11255 11241
f 11256 11255 11242
f 11243 11256 11242
f 11257 11256 11243
f 11244 11257 11243
f 11258 11257 11244
f 11245 11258 11244
f 11259 11258 11245
f 11246 11259 11245
f 11260 11259 11246
f 11247 11260 11246
f 11261 11260 11247
f 11248 11261 11247
f 11262 11261 11248
f 11249 11262 11248
f 11263 11262 11249
f 11250 11263 11249
f 11264 11263 11250
f 11237 11264 11250
f 11251 11264 11237
f 11252 11265 11251
f 11266 11265 11252
f 11253 11266 11252
f 11267 11266 11253
f 11254 11267 11253
f 11268 11267 11254
f 11255 11268 11254
f 11269 11268 11255
f 11256 11269 11255
f 11270 11269 11256
f 11257 11270 11256
f 11271 11270 11257
f 11258 11271 11257
f 11272 11271 11258
f 11259 11272 11258
f 11273 11272 11259
f 11260 11273 11259
f 11274 11273 11260
f 11261 11274 11260
f 11275 11274 11261
f 11262 11275 11261
f 11276 11275 11262
f 11263 11276 11262
f 11277 11276 11263
f 11264 11277 11263
f 11278 11277 11264
f 11251 11278 11264
f 11265 11278 11251
f 11266 11279 11265
f 11280 11279 11266
f 11267 11280 11266
f 11281 11280 11267
f 11268 11281 11267
f 11282 11281 11268
f 11269 11282 11268
f 11283 11282 11269
f 11270 11283 11269
f 11284 11283 11270
f 11271 11284 11270
f 11285 11284 11271
f 11272 11285 11271
f 11286 11285 11272
f 11273 11286 11272
f 11287 11286 11273
f 11274 11287 11273
f 11288 11287 11274
f 11275 11288 11274
f 11289 11288 11275
f 11276 11289 11275
f 11290 11289 11276
f 11277 11290 11276
f 11291 11290 11277
f 11278 11291 11277
f 11292 11291 11278
f 11265 11292 11278
f 11279 11292 11265
f 11280 11293 11279
f 11281 11293 11280
f 11282 11293 11281
f 11283 11293 11282
f 11284 11293 11283
f 11285 11293 11284
f 11286 11293 11285
f 11287 11293 11286
f 11288 11293 11287
f 11289 11293 11288
f 11290 11293 11289
f 11291 11293 11290
f 11292 11293 11291
f 11279 11293 11292
f 11294 11296 11295
f 11294 11297 11296
f 11294 11298 11297
f 11294 11299 11298
f 11294 11300 11299
f 11294 11301 11300
f 11294 11302 11301
f 11294 11303 11302
f 11294 11304 11303
f 11294 11305 11304
f 11294 11306 11305
f 11294 11307 11306
f 11294 11308 11307
f 11294 11309 11308
f 11294 11310 11309
f 11294 11295 11310
f 11296 11311 11295
f 11312 11311 11296
f 11297 11312 11296
f 11313 11312 11297
f 11298 11313 11297
f 11314 11313 11298
f 11299 11314 11298
f 11315 11314 11299
f 11300 11315 11299
f 11316 11315 11300
f 11301 11316 11300
f 11317 11316 11301
f 11302 11317 11301
f 11318 11317 11302
f 11303 11318 11302
f 11319 11318 11303
f 11304 11319 11303
f 11320 11319 11304
f 11305 11320 11304
f 11321 11320 11305
f 11306 11321 11305
f 11322 11321 11306
f 11307 11322 11306
f 11323 11322 11307
f 11308 11323 11307
f 11324 11323 11308
f 11309 11324 11308
f 11325 11324 11309
f 11310 11325 11309
f 11326 11325 11310
f 11295 11326 11310
f 11311 11326 11295
f 11312 11327 11311
f 11328 11327 11312
f 11313 11328 11312
f 11329 11328 11313
f 11314 11329 11313
f 11330 11329 11314
f 11315 11330 11314
f 11331 11330 11315
f 11316 11331 11315
f 11332 11331 11316
f 11317 11332 11316
f 11333 11332 11317
f 11318 11333 11317
f 11334 11333 11318
f 11319 11334 11318
f 11335 11334 11319
f 11320 11335 11319
f 11336 11335 11320
f 11321 11336 11320
f 11337 11336 11321
f 11322 11337 11321
f 11338 11337 11322
f 11323 11338 11322
f 11339 11338 11323
f 11324 11339 11323
f 11340 11339 11324
f 11325 11340 11324
f 11341 11340 11325
f 11326 11341 11325
f 11342 11341 11326
f 11311 11342 11326
f 11327 11342 11311
f 11328 11343 11327
f 11344 11343 11328
f 11329 11344 11328
f 11345 11344 11329
f 11330 11345 11329
f 11346 11345 11330
f 11331 11346 11330
f 11347 11346 11331
f 11332 11347 11331
f 11348 11347 11332
f 11333 11348 11332
f 11349 11348 11333
f 11334 11349 11333
f 11350 11349 11334
f 11335 11350 11334
f 11351 11350 11335
f 11336 11351 11335
f 11352 11351 11336
f 11337 11352 11336
f 11353 11352 11337
f 11338 11353 11337
f 11354 11353 11338
f 11339 11354 11338
f 11355 11354 11339
f 11340 11355 11339
f 11356 11355 11340
f 11341 11356 11340
f 11357 11356 11341
f 11342 11357 11341
f 11358 11357 11342
f 11327 11358 11342
f 11343 11358 11327
f 11344 11359 11343
f 11360 11359 11344
f 11345 11360 11344
f 11361 11360 11345
f 11346 11361 11345
f 11362 11361 11346
f 11347 11362 11346
f 11363 11362 11347
f 11348 11363 11347
f 11364 11363 11348
f 11349 11364 11348
f 11365 11364 11349
f 11350 11365 11349
f 11366 11365 11350
f 11351 11366 11350
f 11367 11366 11351
f 11352 11367 11351
f 11368 11367 11352
f 11353 11368 11352
f 11369 11368 11353
f 11354 11369 11353
f 11370 11369 11354
f 11355 11370 11354
f 11371 11370 11355
f 11356 11371 11355
f 11372 11371 11356
f 11357 11372 11356
f 11373 11372 11357
f 11358 11373 11357
f 11374 11373 11358
f 11343 11374 11358
f 11359 11374 11343
f 11360 11375 11359
f 11376 11375 11360
f 11361 11376 11360
f 11377 11376 11361
f 11362 11377 11361
f 11378 11377 11362
f 11363 11378 11362
f 11379 11378 11363
f 11364 11379 11363
f 11380 11379 11364
f 11365 11380 11364
f 11381 11380 11365
f 11366 11381 11365
f 11382 11381 11366
f 11367 11382 11366
f 11383 11382 11367
f 11368 11383 11367
f 11384 11383 11368
f 11369 11384 11368
f 11385 11384 11369
f 11370 11385 11369
f 11386 11385 11370
f 11371 11386 11370
f 11387 11386 11371
f 11372 11387 11371
f 11388 11387 11372
f 11373 11388 11372
f 11389 11388 11373
f 11374 11389 11373
f 11390 11389 11374
f 11359 11390 11374
f 11375 11390 11359
f 11376 11391 11375
f 11392 11391 11376
f 11377 11392 11376
f 11393 11392 11377
f 11378 11393 11377
f 11394 11393 11378
f 11379 11394 11378
f 11395 11394 11379
f 11380 11395 11379
f 11396 11395 11380
f 11381 11396 11380
f 11397 11396 11381
f 11382 11397 11381
f 11398 11397 11382
f 11383 11398 11382
f 11399 11398 11383
f 11384 11399 11383
f 11400 11399 11384
f 11385 11400 11384
f 11401 11400 11385
f 11386 11401 11385
f 11402 11401 11386
f 11387 11402 11386
f 11403 11402 11387
f 11388 11403 11387
f 11404 11403 11388
f 11389 11404 11388
f 11405 11404 11389
f 11390 11405 11389
f 11406 11405 11390
f 11375 11406 11390
f 11391 11406 11375
f 11392 11407 11391
f 11408 11407 11392
f 11393 11408 11392
f 11409 11408 11393
f 11394 11409 11393
f 11410 11409 11394
f 11395 11410 11394
f 11411 11410 11395
f 11396 11411 11395
f 11412 11411 11396
f 11397 11412 11396
f 11413 11412 11397
f 11398 11413 11397
f 11414 11413 11398
f 11399 11414 11398
f 11415 11414 11399
f 11400 11415 11399
f 11416 11415 11400
f 11401 11416 11400
f 11417 11416 11401
f 11402 11417 11401
f 11418 11417 11402
f 11403 11418 11402
f 11419 11418 11403
f 11404 11419 11403
f 11420 11419 11404
f 11405 11420 11404
f 11421 11420 11405
f 11406 11421 11405
f 11422 11421 11406
f 11391 11422 11406
f 11407 11422 11391
f 11408 11423 11407
f 11424 11423 11408
f 11409 11424 11408
f 11425 11424 11409
f 11410 11425 11409
f 11426 11425 11410
f 11411 11426 11410
f 11427 11426 11411
f 11412 11427 11411
f 11428 11427 11412
f 11413 11428 11412
f 11429 11428 11413
f 11414 11429 11413
f 11430 11429 11414
f 11415 11430 11414
f 11431 11430 11415
f 11416 11431 11415
f 11432 11431 11416
f 11417 11432 11416
f 11433 11432 11417
f 11418 11433 11417
f 11434 11433 11418
f 11419 11434 11418
f 11435 11434 11419
f 11420 11435 11419
f 11436 11435 11420
f 11421 11436 11420
f 11437 11436 11421
f 11422 11437 11421
f 11438 11437 11422
f 11407 11438 11422
f 11423 11438 11407
f 11424 11439 11423
f 11425 11439 11424
f 11426 11439 11425
f 11427 11439 11426
f 11428 11439 11427
f 11429 11439 11428
f 11430 11439 11429
f 11431 11439 11430
f 11432 11439 11431
f 11433 11439 11432
f 11434 11439 11433
f 11435 11439 11434
f 11436 11439 11435
f 11437 11439 11436
f 11438 11439 11437
f 11423 11439 11438
f 11440 11442 11441
f 11440 11443 11442
f 11440 11444 11443
f 11440 11445 11444
f 11440 11446 11445
f 11440 11447 11446
f 11440 11448 11447
f 11440 11449 11448
f 11440 11450 11449
f 11440 11451 11450
f 11440 11452 11451
f 11440 11453 11452
f 11440 11454 11453
f 11440 11455 11454
f 11440 11456 11455
f 11440 11441 11456
f 11442 11457 11441
f 11458 11457 11442
f 11443 11458 11442
f 11459 11458 11443
f 11444 11459 11443
f 11460 11459 11444
f 11445 11460 11444
f 11461 11460 11445
f 11446 11461 11445
f 11462 11461 11446
f 11447 11462 11446
f 11463 11462 11447
f 11448 11463 11447
f 11464 11463 11448
f 11449 11464 11448
f 11465 11464 11449
f 11450 11465 11449
f 11466 11465 11450
f 11451 11466 11450
f 11467 11466 11451
f 11452 11467 11451
f 11468 11467 11452
f 11453 11468 11452
f 11469 11468 11453
f 11454 11469 11453
f 11470 11469 11454
f 11455 11470 11454
f 11471 11470 11455
f 11456 11471 11455
f 11472 11471 11456
f 11441 11472 11456
f 11457 11472 11441
f 11458 11473 11457
f 11474 11473 11458
f 11459 11474 11458
f 11475 11474 11459
f 11460 11475 11459
f 11476 11475 11460
f 11461 11476 11460
f 11477 11476 11461
f 11462 11477 11461
f 11478 11477 11462
f 11463 11478 11462
f 11479 11478 11463
f 11464 11479 11463
f 11480 11479 11464
f 11465 11480 11464
f 11481 11480 11465
f 11466 11481 11465
f 11482 11481 11466
f 11467 11482 11466
f 11483 11482 11467
f 11468 11483 11467
f 11484 11483 11468
f 11469 11484 11468
f 11485 11484 11469
f 11470 11485 11469
f 11486 11485 11470
f 11471 11486 11470
f 11487 11486 11471
f 11472 11487 11471
f 11488 11487 11472
f 11457 11488 11472
f 11473 11488 11457
f 11474 11489 11473
f 11490 11489 11474
f 11475 11490 11474
f 11491 11490 11475
f 11476 11491 11475
f 11492 11491 11476
f 11477 11492 11476
f 11493 11492 11477
f 11478 11493 11477
f 11494 11493 11478
f 11479 11494 11478
f 11495 11494 11479
f 11480 11495 11479
f 11496 11495 11480
f 11481 11496 11480
f 11497 11496 11481
f 11482 11497 11481
f 11498 11497 11482
f 11483 11498 11482
f 11499 11498 11483
f 11484 11499 11483
f 11500 11499 11484
f 11485 11500 11484
f 11501 11500 11485
f 11486 11501 11485
f 11502 11501 11486
f 11487 11502 11486
f 11503 11502 11487
f 11488 11503 11487
f 11504 11503 11488
f 11473 11504 11488
f 11489 11504 11473
f 11490 11505 11489
f 11506 11505 11490
f 11491 11506 11490
f 11507 11506 11491
f 11492 11507 11491
f 11508 11507 11492
f 11493 11508 11492
f 11509 11508 11493
f 11494 11509 11493
f 11510 11509 11494
f 11495 11510 11494
f 11511 11510 11495
f 11496 11511 11495
f 11512 11511 11496
f 11497 11512 11496
f 11513 11512 11497
f 11498 11513 11497
f 11514 11513 11498
f 11499 11514 11498
f 11515 11514 11499
f 11500 11515 11499
f 11516 11515 11500
f 11501 11516 11500
f 11517 11516 11501
f 11502 11517 11501
f 11518 11517 11502
f 11503 11518 11502
f 11519 11518 11503
f 11504 11519 11503
f 11520 11519 11504
f 11489 11520 11504
f 11505 11520 11489
f 11506 11521 11505
f 11522 11521 11506
f 11507 11522 11506
f 11523 11522 11507
f 11508 11523 11507
f 11524 11523 11508
f 11509 11524 11508
f 11525 11524 11509
f 11510 11525 11509
f 11526 11525 11510
f 11511 11526 11510
f 11527 11526 11511
f 11512 11527 11511
f 11528 11527 11512
f 11513 11528 11512
f 11529 11528 11513
f 11514 11529 11513
f 11530 11529 11514
f 11515 11530 11514
f 11531 11530 11515
f 11516 11531 11515
f 11532 11531 11516
f 11517 11532 11516
f 11533 11532 11517
f 11518 11533 11517
f 11534 11533 11518
f 11519 11534 11518
f 11535 11534 11519
f 11520 11535 11519
f 11536 11535 11520
f 11505 11536 11520
f 11521 11536 11505
f 11522 11537 11521
f 11538 11537 11522
f 11523 11538 11522
f 11539 11538 11523
f 11524 11539 11523
f 11540 11539 11524
f 11525 11540 11524
f 11541 11540 11525
f 11526 11541 11525
f 11542 11541 11526
f 11527 11542 11526
f 11543 11542 11527
f 11528 11543 11527
f 11544 11543 11528
f 11529 11544 11528
f 11545 11544 11529
f 11530 11545 11529
f 11546 11545 11530
f 11531 11546 11530
f 11547 11546 11531
f 11532 11547 11531
f 11548 11547 11532
f 11533 11548 11532
f 11549 11548 11533
f 11534 11549 11533
f 11550 11549 11534
f 11535 11550 11534
f 11551 11550 11535
f 11536 11551 11535
f 11552 11551 11536
f 11521 11552 11536
f 11537 11552 11521
f 11538 11553 11537
f 11554 11553 11538
f 11539 11554 11538
f 11555 11554 11539
f 11540 11555 11539
f 11556 11555 11540
f 11541 11556 11540
f 11557 11556 11541
f 11542 11557 11541
f 11558 11557 11542
f 11543 11558 11542
f 11559 11558 11543
f 11544 11559 11543
f 11560 11559 11544
f 11545 11560 11544
f 11561 11560 11545
f 11546 11561 11545
f 11562 11561 11546
f 11547 11562 11546
f 11563 11562 11547
f 11548 11563 11547
f 11564 11563 11548
f 11549 11564 11548
f 11565 11564 11549
f 11550 11565 11549
f 11566 11565 11550
f 11551 11566 11550
f 11567 11566 11551
f 11552 11567 11551
f 11568 11567 11552
f 11537 11568 11552
f 11553 11568 11537
f 11554 11569 11553
f 11570 11569 11554
f 11555 11570 11554
f 11571 11570 11555
f 11556 11571 11555
f 11572 11571 11556
f 11557 11572 11556
f 11573 11572 11557
f 11558 11573 11557
f 11574 11573 11558
f 11559 11574 11558
f 11575 11574 11559
f 11560 11575 11559
f 11576 11575 11560
f 11561 11576 11560
f 11577 11576 11561
f 11562 11577 11561
f 11578 11577 11562
f 11563 11578 11562
f 11579 11578 11563
f 11564 11579 11563
f 11580 11579 11564
f 11565 11580 11564
f 11581 11580 11565
f 11566 11581 11565
f 11582 11581 11566
f 11567 11582 11566
f 11583 11582 11567
f 11568 11583 11567
f 11584 11583 11568
f 11553 11584 11568
f 11569 11584 11553
f 11570 11585 11569
f 11571 11585 11570
f 11572 11585 11571
f 11573 11585 11572
f 11574 11585 11573
f 11575 11585 11574
f 11576 11585 11575
f 11577 11585 11576
f 11578 11585 11577
f 11579 11585 11578
f 11580 11585 11579
f 11581 11585 11580
f 11582 11585 11581
f 11583 11585 11582
f 11584 11585 11583
f 11569 11585 11584
f 11586 11588 11587
f 11586 11589 11588
f 11586 11590 11589
f 11586 11591 11590
f 11586 11592 11591
f 11586 11593 11592
f 11586 11594 11593
f 11586 11595 11594
f 11586 11596 11595
f 11586 11597 11596
f 11586 11598 11597
f 11586 11599 11598
f 11586 11600 11599
f 11586 11601 11600
f 11586 11602 11601
f 11586 11587 11602
f 11588 11603 11587
f 11604 11603 11588
f 11589 11604 11588
f 11605 11604 11589
f 11590 11605 11589
f 11606 11605 11590
f 11591 11606 11590
f 11607 11606 11591
f 11592 11607 11591
f 11608 11607 11592
f 11593 11608 11592
f 11609 11608 11593
f 11594 11609 11593
f 11610 11609 11594
f 11595 11610 11594
f 11611 11610 11595
f 11596 11611 11595
f 11612 11611 11596
f 11597 11612 11596
f 11613 11612 11597
f 11598 11613 11597
f 11614 11613 11598
f 11599 11614 11598
f 11615 11614 11599
f 11600 11615 11599
f 11616 11615 11600
f 11601 11616 11600
f 11617 11616 11601
f 11602 11617 11601
f 11618 11617 11602
f 11587 11618 11602
f 11603 11618 11587
f 11604 11619 11603
f 11620 11619 11604
f 11605 11620 11604
f 11621 11620 11605
f 11606 11621 11605
f 11622 11621 11606
f 11607 11622 11606
f 11623 11622 11607
f 11608 11623 11607
f 11624 11623 11608
f 11609 11624 11608
f 11625 11624 11609
f 11610 11625 11609
f 11626 11625 11610
f 11611 11626 11610
f 11627 11626 11611
f 11612 11627 11611
f 11628 11627 11612
f 11613 11628 11612
f 11629 11628 11613
f 11614 11629 11613
f 11630 11629 11614
f 11615 11630 11614
f 11631 11630 11615
f 11616 11631 11615
f 11632 11631 11616
f 11617 11632 11616
f 11633 11632 11617
f 11618 11633 11617
f 11634 11633 11618
f 11603 11634 11618
f 11619 11634 11603
f 11620 11635 11619
f 11636 11635 11620
f 11621 11636 11620
f 11637 11636 11621
f 11622 11637 11621
f 11638 11637 11622
f 11623 11638 11622
f 11639 11638 11623
f 11624 11639 11623
f 11640 11639 11624
f 11625 11640 11624
f 11641 11640 11625
f 11626 11641 11625
f 11642 11641 11626
f 11627 11642 11626
f 11643 11642 11627
f 11628 11643 11627
f 11644 11643 11628
f 11629 11644 11628
f 11645 11644 11629
f 11630 11645 11629
f 11646 11645 11630
f 11631 11646 11630
f 11647 11646 11631
f 11632 11647 11631
f 11648 11647 11632
f 11633 11648 11632
f 11649 11648 11633
f 11634 11649 11633
f 11650 11649 11634
f 11619 11650 11634
f 11635 11650 11619
f 11636 11651 11635
f 11652 11651 11636
f 11637 11652 11636
f 11653 11652 11637
f 11638 11653 11637
f 11654 11653 11638
f 11639 11654 11638
f 11655 11654 11639
f 11640 11655 11639
f 11656 11655 11640
f 11641 11656 11640
f 11657 11656 11641
f 11642 11657 11641
f 11658 11657 11642
f 11643 11658 11642
f 11659 11658 11643
f 11644 11659 11643
f 11660 11659 11644
f 11645 11660 11644
f 11661 11660 11645
f 11646 11661 11645
f 11662 11661 11646
f 11647 11662 11646
f 11663 11662 11647
f 11648 11663 11647
f 11664 11663 11648
f 11649 11664 11648
f 11665 11664 11649
f 11650 11665 11649
f 11666 11665 11650
f 11635 11666 11650
f 11651 11666 11635
f 11652 11667 11651
f 11668 11667 11652
f 11653 11668 11652
f 11669 11668 11653
f 11654 11669 11653
f 11670 11669 11654
f 11655 11670 11654
f 11671 11670 11655
f 11656 11671 11655
f 11672 11671 11656
f 11657 11672 11656
f 11673 11672 11657
f 11658 11673 11657
f 11674 11673 11658
f 11659 11674 11658
f 11675 11674 11659
f 11660 11675 11659
f 11676 11675 11660
f 11661 11676 11660
f 11677 11676 11661
f 11662 11677 11661
f 11678 11677 11662
f 11663 11678 11662
f 11679 11678 11663
f 11664 11679 11663
f 11680 11679 11664
f 11665 11680 11664
f 11681 11680 11665
f 11666 11681 11665
f 11682 11681 11666
f 11651 11682 11666
f 11667 11682 11651
f 11668 11683 11667
f 11684 11683 11668
f 11669 11684 11668
f 11685 11684 11669
f 11670 11685 11669
f 11686 11685 11670
f 11671 11686 11670
f 11687 11686 11671
f 11672 11687 11671
f 11688 11687 11672
f 11673 11688 11672
f 11689 11688 11673
f 11674 11689 11673
f 11690 11689 11674
f 11675 11690 11674
f 11691 11690 11675
f 11676 11691 11675
f 11692 11691 11676
f 11677 11692 11676
f 11693 11692 11677
f 11678 11693 11677
f 11694 11693 11678
f 11679 11694 11678
f 11695 11694 11679
f 11680 11695 11679
f 11696 11695 11680
f 11681 11696 11680
f 11697 11696 11681
f 11682 11697 11681
f 11698 11697 11682
f 11667 11698 11682
f 11683 11698 11667
f 11684 11699 11683
f 11700 11699 11684
f 11685 11700 11684
f 11701 11700 11685
f 11686 11701 11685
f 11702 11701 11686
f 11687 11702 11686
f 11703 11702 11687
f 11688 11703 11687
f 11704 11703 11688
f 11689 11704 11688
f 11705 11704 11689
f 11690 11705 11689
f 11706 11705 11690
f 11691 11706 11690
f 11707 11706 11691
f 11692 11707 11691
f 11708 11707 11692
f 11693 11708 11692
f 11709 11708 11693
f 11694 11709 11693
f 11710 11709 11694
f 11695 11710 11694
f 11711 11710 11695
f 11696 11711 11695
f 11712 11711 11696
f 11697 11712 11696
f 11713 11712 11697
f 11698 11713 11697
f 11714 11713 11698
f 11683 11714 11698
f 11699 11714 11683
f 11700 11715 11699
f 11716 11715 11700
f 11701 11716 11700
f 11717 11716 11701
f 11702 11717 11701
f 11718 11717 11702
f 11703 11718 11702
f 11719 11718 11703
f 11704 11719 11703
f 11720 11719 11704
f 11705 11720 11704
f 11721 11720 11705
f 11706 11721 11705
f 11722 11721 11706
f 11707 11722 11706
f 11723 11722 11707
f 11708 11723 11707
f 11724 11723 11708
f 11709 11724 11708
f 11725 11724 11709
f 11710 11725 11709
f 11726 11725 11710
f 11711 11726 11710
f 11727 11726 11711
f 11712 11727 11711
f 11728 11727 11712
f 11713 11728 11712
f 11729 11728 11713
f 11714 11729 11713
f 11730 11729 11714
f 11699 11730 11714
f 11715 11730 11699
f 11716 11731 11715
f 11717 11731 11716
f 11718 11731 11717
f 11719 11731 11718
f 11720 11731 11719
f 11721 11731 11720
f 11722 11731 11721
f 11723 11731 11722
f 11724 11731 11723
f 11725 11731 11724
f 11726 11731 11725
f 11727 11731 11726
f 11728 11731 11727
f 11729 11731 11728
f 11730 11731 11729
f 11715 11731 11730
f 11732 11734 11733
f 11732 11735 11734
f 11732 11736 11735
f 11732 11737 11736
f 11732 11738 11737
f 11732 11739 11738
f 11732 11740 11739
f 11732 11741 11740
f 11732 11742 11741
f 11732 11743 11742
f 11732 11744 11743
f 11732 11745 11744
f 11732 11746 11745
f 11732 11747 11746
f 11732 11748 11747
f 11732 11733 11748
f 11734 11749 11733
f 11750 11749 11734
f 11735 11750 11734
f 11751 11750 11735
f 11736 11751 11735
f 11752 11751 11736
f 11737 11752 11736
f 11753 11752 11737
f 11738 11753 11737
f 11754 11753 11738
f 11739 11754 11738
f 11755 11754 11739
f 11740 11755 11739
f 11756 11755 11740
f 11741 11756 11740
f 11757 11756 11741
f 11742 11757 11741
f 11758 11757 11742
f 11743 11758 11742
f 11759 11758 11743
f 11744 11759 11743
f 11760 11759 11744
f 11745 11760 11744
f 11761 11760 11745
f 11746 11761 11745
f 11762 11761 11746
f 11747 11762 11746
f 11763 11762 11747
f 11748 11763 11747
f 11764 11763 11748
f 11733 11764 11748
f 11749 11764 11733
f 11750 11765 11749
f 11766 11765 11750
f 11751 11766 11750
f 11767 11766 11751
f 11752 11767 11751
f 11768 11767 11752
f 11753 11768 11752
f 11769 11768 11753
f 11754 11769 11753
f 11770 11769 11754
f 11755 11770 11754
f 11771 11770 11755
f 11756 11771 11755
f 11772 11771 11756
f 11757 11772 11756
f 11773 11772 11757
f 11758 11773 11757
f 11774 11773 11758
f 11759 11774 11758
f 11775 11774 11759
f 11760 11775 11759
f 11776 11775 11760
f 11761 11776 11760
f 11777 11776 11761
f 11762 11777 11761
f 11778 11777 11762
f 11763 11778 11762
f 11779 11778 11763
f 11764 11779 11763
f 11780 11779 11764
f 11749 11780 11764
f 11765 11780 11749
f 11766 11781 11765
f 11782 11781 11766
f 11767 11782 11766
f 11783 11782 11767
f 11768 11783 11767
f 11784 11783 11768
f 11769 11784 11768
f 11785 11784 11769
f 11770 11785 11769
f 11786 11785 11770
f 11771 11786 11770
f 11787 11786 11771
f 11772 11787 11771
f 11788 11787 11772
f 11773 11788 11772
f 11789 11788 11773
f 11774 11789 11773
f 11790 11789 11774
f 11775 11790 11774
f 11791 11790 11775
f 11776 11791 11775
f 11792 11791 11776
f 11777 11792 11776
f 11793 11792 11777
f 11778 11793 11777
f 11794 11793 11778
f 11779 11794 11778
f 11795 11794 11779
f 11780 11795 11779
f 11796 11795 11780
f 11765 11796 11780
f 11781 11796 11765
f 11782 11797 11781
f 11798 11797 11782
f 11783 11798 11782
f 11799 11798 11783
f 11784 11799 11783
f 11800 11799 11784
f 11785 11800 11784
f 11801 11800 11785
f 11786 11801 11785
f 11802 11801 11786
f 11787 11802 11786
f 11803 11802 11787
f 11788 11803 11787
f 11804 11803 11788
f 11789 11804 11788
f 11805 11804 11789
f 11790 11805 11789
f 11806 11805 11790
f 11791 11806 11790
f 11807 11806 11791
f 11792 11807 11791
f 11808 11807 11792
f 11793 11808 11792
f 11809 11808 11793
f 11794 11809 11793
f 11810 11809 11794
f 11795 11810 11794
f 11811 11810 11795
f 11796 11811 11795
f 11812 11811 11796
f 11781 11812 11796
f 11797 11812 11781
f 11798 11813 11797
f 11814 11813 11798
f 11799 11814 11798
f 11815 11814 11799
f 11800 11815 11799
f 11816 11815 11800
f 11801 11816 11800
f 11817 11816 11801
f 11802 11817 11801
f 11818 11817 11802
f 11803 11818 11802
f 11819 11818 11803
f 11804 11819 11803
f 11820 11819 11804
f 11805 11820 11804
f 11821 11820 11805
f 11806 11821 11805
f 11822 11821 11806
f 11807 11822 11806
f 11823 11822 11807
f 11808 11823 11807
f 11824 11823 11808
f 11809 11824 11808
f 11825 11824 11809
f 11810 11825 11809
f 11826 11825 11810
f 11811 11826 11810
f 11827 11826 11811
f 11812 11827 11811
f 11828 11827 11812
f 11797 11828 11812
f 11813 11828 11797
f 11814 11829 11813
f 11830 11829 11814
f 11815 11830 11814
f 11831 11830 11815
f 11816 11831 11815
f 11832 11831 11816
f 11817 11832 11816
f 11833 11832 11817
f 11818 11833 11817
f 11834 11833 11818
f 11819 11834 11818
f 11835 11834 11819
f 11820 11835 11819
f 11836 11835 11820
f 11821 11836 11820
f 11837 11836 11821
f 11822 11837 11821
f 11838 11837 11822
f 11823 11838 11822
f 11839 11838 11823
f 11824 11839 11823
f 11840 11839 11824
f 11825 11840 11824
f 11841 11840 11825
f 11826 11841 11825
f 11842 11841 11826
f 11827 11842 11826
f 11843 11842 11827
f 11828 11843 11827
f 11844 11843 11828
f 11813 11844 11828
f 11829 11844 11813
f 11830 11845 11829
f 11846 11845 11830
f 11831 11846 11830
f 11847 11846 11831
f 11832 11847 11831
f 11848 11847 11832
f 11833 11848 11832
f 11849 11848 11833
f 11834 11849 11833
f 11850 11849 11834
f 11835 11850 11834
f 11851 11850 11835
f 11836 11851 11835
f 11852 11851 11836
f 11837 11852 11836
f 11853 11852 11837
f 11838 11853 11837
f 11854 11853 11838
f 11839 11854 11838
f 11855 11854 11839
f 11840 11855 11839
f 11856 11855 11840
f 11841 11856 11840
f 11857 11856 11841
f 11842 11857 11841
f 11858 11857 11842
f 11843 11858 11842
f 11859 11858 11843
f 11844 11859 11843
f 11860 11859 11844
f 11829 11860 11844
f 11845 11860 11829
f 11846 11861 11845
f 11862 11861 11846
f 11847 11862 11846
f 11863 11862 11847
f 11848 11863 11847
f 11864 11863 11848
f 11849 11864 11848
f 11865 11864 11849
f 11850 11865 11849
f 11866 11865 11850
f 11851 11866 11850
f 11867 11866 11851
f 11852 11867 11851
f 11868 11867 11852
f 11853 11868 11852
f 11869 11868 11853
f 11854 11869 11853
f 11870 11869 11854
f 11855 11870 11854
f 11871 11870 11855
f 11856 11871 11855
f 11872 11871 11856
f 11857 11872 11856
f 11873 11872 11857
f 11858 11873 11857
f 11874 11873 11858
f 11859 11874 11858
f 11875 11874 11859
f 11860 11875 11859
f 11876 11875 11860
f 11845 11876 11860
f 11861 11876 11845
f 11862 11877 11861
f 11863 11877 11862
f 11864 11877 11863
f 11865 11877 11864
f 11866 11877 11865
f 11867 11877 11866
f 11868 11877 11867
f 11869 11877 11868
f 11870 11877 11869
f 11871 11877 11870
f 11872 11877 11871
f 11873 11877 11872
f 11874 11877 11873
f 11875 11877 11874
f 11876 11877 11875
f 11861 11877 11876
f 11878 11880 11879
f 11878 11881 11880
f 11878 11882 11881
f 11878 11883 11882
f 11878 11884 11883
f 11878 11885 11884
f 11878 11886 11885
f 11878 11887 11886
f 11878 11888 11887
f 11878 11889 11888
f 11878 11890 11889
f 11878 11891 11890
f 11878 11892 11891
f 11878 11893 11892
f 11878 11894 11893
f 11878 11879 11894
f 11880 11895 11879
f 11896 11895 11880
f 11881 11896 11880
f 11897 11896 11881
f 11882 11897 11881
f 11898 11897 11882
f 11883 11898 11882
f 11899 11898 11883
f 11884 11899 11883
f 11900 11899 11884
f 11885 11900 11884
f 11901 11900 11885
f 11886 11901 11885
f 11902 11901 11886
f 11887 11902 11886
f 11903 11902 11887
f 11888 11903 11887
f 11904 11903 11888
f 11889 11904 11888
f 11905 11904 11889
f 11890 11905 11889
f 11906 11905 11890
f 11891 11906 11890
f 11907 11906 11891
f 11892 11907 11891
f 11908 11907 11892
f 11893 11908 11892
f 11909 11908 11893
f 11894 11909 11893
f 11910 11909 11894
f 11879 11910 11894
f 11895 11910 11879
f 11896 11911 11895
f 11912 11911 11896
f 11897 11912 11896
f 11913 11912 11897
f 11898 11913 11897
f 11914 11913 11898
f 11899 11914 11898
f 11915 11914 11899
f 11900 11915 11899
f 11916 11915 11900
f 11901 11916 11900
f 11917 11916 11901
f 11902 11917 11901
f 11918 11917 11902
f 11903 11918 11902
f 11919 11918 11903
f 11904 11919 11903
f 11920 11919 11904
f 11905 11920 11904
f 11921 11920 11905
f 11906 11921 11905
f 11922 11921 11906
f 11907 11922 11906
f 11923 11922 11907
f 11908 11923 11907
f 11924 11923 11908
f 11909 11924 11908
f 11925 11924 11909
f 11910 11925 11909
f 11926 11925 11910
f 11895 11926 11910
f 11911 11926 11895
f 11912 11927 11911
f 11928 11927 11912
f 11913 11928 11912
f 11929 11928 11913
f 11914 11929 11913
f 11930 11929 11914
f 11915 11930 11914
f 11931 11930 11915
f 11916 11931 11915
f 11932 11931 11916
f 11917 11932 11916
f 11933 11932 11917
f 11918 11933 11917
f 11934 11933 11918
f 11919 11934 11918
f 11935 11934 11919
f 11920 11935 11919
f 11936 11935 11920
f 11921 11936 11920
f 11937 11936 11921
f 11922 11937 11921
f 11938 11937 11922
f 11923 11938 11922
f 11939 11938 11923
f 11924 11939 11923
f 11940 11939 11924
f 11925 11940 11924
f 11941 11940 11925
f 11926 11941 11925
f 11942 11941 11926
f 11911 11942 11926
f 11927 11942 11911
f 11928 11943 11927
f 11944 11943 11928
f 11929 11944 11928
f 11945 11944 11929
f 11930 11945 11929
f 11946 11945 11930
f 11931 11946 11930
f 11947 11946 11931
f 11932 11947 11931
f 11948 11947 11932
f 11933 11948 11932
f 11949 11948 11933
f 11934 11949 11933
f 11950 11949 11934
f 11935 11950 11934
f 11951 11950 11935
f 11936 11951 11935
f 11952 11951 11936
f 11937 11952 11936
f 11953 11952 11937
f 11938 11953 11937
f 11954 11953 11938
f 11939 11954 11938
f 11955 11954 11939
f 11940 11955 11939
f 11956 11955 11940
f 11941 11956 11940
f 11957 11956 11941
f 11942 11957 11941
f 11958 11957 11942
f 11927 11958 11942
f 11943 11958 11927
f 11944 11959 11943
f 11960 11959 11944
f 11945 11960 11944
f 11961 11960 11945
f 11946 11961 11945
f 11962 11961 11946
f 11947 11962 11946
f 11963 11962 11947
f 11948 11963 11947
f 11964 11963 11948
f 11949 11964 11948
f 11965 11964 11949
f 11950 11965 11949
f 11966 11965 11950
f 11951 11966 11950
f 11967 11966 11951
f 11952 11967 11951
f 11968 11967 11952
f 11953 11968 11952
f 11969 11968 11953
f 11954 11969 11953
f 11970 11969 11954
f 11955 11970 11954
f 11971 11970 11955
f 11956 11971 11955
f 11972 11971 11956
f 11957 11972 11956
f 11973 11972 11957
f 11958 11973 11957
f 11974 11973 11958
f 11943 11974 11958
f 11959 11974 11943
f 11960 11975 11959
f 11976 11975 11960
f 11961 11976 11960
f 11977 11976 11961
f 11962 11977 11961
f 11978 11977 11962
f 11963 11978 11962
f 11979 11978 11963
f 11964 11979 11963
f 11980 11979 11964
f 11965 11980 11964
f 11981 11980 11965
f 11966 11981 11965
f 11982 11981 11966
f 11967 11982 11966
f 11983 11982 11967
f 11968 11983 11967
f 11984 11983 11968
f 11969 11984 11968
f 11985 11984 11969
f 11970 11985 11969
f 11986 11985 11970
f 11971 11986 11970
f 11987 11986 11971
f 11972 11987 11971
f 11988 11987 11972
f 11973 11988 11972
f 11989 11988 11973
f 11974 11989 11973
f 11990 11989 11974
f 11959 11990 11974
f 11975 11990 11959
f 11976 11991 11975
f 11992 11991 11976
f 11977 11992 11976
f 11993 11992 11977
f 11978 11993 11977
f 11994 11993 11978
f 11979 11994 11978
f 11995 11994 11979
f 11980 11995 11979
f 11996 11995 11980
f 11981 11996 11980
f 11997 11996 11981
f 11982 11997 11981
f 11998 11997 11982
f 11983 11998 11982
f 11999 11998 11983
f 11984 11999 11983
f 12000 11999 11984
f 11985 12000 11984
f 12001 12000 11985
f 11986 12001 11985
f 12002 12001 11986
f 11987 12002 11986
f 12003 12002 11987
f 11988 12003 11987
f 12004 12003 11988
f 11989 12004 11988
f 12005 12004 11989
f 11990 12005 11989
f 12006 12005 11990
f 11975 12006 11990
f 11991 12006 11975
f 11992 12007 11991
f 12008 12007 11992
f 11993 12008 11992
f 12009 12008 11993
f 11994 12009 11993
f 12010 12009 11994
f 11995 12010 11994
f 12011 12010 11995
f 11996 12011 11995
f 12012 12011 11996
f 11997 12012 11996
f 12013 12012 11997
f 11998 12013 11997
f 12014 12013 11998
f 11999 12014 11998
f 12015 12014 11999
f 12000 12015 11999
f 12016 12015 12000
f 12001 12016 12000
f 12017 12016 12001
f 12002 12017 12001
f 12018 12017 12002
f 12003 12018 12002
f 12019 12018 12003
f 12004 12019 12003
f 12020 12019 12004
f 12005 12020 12004
f 12021 12020 12005
f 12006 12021 12005
f 12022 12021 12006
f 11991 12022 12006
f 12007 12022 11991
f 12008 12023 12007
f 12009 12023 12008
f 12010 12023 12009
f 12011 12023 12010
f 12012 12023 12011
f 12013 12023 12012
f 12014 12023 12013
f 12015 12023 12014
f 12016 12023 12015
f 12017 12023 12016
f 12018 12023 12017
f 12019 12023 12018
f 12020 12023 12019
f 12021 12023 12020
f 12022 12023 12021
f 12007 12023 12022
f 12024 12026 12025
f 12024 12027 12026
f 12024 12028 12027
f 12024 12029 12028
f 12024 12030 12029
f 12024 12031 12030
f 12024 12032 12031
f 12024 12033 12032
f 12024 12034 12033
f 12024 12035 12034
f 12024 12036 12035
f 12024 12037 12036
f 12024 12038 12037
f 12024 12039 12038
f 12024 12040 12039
f 12024 12041 12040
f 12024 12042 12041
f 12024 12043 12042
f 12024 12044 12043
f 12024 12025 12044
f 12026 12045 12025
f 12046 12045 12026
f 12027 12046 12026
f 12047 12046 12027
f 12028 12047 12027
f 12048 12047 12028
f 12029 12048 12028
f 12049 12048 12029
f 12030 12049 12029
f 12050 12049 12030
f 12031 12050 12030
f 12051 12050 12031
f 12032 12051 12031
f 12052 12051 12032
f 12033 12052 12032
f 12053 12052 12033
f 12034 12053 12033
f 12054 12053 12034
f 12035 12054 12034
f 12055 12054 12035
f 12036 12055 12035
f 12056 12055 12036
f 12037 12056 12036
f 12057 12056 12037
f 12038 12057 12037
f 12058 12057 12038
f 12039 12058 12038
f 12059 12058 12039
f 12040 12059 12039
f 12060 12059 12040
f 12041 12060 12040
f 12061 12060 12041
f 12042 12061 12041
f 12062 12061 12042
f 12043 12062 12042
f 12063 12062 12043
f 12044 12063 12043
f 12064 12063 12044
f 12025 12064 12044
f 12045 12064 12025
f 12046 12065 12045
f 12066 12065 12046
f 12047 12066 12046
f 12067 12066 12047
f 12048 12067 12047
f 12068 12067 12048
f 12049 12068 12048
f 12069 12068 12049
f 12050 12069 12049
f 12070 12069 12050
f 12051 12070 12050
f 12071 12070 12051
f 12052 12071 12051
f 12072 12071 12052
f 12053 12072 12052
f 12073 12072 12053
f 12054 12073 12053
f 12074 12073 12054
f 12055 12074 12054
f 12075 12074 12055
f 12056 12075 12055
f 12076 12075 12056
f 12057 12076 12056
f 12077 12076 12057
f 12058 12077 12057
f 12078 12077 12058
f 12059 12078 12058
f 12079 12078 12059
f 12060 12079 12059
f 12080 12079 12060
f 12061 12080 12060
f 12081 12080 12061
f 12062 12081 12061
f 12082 12081 12062
f 12063 12082 12062
f 12083 12082 12063
f 12064 12083 12063
f 12084 12083 12064
f 12045 12084 12064
f 12065 12084 12045
f 12066 12085 12065
f 12086 12085 12066
f 12067 12086 12066
f 12087 12086 12067
f 12068 12087 12067
f 12088 12087 12068
f 12069 12088 12068
f 12089 12088 12069
f 12070 12089 12069
f 12090 12089 12070
f 12071 12090 12070
f 12091 12090 12071
f 12072 12091 12071
f 12092 12091 12072
f 12073 12092 12072
f 12093 12092 12073
f 12074 12093 12073
f 12094 12093 12074
f 12075 12094 12074
f 12095 12094 12075
f 12076 12095 12075
f 12096 12095 12076
f 12077 12096 12076
f 12097 12096 12077
f 12078 12097 12077
f 12098 12097 12078
f 12079 12098 12078
f 12099 12098 12079
f 12080 12099 12079
f 12100 12099 12080
f 12081 12100 12080
f 12101 12100 12081
f 12082 12101 12081
f 12102 12101 12082
f 12083 12102 12082
f 12103 12102 12083
f 12084 12103 12083
f 12104 12103 12084
f 12065 12104 12084
f 12085 12104 12065
f 12086 12105 12085
f 12106 12105 12086
f 12087 12106 12086
f 12107 12106 12087
f 12088 12107 12087
f 12108 12107 12088
f 12089 12108 12088
f 12109 12108 12089
f 12090 12109 12089
f 12110 12109 12090
f 12091 12110 12090
f 12111 12110 12091
f 12092 12111 12091
f 12112 12111 12092
f 12093 12112 12092
f 12113 12112 12093
f 12094 12113 12093
f 12114 12113 12094
f 12095 12114 12094
f 12115 12114 12095
f 12096 12115 12095
f 12116 12115 12096
f 12097 12116 12096
f 12117 12116 12097
f 12098 12117 12097
f 12118 12117 12098
f 12099 12118 12098
f 12119 12118 12099
f 12100 12119 12099
f 12120 12119 12100
f 12101 12120 12100
f 12121 12120 12101
f 12102 12121 12101
f 12122 12121 12102
f 12103 12122 12102
f 12123 12122 12103
f 12104 12123 12103
f 12124 12123 12104
f 12085 12124 12104
f 12105 12124 12085
f 12106 12125 12105
f 12126 12125 12106
f 12107 12126 12106
f 12127 12126 12107
f 12108 12127 12107
f 12128 12127 12108
f 12109 12128 12108
f 12129 12128 12109
f 12110 12129 12109
f 12130 12129 12110
f 12111 12130 12110
f 12131 12130 12111
f 12112 12131 12111
f 12132 12131 12112
f 12113 12132 12112
f 12133 12132 12113
f 12114 12133 12113
f 12134 12133 12114
f 12115 12134 12114
f 12135 12134 12115
f 12116 12135 12115
f 12136 12135 12116
f 12117 12136 12116
f 12137 12136 12117
f 12118 12137 12117
f 12138 12137 12118
f 12119 12138 12118
f 12139 12138 12119
f 12120 12139 12119
f 12140 12139 12120
f 12121 12140 12120
f 12141 12140 12121
f 12122 12141 12121
f 12142 12141 12122
f 12123 12142 12122
f 12143 12142 12123
f 12124 12143 12123
f 12144 12143 12124
f 12105 12144 12124
f 12125 12144 12105
f 12126 12145 12125
f 12146 12145 12126
f 12127 12146 12126
f 12147 12146 12127
f 12128 12147 12127
f 12148 12147 12128
f 12129 12148 12128
f 12149 12148 12129
f 12130 12149 12129
f 12150 12149 12130
f 12131 12150 12130
f 12151 12150 12131
f 12132 12151 12131
f 12152 12151 12132
f 12133 12152 12132
f 12153 12152 12133
f 12134 12153 12133
f 12154 12153 12134
f 12135 12154 12134
f 12155 12154 12135
f 12136 12155 12135
f 12156 12155 12136
f 12137 12156 12136
f 12157 12156 12137
f 12138 12157 12137
f 12158 12157 12138
f 12139 12158 12138
f 12159 12158 12139
f 12140 12159 12139
f 12160 12159 12140
f 12141 12160 12140
f 12161 12160 12141
f 12142 12161 12141
f 12162 12161 12142
f 12143 12162 12142
f 12163 12162 12143
f 12144 12163 12143
f 12164 12163 12144
f 12125 12164 12144
f 12145 12164 12125
f 12146 12165 12145
f 12166 12165 12146
f 12147 12166 12146
f 12167 12166 12147
f 12148 12167 12147
f 12168 12167 12148
f 12149 12168 12148
f 12169 12168 12149
f 12150 12169 12149
f 12170 12169 12150
f 12151 12170 12150
f 12171 12170 12151
f 12152 12171 12151
f 12172 12171 12152
f 12153 12172 12152
f 12173 12172 12153
f 12154 12173 12153
f 12174 12173 12154
f 12155 12174 12154
f 12175 12174 12155
f 12156 12175 12155
f 12176 12175 12156
f 12157 12176 12156
f 12177 12176 12157
f 12158 12177 12157
f 12178 12177 12158
f 12159 12178 12158
f 12179 12178 12159
f 12160 12179 12159
f 12180 12179 12160
f 12161 12180 12160
f 12181 12180 12161
f 12162 12181 12161
f 12182 12181 12162
f 12163 12182 12162
f 12183 12182 12163
f 12164 12183 12163
f 12184 12183 12164
f 12145 12184 12164
f 12165 12184 12145
f 12166 12185 12165
f 12186 12185 12166
f 12167 12186 12166
f 12187 12186 12167
f 12168 12187 12167
f 12188 12187 12168
f 12169 12188 12168
f 12189 12188 12169
f 12170 12189 12169
f 12190 12189 12170
f 12171 12190 12170
f 12191 12190 12171
f 12172 12191 12171
f 12192 12191 12172
f 12173 12192 12172
f 12193 12192 12173
f 12174 12193 12173
f 12194 12193 12174
f 12175 12194 12174
f 12195 12194 12175
f 12176 12195 12175
f 12196 12195 12176
f 12177 12196 12176
f 12197 12196 12177
f 12178 12197 12177
f 12198 12197 12178
f 12179 12198 12178
f 12199 12198 12179
f 12180 12199 12179
f 12200 12199 12180
f 12181 12200 12180
f 12201 12200 12181
f 12182 12201 12181
f 12202 12201 12182
f 12183 12202 12182
f 12203 12202 12183
f 12184 12203 12183
f 12204 12203 12184
f 12165 12204 12184
f 12185 12204 12165
f 12186 12205 12185
f 12206 12205 12186
f 12187 12206 12186
f 12207 12206 12187
f 12188 12207 12187
f 12208 12207 12188
f 12189 12208 12188
f 12209 12208 12189
f 12190 12209 12189
f 12210 12209 12190
f 12191 12210 12190
f 12211 12210 12191
f 12192 12211 12191
f 12212 12211 12192
f 12193 12212 12192
f 12213 12212 12193
f 12194 12213 12193
f 12214 12213 12194
f 12195 12214 12194
f 12215 12214 12195
f 12196 12215 12195
f 12216 12215 12196
f 12197 12216 12196
f 12217 12216 12197
f 12198 12217 12197
f 12218 12217 12198
f 12199 12218 12198
f 12219 12218 12199
f 12200 12219 12199
f 12220 12219 12200
f 12201 12220 12200
f 12221 12220 12201
f 12202 12221 12201
f 12222 12221 12202
f 12203 12222 12202
f 12223 12222 12203
f 12204 12223 12203
f 12224 12223 12204
f 12185 12224 12204
f 12205 12224 12185
f 12206 12225 12205
f 12226 12225 12206
f 12207 12226 12206
f 12227 12226 12207
f 12208 12227 12207
f 12228 12227 12208
f 12209 12228 12208
f 12229 12228 12209
f 12210 12229 12209
f 12230 12229 12210
f 12211 12230 12210
f 12231 12230 12211
f 12212 12231 12211
f 12232 12231 12212
f 12213 12232 12212
f 12233 12232 12213
f 12214 12233 12213
f 12234 12233 12214
f 12215 12234 12214
f 12235 12234 12215
f 12216 12235 12215
f 12236 12235 12216
f 12217 12236 12216
f 12237 12236 12217
f 12218 12237 12217
f 12238 12237 12218
f 12219 12238 12218
f 12239 12238 12219
f 12220 12239 12219
f 12240 12239 12220
f 12221 12240 12220
f 12241 12240 12221
f 12222 12241 12221
f 12242 12241 12222
f 12223 12242 12222
f 12243 12242 12223
f 12224 12243 12223
f 12244 12243 12224
f 12205 12244 12224
f 12225 12244 12205
f 12226 12245 12225
f 12246 12245 12226
f 12227 12246 12226
f 12247 12246 12227
f 12228 12247 12227
f 12248 12247 12228
f 12229 12248 12228
f 12249 12248 12229
f 12230 12249 12229
f 12250 12249 12230
f 12231 12250 12230
f 12251 12250 12231
f 12232 12251 12231
f 12252 12251 12232
f 12233 12252 12232
f 12253 12252 12233
f 12234 12253 12233
f 12254 12253 12234
f 12235 12254 12234
f 12255 12254 12235
f 12236 12255 12235
f 12256 12255 12236
f 12237 12256 12236
f 12257 12256 12237
f 12238 12257 12237
f 12258 12257 12238
f 12239 12258 12238
f 12259 12258 12239
f 12240 12259 12239
f 12260 12259 12240
f 12241 12260 12240
f 12261 12260 12241
f 12242 12261 12241
f 12262 12261 12242
f 12243 12262 12242
f 12263 12262 12243
f 12244 12263 12243
f 12264 12263 12244
f 12225 12264 12244
f 12245 12264 12225
f 12246 12265 12245
f 12266 12265 12246
f 12247 12266 12246
f 12267 12266 12247
f 12248 12267 12247
f 12268 12267 12248
f 12249 12268 12248
f 12269 12268 12249
f 12250 12269 12249
f 12270 12269 12250
f 12251 12270 12250
f 12271 12270 12251
f 12252 12271 12251
f 12272 12271 12252
f 12253 12272 12252
f 12273 12272 12253
f 12254 12273 12253
f 12274 12273 12254
f 12255 12274 12254
f 12275 12274 12255
f 12256 12275 12255
f 12276 12275 12256
f 12257 12276 12256
f 12277 12276 12257
f 12258 12277 12257
f 12278 12277 12258
f 12259 12278 12258
f 12279 12278 12259
f 12260 12279 12259
f 12280 12279 12260
f 12261 12280 12260
f 12281 12280 12261
f 12262 12281 12261
f 12282 12281 12262
f 12263 12282 12262
f 12283 12282 12263
f 12264 12283 12263
f 12284 12283 12264
f 12245 12284 12264
f 12265 12284 12245
f 12266 12285 12265
f 12267 12285 12266
f 12268 12285 12267
f 12269 12285 12268
f 12270 12285 12269
f 12271 12285 12270
f 12272 12285 12271
f 12273 12285 12272
f 12274 12285 12273
f 12275 12285 12274
f 12276 12285 12275
f 12277 12285 12276
f 12278 12285 12277
f 12279 12285 12278
f 12280 12285 12279
f 12281 12285 12280
f 12282 12285 12281
f 12283 12285 12282
f 12284 12285 12283
f 12265 12285 12284
v -0.045000 1.689000 0.114000
v -0.041910 1.688706 0.114000
v -0.042145 1.688706 0.114473
v -0.042815 1.688706 0.114874
v -0.043817 1.688706 0.115142
v -0.045000 1.688706 0.115236
v -0.046183 1.688706 0.115142
v -0.047185 1.688706 0.114874
v -0.047855 1.688706 0.114473
v -0.048090 1.688706 0.114000
v -0.047855 1.688706 0.113527
v -0.047185 1.688706 0.113126
v -0.046183 1.688706 0.112858
v -0.045000 1.688706 0.112764
v -0.043817 1.688706 0.112858
v -0.042815 1.688706 0.113126
v -0.042145 1.688706 0.113527
v -0.039122 1.687854 0.114000
v -0.039570 1.687854 0.114900
v -0.040844 1.687854 0.115663
v -0.042751 1.687854 0.116172
v -0.045000 1.687854 0.116351
v -0.047249 1.687854 0.116172
v -0.049156 1.687854 0.115663
v -0.050430 1.687854 0.114900
v -0.050878 1.687854 0.114000
v -0.050430 1.687854 0.113100
v -0.049156 1.687854 0.112337
v -0.047249 1.687854 0.111828
v -0.045000 1.687854 0.111649
v -0.042751 1.687854 0.111828
v -0.040844 1.687854 0.112337
v -0.039570 1.687854 0.113100
v -0.036910 1.686527 0.114000
v -0.037526 1.686527 0.115238
v -0.039279 1.686527 0.116288
v -0.041904 1.686527 0.116990
v -0.045000 1.686527 0.117236
v -0.048096 1.686527 0.116990
v -0.050721 1.686527 0.116288
v -0.052474 1.686527 0.115238
v -0.053090 1.686527 0.114000
v -0.052474 1.686527 0.112762
v -0.050721 1.686527 0.111712
v -0.048096 1.686527 0.111010
v -0.045000 1.686527 0.110764
v -0.041904 1.686527 0.111010
v -0.039279 1.686527 0.111712
v -0.037526 1.686527 0.112762
v -0.035489 1.684854 0.114000
v -0.036213 1.684854 0.115456
v -0.038275 1.684854 0.116690
v -0.041360 1.684854 0.117515
v -0.045000 1.684854 0.117804
v -0.048640 1.684854 0.117515
v -0.051725 1.684854 0.116690
v -0.053787 1.684854 0.115456
v -0.054511 1.684854 0.114000
v -0.053787 1.684854 0.112544
v -0.051725 1.684854 0.111310
v -0.048640 1.684854 0.110485
v -0.045000 1.684854 0.110196
v -0.041360 1.684854 0.110485
v -0.038275 1.684854 0.111310
v -0.036213 1.684854 0.112544
v -0.035000 1.683000 0.114000
v -0.035761 1.683000 0.115531
v -0.037929 1.683000 0.116828
v -0.041173 1.683000 0.117696
v -0.045000 1.683000 0.118000
v -0.048827 1.683000 0.117696
v -0.052071 1.683000 0.116828
v -0.054239 1.683000 0.115531
v -0.055000 1.683000 0.114000
v -0.054239 1.683000 0.112469
v -0.052071 1.683000 0.111172
v -0.048827 1.683000 0.110304
v -0.045000 1.683000 0.110000
v -0.041173 1.683000 0.110304
v -0.037929 1.683000 0.111172
v -0.035761 1.683000 0.112469
v -0.035489 1.681146 0.114000
v -0.036213 1.681146 0.115456
v -0.038275 1.681146 0.116690
v -0.041360 1.681146 0.117515
v -0.045000 1.681146 0.117804
v -0.048640 1.681146 0.117515
v -0.051725 1.681146 0.116690
v -0.053787 1.681146 0.115456
v -0.054511 1.681146 0.114000
v -0.053787 1.681146 0.112544
v -0.051725 1.681146 0.111310
v -0.048640 1.681146 0.110485
v -0.045000 1.681146 0.110196
v -0.041360 1.681146 0.110485
v -0.038275 1.681146 0.111310
v -0.036213 1.681146 0.112544
v -0.036910 1.679473 0.114000
v -0.037526 1.679473 0.115238
v -0.039279 1.679473 0.116288
v -0.041904 1.679473 0.116990
v -0.045000 1.679473 0.117236
v -0.048096 1.679473 0.116990
v -0.050721 1.679473 0.116288
v -0.052474 1.679473 0.115238
v -0.053090 1.679473 0.114000
v -0.052474 1.679473 0.112762
v -0.050721 1.679473 0.111712
v -0.048096 1.679473 0.111010
v -0.045000 1.679473 0.110764
v -0.041904 1.679473 0.111010
v -0.039279 1.679473 0.111712
v -0.037526 1.679473 0.112762
v -0.039122 1.678146 0.114000
v -0.039570 1.678146 0.114900
v -0.040844 1.678146 0.115663
v -0.042751 1.678146 0.116172
v -0.045000 1.678146 0.116351
v -0.047249 1.678146 0.116172
v -0.049156 1.678146 0.115663
v -0.050430 1.678146 0.114900
v -0.050878 1.678146 0.114000
v -0.050430 1.678146 0.113100
v -0.049156 1.678146 0.112337
v -0.047249 1.678146 0.111828
v -0.045000 1.678146 0.111649
v -0.042751 1.678146 0.111828
v -0.040844 1.678146 0.112337
v -0.039570 1.678146 0.113100
v -0.041910 1.677294 0.114000
v -0.042145 1.677294 0.114473
v -0.042815 1.677294 0.114874
v -0.043817 1.677294 0.115142
v -0.045000 1.677294 0.115236
v -0.046183 1.677294 0.115142
v -0.047185 1.677294 0.114874
v -0.047855 1.677294 0.114473
v -0.048090 1.677294 0.114000
v -0.047855 1.677294 0.113527
v -0.047185 1.677294 0.113126
v -0.046183 1.677294 0.112858
v -0.045000 1.677294 0.112764
v -0.043817 1.677294 0.112858
v -0.042815 1.677294 0.113126
v -0.042145 1.677294 0.113527
v -0.045000 1.677000 0.114000
v 0.045000 1.689000 0.114000
v 0.048090 1.688706 0.114000
v 0.047855 1.688706 0.114473
v 0.047185 1.688706 0.114874
v 0.046183 1.688706 0.115142
v 0.045000 1.688706 0.115236
v 0.043817 1.688706 0.115142
v 0.042815 1.688706 0.114874
v 0.042145 1.688706 0.114473
v 0.041910 1.688706 0.114000
v 0.042145 1.688706 0.113527
v 0.042815 1.688706 0.113126
v 0.043817 1.688706 0.112858
v 0.045000 1.688706 0.112764
v 0.046183 1.688706 0.112858
v 0.047185 1.688706 0.113126
v 0.047855 1.688706 0.113527
v 0.050878 1.687854 0.114000
v 0.050430 1.687854 0.114900
v 0.049156 1.687854 0.115663
v 0.047249 1.687854 0.116172
v 0.045000 1.687854 0.116351
v 0.042751 1.687854 0.116172
v 0.040844 1.687854 0.115663
v 0.039570 1.687854 0.114900
v 0.039122 1.687854 0.114000
v 0.039570 1.687854 0.113100
v 0.040844 1.687854 0.112337
v 0.042751 1.687854 0.111828
v 0.045000 1.687854 0.111649
v 0.047249 1.687854 0.111828
v 0.049156 1.687854 0.112337
v 0.050430 1.687854 0.113100
v 0.053090 1.686527 0.114000
v 0.052474 1.686527 0.115238
v 0.050721 1.686527 0.116288
v 0.048096 1.686527 0.116990
v 0.045000 1.686527 0.117236
v 0.041904 1.686527 0.116990
v 0.039279 1.686527 0.116288
v 0.037526 1.686527 0.115238
v 0.036910 1.686527 0.114000
v 0.037526 1.686527 0.112762
v 0.039279 1.686527 0.111712
v 0.041904 1.686527 0.111010
v 0.045000 1.686527 0.110764
v 0.048096 1.686527 0.111010
v 0.050721 1.686527 0.111712
v 0.052474 1.686527 0.112762
v 0.054511 1.684854 0.114000
v 0.053787 1.684854 0.115456
v 0.051725 1.684854 0.116690
v 0.048640 1.684854 0.117515
v 0.045000 1.684854 0.117804
v 0.041360 1.684854 0.117515
v 0.038275 1.684854 0.116690
v 0.036213 1.684854 0.115456
v 0.035489 1.684854 0.114000
v 0.036213 1.684854 0.112544
v 0.038275 1.684854 0.111310
v 0.041360 1.684854 0.110485
v 0.045000 1.684854 0.110196
v 0.048640 1.684854 0.110485
v 0.051725 1.684854 0.111310
v 0.053787 1.684854 0.112544
v 0.055000 1.683000 0.114000
v 0.054239 1.683000 0.115531
v 0.052071 1.683000 0.116828
v 0.048827 1.683000 0.117696
v 0.045000 1.683000 0.118000
v 0.041173 1.683000 0.117696
v 0.037929 1.683000 0.116828
v 0.035761 1.683000 0.115531
v 0.035000 1.683000 0.114000
v 0.035761 1.683000 0.112469
v 0.037929 1.683000 0.111172
v 0.041173 1.683000 0.110304
v 0.045000 1.683000 0.110000
v 0.048827 1.683000 0.110304
v 0.052071 1.683000 0.111172
v 0.054239 1.683000 0.112469
v 0.054511 1.681146 0.114000
v 0.053787 1.681146 0.115456
v 0.051725 1.681146 0.116690
v 0.048640 1.681146 0.117515
v 0.045000 1.681146 0.117804
v 0.041360 1.681146 0.117515
v 0.038275 1.681146 0.116690
v 0.036213 1.681146 0.115456
v 0.035489 1.681146 0.114000
v 0.036213 1.681146 0.112544
v 0.038275 1.681146 0.111310
v 0.041360 1.681146 0.110485
v 0.045000 1.681146 0.110196
v 0.048640 1.681146 0.110485
v 0.051725 1.681146 0.111310
v 0.053787 1.681146 0.112544
v 0.053090 1.679473 0.114000
v 0.052474 1.679473 0.115238
v 0.050721 1.679473 0.116288
v 0.048096 1.679473 0.116990
v 0.045000 1.679473 0.117236
v 0.041904 1.679473 0.116990
v 0.039279 1.679473 0.116288
v 0.037526 1.679473 0.115238
v 0.036910 1.679473 0.114000
v 0.037526 1.679473 0.112762
v 0.039279 1.679473 0.111712
v 0.041904 1.679473 0.111010
v 0.045000 1.679473 0.110764
v 0.048096 1.679473 0.111010
v 0.050721 1.679473 0.111712
v 0.052474 1.679473 0.112762
v 0.050878 1.678146 0.114000
v 0.050430 1.678146 0.114900
v 0.049156 1.678146 0.115663
v 0.047249 1.678146 0.116172
v 0.045000 1.678146 0.116351
v 0.042751 1.678146 0.116172
v 0.040844 1.678146 0.115663
v 0.039570 1.678146 0.114900
v 0.039122 1.678146 0.114000
v 0.039570 1.678146 0.113100
v 0.040844 1.678146 0.112337
v 0.042751 1.678146 0.111828
v 0.045000 1.678146 0.111649
v 0.047249 1.678146 0.111828
v 0.049156 1.678146 0.112337
v 0.050430 1.678146 0.113100
v 0.048090 1.677294 0.114000
v 0.047855 1.677294 0.114473
v 0.047185 1.677294 0.114874
v 0.046183 1.677294 0.115142
v 0.045000 1.677294 0.115236
v 0.043817 1.677294 0.115142
v 0.042815 1.677294 0.114874
v 0.042145 1.677294 0.114473
v 0.041910 1.677294 0.114000
v 0.042145 1.677294 0.113527
v 0.042815 1.677294 0.113126
v 0.043817 1.677294 0.112858
v 0.045000 1.677294 0.112764
v 0.046183 1.677294 0.112858
v 0.047185 1.677294 0.113126
v 0.047855 1.677294 0.113527
v 0.045000 1.677000 0.114000
v 0.001269 1.561513 -0.108479
v 0.001026 1.563380 -0.106877
v 0.000392 1.563956 -0.104558
v -0.000392 1.563021 -0.102408
v -0.001026 1.560932 -0.101248
v -0.001269 1.558487 -0.101521
v -0.001026 1.556620 -0.103123
v -0.000392 1.556044 -0.105442
v 0.000392 1.556979 -0.107592
v 0.001026 1.559068 -0.108752
v 0.077493 1.550942 -0.084983
v 0.077017 1.553004 -0.083705
v 0.075770 1.553919 -0.081776
v 0.074230 1.553337 -0.079933
v 0.072983 1.551480 -0.078879
v 0.072507 1.549058 -0.079017
v 0.072983 1.546996 -0.080295
v 0.074230 1.546081 -0.082224
v 0.075770 1.546663 -0.084067
v 0.077017 1.548520 -0.085121
v 0.128909 1.530185 -0.010830
v 0.128162 1.532445 -0.010160
v 0.126208 1.533770 -0.009429
v 0.123792 1.533656 -0.008916
v 0.121838 1.532145 -0.008817
v 0.121091 1.529815 -0.009170
v 0.121838 1.527555 -0.009840
v 0.123792 1.526230 -0.010571
v 0.126208 1.526344 -0.011084
v 0.128162 1.527855 -0.011183
v 0.112950 1.514604 0.077673
v 0.112386 1.517005 0.077507
v 0.110912 1.518641 0.076383
v 0.109088 1.518886 0.074732
v 0.107614 1.517646 0.073182
v 0.107050 1.515396 0.072327
v 0.107614 1.512995 0.072493
v 0.109088 1.511359 0.073617
v 0.110912 1.511114 0.075268
v 0.112386 1.512354 0.076818
v 0.000095 1.510000 0.128999
v 0.000077 1.512351 0.128235
v 0.000029 1.513804 0.126236
v -0.000029 1.513804 0.123764
v -0.000077 1.512351 0.121765
v -0.000095 1.510000 0.121001
v -0.000077 1.507649 0.121765
v -0.000029 1.506196 0.123764
v 0.000029 1.506196 0.126236
v 0.000077 1.507649 0.128235
v -0.097154 1.515444 0.077225
v -0.097697 1.513038 0.077383
v -0.099120 1.511381 0.078541
v -0.100880 1.511106 0.080257
v -0.102303 1.512319 0.081874
v -0.102846 1.514556 0.082775
v -0.102303 1.516962 0.082617
v -0.100880 1.518619 0.081459
v -0.099120 1.518894 0.079743
v -0.097697 1.517681 0.078126
v -0.121062 1.529855 0.000685
v -0.121814 1.527582 0.000066
v -0.123783 1.526234 -0.000578
v -0.126217 1.526323 -0.001001
v -0.128186 1.527818 -0.001042
v -0.128938 1.530145 -0.000685
v -0.128186 1.532418 -0.000066
v -0.126217 1.533766 0.000578
v -0.123783 1.533677 0.001001
v -0.121814 1.532182 0.001042
v -0.067368 1.549172 -0.082104
v -0.067871 1.547070 -0.083303
v -0.069187 1.546086 -0.085150
v -0.070813 1.546598 -0.086940
v -0.072129 1.548409 -0.087989
v -0.072632 1.550828 -0.087896
v -0.072129 1.552930 -0.086697
v -0.070813 1.553914 -0.084850
v -0.069187 1.553402 -0.083060
v -0.067871 1.551591 -0.082011
v 0.001217 1.558296 -0.101592
v 0.000985 1.556518 -0.103294
v 0.000376 1.556071 -0.105648
v -0.000376 1.557124 -0.107754
v -0.000985 1.559276 -0.108809
v -0.001217 1.561704 -0.108408
v -0.000985 1.563482 -0.106706
v -0.000376 1.563929 -0.104352
v 0.000376 1.562876 -0.102246
v 0.000985 1.560724 -0.101191
v 0.000000 1.560000 -0.105000
v 0.000000 1.560000 -0.105000
v 0.098751 0.998858 -0.093493
v 0.096789 0.999514 -0.094123
v 0.095671 1.000355 -0.095772
v 0.095824 1.001061 -0.097811
v 0.097191 1.001362 -0.099461
v 0.099249 1.001142 -0.100091
v 0.101211 1.000486 -0.099461
v 0.102329 0.999645 -0.097811
v 0.102176 0.998939 -0.095772
v 0.100809 0.998638 -0.094123
v 0.086540 0.942784 -0.113827
v 0.084570 0.943406 -0.114469
v 0.083433 0.944160 -0.116147
v 0.083563 0.944757 -0.118222
v 0.084910 0.944969 -0.119901
v 0.086960 0.944716 -0.120542
v 0.088930 0.944094 -0.119901
v 0.090067 0.943340 -0.118222
v 0.089937 0.942743 -0.116147
v 0.088590 0.942531 -0.114469
v 0.074384 0.886969 -0.127241
v 0.072396 0.887508 -0.127902
v 0.071212 0.888044 -0.129630
v 0.071283 0.888372 -0.131767
v 0.072583 0.888367 -0.133496
v 0.074616 0.888031 -0.134156
v 0.076604 0.887492 -0.133496
v 0.077788 0.886956 -0.131767
v 0.077717 0.886628 -0.129630
v 0.076417 0.886633 -0.127902
v 0.062253 0.831264 -0.131777
v 0.060242 0.831699 -0.132445
v 0.058998 0.831963 -0.134195
v 0.058997 0.831954 -0.136358
v 0.060237 0.831676 -0.138108
v 0.062247 0.831236 -0.138777
v 0.064258 0.830801 -0.138108
v 0.065502 0.830537 -0.136358
v 0.065503 0.830546 -0.134195
v 0.064263 0.830824 -0.132445
v 0.050121 0.775556 -0.126768
v 0.048088 0.775888 -0.127427
v 0.046785 0.775880 -0.129154
v 0.046710 0.775536 -0.131288
v 0.047892 0.774988 -0.133015
v 0.049879 0.774444 -0.133675
v 0.051912 0.774112 -0.133015
v 0.053215 0.774120 -0.131288
v 0.053290 0.774464 -0.129154
v 0.052108 0.775012 -0.127427
v 0.037964 0.719734 -0.112950
v 0.035913 0.719984 -0.113590
v 0.034564 0.719762 -0.115266
v 0.034431 0.719154 -0.117338
v 0.035567 0.718392 -0.119014
v 0.037536 0.717766 -0.119654
v 0.039587 0.717516 -0.119014
v 0.040936 0.717738 -0.117338
v 0.041069 0.718346 -0.115266
v 0.039933 0.719108 -0.113590
v 0.025771 0.663743 -0.092378
v 0.023709 0.663943 -0.093000
v 0.022331 0.663592 -0.094631
v 0.022164 0.662824 -0.096646
v 0.023271 0.661932 -0.098276
v 0.025229 0.661257 -0.098899
v 0.027291 0.661057 -0.098276
v 0.028669 0.661408 -0.096646
v 0.028836 0.662176 -0.094631
v 0.027729 0.663068 -0.093000
v 0.013539 0.607576 -0.068150
v 0.011473 0.607760 -0.068766
v 0.010087 0.607368 -0.070379
v 0.009908 0.606549 -0.072373
v 0.011006 0.605615 -0.073986
v 0.012961 0.604924 -0.074602
v 0.015027 0.604740 -0.073986
v 0.016413 0.605132 -0.072373
v 0.016592 0.605951 -0.070379
v 0.015494 0.606885 -0.068766
v 0.001288 0.551324 -0.043981
v -0.000777 0.551509 -0.044598
v -0.002163 0.551117 -0.046211
v -0.002342 0.550299 -0.048206
v -0.001243 0.549367 -0.049819
v 0.000712 0.548676 -0.050436
v 0.002777 0.548491 -0.049819
v 0.004163 0.548883 -0.048206
v 0.004342 0.549701 -0.046211
v 0.003243 0.550633 -0.044598
v 0.099000 1.000000 -0.096792
v 0.001000 0.550000 -0.047208
v -0.129486 0.998799 -0.043957
v -0.131300 0.999800 -0.044578
v -0.132236 1.000877 -0.046204
v -0.131936 1.001619 -0.048213
v -0.130514 1.001743 -0.049839
v -0.128514 1.001201 -0.050460
v -0.126700 1.000200 -0.049839
v -0.125764 0.999123 -0.048213
v -0.126064 0.998381 -0.046204
v -0.127486 0.998257 -0.044578
v -0.152236 0.942547 -0.068125
v -0.154051 0.943548 -0.068746
v -0.154986 0.944626 -0.070371
v -0.154686 0.945370 -0.072380
v -0.153264 0.945494 -0.074006
v -0.151264 0.944953 -0.074626
v -0.149449 0.943952 -0.074006
v -0.148514 0.942874 -0.072380
v -0.148814 0.942130 -0.070371
v -0.150236 0.942006 -0.068746
v -0.174956 0.886374 -0.092356
v -0.176776 0.887360 -0.092983
v -0.177727 0.888400 -0.094624
v -0.177445 0.889096 -0.096653
v -0.176039 0.889183 -0.098294
v -0.174044 0.888626 -0.098921
v -0.172224 0.887640 -0.098294
v -0.171273 0.886600 -0.096653
v -0.171555 0.885904 -0.094624
v -0.172961 0.885817 -0.092983
v -0.197610 0.830361 -0.112936
v -0.199448 0.831302 -0.113579
v -0.200447 0.832223 -0.115262
v -0.200225 0.832773 -0.117342
v -0.198866 0.832741 -0.119025
v -0.196890 0.832139 -0.119668
v -0.195052 0.831198 -0.119025
v -0.194053 0.830277 -0.117342
v -0.194275 0.829727 -0.115262
v -0.195634 0.829759 -0.113579
v -0.220203 0.774499 -0.126763
v -0.222071 0.775366 -0.127424
v -0.223149 0.776093 -0.129153
v -0.223023 0.776403 -0.131290
v -0.221743 0.776177 -0.133019
v -0.219797 0.775501 -0.133679
v -0.217929 0.774634 -0.133019
v -0.216851 0.773907 -0.131290
v -0.216977 0.773597 -0.129153
v -0.218257 0.773823 -0.127424
v -0.242755 0.718737 -0.131777
v -0.244661 0.719511 -0.132445
v -0.245837 0.719994 -0.134195
v -0.245834 0.720002 -0.136358
v -0.244653 0.719532 -0.138108
v -0.242745 0.718763 -0.138777
v -0.240839 0.717989 -0.138108
v -0.239663 0.717506 -0.136358
v -0.239666 0.717498 -0.134195
v -0.240847 0.717968 -0.132445
v -0.265306 0.662978 -0.127237
v -0.267251 0.663658 -0.127898
v -0.268526 0.663896 -0.129629
v -0.268646 0.663600 -0.131769
v -0.267564 0.662884 -0.133499
v -0.265694 0.662022 -0.134161
v -0.263749 0.661342 -0.133499
v -0.262474 0.661104 -0.131769
v -0.262354 0.661400 -0.129629
v -0.263436 0.662116 -0.127898
v -0.287897 0.607123 -0.113814
v -0.289871 0.607728 -0.114458
v -0.291227 0.607768 -0.116143
v -0.291445 0.607228 -0.118226
v -0.290443 0.606315 -0.119912
v -0.288603 0.605377 -0.120556
v -0.286629 0.604772 -0.119912
v -0.285273 0.604732 -0.118226
v -0.285055 0.605272 -0.116143
v -0.286057 0.606185 -0.114458
v -0.310582 0.551034 -0.093474
v -0.312569 0.551608 -0.094108
v -0.313957 0.551567 -0.095766
v -0.314215 0.550929 -0.097817
v -0.313245 0.549935 -0.099476
v -0.311418 0.548966 -0.100109
v -0.309431 0.548392 -0.099476
v -0.308043 0.548433 -0.097817
v -0.307785 0.549071 -0.095766
v -0.308755 0.550065 -0.094108
v -0.129000 1.000000 -0.047208
v -0.311000 0.550000 -0.096792
v -0.098751 0.998858 -0.093493
v -0.100809 0.998638 -0.094123
v -0.102176 0.998939 -0.095772
v -0.102329 0.999645 -0.097811
v -0.101211 1.000486 -0.099461
v -0.099249 1.001142 -0.100091
v -0.097191 1.001362 -0.099461
v -0.095824 1.001061 -0.097811
v -0.095671 1.000355 -0.095772
v -0.096789 0.999514 -0.094123
v -0.086540 0.942784 -0.113827
v -0.088590 0.942531 -0.114469
v -0.089937 0.942743 -0.116147
v -0.090067 0.943340 -0.118222
v -0.088930 0.944094 -0.119901
v -0.086960 0.944716 -0.120542
v -0.084910 0.944969 -0.119901
v -0.083563 0.944757 -0.118222
v -0.083433 0.944160 -0.116147
v -0.084570 0.943406 -0.114469
v -0.074384 0.886969 -0.127241
v -0.076417 0.886633 -0.127902
v -0.077717 0.886628 -0.129630
v -0.077788 0.886956 -0.131767
v -0.076604 0.887492 -0.133496
v -0.074616 0.888031 -0.134156
v -0.072583 0.888367 -0.133496
v -0.071283 0.888372 -0.131767
v -0.071212 0.888044 -0.129630
v -0.072396 0.887508 -0.127902
v -0.062253 0.831264 -0.131777
v -0.064263 0.830824 -0.132445
v -0.065503 0.830546 -0.134195
v -0.065502 0.830537 -0.136358
v -0.064258 0.830801 -0.138108
v -0.062247 0.831236 -0.138777
v -0.060237 0.831676 -0.138108
v -0.058997 0.831954 -0.136358
v -0.058998 0.831963 -0.134195
v -0.060242 0.831699 -0.132445
v -0.050121 0.775556 -0.126768
v -0.052108 0.775012 -0.127427
v -0.053290 0.774464 -0.129154
v -0.053215 0.774120 -0.131288
v -0.051912 0.774112 -0.133015
v -0.049879 0.774444 -0.133675
v -0.047892 0.774988 -0.133015
v -0.046710 0.775536 -0.131288
v -0.046785 0.775880 -0.129154
v -0.048088 0.775888 -0.127427
v -0.037964 0.719734 -0.112950
v -0.039933 0.719108 -0.113590
v -0.041069 0.718346 -0.115266
v -0.040936 0.717738 -0.117338
v -0.039587 0.717516 -0.119014
v -0.037536 0.717766 -0.119654
v -0.035567 0.718392 -0.119014
v -0.034431 0.719154 -0.117338
v -0.034564 0.719762 -0.115266
v -0.035913 0.719984 -0.113590
v -0.025771 0.663743 -0.092378
v -0.027729 0.663068 -0.093000
v -0.028836 0.662176 -0.094631
v -0.028669 0.661408 -0.096646
v -0.027291 0.661057 -0.098276
v -0.025229 0.661257 -0.098899
v -0.023271 0.661932 -0.098276
v -0.022164 0.662824 -0.096646
v -0.022331 0.663592 -0.094631
v -0.023709 0.663943 -0.093000
v -0.013539 0.607576 -0.068150
v -0.015494 0.606885 -0.068766
v -0.016592 0.605951 -0.070379
v -0.016413 0.605132 -0.072373
v -0.015027 0.604740 -0.073986
v -0.012961 0.604924 -0.074602
v -0.011006 0.605615 -0.073986
v -0.009908 0.606549 -0.072373
v -0.010087 0.607368 -0.070379
v -0.011473 0.607760 -0.068766
v -0.001288 0.551324 -0.043981
v -0.003243 0.550633 -0.044598
v -0.004342 0.549701 -0.046211
v -0.004163 0.548883 -0.048206
v -0.002777 0.548491 -0.049819
v -0.000712 0.548676 -0.050436
v 0.001243 0.549367 -0.049819
v 0.002342 0.550299 -0.048206
v 0.002163 0.551117 -0.046211
v 0.000777 0.551509 -0.044598
v -0.099000 1.000000 -0.096792
v -0.001000 0.550000 -0.047208
v 0.129486 0.998799 -0.043957
v 0.127486 0.998257 -0.044578
v 0.126064 0.998381 -0.046204
v 0.125764 0.999123 -0.048213
v 0.126700 1.000200 -0.049839
v 0.128514 1.001201 -0.050460
v 0.130514 1.001743 -0.049839
v 0.131936 1.001619 -0.048213
v 0.132236 1.000877 -0.046204
v 0.131300 0.999800 -0.044578
v 0.152236 0.942547 -0.068125
v 0.150236 0.942006 -0.068746
v 0.148814 0.942130 -0.070371
v 0.148514 0.942874 -0.072380
v 0.149449 0.943952 -0.074006
v 0.151264 0.944953 -0.074626
v 0.153264 0.945494 -0.074006
v 0.154686 0.945370 -0.072380
v 0.154986 0.944626 -0.070371
v 0.154051 0.943548 -0.068746
v 0.174956 0.886374 -0.092356
v 0.172961 0.885817 -0.092983
v 0.171555 0.885904 -0.094624
v 0.171273 0.886600 -0.096653
v 0.172224 0.887640 -0.098294
v 0.174044 0.888626 -0.098921
v 0.176039 0.889183 -0.098294
v 0.177445 0.889096 -0.096653
v 0.177727 0.888400 -0.094624
v 0.176776 0.887360 -0.092983
v 0.197610 0.830361 -0.112936
v 0.195634 0.829759 -0.113579
v 0.194275 0.829727 -0.115262
v 0.194053 0.830277 -0.117342
v 0.195052 0.831198 -0.119025
v 0.196890 0.832139 -0.119668
v 0.198866 0.832741 -0.119025
v 0.200225 0.832773 -0.117342
v 0.200447 0.832223 -0.115262
v 0.199448 0.831302 -0.113579
v 0.220203 0.774499 -0.126763
v 0.218257 0.773823 -0.127424
v 0.216977 0.773597 -0.129153
v 0.216851 0.773907 -0.131290
v 0.217929 0.774634 -0.133019
v 0.219797 0.775501 -0.133679
v 0.221743 0.776177 -0.133019
v 0.223023 0.776403 -0.131290
v 0.223149 0.776093 -0.129153
v 0.222071 0.775366 -0.127424
v 0.242755 0.718737 -0.131777
v 0.240847 0.717968 -0.132445
v 0.239666 0.717498 -0.134195
v 0.239663 0.717506 -0.136358
v 0.240839 0.717989 -0.138108
v 0.242745 0.718763 -0.138777
v 0.244653 0.719532 -0.138108
v 0.245834 0.720002 -0.136358
v 0.245837 0.719994 -0.134195
v 0.244661 0.719511 -0.132445
v 0.265306 0.662978 -0.127237
v 0.263436 0.662116 -0.127898
v 0.262354 0.661400 -0.129629
v 0.262474 0.661104 -0.131769
v 0.263749 0.661342 -0.133499
v 0.265694 0.662022 -0.134161
v 0.267564 0.662884 -0.133499
v 0.268646 0.663600 -0.131769
v 0.268526 0.663896 -0.129629
v 0.267251 0.663658 -0.127898
v 0.287897 0.607123 -0.113814
v 0.286057 0.606185 -0.114458
v 0.285055 0.605272 -0.116143
v 0.285273 0.604732 -0.118226
v 0.286629 0.604772 -0.119912
v 0.288603 0.605377 -0.120556
v 0.290443 0.606315 -0.119912
v 0.291445 0.607228 -0.118226
v 0.291227 0.607768 -0.116143
v 0.289871 0.607728 -0.114458
v 0.310582 0.551034 -0.093474
v 0.308755 0.550065 -0.094108
v 0.307785 0.549071 -0.095766
v 0.308043 0.548433 -0.097817
v 0.309431 0.548392 -0.099476
v 0.311418 0.548966 -0.100109
v 0.313245 0.549935 -0.099476
v 0.314215 0.550929 -0.097817
v 0.313957 0.551567 -0.095766
v 0.312569 0.551608 -0.094108
v 0.129000 1.000000 -0.047208
v 0.311000 0.550000 -0.096792
v 0.003000 1.470000 0.159100
v 0.002427 1.470000 0.160863
v 0.000927 1.470000 0.161953
v -0.000927 1.470000 0.161953
v -0.002427 1.470000 0.160863
v -0.003000 1.470000 0.159100
v -0.002427 1.470000 0.157337
v -0.000927 1.470000 0.156247
v 0.000927 1.470000 0.156247
v 0.002427 1.470000 0.157337
v 0.003000 1.421250 0.159100
v 0.002427 1.421250 0.160863
v 0.000927 1.421250 0.161953
v -0.000927 1.421250 0.161953
v -0.002427 1.421250 0.160863
v -0.003000 1.421250 0.159100
v -0.002427 1.421250 0.157337
v -0.000927 1.421250 0.156247
v 0.000927 1.421250 0.156247
v 0.002427 1.421250 0.157337
v 0.003000 1.372500 0.159100
v 0.002427 1.372500 0.160863
v 0.000927 1.372500 0.161953
v -0.000927 1.372500 0.161953
v -0.002427 1.372500 0.160863
v -0.003000 1.372500 0.159100
v -0.002427 1.372500 0.157337
v -0.000927 1.372500 0.156247
v 0.000927 1.372500 0.156247
v 0.002427 1.372500 0.157337
v 0.003000 1.323750 0.159100
v 0.002427 1.323750 0.160863
v 0.000927 1.323750 0.161953
v -0.000927 1.323750 0.161953
v -0.002427 1.323750 0.160863
v -0.003000 1.323750 0.159100
v -0.002427 1.323750 0.157337
v -0.000927 1.323750 0.156247
v 0.000927 1.323750 0.156247
v 0.002427 1.323750 0.157337
v 0.003000 1.275000 0.159100
v 0.002427 1.275000 0.160863
v 0.000927 1.275000 0.161953
v -0.000927 1.275000 0.161953
v -0.002427 1.275000 0.160863
v -0.003000 1.275000 0.159100
v -0.002427 1.275000 0.157337
v -0.000927 1.275000 0.156247
v 0.000927 1.275000 0.156247
v 0.002427 1.275000 0.157337
v 0.003000 1.226250 0.159100
v 0.002427 1.226250 0.160863
v 0.000927 1.226250 0.161953
v -0.000927 1.226250 0.161953
v -0.002427 1.226250 0.160863
v -0.003000 1.226250 0.159100
v -0.002427 1.226250 0.157337
v -0.000927 1.226250 0.156247
v 0.000927 1.226250 0.156247
v 0.002427 1.226250 0.157337
v 0.003000 1.177500 0.159100
v 0.002427 1.177500 0.160863
v 0.000927 1.177500 0.161953
v -0.000927 1.177500 0.161953
v -0.002427 1.177500 0.160863
v -0.003000 1.177500 0.159100
v -0.002427 1.177500 0.157337
v -0.000927 1.177500 0.156247
v 0.000927 1.177500 0.156247
v 0.002427 1.177500 0.157337
v 0.003000 1.128750 0.159100
v 0.002427 1.128750 0.160863
v 0.000927 1.128750 0.161953
v -0.000927 1.128750 0.161953
v -0.002427 1.128750 0.160863
v -0.003000 1.128750 0.159100
v -0.002427 1.128750 0.157337
v -0.000927 1.128750 0.156247
v 0.000927 1.128750 0.156247
v 0.002427 1.128750 0.157337
v 0.003000 1.080000 0.159100
v 0.002427 1.080000 0.160863
v 0.000927 1.080000 0.161953
v -0.000927 1.080000 0.161953
v -0.002427 1.080000 0.160863
v -0.003000 1.080000 0.159100
v -0.002427 1.080000 0.157337
v -0.000927 1.080000 0.156247
v 0.000927 1.080000 0.156247
v 0.002427 1.080000 0.157337
v 0.000000 1.470000 0.159100
v 0.000000 1.080000 0.159100
v -0.142189 1.501049 0.166167
v -0.142726 1.500904 0.167936
v -0.144132 1.500415 0.169041
v -0.145868 1.499767 0.169062
v -0.147274 1.499208 0.167989
v -0.147811 1.498951 0.166233
v -0.147274 1.499096 0.164464
v -0.145868 1.499585 0.163359
v -0.144132 1.500233 0.163338
v -0.142726 1.500792 0.164411
v -0.124047 1.452477 0.167710
v -0.124583 1.452333 0.169478
v -0.125989 1.451843 0.170584
v -0.127726 1.451195 0.170605
v -0.129131 1.450636 0.169532
v -0.129668 1.450380 0.167776
v -0.129131 1.450524 0.166007
v -0.127726 1.451014 0.164901
v -0.125989 1.451662 0.164881
v -0.124583 1.452221 0.165953
v -0.105904 1.403906 0.169252
v -0.106441 1.403762 0.171021
v -0.107846 1.403272 0.172127
v -0.109583 1.402624 0.172148
v -0.110988 1.402065 0.171075
v -0.111525 1.401808 0.169319
v -0.110988 1.401953 0.167550
v -0.109583 1.402442 0.166444
v -0.107846 1.403091 0.166424
v -0.106441 1.403650 0.167496
v -0.087761 1.355334 0.170795
v -0.088298 1.355190 0.172564
v -0.089703 1.354700 0.173670
v -0.091440 1.354052 0.173691
v -0.092845 1.353493 0.172618
v -0.093382 1.353237 0.170862
v -0.092845 1.353381 0.169093
v -0.091440 1.353871 0.167987
v -0.089703 1.354519 0.167967
v -0.088298 1.355078 0.169039
v -0.069618 1.306763 0.172338
v -0.070155 1.306619 0.174107
v -0.071560 1.306129 0.175213
v -0.073297 1.305481 0.175233
v -0.074702 1.304922 0.174161
v -0.075239 1.304666 0.172405
v -0.074702 1.304810 0.170636
v -0.073297 1.305300 0.169530
v -0.071560 1.305948 0.169509
v -0.070155 1.306507 0.170582
v -0.051475 1.258192 0.173881
v -0.052012 1.258047 0.175650
v -0.053417 1.257558 0.176756
v -0.055154 1.256909 0.176776
v -0.056559 1.256350 0.175704
v -0.057096 1.256094 0.173948
v -0.056559 1.256238 0.172179
v -0.055154 1.256728 0.171073
v -0.053417 1.257376 0.171052
v -0.052012 1.257935 0.172125
v -0.033332 1.209620 0.175424
v -0.033869 1.209476 0.177193
v -0.035274 1.208986 0.178299
v -0.037011 1.208338 0.178319
v -0.038417 1.207779 0.177247
v -0.038953 1.207523 0.175490
v -0.038417 1.207667 0.173722
v -0.037011 1.208157 0.172616
v -0.035274 1.208805 0.172595
v -0.033869 1.209364 0.173668
v -0.015189 1.161049 0.176967
v -0.015726 1.160904 0.178736
v -0.017132 1.160415 0.179841
v -0.018868 1.159767 0.179862
v -0.020274 1.159208 0.178789
v -0.020811 1.158951 0.177033
v -0.020274 1.159096 0.175264
v -0.018868 1.159585 0.174159
v -0.017132 1.160233 0.174138
v -0.015726 1.160792 0.175211
v -0.145000 1.500000 0.166200
v -0.018000 1.160000 0.177000
v 0.147811 1.498951 0.166233
v 0.147274 1.499208 0.167989
v 0.145868 1.499767 0.169062
v 0.144132 1.500415 0.169041
v 0.142726 1.500904 0.167936
v 0.142189 1.501049 0.166167
v 0.142726 1.500792 0.164411
v 0.144132 1.500233 0.163338
v 0.145868 1.499585 0.163359
v 0.147274 1.499096 0.164464
v 0.129668 1.450380 0.167776
v 0.129131 1.450636 0.169532
v 0.127726 1.451195 0.170605
v 0.125989 1.451843 0.170584
v 0.124583 1.452333 0.169478
v 0.124047 1.452477 0.167710
v 0.124583 1.452221 0.165953
v 0.125989 1.451662 0.164881
v 0.127726 1.451014 0.164901
v 0.129131 1.450524 0.166007
v 0.111525 1.401808 0.169319
v 0.110988 1.402065 0.171075
v 0.109583 1.402624 0.172148
v 0.107846 1.403272 0.172127
v 0.106441 1.403762 0.171021
v 0.105904 1.403906 0.169252
v 0.106441 1.403650 0.167496
v 0.107846 1.403091 0.166424
v 0.109583 1.402442 0.166444
v 0.110988 1.401953 0.167550
v 0.093382 1.353237 0.170862
v 0.092845 1.353493 0.172618
v 0.091440 1.354052 0.173691
v 0.089703 1.354700 0.173670
v 0.088298 1.355190 0.172564
v 0.087761 1.355334 0.170795
v 0.088298 1.355078 0.169039
v 0.089703 1.354519 0.167967
v 0.091440 1.353871 0.167987
v 0.092845 1.353381 0.169093
v 0.075239 1.304666 0.172405
v 0.074702 1.304922 0.174161
v 0.073297 1.305481 0.175233
v 0.071560 1.306129 0.175213
v 0.070155 1.306619 0.174107
v 0.069618 1.306763 0.172338
v 0.070155 1.306507 0.170582
v 0.071560 1.305948 0.169509
v 0.073297 1.305300 0.169530
v 0.074702 1.304810 0.170636
v 0.057096 1.256094 0.173948
v 0.056559 1.256350 0.175704
v 0.055154 1.256909 0.176776
v 0.053417 1.257558 0.176756
v 0.052012 1.258047 0.175650
v 0.051475 1.258192 0.173881
v 0.052012 1.257935 0.172125
v 0.053417 1.257376 0.171052
v 0.055154 1.256728 0.171073
v 0.056559 1.256238 0.172179
v 0.038953 1.207523 0.175490
v 0.038417 1.207779 0.177247
v 0.037011 1.208338 0.178319
v 0.035274 1.208986 0.178299
v 0.033869 1.209476 0.177193
v 0.033332 1.209620 0.175424
v 0.033869 1.209364 0.173668
v 0.035274 1.208805 0.172595
v 0.037011 1.208157 0.172616
v 0.038417 1.207667 0.173722
v 0.020811 1.158951 0.177033
v 0.020274 1.159208 0.178789
v 0.018868 1.159767 0.179862
v 0.017132 1.160415 0.179841
v 0.015726 1.160904 0.178736
v 0.015189 1.161049 0.176967
v 0.015726 1.160792 0.175211
v 0.017132 1.160233 0.174138
v 0.018868 1.159585 0.174159
v 0.020274 1.159096 0.175264
v 0.145000 1.500000 0.166200
v 0.018000 1.160000 0.177000
v 0.015000 1.434000 0.171000
v 0.016531 1.433696 0.171000
v 0.016326 1.433696 0.171383
v 0.015765 1.433696 0.171663
v 0.015000 1.433696 0.171765
v 0.014235 1.433696 0.171663
v 0.013674 1.433696 0.171383
v 0.013469 1.433696 0.171000
v 0.013674 1.433696 0.170617
v 0.014235 1.433696 0.170337
v 0.015000 1.433696 0.170235
v 0.015765 1.433696 0.170337
v 0.016326 1.433696 0.170617
v 0.017828 1.432828 0.171000
v 0.017449 1.432828 0.171707
v 0.016414 1.432828 0.172225
v 0.015000 1.432828 0.172414
v 0.013586 1.432828 0.172225
v 0.012551 1.432828 0.171707
v 0.012172 1.432828 0.171000
v 0.012551 1.432828 0.170293
v 0.013586 1.432828 0.169775
v 0.015000 1.432828 0.169586
v 0.016414 1.432828 0.169775
v 0.017449 1.432828 0.170293
v 0.018696 1.431531 0.171000
v 0.018200 1.431531 0.171924
v 0.016848 1.431531 0.172600
v 0.015000 1.431531 0.172848
v 0.013152 1.431531 0.172600
v 0.011800 1.431531 0.171924
v 0.011304 1.431531 0.171000
v 0.011800 1.431531 0.170076
v 0.013152 1.431531 0.169400
v 0.015000 1.431531 0.169152
v 0.016848 1.431531 0.169400
v 0.018200 1.431531 0.170076
v 0.019000 1.430000 0.171000
v 0.018464 1.430000 0.172000
v 0.017000 1.430000 0.172732
v 0.015000 1.430000 0.173000
v 0.013000 1.430000 0.172732
v 0.011536 1.430000 0.172000
v 0.011000 1.430000 0.171000
v 0.011536 1.430000 0.170000
v 0.013000 1.430000 0.169268
v 0.015000 1.430000 0.169000
v 0.017000 1.430000 0.169268
v 0.018464 1.430000 0.170000
v 0.018696 1.428469 0.171000
v 0.018200 1.428469 0.171924
v 0.016848 1.428469 0.172600
v 0.015000 1.428469 0.172848
v 0.013152 1.428469 0.172600
v 0.011800 1.428469 0.171924
v 0.011304 1.428469 0.171000
v 0.011800 1.428469 0.170076
v 0.013152 1.428469 0.169400
v 0.015000 1.428469 0.169152
v 0.016848 1.428469 0.169400
v 0.018200 1.428469 0.170076
v 0.017828 1.427172 0.171000
v 0.017449 1.427172 0.171707
v 0.016414 1.427172 0.172225
v 0.015000 1.427172 0.172414
v 0.013586 1.427172 0.172225
v 0.012551 1.427172 0.171707
v 0.012172 1.427172 0.171000
v 0.012551 1.427172 0.170293
v 0.013586 1.427172 0.169775
v 0.015000 1.427172 0.169586
v 0.016414 1.427172 0.169775
v 0.017449 1.427172 0.170293
v 0.016531 1.426304 0.171000
v 0.016326 1.426304 0.171383
v 0.015765 1.426304 0.171663
v 0.015000 1.426304 0.171765
v 0.014235 1.426304 0.171663
v 0.013674 1.426304 0.171383
v 0.013469 1.426304 0.171000
v 0.013674 1.426304 0.170617
v 0.014235 1.426304 0.170337
v 0.015000 1.426304 0.170235
v 0.015765 1.426304 0.170337
v 0.016326 1.426304 0.170617
v 0.015000 1.426000 0.171000
v 0.015000 1.370000 0.159000
v 0.016531 1.369696 0.159000
v 0.016326 1.369696 0.159383
v 0.015765 1.369696 0.159663
v 0.015000 1.369696 0.159765
v 0.014235 1.369696 0.159663
v 0.013674 1.369696 0.159383
v 0.013469 1.369696 0.159000
v 0.013674 1.369696 0.158617
v 0.014235 1.369696 0.158337
v 0.015000 1.369696 0.158235
v 0.015765 1.369696 0.158337
v 0.016326 1.369696 0.158617
v 0.017828 1.368828 0.159000
v 0.017449 1.368828 0.159707
v 0.016414 1.368828 0.160225
v 0.015000 1.368828 0.160414
v 0.013586 1.368828 0.160225
v 0.012551 1.368828 0.159707
v 0.012172 1.368828 0.159000
v 0.012551 1.368828 0.158293
v 0.013586 1.368828 0.157775
v 0.015000 1.368828 0.157586
v 0.016414 1.368828 0.157775
v 0.017449 1.368828 0.158293
v 0.018696 1.367531 0.159000
v 0.018200 1.367531 0.159924
v 0.016848 1.367531 0.160600
v 0.015000 1.367531 0.160848
v 0.013152 1.367531 0.160600
v 0.011800 1.367531 0.159924
v 0.011304 1.367531 0.159000
v 0.011800 1.367531 0.158076
v 0.013152 1.367531 0.157400
v 0.015000 1.367531 0.157152
v 0.016848 1.367531 0.157400
v 0.018200 1.367531 0.158076
v 0.019000 1.366000 0.159000
v 0.018464 1.366000 0.160000
v 0.017000 1.366000 0.160732
v 0.015000 1.366000 0.161000
v 0.013000 1.366000 0.160732
v 0.011536 1.366000 0.160000
v 0.011000 1.366000 0.159000
v 0.011536 1.366000 0.158000
v 0.013000 1.366000 0.157268
v 0.015000 1.366000 0.157000
v 0.017000 1.366000 0.157268
v 0.018464 1.366000 0.158000
v 0.018696 1.364469 0.159000
v 0.018200 1.364469 0.159924
v 0.016848 1.364469 0.160600
v 0.015000 1.364469 0.160848
v 0.013152 1.364469 0.160600
v 0.011800 1.364469 0.159924
v 0.011304 1.364469 0.159000
v 0.011800 1.364469 0.158076
v 0.013152 1.364469 0.157400
v 0.015000 1.364469 0.157152
v 0.016848 1.364469 0.157400
v 0.018200 1.364469 0.158076
v 0.017828 1.363172 0.159000
v 0.017449 1.363172 0.159707
v 0.016414 1.363172 0.160225
v 0.015000 1.363172 0.160414
v 0.013586 1.363172 0.160225
v 0.012551 1.363172 0.159707
v 0.012172 1.363172 0.159000
v 0.012551 1.363172 0.158293
v 0.013586 1.363172 0.157775
v 0.015000 1.363172 0.157586
v 0.016414 1.363172 0.157775
v 0.017449 1.363172 0.158293
v 0.016531 1.362304 0.159000
v 0.016326 1.362304 0.159383
v 0.015765 1.362304 0.159663
v 0.015000 1.362304 0.159765
v 0.014235 1.362304 0.159663
v 0.013674 1.362304 0.159383
v 0.013469 1.362304 0.159000
v 0.013674 1.362304 0.158617
v 0.014235 1.362304 0.158337
v 0.015000 1.362304 0.158235
v 0.015765 1.362304 0.158337
v 0.016326 1.362304 0.158617
v 0.015000 1.362000 0.159000
v 0.015000 1.306000 0.147000
v 0.016531 1.305696 0.147000
v 0.016326 1.305696 0.147383
v 0.015765 1.305696 0.147663
v 0.015000 1.305696 0.147765
v 0.014235 1.305696 0.147663
v 0.013674 1.305696 0.147383
v 0.013469 1.305696 0.147000
v 0.013674 1.305696 0.146617
v 0.014235 1.305696 0.146337
v 0.015000 1.305696 0.146235
v 0.015765 1.305696 0.146337
v 0.016326 1.305696 0.146617
v 0.017828 1.304828 0.147000
v 0.017449 1.304828 0.147707
v 0.016414 1.304828 0.148225
v 0.015000 1.304828 0.148414
v 0.013586 1.304828 0.148225
v 0.012551 1.304828 0.147707
v 0.012172 1.304828 0.147000
v 0.012551 1.304828 0.146293
v 0.013586 1.304828 0.145775
v 0.015000 1.304828 0.145586
v 0.016414 1.304828 0.145775
v 0.017449 1.304828 0.146293
v 0.018696 1.303531 0.147000
v 0.018200 1.303531 0.147924
v 0.016848 1.303531 0.148600
v 0.015000 1.303531 0.148848
v 0.013152 1.303531 0.148600
v 0.011800 1.303531 0.147924
v 0.011304 1.303531 0.147000
v 0.011800 1.303531 0.146076
v 0.013152 1.303531 0.145400
v 0.015000 1.303531 0.145152
v 0.016848 1.303531 0.145400
v 0.018200 1.303531 0.146076
v 0.019000 1.302000 0.147000
v 0.018464 1.302000 0.148000
v 0.017000 1.302000 0.148732
v 0.015000 1.302000 0.149000
v 0.013000 1.302000 0.148732
v 0.011536 1.302000 0.148000
v 0.011000 1.302000 0.147000
v 0.011536 1.302000 0.146000
v 0.013000 1.302000 0.145268
v 0.015000 1.302000 0.145000
v 0.017000 1.302000 0.145268
v 0.018464 1.302000 0.146000
v 0.018696 1.300469 0.147000
v 0.018200 1.300469 0.147924
v 0.016848 1.300469 0.148600
v 0.015000 1.300469 0.148848
v 0.013152 1.300469 0.148600
v 0.011800 1.300469 0.147924
v 0.011304 1.300469 0.147000
v 0.011800 1.300469 0.146076
v 0.013152 1.300469 0.145400
v 0.015000 1.300469 0.145152
v 0.016848 1.300469 0.145400
v 0.018200 1.300469 0.146076
v 0.017828 1.299172 0.147000
v 0.017449 1.299172 0.147707
v 0.016414 1.299172 0.148225
v 0.015000 1.299172 0.148414
v 0.013586 1.299172 0.148225
v 0.012551 1.299172 0.147707
v 0.012172 1.299172 0.147000
v 0.012551 1.299172 0.146293
v 0.013586 1.299172 0.145775
v 0.015000 1.299172 0.145586
v 0.016414 1.299172 0.145775
v 0.017449 1.299172 0.146293
v 0.016531 1.298304 0.147000
v 0.016326 1.298304 0.147383
v 0.015765 1.298304 0.147663
v 0.015000 1.298304 0.147765
v 0.014235 1.298304 0.147663
v 0.013674 1.298304 0.147383
v 0.013469 1.298304 0.147000
v 0.013674 1.298304 0.146617
v 0.014235 1.298304 0.146337
v 0.015000 1.298304 0.146235
v 0.015765 1.298304 0.146337
v 0.016326 1.298304 0.146617
v 0.015000 1.298000 0.147000
v 0.015000 1.242000 0.135000
v 0.016531 1.241696 0.135000
v 0.016326 1.241696 0.135383
v 0.015765 1.241696 0.135663
v 0.015000 1.241696 0.135765
v 0.014235 1.241696 0.135663
v 0.013674 1.241696 0.135383
v 0.013469 1.241696 0.135000
v 0.013674 1.241696 0.134617
v 0.014235 1.241696 0.134337
v 0.015000 1.241696 0.134235
v 0.015765 1.241696 0.134337
v 0.016326 1.241696 0.134617
v 0.017828 1.240828 0.135000
v 0.017449 1.240828 0.135707
v 0.016414 1.240828 0.136225
v 0.015000 1.240828 0.136414
v 0.013586 1.240828 0.136225
v 0.012551 1.240828 0.135707
v 0.012172 1.240828 0.135000
v 0.012551 1.240828 0.134293
v 0.013586 1.240828 0.133775
v 0.015000 1.240828 0.133586
v 0.016414 1.240828 0.133775
v 0.017449 1.240828 0.134293
v 0.018696 1.239531 0.135000
v 0.018200 1.239531 0.135924
v 0.016848 1.239531 0.136600
v 0.015000 1.239531 0.136848
v 0.013152 1.239531 0.136600
v 0.011800 1.239531 0.135924
v 0.011304 1.239531 0.135000
v 0.011800 1.239531 0.134076
v 0.013152 1.239531 0.133400
v 0.015000 1.239531 0.133152
v 0.016848 1.239531 0.133400
v 0.018200 1.239531 0.134076
v 0.019000 1.238000 0.135000
v 0.018464 1.238000 0.136000
v 0.017000 1.238000 0.136732
v 0.015000 1.238000 0.137000
v 0.013000 1.238000 0.136732
v 0.011536 1.238000 0.136000
v 0.011000 1.238000 0.135000
v 0.011536 1.238000 0.134000
v 0.013000 1.238000 0.133268
v 0.015000 1.238000 0.133000
v 0.017000 1.238000 0.133268
v 0.018464 1.238000 0.134000
v 0.018696 1.236469 0.135000
v 0.018200 1.236469 0.135924
v 0.016848 1.236469 0.136600
v 0.015000 1.236469 0.136848
v 0.013152 1.236469 0.136600
v 0.011800 1.236469 0.135924
v 0.011304 1.236469 0.135000
v 0.011800 1.236469 0.134076
v 0.013152 1.236469 0.133400
v 0.015000 1.236469 0.133152
v 0.016848 1.236469 0.133400
v 0.018200 1.236469 0.134076
v 0.017828 1.235172 0.135000
v 0.017449 1.235172 0.135707
v 0.016414 1.235172 0.136225
v 0.015000 1.235172 0.136414
v 0.013586 1.235172 0.136225
v 0.012551 1.235172 0.135707
v 0.012172 1.235172 0.135000
v 0.012551 1.235172 0.134293
v 0.013586 1.235172 0.133775
v 0.015000 1.235172 0.133586
v 0.016414 1.235172 0.133775
v 0.017449 1.235172 0.134293
v 0.016531 1.234304 0.135000
v 0.016326 1.234304 0.135383
v 0.015765 1.234304 0.135663
v 0.015000 1.234304 0.135765
v 0.014235 1.234304 0.135663
v 0.013674 1.234304 0.135383
v 0.013469 1.234304 0.135000
v 0.013674 1.234304 0.134617
v 0.014235 1.234304 0.134337
v 0.015000 1.234304 0.134235
v 0.015765 1.234304 0.134337
v 0.016326 1.234304 0.134617
v 0.015000 1.234000 0.135000
v 0.015000 1.178000 0.123000
v 0.016531 1.177696 0.123000
v 0.016326 1.177696 0.123383
v 0.015765 1.177696 0.123663
v 0.015000 1.177696 0.123765
v 0.014235 1.177696 0.123663
v 0.013674 1.177696 0.123383
v 0.013469 1.177696 0.123000
v 0.013674 1.177696 0.122617
v 0.014235 1.177696 0.122337
v 0.015000 1.177696 0.122235
v 0.015765 1.177696 0.122337
v 0.016326 1.177696 0.122617
v 0.017828 1.176828 0.123000
v 0.017449 1.176828 0.123707
v 0.016414 1.176828 0.124225
v 0.015000 1.176828 0.124414
v 0.013586 1.176828 0.124225
v 0.012551 1.176828 0.123707
v 0.012172 1.176828 0.123000
v 0.012551 1.176828 0.122293
v 0.013586 1.176828 0.121775
v 0.015000 1.176828 0.121586
v 0.016414 1.176828 0.121775
v 0.017449 1.176828 0.122293
v 0.018696 1.175531 0.123000
v 0.018200 1.175531 0.123924
v 0.016848 1.175531 0.124600
v 0.015000 1.175531 0.124848
v 0.013152 1.175531 0.124600
v 0.011800 1.175531 0.123924
v 0.011304 1.175531 0.123000
v 0.011800 1.175531 0.122076
v 0.013152 1.175531 0.121400
v 0.015000 1.175531 0.121152
v 0.016848 1.175531 0.121400
v 0.018200 1.175531 0.122076
v 0.019000 1.174000 0.123000
v 0.018464 1.174000 0.124000
v 0.017000 1.174000 0.124732
v 0.015000 1.174000 0.125000
v 0.013000 1.174000 0.124732
v 0.011536 1.174000 0.124000
v 0.011000 1.174000 0.123000
v 0.011536 1.174000 0.122000
v 0.013000 1.174000 0.121268
v 0.015000 1.174000 0.121000
v 0.017000 1.174000 0.121268
v 0.018464 1.174000 0.122000
v 0.018696 1.172469 0.123000
v 0.018200 1.172469 0.123924
v 0.016848 1.172469 0.124600
v 0.015000 1.172469 0.124848
v 0.013152 1.172469 0.124600
v 0.011800 1.172469 0.123924
v 0.011304 1.172469 0.123000
v 0.011800 1.172469 0.122076
v 0.013152 1.172469 0.121400
v 0.015000 1.172469 0.121152
v 0.016848 1.172469 0.121400
v 0.018200 1.172469 0.122076
v 0.017828 1.171172 0.123000
v 0.017449 1.171172 0.123707
v 0.016414 1.171172 0.124225
v 0.015000 1.171172 0.124414
v 0.013586 1.171172 0.124225
v 0.012551 1.171172 0.123707
v 0.012172 1.171172 0.123000
v 0.012551 1.171172 0.122293
v 0.013586 1.171172 0.121775
v 0.015000 1.171172 0.121586
v 0.016414 1.171172 0.121775
v 0.017449 1.171172 0.122293
v 0.016531 1.170304 0.123000
v 0.016326 1.170304 0.123383
v 0.015765 1.170304 0.123663
v 0.015000 1.170304 0.123765
v 0.014235 1.170304 0.123663
v 0.013674 1.170304 0.123383
v 0.013469 1.170304 0.123000
v 0.013674 1.170304 0.122617
v 0.014235 1.170304 0.122337
v 0.015000 1.170304 0.122235
v 0.015765 1.170304 0.122337
v 0.016326 1.170304 0.122617
v 0.015000 1.170000 0.123000
v -0.252000 1.470000 0.084000
v -0.252573 1.470000 0.085763
v -0.254073 1.470000 0.086853
v -0.255927 1.470000 0.086853
v -0.257427 1.470000 0.085763
v -0.258000 1.470000 0.084000
v -0.257427 1.470000 0.082237
v -0.255927 1.470000 0.081147
v -0.254073 1.470000 0.081147
v -0.252573 1.470000 0.082237
v -0.252000 1.400000 0.084000
v -0.252573 1.400000 0.085763
v -0.254073 1.400000 0.086853
v -0.255927 1.400000 0.086853
v -0.257427 1.400000 0.085763
v -0.258000 1.400000 0.084000
v -0.257427 1.400000 0.082237
v -0.255927 1.400000 0.081147
v -0.254073 1.400000 0.081147
v -0.252573 1.400000 0.082237
v -0.255000 1.470000 0.084000
v -0.255000 1.400000 0.084000
usemtl BoneThread
f 12286 12288 12287
f 12286 12289 12288
f 12286 12290 12289
f 12286 12291 12290
f 12286 12292 12291
f 12286 12293 12292
f 12286 12294 12293
f 12286 12295 12294
f 12286 12296 12295
f 12286 12297 12296
f 12286 12298 12297
f 12286 12299 12298
f 12286 12300 12299
f 12286 12301 12300
f 12286 12302 12301
f 12286 12287 12302
f 12288 12303 12287
f 12304 12303 12288
f 12289 12304 12288
f 12305 12304 12289
f 12290 12305 12289
f 12306 12305 12290
f 12291 12306 12290
f 12307 12306 12291
f 12292 12307 12291
f 12308 12307 12292
f 12293 12308 12292
f 12309 12308 12293
f 12294 12309 12293
f 12310 12309 12294
f 12295 12310 12294
f 12311 12310 12295
f 12296 12311 12295
f 12312 12311 12296
f 12297 12312 12296
f 12313 12312 12297
f 12298 12313 12297
f 12314 12313 12298
f 12299 12314 12298
f 12315 12314 12299
f 12300 12315 12299
f 12316 12315 12300
f 12301 12316 12300
f 12317 12316 12301
f 12302 12317 12301
f 12318 12317 12302
f 12287 12318 12302
f 12303 12318 12287
f 12304 12319 12303
f 12320 12319 12304
f 12305 12320 12304
f 12321 12320 12305
f 12306 12321 12305
f 12322 12321 12306
f 12307 12322 12306
f 12323 12322 12307
f 12308 12323 12307
f 12324 12323 12308
f 12309 12324 12308
f 12325 12324 12309
f 12310 12325 12309
f 12326 12325 12310
f 12311 12326 12310
f 12327 12326 12311
f 12312 12327 12311
f 12328 12327 12312
f 12313 12328 12312
f 12329 12328 12313
f 12314 12329 12313
f 12330 12329 12314
f 12315 12330 12314
f 12331 12330 12315
f 12316 12331 12315
f 12332 12331 12316
f 12317 12332 12316
f 12333 12332 12317
f 12318 12333 12317
f 12334 12333 12318
f 12303 12334 12318
f 12319 12334 12303
f 12320 12335 12319
f 12336 12335 12320
f 12321 12336 12320
f 12337 12336 12321
f 12322 12337 12321
f 12338 12337 12322
f 12323 12338 12322
f 12339 12338 12323
f 12324 12339 12323
f 12340 12339 12324
f 12325 12340 12324
f 12341 12340 12325
f 12326 12341 12325
f 12342 12341 12326
f 12327 12342 12326
f 12343 12342 12327
f 12328 12343 12327
f 12344 12343 12328
f 12329 12344 12328
f 12345 12344 12329
f 12330 12345 12329
f 12346 12345 12330
f 12331 12346 12330
f 12347 12346 12331
f 12332 12347 12331
f 12348 12347 12332
f 12333 12348 12332
f 12349 12348 12333
f 12334 12349 12333
f 12350 12349 12334
f 12319 12350 12334
f 12335 12350 12319
f 12336 12351 12335
f 12352 12351 12336
f 12337 12352 12336
f 12353 12352 12337
f 12338 12353 12337
f 12354 12353 12338
f 12339 12354 12338
f 12355 12354 12339
f 12340 12355 12339
f 12356 12355 12340
f 12341 12356 12340
f 12357 12356 12341
f 12342 12357 12341
f 12358 12357 12342
f 12343 12358 12342
f 12359 12358 12343
f 12344 12359 12343
f 12360 12359 12344
f 12345 12360 12344
f 12361 12360 12345
f 12346 12361 12345
f 12362 12361 12346
f 12347 12362 12346
f 12363 12362 12347
f 12348 12363 12347
f 12364 12363 12348
f 12349 12364 12348
f 12365 12364 12349
f 12350 12365 12349
f 12366 12365 12350
f 12335 12366 12350
f 12351 12366 12335
f 12352 12367 12351
f 12368 12367 12352
f 12353 12368 12352
f 12369 12368 12353
f 12354 12369 12353
f 12370 12369 12354
f 12355 12370 12354
f 12371 12370 12355
f 12356 12371 12355
f 12372 12371 12356
f 12357 12372 12356
f 12373 12372 12357
f 12358 12373 12357
f 12374 12373 12358
f 12359 12374 12358
f 12375 12374 12359
f 12360 12375 12359
f 12376 12375 12360
f 12361 12376 12360
f 12377 12376 12361
f 12362 12377 12361
f 12378 12377 12362
f 12363 12378 12362
f 12379 12378 12363
f 12364 12379 12363
f 12380 12379 12364
f 12365 12380 12364
f 12381 12380 12365
f 12366 12381 12365
f 12382 12381 12366
f 12351 12382 12366
f 12367 12382 12351
f 12368 12383 12367
f 12384 12383 12368
f 12369 12384 12368
f 12385 12384 12369
f 12370 12385 12369
f 12386 12385 12370
f 12371 12386 12370
f 12387 12386 12371
f 12372 12387 12371
f 12388 12387 12372
f 12373 12388 12372
f 12389 12388 12373
f 12374 12389 12373
f 12390 12389 12374
f 12375 12390 12374
f 12391 12390 12375
f 12376 12391 12375
f 12392 12391 12376
f 12377 12392 12376
f 12393 12392 12377
f 12378 12393 12377
f 12394 12393 12378
f 12379 12394 12378
f 12395 12394 12379
f 12380 12395 12379
f 12396 12395 12380
f 12381 12396 12380
f 12397 12396 12381
f 12382 12397 12381
f 12398 12397 12382
f 12367 12398 12382
f 12383 12398 12367
f 12384 12399 12383
f 12400 12399 12384
f 12385 12400 12384
f 12401 12400 12385
f 12386 12401 12385
f 12402 12401 12386
f 12387 12402 12386
f 12403 12402 12387
f 12388 12403 12387
f 12404 12403 12388
f 12389 12404 12388
f 12405 12404 12389
f 12390 12405 12389
f 12406 12405 12390
f 12391 12406 12390
f 12407 12406 12391
f 12392 12407 12391
f 12408 12407 12392
f 12393 12408 12392
f 12409 12408 12393
f 12394 12409 12393
f 12410 12409 12394
f 12395 12410 12394
f 12411 12410 12395
f 12396 12411 12395
f 12412 12411 12396
f 12397 12412 12396
f 12413 12412 12397
f 12398 12413 12397
f 12414 12413 12398
f 12383 12414 12398
f 12399 12414 12383
f 12400 12415 12399
f 12416 12415 12400
f 12401 12416 12400
f 12417 12416 12401
f 12402 12417 12401
f 12418 12417 12402
f 12403 12418 12402
f 12419 12418 12403
f 12404 12419 12403
f 12420 12419 12404
f 12405 12420 12404
f 12421 12420 12405
f 12406 12421 12405
f 12422 12421 12406
f 12407 12422 12406
f 12423 12422 12407
f 12408 12423 12407
f 12424 12423 12408
f 12409 12424 12408
f 12425 12424 12409
f 12410 12425 12409
f 12426 12425 12410
f 12411 12426 12410
f 12427 12426 12411
f 12412 12427 12411
f 12428 12427 12412
f 12413 12428 12412
f 12429 12428 12413
f 12414 12429 12413
f 12430 12429 12414
f 12399 12430 12414
f 12415 12430 12399
f 12416 12431 12415
f 12417 12431 12416
f 12418 12431 12417
f 12419 12431 12418
f 12420 12431 12419
f 12421 12431 12420
f 12422 12431 12421
f 12423 12431 12422
f 12424 12431 12423
f 12425 12431 12424
f 12426 12431 12425
f 12427 12431 12426
f 12428 12431 12427
f 12429 12431 12428
f 12430 12431 12429
f 12415 12431 12430
f 12432 12434 12433
f 12432 12435 12434
f 12432 12436 12435
f 12432 12437 12436
f 12432 12438 12437
f 12432 12439 12438
f 12432 12440 12439
f 12432 12441 12440
f 12432 12442 12441
f 12432 12443 12442
f 12432 12444 12443
f 12432 12445 12444
f 12432 12446 12445
f 12432 12447 12446
f 12432 12448 12447
f 12432 12433 12448
f 12434 12449 12433
f 12450 12449 12434
f 12435 12450 12434
f 12451 12450 12435
f 12436 12451 12435
f 12452 12451 12436
f 12437 12452 12436
f 12453 12452 12437
f 12438 12453 12437
f 12454 12453 12438
f 12439 12454 12438
f 12455 12454 12439
f 12440 12455 12439
f 12456 12455 12440
f 12441 12456 12440
f 12457 12456 12441
f 12442 12457 12441
f 12458 12457 12442
f 12443 12458 12442
f 12459 12458 12443
f 12444 12459 12443
f 12460 12459 12444
f 12445 12460 12444
f 12461 12460 12445
f 12446 12461 12445
f 12462 12461 12446
f 12447 12462 12446
f 12463 12462 12447
f 12448 12463 12447
f 12464 12463 12448
f 12433 12464 12448
f 12449 12464 12433
f 12450 12465 12449
f 12466 12465 12450
f 12451 12466 12450
f 12467 12466 12451
f 12452 12467 12451
f 12468 12467 12452
f 12453 12468 12452
f 12469 12468 12453
f 12454 12469 12453
f 12470 12469 12454
f 12455 12470 12454
f 12471 12470 12455
f 12456 12471 12455
f 12472 12471 12456
f 12457 12472 12456
f 12473 12472 12457
f 12458 12473 12457
f 12474 12473 12458
f 12459 12474 12458
f 12475 12474 12459
f 12460 12475 12459
f 12476 12475 12460
f 12461 12476 12460
f 12477 12476 12461
f 12462 12477 12461
f 12478 12477 12462
f 12463 12478 12462
f 12479 12478 12463
f 12464 12479 12463
f 12480 12479 12464
f 12449 12480 12464
f 12465 12480 12449
f 12466 12481 12465
f 12482 12481 12466
f 12467 12482 12466
f 12483 12482 12467
f 12468 12483 12467
f 12484 12483 12468
f 12469 12484 12468
f 12485 12484 12469
f 12470 12485 12469
f 12486 12485 12470
f 12471 12486 12470
f 12487 12486 12471
f 12472 12487 12471
f 12488 12487 12472
f 12473 12488 12472
f 12489 12488 12473
f 12474 12489 12473
f 12490 12489 12474
f 12475 12490 12474
f 12491 12490 12475
f 12476 12491 12475
f 12492 12491 12476
f 12477 12492 12476
f 12493 12492 12477
f 12478 12493 12477
f 12494 12493 12478
f 12479 12494 12478
f 12495 12494 12479
f 12480 12495 12479
f 12496 12495 12480
f 12465 12496 12480
f 12481 12496 12465
f 12482 12497 12481
f 12498 12497 12482
f 12483 12498 12482
f 12499 12498 12483
f 12484 12499 12483
f 12500 12499 12484
f 12485 12500 12484
f 12501 12500 12485
f 12486 12501 12485
f 12502 12501 12486
f 12487 12502 12486
f 12503 12502 12487
f 12488 12503 12487
f 12504 12503 12488
f 12489 12504 12488
f 12505 12504 12489
f 12490 12505 12489
f 12506 12505 12490
f 12491 12506 12490
f 12507 12506 12491
f 12492 12507 12491
f 12508 12507 12492
f 12493 12508 12492
f 12509 12508 12493
f 12494 12509 12493
f 12510 12509 12494
f 12495 12510 12494
f 12511 12510 12495
f 12496 12511 12495
f 12512 12511 12496
f 12481 12512 12496
f 12497 12512 12481
f 12498 12513 12497
f 12514 12513 12498
f 12499 12514 12498
f 12515 12514 12499
f 12500 12515 12499
f 12516 12515 12500
f 12501 12516 12500
f 12517 12516 12501
f 12502 12517 12501
f 12518 12517 12502
f 12503 12518 12502
f 12519 12518 12503
f 12504 12519 12503
f 12520 12519 12504
f 12505 12520 12504
f 12521 12520 12505
f 12506 12521 12505
f 12522 12521 12506
f 12507 12522 12506
f 12523 12522 12507
f 12508 12523 12507
f 12524 12523 12508
f 12509 12524 12508
f 12525 12524 12509
f 12510 12525 12509
f 12526 12525 12510
f 12511 12526 12510
f 12527 12526 12511
f 12512 12527 12511
f 12528 12527 12512
f 12497 12528 12512
f 12513 12528 12497
f 12514 12529 12513
f 12530 12529 12514
f 12515 12530 12514
f 12531 12530 12515
f 12516 12531 12515
f 12532 12531 12516
f 12517 12532 12516
f 12533 12532 12517
f 12518 12533 12517
f 12534 12533 12518
f 12519 12534 12518
f 12535 12534 12519
f 12520 12535 12519
f 12536 12535 12520
f 12521 12536 12520
f 12537 12536 12521
f 12522 12537 12521
f 12538 12537 12522
f 12523 12538 12522
f 12539 12538 12523
f 12524 12539 12523
f 12540 12539 12524
f 12525 12540 12524
f 12541 12540 12525
f 12526 12541 12525
f 12542 12541 12526
f 12527 12542 12526
f 12543 12542 12527
f 12528 12543 12527
f 12544 12543 12528
f 12513 12544 12528
f 12529 12544 12513
f 12530 12545 12529
f 12546 12545 12530
f 12531 12546 12530
f 12547 12546 12531
f 12532 12547 12531
f 12548 12547 12532
f 12533 12548 12532
f 12549 12548 12533
f 12534 12549 12533
f 12550 12549 12534
f 12535 12550 12534
f 12551 12550 12535
f 12536 12551 12535
f 12552 12551 12536
f 12537 12552 12536
f 12553 12552 12537
f 12538 12553 12537
f 12554 12553 12538
f 12539 12554 12538
f 12555 12554 12539
f 12540 12555 12539
f 12556 12555 12540
f 12541 12556 12540
f 12557 12556 12541
f 12542 12557 12541
f 12558 12557 12542
f 12543 12558 12542
f 12559 12558 12543
f 12544 12559 12543
f 12560 12559 12544
f 12529 12560 12544
f 12545 12560 12529
f 12546 12561 12545
f 12562 12561 12546
f 12547 12562 12546
f 12563 12562 12547
f 12548 12563 12547
f 12564 12563 12548
f 12549 12564 12548
f 12565 12564 12549
f 12550 12565 12549
f 12566 12565 12550
f 12551 12566 12550
f 12567 12566 12551
f 12552 12567 12551
f 12568 12567 12552
f 12553 12568 12552
f 12569 12568 12553
f 12554 12569 12553
f 12570 12569 12554
f 12555 12570 12554
f 12571 12570 12555
f 12556 12571 12555
f 12572 12571 12556
f 12557 12572 12556
f 12573 12572 12557
f 12558 12573 12557
f 12574 12573 12558
f 12559 12574 12558
f 12575 12574 12559
f 12560 12575 12559
f 12576 12575 12560
f 12545 12576 12560
f 12561 12576 12545
f 12562 12577 12561
f 12563 12577 12562
f 12564 12577 12563
f 12565 12577 12564
f 12566 12577 12565
f 12567 12577 12566
f 12568 12577 12567
f 12569 12577 12568
f 12570 12577 12569
f 12571 12577 12570
f 12572 12577 12571
f 12573 12577 12572
f 12574 12577 12573
f 12575 12577 12574
f 12576 12577 12575
f 12561 12577 12576
f 12578 12579 12588
f 12579 12589 12588
f 12579 12580 12589
f 12580 12590 12589
f 12580 12581 12590
f 12581 12591 12590
f 12581 12582 12591
f 12582 12592 12591
f 12582 12583 12592
f 12583 12593 12592
f 12583 12584 12593
f 12584 12594 12593
f 12584 12585 12594
f 12585 12595 12594
f 12585 12586 12595
f 12586 12596 12595
f 12586 12587 12596
f 12587 12597 12596
f 12587 12578 12597
f 12578 12588 12597
f 12588 12589 12598
f 12589 12599 12598
f 12589 12590 12599
f 12590 12600 12599
f 12590 12591 12600
f 12591 12601 12600
f 12591 12592 12601
f 12592 12602 12601
f 12592 12593 12602
f 12593 12603 12602
f 12593 12594 12603
f 12594 12604 12603
f 12594 12595 12604
f 12595 12605 12604
f 12595 12596 12605
f 12596 12606 12605
f 12596 12597 12606
f 12597 12607 12606
f 12597 12588 12607
f 12588 12598 12607
f 12598 12599 12608
f 12599 12609 12608
f 12599 12600 12609
f 12600 12610 12609
f 12600 12601 12610
f 12601 12611 12610
f 12601 12602 12611
f 12602 12612 12611
f 12602 12603 12612
f 12603 12613 12612
f 12603 12604 12613
f 12604 12614 12613
f 12604 12605 12614
f 12605 12615 12614
f 12605 12606 12615
f 12606 12616 12615
f 12606 12607 12616
f 12607 12617 12616
f 12607 12598 12617
f 12598 12608 12617
f 12608 12609 12618
f 12609 12619 12618
f 12609 12610 12619
f 12610 12620 12619
f 12610 12611 12620
f 12611 12621 12620
f 12611 12612 12621
f 12612 12622 12621
f 12612 12613 12622
f 12613 12623 12622
f 12613 12614 12623
f 12614 12624 12623
f 12614 12615 12624
f 12615 12625 12624
f 12615 12616 12625
f 12616 12626 12625
f 12616 12617 12626
f 12617 12627 12626
f 12617 12608 12627
f 12608 12618 12627
f 12618 12619 12628
f 12619 12629 12628
f 12619 12620 12629
f 12620 12630 12629
f 12620 12621 12630
f 12621 12631 12630
f 12621 12622 12631
f 12622 12632 12631
f 12622 12623 12632
f 12623 12633 12632
f 12623 12624 12633
f 12624 12634 12633
f 12624 12625 12634
f 12625 12635 12634
f 12625 12626 12635
f 12626 12636 12635
f 12626 12627 12636
f 12627 12637 12636
f 12627 12618 12637
f 12618 12628 12637
f 12628 12629 12638
f 12629 12639 12638
f 12629 12630 12639
f 12630 12640 12639
f 12630 12631 12640
f 12631 12641 12640
f 12631 12632 12641
f 12632 12642 12641
f 12632 12633 12642
f 12633 12643 12642
f 12633 12634 12643
f 12634 12644 12643
f 12634 12635 12644
f 12635 12645 12644
f 12635 12636 12645
f 12636 12646 12645
f 12636 12637 12646
f 12637 12647 12646
f 12637 12628 12647
f 12628 12638 12647
f 12638 12639 12648
f 12639 12649 12648
f 12639 12640 12649
f 12640 12650 12649
f 12640 12641 12650
f 12641 12651 12650
f 12641 12642 12651
f 12642 12652 12651
f 12642 12643 12652
f 12643 12653 12652
f 12643 12644 12653
f 12644 12654 12653
f 12644 12645 12654
f 12645 12655 12654
f 12645 12646 12655
f 12646 12656 12655
f 12646 12647 12656
f 12647 12657 12656
f 12647 12638 12657
f 12638 12648 12657
f 12648 12649 12658
f 12649 12659 12658
f 12649 12650 12659
f 12650 12660 12659
f 12650 12651 12660
f 12651 12661 12660
f 12651 12652 12661
f 12652 12662 12661
f 12652 12653 12662
f 12653 12663 12662
f 12653 12654 12663
f 12654 12664 12663
f 12654 12655 12664
f 12655 12665 12664
f 12655 12656 12665
f 12656 12666 12665
f 12656 12657 12666
f 12657 12667 12666
f 12657 12648 12667
f 12648 12658 12667
f 12668 12579 12578
f 12668 12580 12579
f 12668 12581 12580
f 12668 12582 12581
f 12668 12583 12582
f 12668 12584 12583
f 12668 12585 12584
f 12668 12586 12585
f 12668 12587 12586
f 12668 12578 12587
f 12669 12658 12659
f 12669 12659 12660
f 12669 12660 12661
f 12669 12661 12662
f 12669 12662 12663
f 12669 12663 12664
f 12669 12664 12665
f 12669 12665 12666
f 12669 12666 12667
f 12669 12667 12658
f 12670 12671 12680
f 12671 12681 12680
f 12671 12672 12681
f 12672 12682 12681
f 12672 12673 12682
f 12673 12683 12682
f 12673 12674 12683
f 12674 12684 12683
f 12674 12675 12684
f 12675 12685 12684
f 12675 12676 12685
f 12676 12686 12685
f 12676 12677 12686
f 12677 12687 12686
f 12677 12678 12687
f 12678 12688 12687
f 12678 12679 12688
f 12679 12689 12688
f 12679 12670 12689
f 12670 12680 12689
f 12680 12681 12690
f 12681 12691 12690
f 12681 12682 12691
f 12682 12692 12691
f 12682 12683 12692
f 12683 12693 12692
f 12683 12684 12693
f 12684 12694 12693
f 12684 12685 12694
f 12685 12695 12694
f 12685 12686 12695
f 12686 12696 12695
f 12686 12687 12696
f 12687 12697 12696
f 12687 12688 12697
f 12688 12698 12697
f 12688 12689 12698
f 12689 12699 12698
f 12689 12680 12699
f 12680 12690 12699
f 12690 12691 12700
f 12691 12701 12700
f 12691 12692 12701
f 12692 12702 12701
f 12692 12693 12702
f 12693 12703 12702
f 12693 12694 12703
f 12694 12704 12703
f 12694 12695 12704
f 12695 12705 12704
f 12695 12696 12705
f 12696 12706 12705
f 12696 12697 12706
f 12697 12707 12706
f 12697 12698 12707
f 12698 12708 12707
f 12698 12699 12708
f 12699 12709 12708
f 12699 12690 12709
f 12690 12700 12709
f 12700 12701 12710
f 12701 12711 12710
f 12701 12702 12711
f 12702 12712 12711
f 12702 12703 12712
f 12703 12713 12712
f 12703 12704 12713
f 12704 12714 12713
f 12704 12705 12714
f 12705 12715 12714
f 12705 12706 12715
f 12706 12716 12715
f 12706 12707 12716
f 12707 12717 12716
f 12707 12708 12717
f 12708 12718 12717
f 12708 12709 12718
f 12709 12719 12718
f 12709 12700 12719
f 12700 12710 12719
f 12710 12711 12720
f 12711 12721 12720
f 12711 12712 12721
f 12712 12722 12721
f 12712 12713 12722
f 12713 12723 12722
f 12713 12714 12723
f 12714 12724 12723
f 12714 12715 12724
f 12715 12725 12724
f 12715 12716 12725
f 12716 12726 12725
f 12716 12717 12726
f 12717 12727 12726
f 12717 12718 12727
f 12718 12728 12727
f 12718 12719 12728
f 12719 12729 12728
f 12719 12710 12729
f 12710 12720 12729
f 12720 12721 12730
f 12721 12731 12730
f 12721 12722 12731
f 12722 12732 12731
f 12722 12723 12732
f 12723 12733 12732
f 12723 12724 12733
f 12724 12734 12733
f 12724 12725 12734
f 12725 12735 12734
f 12725 12726 12735
f 12726 12736 12735
f 12726 12727 12736
f 12727 12737 12736
f 12727 12728 12737
f 12728 12738 12737
f 12728 12729 12738
f 12729 12739 12738
f 12729 12720 12739
f 12720 12730 12739
f 12730 12731 12740
f 12731 12741 12740
f 12731 12732 12741
f 12732 12742 12741
f 12732 12733 12742
f 12733 12743 12742
f 12733 12734 12743
f 12734 12744 12743
f 12734 12735 12744
f 12735 12745 12744
f 12735 12736 12745
f 12736 12746 12745
f 12736 12737 12746
f 12737 12747 12746
f 12737 12738 12747
f 12738 12748 12747
f 12738 12739 12748
f 12739 12749 12748
f 12739 12730 12749
f 12730 12740 12749
f 12740 12741 12750
f 12741 12751 12750
f 12741 12742 12751
f 12742 12752 12751
f 12742 12743 12752
f 12743 12753 12752
f 12743 12744 12753
f 12744 12754 12753
f 12744 12745 12754
f 12745 12755 12754
f 12745 12746 12755
f 12746 12756 12755
f 12746 12747 12756
f 12747 12757 12756
f 12747 12748 12757
f 12748 12758 12757
f 12748 12749 12758
f 12749 12759 12758
f 12749 12740 12759
f 12740 12750 12759
f 12760 12671 12670
f 12760 12672 12671
f 12760 12673 12672
f 12760 12674 12673
f 12760 12675 12674
f 12760 12676 12675
f 12760 12677 12676
f 12760 12678 12677
f 12760 12679 12678
f 12760 12670 12679
f 12761 12750 12751
f 12761 12751 12752
f 12761 12752 12753
f 12761 12753 12754
f 12761 12754 12755
f 12761 12755 12756
f 12761 12756 12757
f 12761 12757 12758
f 12761 12758 12759
f 12761 12759 12750
f 12762 12763 12772
f 12763 12773 12772
f 12763 12764 12773
f 12764 12774 12773
f 12764 12765 12774
f 12765 12775 12774
f 12765 12766 12775
f 12766 12776 12775
f 12766 12767 12776
f 12767 12777 12776
f 12767 12768 12777
f 12768 12778 12777
f 12768 12769 12778
f 12769 12779 12778
f 12769 12770 12779
f 12770 12780 12779
f 12770 12771 12780
f 12771 12781 12780
f 12771 12762 12781
f 12762 12772 12781
f 12772 12773 12782
f 12773 12783 12782
f 12773 12774 12783
f 12774 12784 12783
f 12774 12775 12784
f 12775 12785 12784
f 12775 12776 12785
f 12776 12786 12785
f 12776 12777 12786
f 12777 12787 12786
f 12777 12778 12787
f 12778 12788 12787
f 12778 12779 12788
f 12779 12789 12788
f 12779 12780 12789
f 12780 12790 12789
f 12780 12781 12790
f 12781 12791 12790
f 12781 12772 12791
f 12772 12782 12791
f 12782 12783 12792
f 12783 12793 12792
f 12783 12784 12793
f 12784 12794 12793
f 12784 12785 12794
f 12785 12795 12794
f 12785 12786 12795
f 12786 12796 12795
f 12786 12787 12796
f 12787 12797 12796
f 12787 12788 12797
f 12788 12798 12797
f 12788 12789 12798
f 12789 12799 12798
f 12789 12790 12799
f 12790 12800 12799
f 12790 12791 12800
f 12791 12801 12800
f 12791 12782 12801
f 12782 12792 12801
f 12792 12793 12802
f 12793 12803 12802
f 12793 12794 12803
f 12794 12804 12803
f 12794 12795 12804
f 12795 12805 12804
f 12795 12796 12805
f 12796 12806 12805
f 12796 12797 12806
f 12797 12807 12806
f 12797 12798 12807
f 12798 12808 12807
f 12798 12799 12808
f 12799 12809 12808
f 12799 12800 12809
f 12800 12810 12809
f 12800 12801 12810
f 12801 12811 12810
f 12801 12792 12811
f 12792 12802 12811
f 12802 12803 12812
f 12803 12813 12812
f 12803 12804 12813
f 12804 12814 12813
f 12804 12805 12814
f 12805 12815 12814
f 12805 12806 12815
f 12806 12816 12815
f 12806 12807 12816
f 12807 12817 12816
f 12807 12808 12817
f 12808 12818 12817
f 12808 12809 12818
f 12809 12819 12818
f 12809 12810 12819
f 12810 12820 12819
f 12810 12811 12820
f 12811 12821 12820
f 12811 12802 12821
f 12802 12812 12821
f 12812 12813 12822
f 12813 12823 12822
f 12813 12814 12823
f 12814 12824 12823
f 12814 12815 12824
f 12815 12825 12824
f 12815 12816 12825
f 12816 12826 12825
f 12816 12817 12826
f 12817 12827 12826
f 12817 12818 12827
f 12818 12828 12827
f 12818 12819 12828
f 12819 12829 12828
f 12819 12820 12829
f 12820 12830 12829
f 12820 12821 12830
f 12821 12831 12830
f 12821 12812 12831
f 12812 12822 12831
f 12822 12823 12832
f 12823 12833 12832
f 12823 12824 12833
f 12824 12834 12833
f 12824 12825 12834
f 12825 12835 12834
f 12825 12826 12835
f 12826 12836 12835
f 12826 12827 12836
f 12827 12837 12836
f 12827 12828 12837
f 12828 12838 12837
f 12828 12829 12838
f 12829 12839 12838
f 12829 12830 12839
f 12830 12840 12839
f 12830 12831 12840
f 12831 12841 12840
f 12831 12822 12841
f 12822 12832 12841
f 12832 12833 12842
f 12833 12843 12842
f 12833 12834 12843
f 12834 12844 12843
f 12834 12835 12844
f 12835 12845 12844
f 12835 12836 12845
f 12836 12846 12845
f 12836 12837 12846
f 12837 12847 12846
f 12837 12838 12847
f 12838 12848 12847
f 12838 12839 12848
f 12839 12849 12848
f 12839 12840 12849
f 12840 12850 12849
f 12840 12841 12850
f 12841 12851 12850
f 12841 12832 12851
f 12832 12842 12851
f 12852 12763 12762
f 12852 12764 12763
f 12852 12765 12764
f 12852 12766 12765
f 12852 12767 12766
f 12852 12768 12767
f 12852 12769 12768
f 12852 12770 12769
f 12852 12771 12770
f 12852 12762 12771
f 12853 12842 12843
f 12853 12843 12844
f 12853 12844 12845
f 12853 12845 12846
f 12853 12846 12847
f 12853 12847 12848
f 12853 12848 12849
f 12853 12849 12850
f 12853 12850 12851
f 12853 12851 12842
f 12854 12855 12864
f 12855 12865 12864
f 12855 12856 12865
f 12856 12866 12865
f 12856 12857 12866
f 12857 12867 12866
f 12857 12858 12867
f 12858 12868 12867
f 12858 12859 12868
f 12859 12869 12868
f 12859 12860 12869
f 12860 12870 12869
f 12860 12861 12870
f 12861 12871 12870
f 12861 12862 12871
f 12862 12872 12871
f 12862 12863 12872
f 12863 12873 12872
f 12863 12854 12873
f 12854 12864 12873
f 12864 12865 12874
f 12865 12875 12874
f 12865 12866 12875
f 12866 12876 12875
f 12866 12867 12876
f 12867 12877 12876
f 12867 12868 12877
f 12868 12878 12877
f 12868 12869 12878
f 12869 12879 12878
f 12869 12870 12879
f 12870 12880 12879
f 12870 12871 12880
f 12871 12881 12880
f 12871 12872 12881
f 12872 12882 12881
f 12872 12873 12882
f 12873 12883 12882
f 12873 12864 12883
f 12864 12874 12883
f 12874 12875 12884
f 12875 12885 12884
f 12875 12876 12885
f 12876 12886 12885
f 12876 12877 12886
f 12877 12887 12886
f 12877 12878 12887
f 12878 12888 12887
f 12878 12879 12888
f 12879 12889 12888
f 12879 12880 12889
f 12880 12890 12889
f 12880 12881 12890
f 12881 12891 12890
f 12881 12882 12891
f 12882 12892 12891
f 12882 12883 12892
f 12883 12893 12892
f 12883 12874 12893
f 12874 12884 12893
f 12884 12885 12894
f 12885 12895 12894
f 12885 12886 12895
f 12886 12896 12895
f 12886 12887 12896
f 12887 12897 12896
f 12887 12888 12897
f 12888 12898 12897
f 12888 12889 12898
f 12889 12899 12898
f 12889 12890 12899
f 12890 12900 12899
f 12890 12891 12900
f 12891 12901 12900
f 12891 12892 12901
f 12892 12902 12901
f 12892 12893 12902
f 12893 12903 12902
f 12893 12884 12903
f 12884 12894 12903
f 12894 12895 12904
f 12895 12905 12904
f 12895 12896 12905
f 12896 12906 12905
f 12896 12897 12906
f 12897 12907 12906
f 12897 12898 12907
f 12898 12908 12907
f 12898 12899 12908
f 12899 12909 12908
f 12899 12900 12909
f 12900 12910 12909
f 12900 12901 12910
f 12901 12911 12910
f 12901 12902 12911
f 12902 12912 12911
f 12902 12903 12912
f 12903 12913 12912
f 12903 12894 12913
f 12894 12904 12913
f 12904 12905 12914
f 12905 12915 12914
f 12905 12906 12915
f 12906 12916 12915
f 12906 12907 12916
f 12907 12917 12916
f 12907 12908 12917
f 12908 12918 12917
f 12908 12909 12918
f 12909 12919 12918
f 12909 12910 12919
f 12910 12920 12919
f 12910 12911 12920
f 12911 12921 12920
f 12911 12912 12921
f 12912 12922 12921
f 12912 12913 12922
f 12913 12923 12922
f 12913 12904 12923
f 12904 12914 12923
f 12914 12915 12924
f 12915 12925 12924
f 12915 12916 12925
f 12916 12926 12925
f 12916 12917 12926
f 12917 12927 12926
f 12917 12918 12927
f 12918 12928 12927
f 12918 12919 12928
f 12919 12929 12928
f 12919 12920 12929
f 12920 12930 12929
f 12920 12921 12930
f 12921 12931 12930
f 12921 12922 12931
f 12922 12932 12931
f 12922 12923 12932
f 12923 12933 12932
f 12923 12914 12933
f 12914 12924 12933
f 12924 12925 12934
f 12925 12935 12934
f 12925 12926 12935
f 12926 12936 12935
f 12926 12927 12936
f 12927 12937 12936
f 12927 12928 12937
f 12928 12938 12937
f 12928 12929 12938
f 12929 12939 12938
f 12929 12930 12939
f 12930 12940 12939
f 12930 12931 12940
f 12931 12941 12940
f 12931 12932 12941
f 12932 12942 12941
f 12932 12933 12942
f 12933 12943 12942
f 12933 12924 12943
f 12924 12934 12943
f 12944 12855 12854
f 12944 12856 12855
f 12944 12857 12856
f 12944 12858 12857
f 12944 12859 12858
f 12944 12860 12859
f 12944 12861 12860
f 12944 12862 12861
f 12944 12863 12862
f 12944 12854 12863
f 12945 12934 12935
f 12945 12935 12936
f 12945 12936 12937
f 12945 12937 12938
f 12945 12938 12939
f 12945 12939 12940
f 12945 12940 12941
f 12945 12941 12942
f 12945 12942 12943
f 12945 12943 12934
f 12946 12947 12956
f 12947 12957 12956
f 12947 12948 12957
f 12948 12958 12957
f 12948 12949 12958
f 12949 12959 12958
f 12949 12950 12959
f 12950 12960 12959
f 12950 12951 12960
f 12951 12961 12960
f 12951 12952 12961
f 12952 12962 12961
f 12952 12953 12962
f 12953 12963 12962
f 12953 12954 12963
f 12954 12964 12963
f 12954 12955 12964
f 12955 12965 12964
f 12955 12946 12965
f 12946 12956 12965
f 12956 12957 12966
f 12957 12967 12966
f 12957 12958 12967
f 12958 12968 12967
f 12958 12959 12968
f 12959 12969 12968
f 12959 12960 12969
f 12960 12970 12969
f 12960 12961 12970
f 12961 12971 12970
f 12961 12962 12971
f 12962 12972 12971
f 12962 12963 12972
f 12963 12973 12972
f 12963 12964 12973
f 12964 12974 12973
f 12964 12965 12974
f 12965 12975 12974
f 12965 12956 12975
f 12956 12966 12975
f 12966 12967 12976
f 12967 12977 12976
f 12967 12968 12977
f 12968 12978 12977
f 12968 12969 12978
f 12969 12979 12978
f 12969 12970 12979
f 12970 12980 12979
f 12970 12971 12980
f 12971 12981 12980
f 12971 12972 12981
f 12972 12982 12981
f 12972 12973 12982
f 12973 12983 12982
f 12973 12974 12983
f 12974 12984 12983
f 12974 12975 12984
f 12975 12985 12984
f 12975 12966 12985
f 12966 12976 12985
f 12976 12977 12986
f 12977 12987 12986
f 12977 12978 12987
f 12978 12988 12987
f 12978 12979 12988
f 12979 12989 12988
f 12979 12980 12989
f 12980 12990 12989
f 12980 12981 12990
f 12981 12991 12990
f 12981 12982 12991
f 12982 12992 12991
f 12982 12983 12992
f 12983 12993 12992
f 12983 12984 12993
f 12984 12994 12993
f 12984 12985 12994
f 12985 12995 12994
f 12985 12976 12995
f 12976 12986 12995
f 12986 12987 12996
f 12987 12997 12996
f 12987 12988 12997
f 12988 12998 12997
f 12988 12989 12998
f 12989 12999 12998
f 12989 12990 12999
f 12990 13000 12999
f 12990 12991 13000
f 12991 13001 13000
f 12991 12992 13001
f 12992 13002 13001
f 12992 12993 13002
f 12993 13003 13002
f 12993 12994 13003
f 12994 13004 13003
f 12994 12995 13004
f 12995 13005 13004
f 12995 12986 13005
f 12986 12996 13005
f 12996 12997 13006
f 12997 13007 13006
f 12997 12998 13007
f 12998 13008 13007
f 12998 12999 13008
f 12999 13009 13008
f 12999 13000 13009
f 13000 13010 13009
f 13000 13001 13010
f 13001 13011 13010
f 13001 13002 13011
f 13002 13012 13011
f 13002 13003 13012
f 13003 13013 13012
f 13003 13004 13013
f 13004 13014 13013
f 13004 13005 13014
f 13005 13015 13014
f 13005 12996 13015
f 12996 13006 13015
f 13006 13007 13016
f 13007 13017 13016
f 13007 13008 13017
f 13008 13018 13017
f 13008 13009 13018
f 13009 13019 13018
f 13009 13010 13019
f 13010 13020 13019
f 13010 13011 13020
f 13011 13021 13020
f 13011 13012 13021
f 13012 13022 13021
f 13012 13013 13022
f 13013 13023 13022
f 13013 13014 13023
f 13014 13024 13023
f 13014 13015 13024
f 13015 13025 13024
f 13015 13006 13025
f 13006 13016 13025
f 13016 13017 13026
f 13017 13027 13026
f 13017 13018 13027
f 13018 13028 13027
f 13018 13019 13028
f 13019 13029 13028
f 13019 13020 13029
f 13020 13030 13029
f 13020 13021 13030
f 13021 13031 13030
f 13021 13022 13031
f 13022 13032 13031
f 13022 13023 13032
f 13023 13033 13032
f 13023 13024 13033
f 13024 13034 13033
f 13024 13025 13034
f 13025 13035 13034
f 13025 13016 13035
f 13016 13026 13035
f 13036 12947 12946
f 13036 12948 12947
f 13036 12949 12948
f 13036 12950 12949
f 13036 12951 12950
f 13036 12952 12951
f 13036 12953 12952
f 13036 12954 12953
f 13036 12955 12954
f 13036 12946 12955
f 13037 13026 13027
f 13037 13027 13028
f 13037 13028 13029
f 13037 13029 13030
f 13037 13030 13031
f 13037 13031 13032
f 13037 13032 13033
f 13037 13033 13034
f 13037 13034 13035
f 13037 13035 13026
f 13038 13039 13048
f 13039 13049 13048
f 13039 13040 13049
f 13040 13050 13049
f 13040 13041 13050
f 13041 13051 13050
f 13041 13042 13051
f 13042 13052 13051
f 13042 13043 13052
f 13043 13053 13052
f 13043 13044 13053
f 13044 13054 13053
f 13044 13045 13054
f 13045 13055 13054
f 13045 13046 13055
f 13046 13056 13055
f 13046 13047 13056
f 13047 13057 13056
f 13047 13038 13057
f 13038 13048 13057
f 13048 13049 13058
f 13049 13059 13058
f 13049 13050 13059
f 13050 13060 13059
f 13050 13051 13060
f 13051 13061 13060
f 13051 13052 13061
f 13052 13062 13061
f 13052 13053 13062
f 13053 13063 13062
f 13053 13054 13063
f 13054 13064 13063
f 13054 13055 13064
f 13055 13065 13064
f 13055 13056 13065
f 13056 13066 13065
f 13056 13057 13066
f 13057 13067 13066
f 13057 13048 13067
f 13048 13058 13067
f 13058 13059 13068
f 13059 13069 13068
f 13059 13060 13069
f 13060 13070 13069
f 13060 13061 13070
f 13061 13071 13070
f 13061 13062 13071
f 13062 13072 13071
f 13062 13063 13072
f 13063 13073 13072
f 13063 13064 13073
f 13064 13074 13073
f 13064 13065 13074
f 13065 13075 13074
f 13065 13066 13075
f 13066 13076 13075
f 13066 13067 13076
f 13067 13077 13076
f 13067 13058 13077
f 13058 13068 13077
f 13068 13069 13078
f 13069 13079 13078
f 13069 13070 13079
f 13070 13080 13079
f 13070 13071 13080
f 13071 13081 13080
f 13071 13072 13081
f 13072 13082 13081
f 13072 13073 13082
f 13073 13083 13082
f 13073 13074 13083
f 13074 13084 13083
f 13074 13075 13084
f 13075 13085 13084
f 13075 13076 13085
f 13076 13086 13085
f 13076 13077 13086
f 13077 13087 13086
f 13077 13068 13087
f 13068 13078 13087
f 13078 13079 13088
f 13079 13089 13088
f 13079 13080 13089
f 13080 13090 13089
f 13080 13081 13090
f 13081 13091 13090
f 13081 13082 13091
f 13082 13092 13091
f 13082 13083 13092
f 13083 13093 13092
f 13083 13084 13093
f 13084 13094 13093
f 13084 13085 13094
f 13085 13095 13094
f 13085 13086 13095
f 13086 13096 13095
f 13086 13087 13096
f 13087 13097 13096
f 13087 13078 13097
f 13078 13088 13097
f 13088 13089 13098
f 13089 13099 13098
f 13089 13090 13099
f 13090 13100 13099
f 13090 13091 13100
f 13091 13101 13100
f 13091 13092 13101
f 13092 13102 13101
f 13092 13093 13102
f 13093 13103 13102
f 13093 13094 13103
f 13094 13104 13103
f 13094 13095 13104
f 13095 13105 13104
f 13095 13096 13105
f 13096 13106 13105
f 13096 13097 13106
f 13097 13107 13106
f 13097 13088 13107
f 13088 13098 13107
f 13098 13099 13108
f 13099 13109 13108
f 13099 13100 13109
f 13100 13110 13109
f 13100 13101 13110
f 13101 13111 13110
f 13101 13102 13111
f 13102 13112 13111
f 13102 13103 13112
f 13103 13113 13112
f 13103 13104 13113
f 13104 13114 13113
f 13104 13105 13114
f 13105 13115 13114
f 13105 13106 13115
f 13106 13116 13115
f 13106 13107 13116
f 13107 13117 13116
f 13107 13098 13117
f 13098 13108 13117
f 13108 13109 13118
f 13109 13119 13118
f 13109 13110 13119
f 13110 13120 13119
f 13110 13111 13120
f 13111 13121 13120
f 13111 13112 13121
f 13112 13122 13121
f 13112 13113 13122
f 13113 13123 13122
f 13113 13114 13123
f 13114 13124 13123
f 13114 13115 13124
f 13115 13125 13124
f 13115 13116 13125
f 13116 13126 13125
f 13116 13117 13126
f 13117 13127 13126
f 13117 13108 13127
f 13108 13118 13127
f 13128 13039 13038
f 13128 13040 13039
f 13128 13041 13040
f 13128 13042 13041
f 13128 13043 13042
f 13128 13044 13043
f 13128 13045 13044
f 13128 13046 13045
f 13128 13047 13046
f 13128 13038 13047
f 13129 13118 13119
f 13129 13119 13120
f 13129 13120 13121
f 13129 13121 13122
f 13129 13122 13123
f 13129 13123 13124
f 13129 13124 13125
f 13129 13125 13126
f 13129 13126 13127
f 13129 13127 13118
f 13130 13131 13140
f 13131 13141 13140
f 13131 13132 13141
f 13132 13142 13141
f 13132 13133 13142
f 13133 13143 13142
f 13133 13134 13143
f 13134 13144 13143
f 13134 13135 13144
f 13135 13145 13144
f 13135 13136 13145
f 13136 13146 13145
f 13136 13137 13146
f 13137 13147 13146
f 13137 13138 13147
f 13138 13148 13147
f 13138 13139 13148
f 13139 13149 13148
f 13139 13130 13149
f 13130 13140 13149
f 13140 13141 13150
f 13141 13151 13150
f 13141 13142 13151
f 13142 13152 13151
f 13142 13143 13152
f 13143 13153 13152
f 13143 13144 13153
f 13144 13154 13153
f 13144 13145 13154
f 13145 13155 13154
f 13145 13146 13155
f 13146 13156 13155
f 13146 13147 13156
f 13147 13157 13156
f 13147 13148 13157
f 13148 13158 13157
f 13148 13149 13158
f 13149 13159 13158
f 13149 13140 13159
f 13140 13150 13159
f 13150 13151 13160
f 13151 13161 13160
f 13151 13152 13161
f 13152 13162 13161
f 13152 13153 13162
f 13153 13163 13162
f 13153 13154 13163
f 13154 13164 13163
f 13154 13155 13164
f 13155 13165 13164
f 13155 13156 13165
f 13156 13166 13165
f 13156 13157 13166
f 13157 13167 13166
f 13157 13158 13167
f 13158 13168 13167
f 13158 13159 13168
f 13159 13169 13168
f 13159 13150 13169
f 13150 13160 13169
f 13160 13161 13170
f 13161 13171 13170
f 13161 13162 13171
f 13162 13172 13171
f 13162 13163 13172
f 13163 13173 13172
f 13163 13164 13173
f 13164 13174 13173
f 13164 13165 13174
f 13165 13175 13174
f 13165 13166 13175
f 13166 13176 13175
f 13166 13167 13176
f 13167 13177 13176
f 13167 13168 13177
f 13168 13178 13177
f 13168 13169 13178
f 13169 13179 13178
f 13169 13160 13179
f 13160 13170 13179
f 13170 13171 13180
f 13171 13181 13180
f 13171 13172 13181
f 13172 13182 13181
f 13172 13173 13182
f 13173 13183 13182
f 13173 13174 13183
f 13174 13184 13183
f 13174 13175 13184
f 13175 13185 13184
f 13175 13176 13185
f 13176 13186 13185
f 13176 13177 13186
f 13177 13187 13186
f 13177 13178 13187
f 13178 13188 13187
f 13178 13179 13188
f 13179 13189 13188
f 13179 13170 13189
f 13170 13180 13189
f 13180 13181 13190
f 13181 13191 13190
f 13181 13182 13191
f 13182 13192 13191
f 13182 13183 13192
f 13183 13193 13192
f 13183 13184 13193
f 13184 13194 13193
f 13184 13185 13194
f 13185 13195 13194
f 13185 13186 13195
f 13186 13196 13195
f 13186 13187 13196
f 13187 13197 13196
f 13187 13188 13197
f 13188 13198 13197
f 13188 13189 13198
f 13189 13199 13198
f 13189 13180 13199
f 13180 13190 13199
f 13190 13191 13200
f 13191 13201 13200
f 13191 13192 13201
f 13192 13202 13201
f 13192 13193 13202
f 13193 13203 13202
f 13193 13194 13203
f 13194 13204 13203
f 13194 13195 13204
f 13195 13205 13204
f 13195 13196 13205
f 13196 13206 13205
f 13196 13197 13206
f 13197 13207 13206
f 13197 13198 13207
f 13198 13208 13207
f 13198 13199 13208
f 13199 13209 13208
f 13199 13190 13209
f 13190 13200 13209
f 13210 13131 13130
f 13210 13132 13131
f 13210 13133 13132
f 13210 13134 13133
f 13210 13135 13134
f 13210 13136 13135
f 13210 13137 13136
f 13210 13138 13137
f 13210 13139 13138
f 13210 13130 13139
f 13211 13200 13201
f 13211 13201 13202
f 13211 13202 13203
f 13211 13203 13204
f 13211 13204 13205
f 13211 13205 13206
f 13211 13206 13207
f 13211 13207 13208
f 13211 13208 13209
f 13211 13209 13200
f 13212 13213 13222
f 13213 13223 13222
f 13213 13214 13223
f 13214 13224 13223
f 13214 13215 13224
f 13215 13225 13224
f 13215 13216 13225
f 13216 13226 13225
f 13216 13217 13226
f 13217 13227 13226
f 13217 13218 13227
f 13218 13228 13227
f 13218 13219 13228
f 13219 13229 13228
f 13219 13220 13229
f 13220 13230 13229
f 13220 13221 13230
f 13221 13231 13230
f 13221 13212 13231
f 13212 13222 13231
f 13222 13223 13232
f 13223 13233 13232
f 13223 13224 13233
f 13224 13234 13233
f 13224 13225 13234
f 13225 13235 13234
f 13225 13226 13235
f 13226 13236 13235
f 13226 13227 13236
f 13227 13237 13236
f 13227 13228 13237
f 13228 13238 13237
f 13228 13229 13238
f 13229 13239 13238
f 13229 13230 13239
f 13230 13240 13239
f 13230 13231 13240
f 13231 13241 13240
f 13231 13222 13241
f 13222 13232 13241
f 13232 13233 13242
f 13233 13243 13242
f 13233 13234 13243
f 13234 13244 13243
f 13234 13235 13244
f 13235 13245 13244
f 13235 13236 13245
f 13236 13246 13245
f 13236 13237 13246
f 13237 13247 13246
f 13237 13238 13247
f 13238 13248 13247
f 13238 13239 13248
f 13239 13249 13248
f 13239 13240 13249
f 13240 13250 13249
f 13240 13241 13250
f 13241 13251 13250
f 13241 13232 13251
f 13232 13242 13251
f 13242 13243 13252
f 13243 13253 13252
f 13243 13244 13253
f 13244 13254 13253
f 13244 13245 13254
f 13245 13255 13254
f 13245 13246 13255
f 13246 13256 13255
f 13246 13247 13256
f 13247 13257 13256
f 13247 13248 13257
f 13248 13258 13257
f 13248 13249 13258
f 13249 13259 13258
f 13249 13250 13259
f 13250 13260 13259
f 13250 13251 13260
f 13251 13261 13260
f 13251 13242 13261
f 13242 13252 13261
f 13252 13253 13262
f 13253 13263 13262
f 13253 13254 13263
f 13254 13264 13263
f 13254 13255 13264
f 13255 13265 13264
f 13255 13256 13265
f 13256 13266 13265
f 13256 13257 13266
f 13257 13267 13266
f 13257 13258 13267
f 13258 13268 13267
f 13258 13259 13268
f 13259 13269 13268
f 13259 13260 13269
f 13260 13270 13269
f 13260 13261 13270
f 13261 13271 13270
f 13261 13252 13271
f 13252 13262 13271
f 13262 13263 13272
f 13263 13273 13272
f 13263 13264 13273
f 13264 13274 13273
f 13264 13265 13274
f 13265 13275 13274
f 13265 13266 13275
f 13266 13276 13275
f 13266 13267 13276
f 13267 13277 13276
f 13267 13268 13277
f 13268 13278 13277
f 13268 13269 13278
f 13269 13279 13278
f 13269 13270 13279
f 13270 13280 13279
f 13270 13271 13280
f 13271 13281 13280
f 13271 13262 13281
f 13262 13272 13281
f 13272 13273 13282
f 13273 13283 13282
f 13273 13274 13283
f 13274 13284 13283
f 13274 13275 13284
f 13275 13285 13284
f 13275 13276 13285
f 13276 13286 13285
f 13276 13277 13286
f 13277 13287 13286
f 13277 13278 13287
f 13278 13288 13287
f 13278 13279 13288
f 13279 13289 13288
f 13279 13280 13289
f 13280 13290 13289
f 13280 13281 13290
f 13281 13291 13290
f 13281 13272 13291
f 13272 13282 13291
f 13292 13213 13212
f 13292 13214 13213
f 13292 13215 13214
f 13292 13216 13215
f 13292 13217 13216
f 13292 13218 13217
f 13292 13219 13218
f 13292 13220 13219
f 13292 13221 13220
f 13292 13212 13221
f 13293 13282 13283
f 13293 13283 13284
f 13293 13284 13285
f 13293 13285 13286
f 13293 13286 13287
f 13293 13287 13288
f 13293 13288 13289
f 13293 13289 13290
f 13293 13290 13291
f 13293 13291 13282
f 13294 13296 13295
f 13294 13297 13296
f 13294 13298 13297
f 13294 13299 13298
f 13294 13300 13299
f 13294 13301 13300
f 13294 13302 13301
f 13294 13303 13302
f 13294 13304 13303
f 13294 13305 13304
f 13294 13306 13305
f 13294 13295 13306
f 13296 13307 13295
f 13308 13307 13296
f 13297 13308 13296
f 13309 13308 13297
f 13298 13309 13297
f 13310 13309 13298
f 13299 13310 13298
f 13311 13310 13299
f 13300 13311 13299
f 13312 13311 13300
f 13301 13312 13300
f 13313 13312 13301
f 13302 13313 13301
f 13314 13313 13302
f 13303 13314 13302
f 13315 13314 13303
f 13304 13315 13303
f 13316 13315 13304
f 13305 13316 13304
f 13317 13316 13305
f 13306 13317 13305
f 13318 13317 13306
f 13295 13318 13306
f 13307 13318 13295
f 13308 13319 13307
f 13320 13319 13308
f 13309 13320 13308
f 13321 13320 13309
f 13310 13321 13309
f 13322 13321 13310
f 13311 13322 13310
f 13323 13322 13311
f 13312 13323 13311
f 13324 13323 13312
f 13313 13324 13312
f 13325 13324 13313
f 13314 13325 13313
f 13326 13325 13314
f 13315 13326 13314
f 13327 13326 13315
f 13316 13327 13315
f 13328 13327 13316
f 13317 13328 13316
f 13329 13328 13317
f 13318 13329 13317
f 13330 13329 13318
f 13307 13330 13318
f 13319 13330 13307
f 13320 13331 13319
f 13332 13331 13320
f 13321 13332 13320
f 13333 13332 13321
f 13322 13333 13321
f 13334 13333 13322
f 13323 13334 13322
f 13335 13334 13323
f 13324 13335 13323
f 13336 13335 13324
f 13325 13336 13324
f 13337 13336 13325
f 13326 13337 13325
f 13338 13337 13326
f 13327 13338 13326
f 13339 13338 13327
f 13328 13339 13327
f 13340 13339 13328
f 13329 13340 13328
f 13341 13340 13329
f 13330 13341 13329
f 13342 13341 13330
f 13319 13342 13330
f 13331 13342 13319
f 13332 13343 13331
f 13344 13343 13332
f 13333 13344 13332
f 13345 13344 13333
f 13334 13345 13333
f 13346 13345 13334
f 13335 13346 13334
f 13347 13346 13335
f 13336 13347 13335
f 13348 13347 13336
f 13337 13348 13336
f 13349 13348 13337
f 13338 13349 13337
f 13350 13349 13338
f 13339 13350 13338
f 13351 13350 13339
f 13340 13351 13339
f 13352 13351 13340
f 13341 13352 13340
f 13353 13352 13341
f 13342 13353 13341
f 13354 13353 13342
f 13331 13354 13342
f 13343 13354 13331
f 13344 13355 13343
f 13356 13355 13344
f 13345 13356 13344
f 13357 13356 13345
f 13346 13357 13345
f 13358 13357 13346
f 13347 13358 13346
f 13359 13358 13347
f 13348 13359 13347
f 13360 13359 13348
f 13349 13360 13348
f 13361 13360 13349
f 13350 13361 13349
f 13362 13361 13350
f 13351 13362 13350
f 13363 13362 13351
f 13352 13363 13351
f 13364 13363 13352
f 13353 13364 13352
f 13365 13364 13353
f 13354 13365 13353
f 13366 13365 13354
f 13343 13366 13354
f 13355 13366 13343
f 13356 13367 13355
f 13368 13367 13356
f 13357 13368 13356
f 13369 13368 13357
f 13358 13369 13357
f 13370 13369 13358
f 13359 13370 13358
f 13371 13370 13359
f 13360 13371 13359
f 13372 13371 13360
f 13361 13372 13360
f 13373 13372 13361
f 13362 13373 13361
f 13374 13373 13362
f 13363 13374 13362
f 13375 13374 13363
f 13364 13375 13363
f 13376 13375 13364
f 13365 13376 13364
f 13377 13376 13365
f 13366 13377 13365
f 13378 13377 13366
f 13355 13378 13366
f 13367 13378 13355
f 13368 13379 13367
f 13369 13379 13368
f 13370 13379 13369
f 13371 13379 13370
f 13372 13379 13371
f 13373 13379 13372
f 13374 13379 13373
f 13375 13379 13374
f 13376 13379 13375
f 13377 13379 13376
f 13378 13379 13377
f 13367 13379 13378
f 13380 13382 13381
f 13380 13383 13382
f 13380 13384 13383
f 13380 13385 13384
f 13380 13386 13385
f 13380 13387 13386
f 13380 13388 13387
f 13380 13389 13388
f 13380 13390 13389
f 13380 13391 13390
f 13380 13392 13391
f 13380 13381 13392
f 13382 13393 13381
f 13394 13393 13382
f 13383 13394 13382
f 13395 13394 13383
f 13384 13395 13383
f 13396 13395 13384
f 13385 13396 13384
f 13397 13396 13385
f 13386 13397 13385
f 13398 13397 13386
f 13387 13398 13386
f 13399 13398 13387
f 13388 13399 13387
f 13400 13399 13388
f 13389 13400 13388
f 13401 13400 13389
f 13390 13401 13389
f 13402 13401 13390
f 13391 13402 13390
f 13403 13402 13391
f 13392 13403 13391
f 13404 13403 13392
f 13381 13404 13392
f 13393 13404 13381
f 13394 13405 13393
f 13406 13405 13394
f 13395 13406 13394
f 13407 13406 13395
f 13396 13407 13395
f 13408 13407 13396
f 13397 13408 13396
f 13409 13408 13397
f 13398 13409 13397
f 13410 13409 13398
f 13399 13410 13398
f 13411 13410 13399
f 13400 13411 13399
f 13412 13411 13400
f 13401 13412 13400
f 13413 13412 13401
f 13402 13413 13401
f 13414 13413 13402
f 13403 13414 13402
f 13415 13414 13403
f 13404 13415 13403
f 13416 13415 13404
f 13393 13416 13404
f 13405 13416 13393
f 13406 13417 13405
f 13418 13417 13406
f 13407 13418 13406
f 13419 13418 13407
f 13408 13419 13407
f 13420 13419 13408
f 13409 13420 13408
f 13421 13420 13409
f 13410 13421 13409
f 13422 13421 13410
f 13411 13422 13410
f 13423 13422 13411
f 13412 13423 13411
f 13424 13423 13412
f 13413 13424 13412
f 13425 13424 13413
f 13414 13425 13413
f 13426 13425 13414
f 13415 13426 13414
f 13427 13426 13415
f 13416 13427 13415
f 13428 13427 13416
f 13405 13428 13416
f 13417 13428 13405
f 13418 13429 13417
f 13430 13429 13418
f 13419 13430 13418
f 13431 13430 13419
f 13420 13431 13419
f 13432 13431 13420
f 13421 13432 13420
f 13433 13432 13421
f 13422 13433 13421
f 13434 13433 13422
f 13423 13434 13422
f 13435 13434 13423
f 13424 13435 13423
f 13436 13435 13424
f 13425 13436 13424
f 13437 13436 13425
f 13426 13437 13425
f 13438 13437 13426
f 13427 13438 13426
f 13439 13438 13427
f 13428 13439 13427
f 13440 13439 13428
f 13417 13440 13428
f 13429 13440 13417
f 13430 13441 13429
f 13442 13441 13430
f 13431 13442 13430
f 13443 13442 13431
f 13432 13443 13431
f 13444 13443 13432
f 13433 13444 13432
f 13445 13444 13433
f 13434 13445 13433
f 13446 13445 13434
f 13435 13446 13434
f 13447 13446 13435
f 13436 13447 13435
f 13448 13447 13436
f 13437 13448 13436
f 13449 13448 13437
f 13438 13449 13437
f 13450 13449 13438
f 13439 13450 13438
f 13451 13450 13439
f 13440 13451 13439
f 13452 13451 13440
f 13429 13452 13440
f 13441 13452 13429
f 13442 13453 13441
f 13454 13453 13442
f 13443 13454 13442
f 13455 13454 13443
f 13444 13455 13443
f 13456 13455 13444
f 13445 13456 13444
f 13457 13456 13445
f 13446 13457 13445
f 13458 13457 13446
f 13447 13458 13446
f 13459 13458 13447
f 13448 13459 13447
f 13460 13459 13448
f 13449 13460 13448
f 13461 13460 13449
f 13450 13461 13449
f 13462 13461 13450
f 13451 13462 13450
f 13463 13462 13451
f 13452 13463 13451
f 13464 13463 13452
f 13441 13464 13452
f 13453 13464 13441
f 13454 13465 13453
f 13455 13465 13454
f 13456 13465 13455
f 13457 13465 13456
f 13458 13465 13457
f 13459 13465 13458
f 13460 13465 13459
f 13461 13465 13460
f 13462 13465 13461
f 13463 13465 13462
f 13464 13465 13463
f 13453 13465 13464
f 13466 13468 13467
f 13466 13469 13468
f 13466 13470 13469
f 13466 13471 13470
f 13466 13472 13471
f 13466 13473 13472
f 13466 13474 13473
f 13466 13475 13474
f 13466 13476 13475
f 13466 13477 13476
f 13466 13478 13477
f 13466 13467 13478
f 13468 13479 13467
f 13480 13479 13468
f 13469 13480 13468
f 13481 13480 13469
f 13470 13481 13469
f 13482 13481 13470
f 13471 13482 13470
f 13483 13482 13471
f 13472 13483 13471
f 13484 13483 13472
f 13473 13484 13472
f 13485 13484 13473
f 13474 13485 13473
f 13486 13485 13474
f 13475 13486 13474
f 13487 13486 13475
f 13476 13487 13475
f 13488 13487 13476
f 13477 13488 13476
f 13489 13488 13477
f 13478 13489 13477
f 13490 13489 13478
f 13467 13490 13478
f 13479 13490 13467
f 13480 13491 13479
f 13492 13491 13480
f 13481 13492 13480
f 13493 13492 13481
f 13482 13493 13481
f 13494 13493 13482
f 13483 13494 13482
f 13495 13494 13483
f 13484 13495 13483
f 13496 13495 13484
f 13485 13496 13484
f 13497 13496 13485
f 13486 13497 13485
f 13498 13497 13486
f 13487 13498 13486
f 13499 13498 13487
f 13488 13499 13487
f 13500 13499 13488
f 13489 13500 13488
f 13501 13500 13489
f 13490 13501 13489
f 13502 13501 13490
f 13479 13502 13490
f 13491 13502 13479
f 13492 13503 13491
f 13504 13503 13492
f 13493 13504 13492
f 13505 13504 13493
f 13494 13505 13493
f 13506 13505 13494
f 13495 13506 13494
f 13507 13506 13495
f 13496 13507 13495
f 13508 13507 13496
f 13497 13508 13496
f 13509 13508 13497
f 13498 13509 13497
f 13510 13509 13498
f 13499 13510 13498
f 13511 13510 13499
f 13500 13511 13499
f 13512 13511 13500
f 13501 13512 13500
f 13513 13512 13501
f 13502 13513 13501
f 13514 13513 13502
f 13491 13514 13502
f 13503 13514 13491
f 13504 13515 13503
f 13516 13515 13504
f 13505 13516 13504
f 13517 13516 13505
f 13506 13517 13505
f 13518 13517 13506
f 13507 13518 13506
f 13519 13518 13507
f 13508 13519 13507
f 13520 13519 13508
f 13509 13520 13508
f 13521 13520 13509
f 13510 13521 13509
f 13522 13521 13510
f 13511 13522 13510
f 13523 13522 13511
f 13512 13523 13511
f 13524 13523 13512
f 13513 13524 13512
f 13525 13524 13513
f 13514 13525 13513
f 13526 13525 13514
f 13503 13526 13514
f 13515 13526 13503
f 13516 13527 13515
f 13528 13527 13516
f 13517 13528 13516
f 13529 13528 13517
f 13518 13529 13517
f 13530 13529 13518
f 13519 13530 13518
f 13531 13530 13519
f 13520 13531 13519
f 13532 13531 13520
f 13521 13532 13520
f 13533 13532 13521
f 13522 13533 13521
f 13534 13533 13522
f 13523 13534 13522
f 13535 13534 13523
f 13524 13535 13523
f 13536 13535 13524
f 13525 13536 13524
f 13537 13536 13525
f 13526 13537 13525
f 13538 13537 13526
f 13515 13538 13526
f 13527 13538 13515
f 13528 13539 13527
f 13540 13539 13528
f 13529 13540 13528
f 13541 13540 13529
f 13530 13541 13529
f 13542 13541 13530
f 13531 13542 13530
f 13543 13542 13531
f 13532 13543 13531
f 13544 13543 13532
f 13533 13544 13532
f 13545 13544 13533
f 13534 13545 13533
f 13546 13545 13534
f 13535 13546 13534
f 13547 13546 13535
f 13536 13547 13535
f 13548 13547 13536
f 13537 13548 13536
f 13549 13548 13537
f 13538 13549 13537
f 13550 13549 13538
f 13527 13550 13538
f 13539 13550 13527
f 13540 13551 13539
f 13541 13551 13540
f 13542 13551 13541
f 13543 13551 13542
f 13544 13551 13543
f 13545 13551 13544
f 13546 13551 13545
f 13547 13551 13546
f 13548 13551 13547
f 13549 13551 13548
f 13550 13551 13549
f 13539 13551 13550
f 13552 13554 13553
f 13552 13555 13554
f 13552 13556 13555
f 13552 13557 13556
f 13552 13558 13557
f 13552 13559 13558
f 13552 13560 13559
f 13552 13561 13560
f 13552 13562 13561
f 13552 13563 13562
f 13552 13564 13563
f 13552 13553 13564
f 13554 13565 13553
f 13566 13565 13554
f 13555 13566 13554
f 13567 13566 13555
f 13556 13567 13555
f 13568 13567 13556
f 13557 13568 13556
f 13569 13568 13557
f 13558 13569 13557
f 13570 13569 13558
f 13559 13570 13558
f 13571 13570 13559
f 13560 13571 13559
f 13572 13571 13560
f 13561 13572 13560
f 13573 13572 13561
f 13562 13573 13561
f 13574 13573 13562
f 13563 13574 13562
f 13575 13574 13563
f 13564 13575 13563
f 13576 13575 13564
f 13553 13576 13564
f 13565 13576 13553
f 13566 13577 13565
f 13578 13577 13566
f 13567 13578 13566
f 13579 13578 13567
f 13568 13579 13567
f 13580 13579 13568
f 13569 13580 13568
f 13581 13580 13569
f 13570 13581 13569
f 13582 13581 13570
f 13571 13582 13570
f 13583 13582 13571
f 13572 13583 13571
f 13584 13583 13572
f 13573 13584 13572
f 13585 13584 13573
f 13574 13585 13573
f 13586 13585 13574
f 13575 13586 13574
f 13587 13586 13575
f 13576 13587 13575
f 13588 13587 13576
f 13565 13588 13576
f 13577 13588 13565
f 13578 13589 13577
f 13590 13589 13578
f 13579 13590 13578
f 13591 13590 13579
f 13580 13591 13579
f 13592 13591 13580
f 13581 13592 13580
f 13593 13592 13581
f 13582 13593 13581
f 13594 13593 13582
f 13583 13594 13582
f 13595 13594 13583
f 13584 13595 13583
f 13596 13595 13584
f 13585 13596 13584
f 13597 13596 13585
f 13586 13597 13585
f 13598 13597 13586
f 13587 13598 13586
f 13599 13598 13587
f 13588 13599 13587
f 13600 13599 13588
f 13577 13600 13588
f 13589 13600 13577
f 13590 13601 13589
f 13602 13601 13590
f 13591 13602 13590
f 13603 13602 13591
f 13592 13603 13591
f 13604 13603 13592
f 13593 13604 13592
f 13605 13604 13593
f 13594 13605 13593
f 13606 13605 13594
f 13595 13606 13594
f 13607 13606 13595
f 13596 13607 13595
f 13608 13607 13596
f 13597 13608 13596
f 13609 13608 13597
f 13598 13609 13597
f 13610 13609 13598
f 13599 13610 13598
f 13611 13610 13599
f 13600 13611 13599
f 13612 13611 13600
f 13589 13612 13600
f 13601 13612 13589
f 13602 13613 13601
f 13614 13613 13602
f 13603 13614 13602
f 13615 13614 13603
f 13604 13615 13603
f 13616 13615 13604
f 13605 13616 13604
f 13617 13616 13605
f 13606 13617 13605
f 13618 13617 13606
f 13607 13618 13606
f 13619 13618 13607
f 13608 13619 13607
f 13620 13619 13608
f 13609 13620 13608
f 13621 13620 13609
f 13610 13621 13609
f 13622 13621 13610
f 13611 13622 13610
f 13623 13622 13611
f 13612 13623 13611
f 13624 13623 13612
f 13601 13624 13612
f 13613 13624 13601
f 13614 13625 13613
f 13626 13625 13614
f 13615 13626 13614
f 13627 13626 13615
f 13616 13627 13615
f 13628 13627 13616
f 13617 13628 13616
f 13629 13628 13617
f 13618 13629 13617
f 13630 13629 13618
f 13619 13630 13618
f 13631 13630 13619
f 13620 13631 13619
f 13632 13631 13620
f 13621 13632 13620
f 13633 13632 13621
f 13622 13633 13621
f 13634 13633 13622
f 13623 13634 13622
f 13635 13634 13623
f 13624 13635 13623
f 13636 13635 13624
f 13613 13636 13624
f 13625 13636 13613
f 13626 13637 13625
f 13627 13637 13626
f 13628 13637 13627
f 13629 13637 13628
f 13630 13637 13629
f 13631 13637 13630
f 13632 13637 13631
f 13633 13637 13632
f 13634 13637 13633
f 13635 13637 13634
f 13636 13637 13635
f 13625 13637 13636
f 13638 13640 13639
f 13638 13641 13640
f 13638 13642 13641
f 13638 13643 13642
f 13638 13644 13643
f 13638 13645 13644
f 13638 13646 13645
f 13638 13647 13646
f 13638 13648 13647
f 13638 13649 13648
f 13638 13650 13649
f 13638 13639 13650
f 13640 13651 13639
f 13652 13651 13640
f 13641 13652 13640
f 13653 13652 13641
f 13642 13653 13641
f 13654 13653 13642
f 13643 13654 13642
f 13655 13654 13643
f 13644 13655 13643
f 13656 13655 13644
f 13645 13656 13644
f 13657 13656 13645
f 13646 13657 13645
f 13658 13657 13646
f 13647 13658 13646
f 13659 13658 13647
f 13648 13659 13647
f 13660 13659 13648
f 13649 13660 13648
f 13661 13660 13649
f 13650 13661 13649
f 13662 13661 13650
f 13639 13662 13650
f 13651 13662 13639
f 13652 13663 13651
f 13664 13663 13652
f 13653 13664 13652
f 13665 13664 13653
f 13654 13665 13653
f 13666 13665 13654
f 13655 13666 13654
f 13667 13666 13655
f 13656 13667 13655
f 13668 13667 13656
f 13657 13668 13656
f 13669 13668 13657
f 13658 13669 13657
f 13670 13669 13658
f 13659 13670 13658
f 13671 13670 13659
f 13660 13671 13659
f 13672 13671 13660
f 13661 13672 13660
f 13673 13672 13661
f 13662 13673 13661
f 13674 13673 13662
f 13651 13674 13662
f 13663 13674 13651
f 13664 13675 13663
f 13676 13675 13664
f 13665 13676 13664
f 13677 13676 13665
f 13666 13677 13665
f 13678 13677 13666
f 13667 13678 13666
f 13679 13678 13667
f 13668 13679 13667
f 13680 13679 13668
f 13669 13680 13668
f 13681 13680 13669
f 13670 13681 13669
f 13682 13681 13670
f 13671 13682 13670
f 13683 13682 13671
f 13672 13683 13671
f 13684 13683 13672
f 13673 13684 13672
f 13685 13684 13673
f 13674 13685 13673
f 13686 13685 13674
f 13663 13686 13674
f 13675 13686 13663
f 13676 13687 13675
f 13688 13687 13676
f 13677 13688 13676
f 13689 13688 13677
f 13678 13689 13677
f 13690 13689 13678
f 13679 13690 13678
f 13691 13690 13679
f 13680 13691 13679
f 13692 13691 13680
f 13681 13692 13680
f 13693 13692 13681
f 13682 13693 13681
f 13694 13693 13682
f 13683 13694 13682
f 13695 13694 13683
f 13684 13695 13683
f 13696 13695 13684
f 13685 13696 13684
f 13697 13696 13685
f 13686 13697 13685
f 13698 13697 13686
f 13675 13698 13686
f 13687 13698 13675
f 13688 13699 13687
f 13700 13699 13688
f 13689 13700 13688
f 13701 13700 13689
f 13690 13701 13689
f 13702 13701 13690
f 13691 13702 13690
f 13703 13702 13691
f 13692 13703 13691
f 13704 13703 13692
f 13693 13704 13692
f 13705 13704 13693
f 13694 13705 13693
f 13706 13705 13694
f 13695 13706 13694
f 13707 13706 13695
f 13696 13707 13695
f 13708 13707 13696
f 13697 13708 13696
f 13709 13708 13697
f 13698 13709 13697
f 13710 13709 13698
f 13687 13710 13698
f 13699 13710 13687
f 13700 13711 13699
f 13712 13711 13700
f 13701 13712 13700
f 13713 13712 13701
f 13702 13713 13701
f 13714 13713 13702
f 13703 13714 13702
f 13715 13714 13703
f 13704 13715 13703
f 13716 13715 13704
f 13705 13716 13704
f 13717 13716 13705
f 13706 13717 13705
f 13718 13717 13706
f 13707 13718 13706
f 13719 13718 13707
f 13708 13719 13707
f 13720 13719 13708
f 13709 13720 13708
f 13721 13720 13709
f 13710 13721 13709
f 13722 13721 13710
f 13699 13722 13710
f 13711 13722 13699
f 13712 13723 13711
f 13713 13723 13712
f 13714 13723 13713
f 13715 13723 13714
f 13716 13723 13715
f 13717 13723 13716
f 13718 13723 13717
f 13719 13723 13718
f 13720 13723 13719
f 13721 13723 13720
f 13722 13723 13721
f 13711 13723 13722
f 13724 13725 13734
f 13725 13735 13734
f 13725 13726 13735
f 13726 13736 13735
f 13726 13727 13736
f 13727 13737 13736
f 13727 13728 13737
f 13728 13738 13737
f 13728 13729 13738
f 13729 13739 13738
f 13729 13730 13739
f 13730 13740 13739
f 13730 13731 13740
f 13731 13741 13740
f 13731 13732 13741
f 13732 13742 13741
f 13732 13733 13742
f 13733 13743 13742
f 13733 13724 13743
f 13724 13734 13743
f 13744 13725 13724
f 13744 13726 13725
f 13744 13727 13726
f 13744 13728 13727
f 13744 13729 13728
f 13744 13730 13729
f 13744 13731 13730
f 13744 13732 13731
f 13744 13733 13732
f 13744 13724 13733
f 13745 13734 13735
f 13745 13735 13736
f 13745 13736 13737
f 13745 13737 13738
f 13745 13738 13739
f 13745 13739 13740
f 13745 13740 13741
f 13745 13741 13742
f 13745 13742 13743
f 13745 13743 13734
v -0.120000 0.080000 0.055000
v -0.093342 0.078807 0.055000
v -0.093854 0.078807 0.064594
v -0.095371 0.078807 0.073819
v -0.097834 0.078807 0.082321
v -0.101150 0.078807 0.089772
v -0.105189 0.078807 0.095888
v -0.109798 0.078807 0.100432
v -0.114799 0.078807 0.103231
v -0.120000 0.078807 0.104176
v -0.125201 0.078807 0.103231
v -0.130202 0.078807 0.100432
v -0.134811 0.078807 0.095888
v -0.138850 0.078807 0.089772
v -0.142166 0.078807 0.082321
v -0.144629 0.078807 0.073819
v -0.146146 0.078807 0.064594
v -0.146658 0.078807 0.055000
v -0.146146 0.078807 0.045406
v -0.144629 0.078807 0.036181
v -0.142166 0.078807 0.027679
v -0.138850 0.078807 0.020228
v -0.134811 0.078807 0.014112
v -0.130202 0.078807 0.009568
v -0.125201 0.078807 0.006769
v -0.120000 0.078807 0.005824
v -0.114799 0.078807 0.006769
v -0.109798 0.078807 0.009568
v -0.105189 0.078807 0.014112
v -0.101150 0.078807 0.020228
v -0.097834 0.078807 0.027679
v -0.095371 0.078807 0.036181
v -0.093854 0.078807 0.045406
v -0.068500 0.075311 0.055000
v -0.069490 0.075311 0.073534
v -0.072420 0.075311 0.091355
v -0.077179 0.075311 0.107779
v -0.083584 0.075311 0.122175
v -0.091388 0.075311 0.133990
v -0.100292 0.075311 0.142769
v -0.109953 0.075311 0.148175
v -0.120000 0.075311 0.150000
v -0.130047 0.075311 0.148175
v -0.139708 0.075311 0.142769
v -0.148612 0.075311 0.133990
v -0.156416 0.075311 0.122175
v -0.162821 0.075311 0.107779
v -0.167580 0.075311 0.091355
v -0.170510 0.075311 0.073534
v -0.171500 0.075311 0.055000
v -0.170510 0.075311 0.036466
v -0.167580 0.075311 0.018645
v -0.162821 0.075311 0.002221
v -0.156416 0.075311 -0.012175
v -0.148612 0.075311 -0.023990
v -0.139708 0.075311 -0.032769
v -0.130047 0.075311 -0.038175
v -0.120000 0.075311 -0.040000
v -0.109953 0.075311 -0.038175
v -0.100292 0.075311 -0.032769
v -0.091388 0.075311 -0.023990
v -0.083584 0.075311 -0.012175
v -0.077179 0.075311 0.002221
v -0.072420 0.075311 0.018645
v -0.069490 0.075311 0.036466
v -0.047168 0.069749 0.055000
v -0.048567 0.069749 0.081210
v -0.052712 0.069749 0.106414
v -0.059442 0.069749 0.129641
v -0.068500 0.069749 0.150000
v -0.079537 0.069749 0.166708
v -0.092128 0.069749 0.179123
v -0.105791 0.069749 0.186769
v -0.120000 0.069749 0.189350
v -0.134209 0.069749 0.186769
v -0.147872 0.069749 0.179123
v -0.160463 0.069749 0.166708
v -0.171500 0.069749 0.150000
v -0.180558 0.069749 0.129641
v -0.187288 0.069749 0.106414
v -0.191433 0.069749 0.081210
v -0.192832 0.069749 0.055000
v -0.191433 0.069749 0.028790
v -0.187288 0.069749 0.003586
v -0.180558 0.069749 -0.019641
v -0.171500 0.069749 -0.040000
v -0.160463 0.069749 -0.056708
v -0.147872 0.069749 -0.069123
v -0.134209 0.069749 -0.076769
v -0.120000 0.069749 -0.079350
v -0.105791 0.069749 -0.076769
v -0.092128 0.069749 -0.069123
v -0.079537 0.069749 -0.056708
v -0.068500 0.069749 -0.040000
v -0.059442 0.069749 -0.019641
v -0.052712 0.069749 0.003586
v -0.048567 0.069749 0.028790
v -0.030799 0.062500 0.055000
v -0.032513 0.062500 0.087101
v -0.037589 0.062500 0.117969
v -0.045832 0.062500 0.146416
v -0.056926 0.062500 0.171351
v -0.070443 0.062500 0.191814
v -0.085864 0.062500 0.207020
v -0.102598 0.062500 0.216383
v -0.120000 0.062500 0.219545
v -0.137402 0.062500 0.216383
v -0.154136 0.062500 0.207020
v -0.169557 0.062500 0.191814
v -0.183074 0.062500 0.171351
v -0.194168 0.062500 0.146416
v -0.202411 0.062500 0.117969
v -0.207487 0.062500 0.087101
v -0.209201 0.062500 0.055000
v -0.207487 0.062500 0.022899
v -0.202411 0.062500 -0.007969
v -0.194168 0.062500 -0.036416
v -0.183074 0.062500 -0.061351
v -0.169557 0.062500 -0.081814
v -0.154136 0.062500 -0.097020
v -0.137402 0.062500 -0.106383
v -0.120000 0.062500 -0.109545
v -0.102598 0.062500 -0.106383
v -0.085864 0.062500 -0.097020
v -0.070443 0.062500 -0.081814
v -0.056926 0.062500 -0.061351
v -0.045832 0.062500 -0.036416
v -0.037589 0.062500 -0.007969
v -0.032513 0.062500 0.022899
v -0.020510 0.054059 0.055000
v -0.022421 0.054059 0.090804
v -0.028083 0.054059 0.125232
v -0.037277 0.054059 0.156962
v -0.049650 0.054059 0.184772
v -0.064726 0.054059 0.207596
v -0.081927 0.054059 0.224556
v -0.100590 0.054059 0.235000
v -0.120000 0.054059 0.238526
v -0.139410 0.054059 0.235000
v -0.158073 0.054059 0.224556
v -0.175274 0.054059 0.207596
v -0.190350 0.054059 0.184772
v -0.202723 0.054059 0.156962
v -0.211917 0.054059 0.125232
v -0.217579 0.054059 0.090804
v -0.219490 0.054059 0.055000
v -0.217579 0.054059 0.019196
v -0.211917 0.054059 -0.015232
v -0.202723 0.054059 -0.046962
v -0.190350 0.054059 -0.074772
v -0.175274 0.054059 -0.097596
v -0.158073 0.054059 -0.114556
v -0.139410 0.054059 -0.125000
v -0.120000 0.054059 -0.128526
v -0.100590 0.054059 -0.125000
v -0.081927 0.054059 -0.114556
v -0.064726 0.054059 -0.097596
v -0.049650 0.054059 -0.074772
v -0.037277 0.054059 -0.046962
v -0.028083 0.054059 -0.015232
v -0.022421 0.054059 0.019196
v -0.017000 0.045000 0.055000
v -0.018979 0.045000 0.092067
v -0.024840 0.045000 0.127710
v -0.034359 0.045000 0.160558
v -0.047168 0.045000 0.189350
v -0.062776 0.045000 0.212979
v -0.080584 0.045000 0.230537
v -0.099906 0.045000 0.241349
v -0.120000 0.045000 0.245000
v -0.140094 0.045000 0.241349
v -0.159416 0.045000 0.230537
v -0.177224 0.045000 0.212979
v -0.192832 0.045000 0.189350
v -0.205641 0.045000 0.160558
v -0.215160 0.045000 0.127710
v -0.221021 0.045000 0.092067
v -0.223000 0.045000 0.055000
v -0.221021 0.045000 0.017933
v -0.215160 0.045000 -0.017710
v -0.205641 0.045000 -0.050558
v -0.192832 0.045000 -0.079350
v -0.177224 0.045000 -0.102979
v -0.159416 0.045000 -0.120537
v -0.140094 0.045000 -0.131349
v -0.120000 0.045000 -0.135000
v -0.099906 0.045000 -0.131349
v -0.080584 0.045000 -0.120537
v -0.062776 0.045000 -0.102979
v -0.047168 0.045000 -0.079350
v -0.034359 0.045000 -0.050558
v -0.024840 0.045000 -0.017710
v -0.018979 0.045000 0.017933
v -0.020510 0.035941 0.055000
v -0.022421 0.035941 0.090804
v -0.028083 0.035941 0.125232
v -0.037277 0.035941 0.156962
v -0.049650 0.035941 0.184772
v -0.064726 0.035941 0.207596
v -0.081927 0.035941 0.224556
v -0.100590 0.035941 0.235000
v -0.120000 0.035941 0.238526
v -0.139410 0.035941 0.235000
v -0.158073 0.035941 0.224556
v -0.175274 0.035941 0.207596
v -0.190350 0.035941 0.184772
v -0.202723 0.035941 0.156962
v -0.211917 0.035941 0.125232
v -0.217579 0.035941 0.090804
v -0.219490 0.035941 0.055000
v -0.217579 0.035941 0.019196
v -0.211917 0.035941 -0.015232
v -0.202723 0.035941 -0.046962
v -0.190350 0.035941 -0.074772
v -0.175274 0.035941 -0.097596
v -0.158073 0.035941 -0.114556
v -0.139410 0.035941 -0.125000
v -0.120000 0.035941 -0.128526
v -0.100590 0.035941 -0.125000
v -0.081927 0.035941 -0.114556
v -0.064726 0.035941 -0.097596
v -0.049650 0.035941 -0.074772
v -0.037277 0.035941 -0.046962
v -0.028083 0.035941 -0.015232
v -0.022421 0.035941 0.019196
v -0.030799 0.027500 0.055000
v -0.032513 0.027500 0.087101
v -0.037589 0.027500 0.117969
v -0.045832 0.027500 0.146416
v -0.056926 0.027500 0.171351
v -0.070443 0.027500 0.191814
v -0.085864 0.027500 0.207020
v -0.102598 0.027500 0.216383
v -0.120000 0.027500 0.219545
v -0.137402 0.027500 0.216383
v -0.154136 0.027500 0.207020
v -0.169557 0.027500 0.191814
v -0.183074 0.027500 0.171351
v -0.194168 0.027500 0.146416
v -0.202411 0.027500 0.117969
v -0.207487 0.027500 0.087101
v -0.209201 0.027500 0.055000
v -0.207487 0.027500 0.022899
v -0.202411 0.027500 -0.007969
v -0.194168 0.027500 -0.036416
v -0.183074 0.027500 -0.061351
v -0.169557 0.027500 -0.081814
v -0.154136 0.027500 -0.097020
v -0.137402 0.027500 -0.106383
v -0.120000 0.027500 -0.109545
v -0.102598 0.027500 -0.106383
v -0.085864 0.027500 -0.097020
v -0.070443 0.027500 -0.081814
v -0.056926 0.027500 -0.061351
v -0.045832 0.027500 -0.036416
v -0.037589 0.027500 -0.007969
v -0.032513 0.027500 0.022899
v -0.047168 0.020251 0.055000
v -0.048567 0.020251 0.081210
v -0.052712 0.020251 0.106414
v -0.059442 0.020251 0.129641
v -0.068500 0.020251 0.150000
v -0.079537 0.020251 0.166708
v -0.092128 0.020251 0.179123
v -0.105791 0.020251 0.186769
v -0.120000 0.020251 0.189350
v -0.134209 0.020251 0.186769
v -0.147872 0.020251 0.179123
v -0.160463 0.020251 0.166708
v -0.171500 0.020251 0.150000
v -0.180558 0.020251 0.129641
v -0.187288 0.020251 0.106414
v -0.191433 0.020251 0.081210
v -0.192832 0.020251 0.055000
v -0.191433 0.020251 0.028790
v -0.187288 0.020251 0.003586
v -0.180558 0.020251 -0.019641
v -0.171500 0.020251 -0.040000
v -0.160463 0.020251 -0.056708
v -0.147872 0.020251 -0.069123
v -0.134209 0.020251 -0.076769
v -0.120000 0.020251 -0.079350
v -0.105791 0.020251 -0.076769
v -0.092128 0.020251 -0.069123
v -0.079537 0.020251 -0.056708
v -0.068500 0.020251 -0.040000
v -0.059442 0.020251 -0.019641
v -0.052712 0.020251 0.003586
v -0.048567 0.020251 0.028790
v -0.068500 0.014689 0.055000
v -0.069490 0.014689 0.073534
v -0.072420 0.014689 0.091355
v -0.077179 0.014689 0.107779
v -0.083584 0.014689 0.122175
v -0.091388 0.014689 0.133990
v -0.100292 0.014689 0.142769
v -0.109953 0.014689 0.148175
v -0.120000 0.014689 0.150000
v -0.130047 0.014689 0.148175
v -0.139708 0.014689 0.142769
v -0.148612 0.014689 0.133990
v -0.156416 0.014689 0.122175
v -0.162821 0.014689 0.107779
v -0.167580 0.014689 0.091355
v -0.170510 0.014689 0.073534
v -0.171500 0.014689 0.055000
v -0.170510 0.014689 0.036466
v -0.167580 0.014689 0.018645
v -0.162821 0.014689 0.002221
v -0.156416 0.014689 -0.012175
v -0.148612 0.014689 -0.023990
v -0.139708 0.014689 -0.032769
v -0.130047 0.014689 -0.038175
v -0.120000 0.014689 -0.040000
v -0.109953 0.014689 -0.038175
v -0.100292 0.014689 -0.032769
v -0.091388 0.014689 -0.023990
v -0.083584 0.014689 -0.012175
v -0.077179 0.014689 0.002221
v -0.072420 0.014689 0.018645
v -0.069490 0.014689 0.036466
v -0.093342 0.011193 0.055000
v -0.093854 0.011193 0.064594
v -0.095371 0.011193 0.073819
v -0.097834 0.011193 0.082321
v -0.101150 0.011193 0.089772
v -0.105189 0.011193 0.095888
v -0.109798 0.011193 0.100432
v -0.114799 0.011193 0.103231
v -0.120000 0.011193 0.104176
v -0.125201 0.011193 0.103231
v -0.130202 0.011193 0.100432
v -0.134811 0.011193 0.095888
v -0.138850 0.011193 0.089772
v -0.142166 0.011193 0.082321
v -0.144629 0.011193 0.073819
v -0.146146 0.011193 0.064594
v -0.146658 0.011193 0.055000
v -0.146146 0.011193 0.045406
v -0.144629 0.011193 0.036181
v -0.142166 0.011193 0.027679
v -0.138850 0.011193 0.020228
v -0.134811 0.011193 0.014112
v -0.130202 0.011193 0.009568
v -0.125201 0.011193 0.006769
v -0.120000 0.011193 0.005824
v -0.114799 0.011193 0.006769
v -0.109798 0.011193 0.009568
v -0.105189 0.011193 0.014112
v -0.101150 0.011193 0.020228
v -0.097834 0.011193 0.027679
v -0.095371 0.011193 0.036181
v -0.093854 0.011193 0.045406
v -0.120000 0.010000 0.055000
v 0.120000 0.080000 0.055000
v 0.146658 0.078807 0.055000
v 0.146146 0.078807 0.064594
v 0.144629 0.078807 0.073819
v 0.142166 0.078807 0.082321
v 0.138850 0.078807 0.089772
v 0.134811 0.078807 0.095888
v 0.130202 0.078807 0.100432
v 0.125201 0.078807 0.103231
v 0.120000 0.078807 0.104176
v 0.114799 0.078807 0.103231
v 0.109798 0.078807 0.100432
v 0.105189 0.078807 0.095888
v 0.101150 0.078807 0.089772
v 0.097834 0.078807 0.082321
v 0.095371 0.078807 0.073819
v 0.093854 0.078807 0.064594
v 0.093342 0.078807 0.055000
v 0.093854 0.078807 0.045406
v 0.095371 0.078807 0.036181
v 0.097834 0.078807 0.027679
v 0.101150 0.078807 0.020228
v 0.105189 0.078807 0.014112
v 0.109798 0.078807 0.009568
v 0.114799 0.078807 0.006769
v 0.120000 0.078807 0.005824
v 0.125201 0.078807 0.006769
v 0.130202 0.078807 0.009568
v 0.134811 0.078807 0.014112
v 0.138850 0.078807 0.020228
v 0.142166 0.078807 0.027679
v 0.144629 0.078807 0.036181
v 0.146146 0.078807 0.045406
v 0.171500 0.075311 0.055000
v 0.170510 0.075311 0.073534
v 0.167580 0.075311 0.091355
v 0.162821 0.075311 0.107779
v 0.156416 0.075311 0.122175
v 0.148612 0.075311 0.133990
v 0.139708 0.075311 0.142769
v 0.130047 0.075311 0.148175
v 0.120000 0.075311 0.150000
v 0.109953 0.075311 0.148175
v 0.100292 0.075311 0.142769
v 0.091388 0.075311 0.133990
v 0.083584 0.075311 0.122175
v 0.077179 0.075311 0.107779
v 0.072420 0.075311 0.091355
v 0.069490 0.075311 0.073534
v 0.068500 0.075311 0.055000
v 0.069490 0.075311 0.036466
v 0.072420 0.075311 0.018645
v 0.077179 0.075311 0.002221
v 0.083584 0.075311 -0.012175
v 0.091388 0.075311 -0.023990
v 0.100292 0.075311 -0.032769
v 0.109953 0.075311 -0.038175
v 0.120000 0.075311 -0.040000
v 0.130047 0.075311 -0.038175
v 0.139708 0.075311 -0.032769
v 0.148612 0.075311 -0.023990
v 0.156416 0.075311 -0.012175
v 0.162821 0.075311 0.002221
v 0.167580 0.075311 0.018645
v 0.170510 0.075311 0.036466
v 0.192832 0.069749 0.055000
v 0.191433 0.069749 0.081210
v 0.187288 0.069749 0.106414
v 0.180558 0.069749 0.129641
v 0.171500 0.069749 0.150000
v 0.160463 0.069749 0.166708
v 0.147872 0.069749 0.179123
v 0.134209 0.069749 0.186769
v 0.120000 0.069749 0.189350
v 0.105791 0.069749 0.186769
v 0.092128 0.069749 0.179123
v 0.079537 0.069749 0.166708
v 0.068500 0.069749 0.150000
v 0.059442 0.069749 0.129641
v 0.052712 0.069749 0.106414
v 0.048567 0.069749 0.081210
v 0.047168 0.069749 0.055000
v 0.048567 0.069749 0.028790
v 0.052712 0.069749 0.003586
v 0.059442 0.069749 -0.019641
v 0.068500 0.069749 -0.040000
v 0.079537 0.069749 -0.056708
v 0.092128 0.069749 -0.069123
v 0.105791 0.069749 -0.076769
v 0.120000 0.069749 -0.079350
v 0.134209 0.069749 -0.076769
v 0.147872 0.069749 -0.069123
v 0.160463 0.069749 -0.056708
v 0.171500 0.069749 -0.040000
v 0.180558 0.069749 -0.019641
v 0.187288 0.069749 0.003586
v 0.191433 0.069749 0.028790
v 0.209201 0.062500 0.055000
v 0.207487 0.062500 0.087101
v 0.202411 0.062500 0.117969
v 0.194168 0.062500 0.146416
v 0.183074 0.062500 0.171351
v 0.169557 0.062500 0.191814
v 0.154136 0.062500 0.207020
v 0.137402 0.062500 0.216383
v 0.120000 0.062500 0.219545
v 0.102598 0.062500 0.216383
v 0.085864 0.062500 0.207020
v 0.070443 0.062500 0.191814
v 0.056926 0.062500 0.171351
v 0.045832 0.062500 0.146416
v 0.037589 0.062500 0.117969
v 0.032513 0.062500 0.087101
v 0.030799 0.062500 0.055000
v 0.032513 0.062500 0.022899
v 0.037589 0.062500 -0.007969
v 0.045832 0.062500 -0.036416
v 0.056926 0.062500 -0.061351
v 0.070443 0.062500 -0.081814
v 0.085864 0.062500 -0.097020
v 0.102598 0.062500 -0.106383
v 0.120000 0.062500 -0.109545
v 0.137402 0.062500 -0.106383
v 0.154136 0.062500 -0.097020
v 0.169557 0.062500 -0.081814
v 0.183074 0.062500 -0.061351
v 0.194168 0.062500 -0.036416
v 0.202411 0.062500 -0.007969
v 0.207487 0.062500 0.022899
v 0.219490 0.054059 0.055000
v 0.217579 0.054059 0.090804
v 0.211917 0.054059 0.125232
v 0.202723 0.054059 0.156962
v 0.190350 0.054059 0.184772
v 0.175274 0.054059 0.207596
v 0.158073 0.054059 0.224556
v 0.139410 0.054059 0.235000
v 0.120000 0.054059 0.238526
v 0.100590 0.054059 0.235000
v 0.081927 0.054059 0.224556
v 0.064726 0.054059 0.207596
v 0.049650 0.054059 0.184772
v 0.037277 0.054059 0.156962
v 0.028083 0.054059 0.125232
v 0.022421 0.054059 0.090804
v 0.020510 0.054059 0.055000
v 0.022421 0.054059 0.019196
v 0.028083 0.054059 -0.015232
v 0.037277 0.054059 -0.046962
v 0.049650 0.054059 -0.074772
v 0.064726 0.054059 -0.097596
v 0.081927 0.054059 -0.114556
v 0.100590 0.054059 -0.125000
v 0.120000 0.054059 -0.128526
v 0.139410 0.054059 -0.125000
v 0.158073 0.054059 -0.114556
v 0.175274 0.054059 -0.097596
v 0.190350 0.054059 -0.074772
v 0.202723 0.054059 -0.046962
v 0.211917 0.054059 -0.015232
v 0.217579 0.054059 0.019196
v 0.223000 0.045000 0.055000
v 0.221021 0.045000 0.092067
v 0.215160 0.045000 0.127710
v 0.205641 0.045000 0.160558
v 0.192832 0.045000 0.189350
v 0.177224 0.045000 0.212979
v 0.159416 0.045000 0.230537
v 0.140094 0.045000 0.241349
v 0.120000 0.045000 0.245000
v 0.099906 0.045000 0.241349
v 0.080584 0.045000 0.230537
v 0.062776 0.045000 0.212979
v 0.047168 0.045000 0.189350
v 0.034359 0.045000 0.160558
v 0.024840 0.045000 0.127710
v 0.018979 0.045000 0.092067
v 0.017000 0.045000 0.055000
v 0.018979 0.045000 0.017933
v 0.024840 0.045000 -0.017710
v 0.034359 0.045000 -0.050558
v 0.047168 0.045000 -0.079350
v 0.062776 0.045000 -0.102979
v 0.080584 0.045000 -0.120537
v 0.099906 0.045000 -0.131349
v 0.120000 0.045000 -0.135000
v 0.140094 0.045000 -0.131349
v 0.159416 0.045000 -0.120537
v 0.177224 0.045000 -0.102979
v 0.192832 0.045000 -0.079350
v 0.205641 0.045000 -0.050558
v 0.215160 0.045000 -0.017710
v 0.221021 0.045000 0.017933
v 0.219490 0.035941 0.055000
v 0.217579 0.035941 0.090804
v 0.211917 0.035941 0.125232
v 0.202723 0.035941 0.156962
v 0.190350 0.035941 0.184772
v 0.175274 0.035941 0.207596
v 0.158073 0.035941 0.224556
v 0.139410 0.035941 0.235000
v 0.120000 0.035941 0.238526
v 0.100590 0.035941 0.235000
v 0.081927 0.035941 0.224556
v 0.064726 0.035941 0.207596
v 0.049650 0.035941 0.184772
v 0.037277 0.035941 0.156962
v 0.028083 0.035941 0.125232
v 0.022421 0.035941 0.090804
v 0.020510 0.035941 0.055000
v 0.022421 0.035941 0.019196
v 0.028083 0.035941 -0.015232
v 0.037277 0.035941 -0.046962
v 0.049650 0.035941 -0.074772
v 0.064726 0.035941 -0.097596
v 0.081927 0.035941 -0.114556
v 0.100590 0.035941 -0.125000
v 0.120000 0.035941 -0.128526
v 0.139410 0.035941 -0.125000
v 0.158073 0.035941 -0.114556
v 0.175274 0.035941 -0.097596
v 0.190350 0.035941 -0.074772
v 0.202723 0.035941 -0.046962
v 0.211917 0.035941 -0.015232
v 0.217579 0.035941 0.019196
v 0.209201 0.027500 0.055000
v 0.207487 0.027500 0.087101
v 0.202411 0.027500 0.117969
v 0.194168 0.027500 0.146416
v 0.183074 0.027500 0.171351
v 0.169557 0.027500 0.191814
v 0.154136 0.027500 0.207020
v 0.137402 0.027500 0.216383
v 0.120000 0.027500 0.219545
v 0.102598 0.027500 0.216383
v 0.085864 0.027500 0.207020
v 0.070443 0.027500 0.191814
v 0.056926 0.027500 0.171351
v 0.045832 0.027500 0.146416
v 0.037589 0.027500 0.117969
v 0.032513 0.027500 0.087101
v 0.030799 0.027500 0.055000
v 0.032513 0.027500 0.022899
v 0.037589 0.027500 -0.007969
v 0.045832 0.027500 -0.036416
v 0.056926 0.027500 -0.061351
v 0.070443 0.027500 -0.081814
v 0.085864 0.027500 -0.097020
v 0.102598 0.027500 -0.106383
v 0.120000 0.027500 -0.109545
v 0.137402 0.027500 -0.106383
v 0.154136 0.027500 -0.097020
v 0.169557 0.027500 -0.081814
v 0.183074 0.027500 -0.061351
v 0.194168 0.027500 -0.036416
v 0.202411 0.027500 -0.007969
v 0.207487 0.027500 0.022899
v 0.192832 0.020251 0.055000
v 0.191433 0.020251 0.081210
v 0.187288 0.020251 0.106414
v 0.180558 0.020251 0.129641
v 0.171500 0.020251 0.150000
v 0.160463 0.020251 0.166708
v 0.147872 0.020251 0.179123
v 0.134209 0.020251 0.186769
v 0.120000 0.020251 0.189350
v 0.105791 0.020251 0.186769
v 0.092128 0.020251 0.179123
v 0.079537 0.020251 0.166708
v 0.068500 0.020251 0.150000
v 0.059442 0.020251 0.129641
v 0.052712 0.020251 0.106414
v 0.048567 0.020251 0.081210
v 0.047168 0.020251 0.055000
v 0.048567 0.020251 0.028790
v 0.052712 0.020251 0.003586
v 0.059442 0.020251 -0.019641
v 0.068500 0.020251 -0.040000
v 0.079537 0.020251 -0.056708
v 0.092128 0.020251 -0.069123
v 0.105791 0.020251 -0.076769
v 0.120000 0.020251 -0.079350
v 0.134209 0.020251 -0.076769
v 0.147872 0.020251 -0.069123
v 0.160463 0.020251 -0.056708
v 0.171500 0.020251 -0.040000
v 0.180558 0.020251 -0.019641
v 0.187288 0.020251 0.003586
v 0.191433 0.020251 0.028790
v 0.171500 0.014689 0.055000
v 0.170510 0.014689 0.073534
v 0.167580 0.014689 0.091355
v 0.162821 0.014689 0.107779
v 0.156416 0.014689 0.122175
v 0.148612 0.014689 0.133990
v 0.139708 0.014689 0.142769
v 0.130047 0.014689 0.148175
v 0.120000 0.014689 0.150000
v 0.109953 0.014689 0.148175
v 0.100292 0.014689 0.142769
v 0.091388 0.014689 0.133990
v 0.083584 0.014689 0.122175
v 0.077179 0.014689 0.107779
v 0.072420 0.014689 0.091355
v 0.069490 0.014689 0.073534
v 0.068500 0.014689 0.055000
v 0.069490 0.014689 0.036466
v 0.072420 0.014689 0.018645
v 0.077179 0.014689 0.002221
v 0.083584 0.014689 -0.012175
v 0.091388 0.014689 -0.023990
v 0.100292 0.014689 -0.032769
v 0.109953 0.014689 -0.038175
v 0.120000 0.014689 -0.040000
v 0.130047 0.014689 -0.038175
v 0.139708 0.014689 -0.032769
v 0.148612 0.014689 -0.023990
v 0.156416 0.014689 -0.012175
v 0.162821 0.014689 0.002221
v 0.167580 0.014689 0.018645
v 0.170510 0.014689 0.036466
v 0.146658 0.011193 0.055000
v 0.146146 0.011193 0.064594
v 0.144629 0.011193 0.073819
v 0.142166 0.011193 0.082321
v 0.138850 0.011193 0.089772
v 0.134811 0.011193 0.095888
v 0.130202 0.011193 0.100432
v 0.125201 0.011193 0.103231
v 0.120000 0.011193 0.104176
v 0.114799 0.011193 0.103231
v 0.109798 0.011193 0.100432
v 0.105189 0.011193 0.095888
v 0.101150 0.011193 0.089772
v 0.097834 0.011193 0.082321
v 0.095371 0.011193 0.073819
v 0.093854 0.011193 0.064594
v 0.093342 0.011193 0.055000
v 0.093854 0.011193 0.045406
v 0.095371 0.011193 0.036181
v 0.097834 0.011193 0.027679
v 0.101150 0.011193 0.020228
v 0.105189 0.011193 0.014112
v 0.109798 0.011193 0.009568
v 0.114799 0.011193 0.006769
v 0.120000 0.011193 0.005824
v 0.125201 0.011193 0.006769
v 0.130202 0.011193 0.009568
v 0.134811 0.011193 0.014112
v 0.138850 0.011193 0.020228
v 0.142166 0.011193 0.027679
v 0.144629 0.011193 0.036181
v 0.146146 0.011193 0.045406
v 0.120000 0.010000 0.055000
usemtl BootSole
f 13746 13748 13747
f 13746 13749 13748
f 13746 13750 13749
f 13746 13751 13750
f 13746 13752 13751
f 13746 13753 13752
f 13746 13754 13753
f 13746 13755 13754
f 13746 13756 13755
f 13746 13757 13756
f 13746 13758 13757
f 13746 13759 13758
f 13746 13760 13759
f 13746 13761 13760
f 13746 13762 13761
f 13746 13763 13762
f 13746 13764 13763
f 13746 13765 13764
f 13746 13766 13765
f 13746 13767 13766
f 13746 13768 13767
f 13746 13769 13768
f 13746 13770 13769
f 13746 13771 13770
f 13746 13772 13771
f 13746 13773 13772
f 13746 13774 13773
f 13746 13775 13774
f 13746 13776 13775
f 13746 13777 13776
f 13746 13778 13777
f 13746 13747 13778
f 13748 13779 13747
f 13780 13779 13748
f 13749 13780 13748
f 13781 13780 13749
f 13750 13781 13749
f 13782 13781 13750
f 13751 13782 13750
f 13783 13782 13751
f 13752 13783 13751
f 13784 13783 13752
f 13753 13784 13752
f 13785 13784 13753
f 13754 13785 13753
f 13786 13785 13754
f 13755 13786 13754
f 13787 13786 13755
f 13756 13787 13755
f 13788 13787 13756
f 13757 13788 13756
f 13789 13788 13757
f 13758 13789 13757
f 13790 13789 13758
f 13759 13790 13758
f 13791 13790 13759
f 13760 13791 13759
f 13792 13791 13760
f 13761 13792 13760
f 13793 13792 13761
f 13762 13793 13761
f 13794 13793 13762
f 13763 13794 13762
f 13795 13794 13763
f 13764 13795 13763
f 13796 13795 13764
f 13765 13796 13764
f 13797 13796 13765
f 13766 13797 13765
f 13798 13797 13766
f 13767 13798 13766
f 13799 13798 13767
f 13768 13799 13767
f 13800 13799 13768
f 13769 13800 13768
f 13801 13800 13769
f 13770 13801 13769
f 13802 13801 13770
f 13771 13802 13770
f 13803 13802 13771
f 13772 13803 13771
f 13804 13803 13772
f 13773 13804 13772
f 13805 13804 13773
f 13774 13805 13773
f 13806 13805 13774
f 13775 13806 13774
f 13807 13806 13775
f 13776 13807 13775
f 13808 13807 13776
f 13777 13808 13776
f 13809 13808 13777
f 13778 13809 13777
f 13810 13809 13778
f 13747 13810 13778
f 13779 13810 13747
f 13780 13811 13779
f 13812 13811 13780
f 13781 13812 13780
f 13813 13812 13781
f 13782 13813 13781
f 13814 13813 13782
f 13783 13814 13782
f 13815 13814 13783
f 13784 13815 13783
f 13816 13815 13784
f 13785 13816 13784
f 13817 13816 13785
f 13786 13817 13785
f 13818 13817 13786
f 13787 13818 13786
f 13819 13818 13787
f 13788 13819 13787
f 13820 13819 13788
f 13789 13820 13788
f 13821 13820 13789
f 13790 13821 13789
f 13822 13821 13790
f 13791 13822 13790
f 13823 13822 13791
f 13792 13823 13791
f 13824 13823 13792
f 13793 13824 13792
f 13825 13824 13793
f 13794 13825 13793
f 13826 13825 13794
f 13795 13826 13794
f 13827 13826 13795
f 13796 13827 13795
f 13828 13827 13796
f 13797 13828 13796
f 13829 13828 13797
f 13798 13829 13797
f 13830 13829 13798
f 13799 13830 13798
f 13831 13830 13799
f 13800 13831 13799
f 13832 13831 13800
f 13801 13832 13800
f 13833 13832 13801
f 13802 13833 13801
f 13834 13833 13802
f 13803 13834 13802
f 13835 13834 13803
f 13804 13835 13803
f 13836 13835 13804
f 13805 13836 13804
f 13837 13836 13805
f 13806 13837 13805
f 13838 13837 13806
f 13807 13838 13806
f 13839 13838 13807
f 13808 13839 13807
f 13840 13839 13808
f 13809 13840 13808
f 13841 13840 13809
f 13810 13841 13809
f 13842 13841 13810
f 13779 13842 13810
f 13811 13842 13779
f 13812 13843 13811
f 13844 13843 13812
f 13813 13844 13812
f 13845 13844 13813
f 13814 13845 13813
f 13846 13845 13814
f 13815 13846 13814
f 13847 13846 13815
f 13816 13847 13815
f 13848 13847 13816
f 13817 13848 13816
f 13849 13848 13817
f 13818 13849 13817
f 13850 13849 13818
f 13819 13850 13818
f 13851 13850 13819
f 13820 13851 13819
f 13852 13851 13820
f 13821 13852 13820
f 13853 13852 13821
f 13822 13853 13821
f 13854 13853 13822
f 13823 13854 13822
f 13855 13854 13823
f 13824 13855 13823
f 13856 13855 13824
f 13825 13856 13824
f 13857 13856 13825
f 13826 13857 13825
f 13858 13857 13826
f 13827 13858 13826
f 13859 13858 13827
f 13828 13859 13827
f 13860 13859 13828
f 13829 13860 13828
f 13861 13860 13829
f 13830 13861 13829
f 13862 13861 13830
f 13831 13862 13830
f 13863 13862 13831
f 13832 13863 13831
f 13864 13863 13832
f 13833 13864 13832
f 13865 13864 13833
f 13834 13865 13833
f 13866 13865 13834
f 13835 13866 13834
f 13867 13866 13835
f 13836 13867 13835
f 13868 13867 13836
f 13837 13868 13836
f 13869 13868 13837
f 13838 13869 13837
f 13870 13869 13838
f 13839 13870 13838
f 13871 13870 13839
f 13840 13871 13839
f 13872 13871 13840
f 13841 13872 13840
f 13873 13872 13841
f 13842 13873 13841
f 13874 13873 13842
f 13811 13874 13842
f 13843 13874 13811
f 13844 13875 13843
f 13876 13875 13844
f 13845 13876 13844
f 13877 13876 13845
f 13846 13877 13845
f 13878 13877 13846
f 13847 13878 13846
f 13879 13878 13847
f 13848 13879 13847
f 13880 13879 13848
f 13849 13880 13848
f 13881 13880 13849
f 13850 13881 13849
f 13882 13881 13850
f 13851 13882 13850
f 13883 13882 13851
f 13852 13883 13851
f 13884 13883 13852
f 13853 13884 13852
f 13885 13884 13853
f 13854 13885 13853
f 13886 13885 13854
f 13855 13886 13854
f 13887 13886 13855
f 13856 13887 13855
f 13888 13887 13856
f 13857 13888 13856
f 13889 13888 13857
f 13858 13889 13857
f 13890 13889 13858
f 13859 13890 13858
f 13891 13890 13859
f 13860 13891 13859
f 13892 13891 13860
f 13861 13892 13860
f 13893 13892 13861
f 13862 13893 13861
f 13894 13893 13862
f 13863 13894 13862
f 13895 13894 13863
f 13864 13895 13863
f 13896 13895 13864
f 13865 13896 13864
f 13897 13896 13865
f 13866 13897 13865
f 13898 13897 13866
f 13867 13898 13866
f 13899 13898 13867
f 13868 13899 13867
f 13900 13899 13868
f 13869 13900 13868
f 13901 13900 13869
f 13870 13901 13869
f 13902 13901 13870
f 13871 13902 13870
f 13903 13902 13871
f 13872 13903 13871
f 13904 13903 13872
f 13873 13904 13872
f 13905 13904 13873
f 13874 13905 13873
f 13906 13905 13874
f 13843 13906 13874
f 13875 13906 13843
f 13876 13907 13875
f 13908 13907 13876
f 13877 13908 13876
f 13909 13908 13877
f 13878 13909 13877
f 13910 13909 13878
f 13879 13910 13878
f 13911 13910 13879
f 13880 13911 13879
f 13912 13911 13880
f 13881 13912 13880
f 13913 13912 13881
f 13882 13913 13881
f 13914 13913 13882
f 13883 13914 13882
f 13915 13914 13883
f 13884 13915 13883
f 13916 13915 13884
f 13885 13916 13884
f 13917 13916 13885
f 13886 13917 13885
f 13918 13917 13886
f 13887 13918 13886
f 13919 13918 13887
f 13888 13919 13887
f 13920 13919 13888
f 13889 13920 13888
f 13921 13920 13889
f 13890 13921 13889
f 13922 13921 13890
f 13891 13922 13890
f 13923 13922 13891
f 13892 13923 13891
f 13924 13923 13892
f 13893 13924 13892
f 13925 13924 13893
f 13894 13925 13893
f 13926 13925 13894
f 13895 13926 13894
f 13927 13926 13895
f 13896 13927 13895
f 13928 13927 13896
f 13897 13928 13896
f 13929 13928 13897
f 13898 13929 13897
f 13930 13929 13898
f 13899 13930 13898
f 13931 13930 13899
f 13900 13931 13899
f 13932 13931 13900
f 13901 13932 13900
f 13933 13932 13901
f 13902 13933 13901
f 13934 13933 13902
f 13903 13934 13902
f 13935 13934 13903
f 13904 13935 13903
f 13936 13935 13904
f 13905 13936 13904
f 13937 13936 13905
f 13906 13937 13905
f 13938 13937 13906
f 13875 13938 13906
f 13907 13938 13875
f 13908 13939 13907
f 13940 13939 13908
f 13909 13940 13908
f 13941 13940 13909
f 13910 13941 13909
f 13942 13941 13910
f 13911 13942 13910
f 13943 13942 13911
f 13912 13943 13911
f 13944 13943 13912
f 13913 13944 13912
f 13945 13944 13913
f 13914 13945 13913
f 13946 13945 13914
f 13915 13946 13914
f 13947 13946 13915
f 13916 13947 13915
f 13948 13947 13916
f 13917 13948 13916
f 13949 13948 13917
f 13918 13949 13917
f 13950 13949 13918
f 13919 13950 13918
f 13951 13950 13919
f 13920 13951 13919
f 13952 13951 13920
f 13921 13952 13920
f 13953 13952 13921
f 13922 13953 13921
f 13954 13953 13922
f 13923 13954 13922
f 13955 13954 13923
f 13924 13955 13923
f 13956 13955 13924
f 13925 13956 13924
f 13957 13956 13925
f 13926 13957 13925
f 13958 13957 13926
f 13927 13958 13926
f 13959 13958 13927
f 13928 13959 13927
f 13960 13959 13928
f 13929 13960 13928
f 13961 13960 13929
f 13930 13961 13929
f 13962 13961 13930
f 13931 13962 13930
f 13963 13962 13931
f 13932 13963 13931
f 13964 13963 13932
f 13933 13964 13932
f 13965 13964 13933
f 13934 13965 13933
f 13966 13965 13934
f 13935 13966 13934
f 13967 13966 13935
f 13936 13967 13935
f 13968 13967 13936
f 13937 13968 13936
f 13969 13968 13937
f 13938 13969 13937
f 13970 13969 13938
f 13907 13970 13938
f 13939 13970 13907
f 13940 13971 13939
f 13972 13971 13940
f 13941 13972 13940
f 13973 13972 13941
f 13942 13973 13941
f 13974 13973 13942
f 13943 13974 13942
f 13975 13974 13943
f 13944 13975 13943
f 13976 13975 13944
f 13945 13976 13944
f 13977 13976 13945
f 13946 13977 13945
f 13978 13977 13946
f 13947 13978 13946
f 13979 13978 13947
f 13948 13979 13947
f 13980 13979 13948
f 13949 13980 13948
f 13981 13980 13949
f 13950 13981 13949
f 13982 13981 13950
f 13951 13982 13950
f 13983 13982 13951
f 13952 13983 13951
f 13984 13983 13952
f 13953 13984 13952
f 13985 13984 13953
f 13954 13985 13953
f 13986 13985 13954
f 13955 13986 13954
f 13987 13986 13955
f 13956 13987 13955
f 13988 13987 13956
f 13957 13988 13956
f 13989 13988 13957
f 13958 13989 13957
f 13990 13989 13958
f 13959 13990 13958
f 13991 13990 13959
f 13960 13991 13959
f 13992 13991 13960
f 13961 13992 13960
f 13993 13992 13961
f 13962 13993 13961
f 13994 13993 13962
f 13963 13994 13962
f 13995 13994 13963
f 13964 13995 13963
f 13996 13995 13964
f 13965 13996 13964
f 13997 13996 13965
f 13966 13997 13965
f 13998 13997 13966
f 13967 13998 13966
f 13999 13998 13967
f 13968 13999 13967
f 14000 13999 13968
f 13969 14000 13968
f 14001 14000 13969
f 13970 14001 13969
f 14002 14001 13970
f 13939 14002 13970
f 13971 14002 13939
f 13972 14003 13971
f 14004 14003 13972
f 13973 14004 13972
f 14005 14004 13973
f 13974 14005 13973
f 14006 14005 13974
f 13975 14006 13974
f 14007 14006 13975
f 13976 14007 13975
f 14008 14007 13976
f 13977 14008 13976
f 14009 14008 13977
f 13978 14009 13977
f 14010 14009 13978
f 13979 14010 13978
f 14011 14010 13979
f 13980 14011 13979
f 14012 14011 13980
f 13981 14012 13980
f 14013 14012 13981
f 13982 14013 13981
f 14014 14013 13982
f 13983 14014 13982
f 14015 14014 13983
f 13984 14015 13983
f 14016 14015 13984
f 13985 14016 13984
f 14017 14016 13985
f 13986 14017 13985
f 14018 14017 13986
f 13987 14018 13986
f 14019 14018 13987
f 13988 14019 13987
f 14020 14019 13988
f 13989 14020 13988
f 14021 14020 13989
f 13990 14021 13989
f 14022 14021 13990
f 13991 14022 13990
f 14023 14022 13991
f 13992 14023 13991
f 14024 14023 13992
f 13993 14024 13992
f 14025 14024 13993
f 13994 14025 13993
f 14026 14025 13994
f 13995 14026 13994
f 14027 14026 13995
f 13996 14027 13995
f 14028 14027 13996
f 13997 14028 13996
f 14029 14028 13997
f 13998 14029 13997
f 14030 14029 13998
f 13999 14030 13998
f 14031 14030 13999
f 14000 14031 13999
f 14032 14031 14000
f 14001 14032 14000
f 14033 14032 14001
f 14002 14033 14001
f 14034 14033 14002
f 13971 14034 14002
f 14003 14034 13971
f 14004 14035 14003
f 14036 14035 14004
f 14005 14036 14004
f 14037 14036 14005
f 14006 14037 14005
f 14038 14037 14006
f 14007 14038 14006
f 14039 14038 14007
f 14008 14039 14007
f 14040 14039 14008
f 14009 14040 14008
f 14041 14040 14009
f 14010 14041 14009
f 14042 14041 14010
f 14011 14042 14010
f 14043 14042 14011
f 14012 14043 14011
f 14044 14043 14012
f 14013 14044 14012
f 14045 14044 14013
f 14014 14045 14013
f 14046 14045 14014
f 14015 14046 14014
f 14047 14046 14015
f 14016 14047 14015
f 14048 14047 14016
f 14017 14048 14016
f 14049 14048 14017
f 14018 14049 14017
f 14050 14049 14018
f 14019 14050 14018
f 14051 14050 14019
f 14020 14051 14019
f 14052 14051 14020
f 14021 14052 14020
f 14053 14052 14021
f 14022 14053 14021
f 14054 14053 14022
f 14023 14054 14022
f 14055 14054 14023
f 14024 14055 14023
f 14056 14055 14024
f 14025 14056 14024
f 14057 14056 14025
f 14026 14057 14025
f 14058 14057 14026
f 14027 14058 14026
f 14059 14058 14027
f 14028 14059 14027
f 14060 14059 14028
f 14029 14060 14028
f 14061 14060 14029
f 14030 14061 14029
f 14062 14061 14030
f 14031 14062 14030
f 14063 14062 14031
f 14032 14063 14031
f 14064 14063 14032
f 14033 14064 14032
f 14065 14064 14033
f 14034 14065 14033
f 14066 14065 14034
f 14003 14066 14034
f 14035 14066 14003
f 14036 14067 14035
f 14068 14067 14036
f 14037 14068 14036
f 14069 14068 14037
f 14038 14069 14037
f 14070 14069 14038
f 14039 14070 14038
f 14071 14070 14039
f 14040 14071 14039
f 14072 14071 14040
f 14041 14072 14040
f 14073 14072 14041
f 14042 14073 14041
f 14074 14073 14042
f 14043 14074 14042
f 14075 14074 14043
f 14044 14075 14043
f 14076 14075 14044
f 14045 14076 14044
f 14077 14076 14045
f 14046 14077 14045
f 14078 14077 14046
f 14047 14078 14046
f 14079 14078 14047
f 14048 14079 14047
f 14080 14079 14048
f 14049 14080 14048
f 14081 14080 14049
f 14050 14081 14049
f 14082 14081 14050
f 14051 14082 14050
f 14083 14082 14051
f 14052 14083 14051
f 14084 14083 14052
f 14053 14084 14052
f 14085 14084 14053
f 14054 14085 14053
f 14086 14085 14054
f 14055 14086 14054
f 14087 14086 14055
f 14056 14087 14055
f 14088 14087 14056
f 14057 14088 14056
f 14089 14088 14057
f 14058 14089 14057
f 14090 14089 14058
f 14059 14090 14058
f 14091 14090 14059
f 14060 14091 14059
f 14092 14091 14060
f 14061 14092 14060
f 14093 14092 14061
f 14062 14093 14061
f 14094 14093 14062
f 14063 14094 14062
f 14095 14094 14063
f 14064 14095 14063
f 14096 14095 14064
f 14065 14096 14064
f 14097 14096 14065
f 14066 14097 14065
f 14098 14097 14066
f 14035 14098 14066
f 14067 14098 14035
f 14068 14099 14067
f 14069 14099 14068
f 14070 14099 14069
f 14071 14099 14070
f 14072 14099 14071
f 14073 14099 14072
f 14074 14099 14073
f 14075 14099 14074
f 14076 14099 14075
f 14077 14099 14076
f 14078 14099 14077
f 14079 14099 14078
f 14080 14099 14079
f 14081 14099 14080
f 14082 14099 14081
f 14083 14099 14082
f 14084 14099 14083
f 14085 14099 14084
f 14086 14099 14085
f 14087 14099 14086
f 14088 14099 14087
f 14089 14099 14088
f 14090 14099 14089
f 14091 14099 14090
f 14092 14099 14091
f 14093 14099 14092
f 14094 14099 14093
f 14095 14099 14094
f 14096 14099 14095
f 14097 14099 14096
f 14098 14099 14097
f 14067 14099 14098
f 14100 14102 14101
f 14100 14103 14102
f 14100 14104 14103
f 14100 14105 14104
f 14100 14106 14105
f 14100 14107 14106
f 14100 14108 14107
f 14100 14109 14108
f 14100 14110 14109
f 14100 14111 14110
f 14100 14112 14111
f 14100 14113 14112
f 14100 14114 14113
f 14100 14115 14114
f 14100 14116 14115
f 14100 14117 14116
f 14100 14118 14117
f 14100 14119 14118
f 14100 14120 14119
f 14100 14121 14120
f 14100 14122 14121
f 14100 14123 14122
f 14100 14124 14123
f 14100 14125 14124
f 14100 14126 14125
f 14100 14127 14126
f 14100 14128 14127
f 14100 14129 14128
f 14100 14130 14129
f 14100 14131 14130
f 14100 14132 14131
f 14100 14101 14132
f 14102 14133 14101
f 14134 14133 14102
f 14103 14134 14102
f 14135 14134 14103
f 14104 14135 14103
f 14136 14135 14104
f 14105 14136 14104
f 14137 14136 14105
f 14106 14137 14105
f 14138 14137 14106
f 14107 14138 14106
f 14139 14138 14107
f 14108 14139 14107
f 14140 14139 14108
f 14109 14140 14108
f 14141 14140 14109
f 14110 14141 14109
f 14142 14141 14110
f 14111 14142 14110
f 14143 14142 14111
f 14112 14143 14111
f 14144 14143 14112
f 14113 14144 14112
f 14145 14144 14113
f 14114 14145 14113
f 14146 14145 14114
f 14115 14146 14114
f 14147 14146 14115
f 14116 14147 14115
f 14148 14147 14116
f 14117 14148 14116
f 14149 14148 14117
f 14118 14149 14117
f 14150 14149 14118
f 14119 14150 14118
f 14151 14150 14119
f 14120 14151 14119
f 14152 14151 14120
f 14121 14152 14120
f 14153 14152 14121
f 14122 14153 14121
f 14154 14153 14122
f 14123 14154 14122
f 14155 14154 14123
f 14124 14155 14123
f 14156 14155 14124
f 14125 14156 14124
f 14157 14156 14125
f 14126 14157 14125
f 14158 14157 14126
f 14127 14158 14126
f 14159 14158 14127
f 14128 14159 14127
f 14160 14159 14128
f 14129 14160 14128
f 14161 14160 14129
f 14130 14161 14129
f 14162 14161 14130
f 14131 14162 14130
f 14163 14162 14131
f 14132 14163 14131
f 14164 14163 14132
f 14101 14164 14132
f 14133 14164 14101
f 14134 14165 14133
f 14166 14165 14134
f 14135 14166 14134
f 14167 14166 14135
f 14136 14167 14135
f 14168 14167 14136
f 14137 14168 14136
f 14169 14168 14137
f 14138 14169 14137
f 14170 14169 14138
f 14139 14170 14138
f 14171 14170 14139
f 14140 14171 14139
f 14172 14171 14140
f 14141 14172 14140
f 14173 14172 14141
f 14142 14173 14141
f 14174 14173 14142
f 14143 14174 14142
f 14175 14174 14143
f 14144 14175 14143
f 14176 14175 14144
f 14145 14176 14144
f 14177 14176 14145
f 14146 14177 14145
f 14178 14177 14146
f 14147 14178 14146
f 14179 14178 14147
f 14148 14179 14147
f 14180 14179 14148
f 14149 14180 14148
f 14181 14180 14149
f 14150 14181 14149
f 14182 14181 14150
f 14151 14182 14150
f 14183 14182 14151
f 14152 14183 14151
f 14184 14183 14152
f 14153 14184 14152
f 14185 14184 14153
f 14154 14185 14153
f 14186 14185 14154
f 14155 14186 14154
f 14187 14186 14155
f 14156 14187 14155
f 14188 14187 14156
f 14157 14188 14156
f 14189 14188 14157
f 14158 14189 14157
f 14190 14189 14158
f 14159 14190 14158
f 14191 14190 14159
f 14160 14191 14159
f 14192 14191 14160
f 14161 14192 14160
f 14193 14192 14161
f 14162 14193 14161
f 14194 14193 14162
f 14163 14194 14162
f 14195 14194 14163
f 14164 14195 14163
f 14196 14195 14164
f 14133 14196 14164
f 14165 14196 14133
f 14166 14197 14165
f 14198 14197 14166
f 14167 14198 14166
f 14199 14198 14167
f 14168 14199 14167
f 14200 14199 14168
f 14169 14200 14168
f 14201 14200 14169
f 14170 14201 14169
f 14202 14201 14170
f 14171 14202 14170
f 14203 14202 14171
f 14172 14203 14171
f 14204 14203 14172
f 14173 14204 14172
f 14205 14204 14173
f 14174 14205 14173
f 14206 14205 14174
f 14175 14206 14174
f 14207 14206 14175
f 14176 14207 14175
f 14208 14207 14176
f 14177 14208 14176
f 14209 14208 14177
f 14178 14209 14177
f 14210 14209 14178
f 14179 14210 14178
f 14211 14210 14179
f 14180 14211 14179
f 14212 14211 14180
f 14181 14212 14180
f 14213 14212 14181
f 14182 14213 14181
f 14214 14213 14182
f 14183 14214 14182
f 14215 14214 14183
f 14184 14215 14183
f 14216 14215 14184
f 14185 14216 14184
f 14217 14216 14185
f 14186 14217 14185
f 14218 14217 14186
f 14187 14218 14186
f 14219 14218 14187
f 14188 14219 14187
f 14220 14219 14188
f 14189 14220 14188
f 14221 14220 14189
f 14190 14221 14189
f 14222 14221 14190
f 14191 14222 14190
f 14223 14222 14191
f 14192 14223 14191
f 14224 14223 14192
f 14193 14224 14192
f 14225 14224 14193
f 14194 14225 14193
f 14226 14225 14194
f 14195 14226 14194
f 14227 14226 14195
f 14196 14227 14195
f 14228 14227 14196
f 14165 14228 14196
f 14197 14228 14165
f 14198 14229 14197
f 14230 14229 14198
f 14199 14230 14198
f 14231 14230 14199
f 14200 14231 14199
f 14232 14231 14200
f 14201 14232 14200
f 14233 14232 14201
f 14202 14233 14201
f 14234 14233 14202
f 14203 14234 14202
f 14235 14234 14203
f 14204 14235 14203
f 14236 14235 14204
f 14205 14236 14204
f 14237 14236 14205
f 14206 14237 14205
f 14238 14237 14206
f 14207 14238 14206
f 14239 14238 14207
f 14208 14239 14207
f 14240 14239 14208
f 14209 14240 14208
f 14241 14240 14209
f 14210 14241 14209
f 14242 14241 14210
f 14211 14242 14210
f 14243 14242 14211
f 14212 14243 14211
f 14244 14243 14212
f 14213 14244 14212
f 14245 14244 14213
f 14214 14245 14213
f 14246 14245 14214
f 14215 14246 14214
f 14247 14246 14215
f 14216 14247 14215
f 14248 14247 14216
f 14217 14248 14216
f 14249 14248 14217
f 14218 14249 14217
f 14250 14249 14218
f 14219 14250 14218
f 14251 14250 14219
f 14220 14251 14219
f 14252 14251 14220
f 14221 14252 14220
f 14253 14252 14221
f 14222 14253 14221
f 14254 14253 14222
f 14223 14254 14222
f 14255 14254 14223
f 14224 14255 14223
f 14256 14255 14224
f 14225 14256 14224
f 14257 14256 14225
f 14226 14257 14225
f 14258 14257 14226
f 14227 14258 14226
f 14259 14258 14227
f 14228 14259 14227
f 14260 14259 14228
f 14197 14260 14228
f 14229 14260 14197
f 14230 14261 14229
f 14262 14261 14230
f 14231 14262 14230
f 14263 14262 14231
f 14232 14263 14231
f 14264 14263 14232
f 14233 14264 14232
f 14265 14264 14233
f 14234 14265 14233
f 14266 14265 14234
f 14235 14266 14234
f 14267 14266 14235
f 14236 14267 14235
f 14268 14267 14236
f 14237 14268 14236
f 14269 14268 14237
f 14238 14269 14237
f 14270 14269 14238
f 14239 14270 14238
f 14271 14270 14239
f 14240 14271 14239
f 14272 14271 14240
f 14241 14272 14240
f 14273 14272 14241
f 14242 14273 14241
f 14274 14273 14242
f 14243 14274 14242
f 14275 14274 14243
f 14244 14275 14243
f 14276 14275 14244
f 14245 14276 14244
f 14277 14276 14245
f 14246 14277 14245
f 14278 14277 14246
f 14247 14278 14246
f 14279 14278 14247
f 14248 14279 14247
f 14280 14279 14248
f 14249 14280 14248
f 14281 14280 14249
f 14250 14281 14249
f 14282 14281 14250
f 14251 14282 14250
f 14283 14282 14251
f 14252 14283 14251
f 14284 14283 14252
f 14253 14284 14252
f 14285 14284 14253
f 14254 14285 14253
f 14286 14285 14254
f 14255 14286 14254
f 14287 14286 14255
f 14256 14287 14255
f 14288 14287 14256
f 14257 14288 14256
f 14289 14288 14257
f 14258 14289 14257
f 14290 14289 14258
f 14259 14290 14258
f 14291 14290 14259
f 14260 14291 14259
f 14292 14291 14260
f 14229 14292 14260
f 14261 14292 14229
f 14262 14293 14261
f 14294 14293 14262
f 14263 14294 14262
f 14295 14294 14263
f 14264 14295 14263
f 14296 14295 14264
f 14265 14296 14264
f 14297 14296 14265
f 14266 14297 14265
f 14298 14297 14266
f 14267 14298 14266
f 14299 14298 14267
f 14268 14299 14267
f 14300 14299 14268
f 14269 14300 14268
f 14301 14300 14269
f 14270 14301 14269
f 14302 14301 14270
f 14271 14302 14270
f 14303 14302 14271
f 14272 14303 14271
f 14304 14303 14272
f 14273 14304 14272
f 14305 14304 14273
f 14274 14305 14273
f 14306 14305 14274
f 14275 14306 14274
f 14307 14306 14275
f 14276 14307 14275
f 14308 14307 14276
f 14277 14308 14276
f 14309 14308 14277
f 14278 14309 14277
f 14310 14309 14278
f 14279 14310 14278
f 14311 14310 14279
f 14280 14311 14279
f 14312 14311 14280
f 14281 14312 14280
f 14313 14312 14281
f 14282 14313 14281
f 14314 14313 14282
f 14283 14314 14282
f 14315 14314 14283
f 14284 14315 14283
f 14316 14315 14284
f 14285 14316 14284
f 14317 14316 14285
f 14286 14317 14285
f 14318 14317 14286
f 14287 14318 14286
f 14319 14318 14287
f 14288 14319 14287
f 14320 14319 14288
f 14289 14320 14288
f 14321 14320 14289
f 14290 14321 14289
f 14322 14321 14290
f 14291 14322 14290
f 14323 14322 14291
f 14292 14323 14291
f 14324 14323 14292
f 14261 14324 14292
f 14293 14324 14261
f 14294 14325 14293
f 14326 14325 14294
f 14295 14326 14294
f 14327 14326 14295
f 14296 14327 14295
f 14328 14327 14296
f 14297 14328 14296
f 14329 14328 14297
f 14298 14329 14297
f 14330 14329 14298
f 14299 14330 14298
f 14331 14330 14299
f 14300 14331 14299
f 14332 14331 14300
f 14301 14332 14300
f 14333 14332 14301
f 14302 14333 14301
f 14334 14333 14302
f 14303 14334 14302
f 14335 14334 14303
f 14304 14335 14303
f 14336 14335 14304
f 14305 14336 14304
f 14337 14336 14305
f 14306 14337 14305
f 14338 14337 14306
f 14307 14338 14306
f 14339 14338 14307
f 14308 14339 14307
f 14340 14339 14308
f 14309 14340 14308
f 14341 14340 14309
f 14310 14341 14309
f 14342 14341 14310
f 14311 14342 14310
f 14343 14342 14311
f 14312 14343 14311
f 14344 14343 14312
f 14313 14344 14312
f 14345 14344 14313
f 14314 14345 14313
f 14346 14345 14314
f 14315 14346 14314
f 14347 14346 14315
f 14316 14347 14315
f 14348 14347 14316
f 14317 14348 14316
f 14349 14348 14317
f 14318 14349 14317
f 14350 14349 14318
f 14319 14350 14318
f 14351 14350 14319
f 14320 14351 14319
f 14352 14351 14320
f 14321 14352 14320
f 14353 14352 14321
f 14322 14353 14321
f 14354 14353 14322
f 14323 14354 14322
f 14355 14354 14323
f 14324 14355 14323
f 14356 14355 14324
f 14293 14356 14324
f 14325 14356 14293
f 14326 14357 14325
f 14358 14357 14326
f 14327 14358 14326
f 14359 14358 14327
f 14328 14359 14327
f 14360 14359 14328
f 14329 14360 14328
f 14361 14360 14329
f 14330 14361 14329
f 14362 14361 14330
f 14331 14362 14330
f 14363 14362 14331
f 14332 14363 14331
f 14364 14363 14332
f 14333 14364 14332
f 14365 14364 14333
f 14334 14365 14333
f 14366 14365 14334
f 14335 14366 14334
f 14367 14366 14335
f 14336 14367 14335
f 14368 14367 14336
f 14337 14368 14336
f 14369 14368 14337
f 14338 14369 14337
f 14370 14369 14338
f 14339 14370 14338
f 14371 14370 14339
f 14340 14371 14339
f 14372 14371 14340
f 14341 14372 14340
f 14373 14372 14341
f 14342 14373 14341
f 14374 14373 14342
f 14343 14374 14342
f 14375 14374 14343
f 14344 14375 14343
f 14376 14375 14344
f 14345 14376 14344
f 14377 14376 14345
f 14346 14377 14345
f 14378 14377 14346
f 14347 14378 14346
f 14379 14378 14347
f 14348 14379 14347
f 14380 14379 14348
f 14349 14380 14348
f 14381 14380 14349
f 14350 14381 14349
f 14382 14381 14350
f 14351 14382 14350
f 14383 14382 14351
f 14352 14383 14351
f 14384 14383 14352
f 14353 14384 14352
f 14385 14384 14353
f 14354 14385 14353
f 14386 14385 14354
f 14355 14386 14354
f 14387 14386 14355
f 14356 14387 14355
f 14388 14387 14356
f 14325 14388 14356
f 14357 14388 14325
f 14358 14389 14357
f 14390 14389 14358
f 14359 14390 14358
f 14391 14390 14359
f 14360 14391 14359
f 14392 14391 14360
f 14361 14392 14360
f 14393 14392 14361
f 14362 14393 14361
f 14394 14393 14362
f 14363 14394 14362
f 14395 14394 14363
f 14364 14395 14363
f 14396 14395 14364
f 14365 14396 14364
f 14397 14396 14365
f 14366 14397 14365
f 14398 14397 14366
f 14367 14398 14366
f 14399 14398 14367
f 14368 14399 14367
f 14400 14399 14368
f 14369 14400 14368
f 14401 14400 14369
f 14370 14401 14369
f 14402 14401 14370
f 14371 14402 14370
f 14403 14402 14371
f 14372 14403 14371
f 14404 14403 14372
f 14373 14404 14372
f 14405 14404 14373
f 14374 14405 14373
f 14406 14405 14374
f 14375 14406 14374
f 14407 14406 14375
f 14376 14407 14375
f 14408 14407 14376
f 14377 14408 14376
f 14409 14408 14377
f 14378 14409 14377
f 14410 14409 14378
f 14379 14410 14378
f 14411 14410 14379
f 14380 14411 14379
f 14412 14411 14380
f 14381 14412 14380
f 14413 14412 14381
f 14382 14413 14381
f 14414 14413 14382
f 14383 14414 14382
f 14415 14414 14383
f 14384 14415 14383
f 14416 14415 14384
f 14385 14416 14384
f 14417 14416 14385
f 14386 14417 14385
f 14418 14417 14386
f 14387 14418 14386
f 14419 14418 14387
f 14388 14419 14387
f 14420 14419 14388
f 14357 14420 14388
f 14389 14420 14357
f 14390 14421 14389
f 14422 14421 14390
f 14391 14422 14390
f 14423 14422 14391
f 14392 14423 14391
f 14424 14423 14392
f 14393 14424 14392
f 14425 14424 14393
f 14394 14425 14393
f 14426 14425 14394
f 14395 14426 14394
f 14427 14426 14395
f 14396 14427 14395
f 14428 14427 14396
f 14397 14428 14396
f 14429 14428 14397
f 14398 14429 14397
f 14430 14429 14398
f 14399 14430 14398
f 14431 14430 14399
f 14400 14431 14399
f 14432 14431 14400
f 14401 14432 14400
f 14433 14432 14401
f 14402 14433 14401
f 14434 14433 14402
f 14403 14434 14402
f 14435 14434 14403
f 14404 14435 14403
f 14436 14435 14404
f 14405 14436 14404
f 14437 14436 14405
f 14406 14437 14405
f 14438 14437 14406
f 14407 14438 14406
f 14439 14438 14407
f 14408 14439 14407
f 14440 14439 14408
f 14409 14440 14408
f 14441 14440 14409
f 14410 14441 14409
f 14442 14441 14410
f 14411 14442 14410
f 14443 14442 14411
f 14412 14443 14411
f 14444 14443 14412
f 14413 14444 14412
f 14445 14444 14413
f 14414 14445 14413
f 14446 14445 14414
f 14415 14446 14414
f 14447 14446 14415
f 14416 14447 14415
f 14448 14447 14416
f 14417 14448 14416
f 14449 14448 14417
f 14418 14449 14417
f 14450 14449 14418
f 14419 14450 14418
f 14451 14450 14419
f 14420 14451 14419
f 14452 14451 14420
f 14389 14452 14420
f 14421 14452 14389
f 14422 14453 14421
f 14423 14453 14422
f 14424 14453 14423
f 14425 14453 14424
f 14426 14453 14425
f 14427 14453 14426
f 14428 14453 14427
f 14429 14453 14428
f 14430 14453 14429
f 14431 14453 14430
f 14432 14453 14431
f 14433 14453 14432
f 14434 14453 14433
f 14435 14453 14434
f 14436 14453 14435
f 14437 14453 14436
f 14438 14453 14437
f 14439 14453 14438
f 14440 14453 14439
f 14441 14453 14440
f 14442 14453 14441
f 14443 14453 14442
f 14444 14453 14443
f 14445 14453 14444
f 14446 14453 14445
f 14447 14453 14446
f 14448 14453 14447
f 14449 14453 14448
f 14450 14453 14449
f 14451 14453 14450
f 14452 14453 14451
f 14421 14453 14452
