# Veilbound Wayfarer - original Vespershade protagonist (DETAIL=0.34), 1 unit = 1 metre
# Layered wardrobe: every garment is a cloth solid (outer face, lining face, bound rims).
# Logical regions: body, head, hair, upper clothing, lower clothing, boots, gloves, accessories.
mtllib SM_Character_VeilboundWayfarer.mtl
o SM_Character_VeilboundWayfarer
g VeilboundWayfarer
v 0.028489 1.000000 0.175375
v 0.086305 1.000000 0.162346
v 0.140085 1.000000 0.146155
v 0.191505 1.000000 0.126518
v 0.226526 1.000000 0.096084
v 0.251056 1.000000 0.062747
v 0.271588 1.000000 0.028321
v 0.272724 1.000000 -0.008429
v 0.259022 1.000000 -0.043805
v 0.242073 1.000000 -0.078699
v 0.209655 1.000000 -0.109462
v 0.162151 1.000000 -0.131261
v 0.113621 1.000000 -0.151213
v 0.058603 1.000000 -0.163975
v 0.000000 1.000000 -0.161579
v 0.026790 1.030000 0.165042
v 0.080545 1.030000 0.151624
v 0.130646 1.030000 0.136409
v 0.179711 1.030000 0.118815
v 0.211632 1.030000 0.089834
v 0.233832 1.030000 0.058487
v 0.254313 1.030000 0.026540
v 0.254943 1.030000 -0.007886
v 0.241046 1.030000 -0.040795
v 0.226402 1.030000 -0.073660
v 0.196280 1.030000 -0.102556
v 0.150778 1.030000 -0.122146
v 0.106055 1.030000 -0.141251
v 0.054915 1.030000 -0.153772
v 0.000000 1.030000 -0.150131
v 0.027229 1.160000 0.163658
v 0.083636 1.160000 0.153608
v 0.135796 1.160000 0.138332
v 0.183266 1.160000 0.118214
v 0.218451 1.160000 0.090469
v 0.243335 1.160000 0.059381
v 0.260365 1.160000 0.026509
v 0.262169 1.160000 -0.007912
v 0.251148 1.160000 -0.041470
v 0.232483 1.160000 -0.073796
v 0.200948 1.160000 -0.102438
v 0.157384 1.160000 -0.124392
v 0.109363 1.160000 -0.142109
v 0.055881 1.160000 -0.152663
v 0.000000 1.160000 -0.152871
v 0.054771 1.280000 0.163911
v 0.114560 1.280000 0.153173
v 0.168612 1.280000 0.135637
v 0.214703 1.280000 0.112318
v 0.250971 1.280000 0.084303
v 0.275929 1.280000 0.052825
v 0.288543 1.280000 0.019264
v 0.288766 1.280000 -0.014927
v 0.276747 1.280000 -0.048414
v 0.252422 1.280000 -0.079748
v 0.216854 1.280000 -0.107523
v 0.171568 1.280000 -0.130445
v 0.118567 1.280000 -0.147351
v 0.060435 1.280000 -0.157452
v 0.000000 1.280000 -0.160734
v 0.123349 1.380000 0.151173
v 0.177503 1.380000 0.135252
v 0.224437 1.380000 0.114388
v 0.262526 1.380000 0.089407
v 0.290417 1.380000 0.061242
v 0.307104 1.380000 0.030948
v 0.311999 1.380000 -0.000329
v 0.305895 1.380000 -0.031497
v 0.288066 1.380000 -0.061457
v 0.259196 1.380000 -0.089062
v 0.220390 1.380000 -0.113253
v 0.173138 1.380000 -0.133104
v 0.119249 1.380000 -0.147852
v 0.060790 1.380000 -0.156934
v 0.000000 1.380000 -0.160000
v 0.147131 1.455000 0.133111
v 0.194628 1.455000 0.116661
v 0.235181 1.455000 0.096387
v 0.267694 1.455000 0.072959
v 0.291060 1.455000 0.047048
v 0.303957 1.455000 0.019423
v 0.305533 1.455000 -0.008886
v 0.295942 1.455000 -0.036757
v 0.275471 1.455000 -0.063087
v 0.245527 1.455000 -0.087013
v 0.207381 1.455000 -0.107841
v 0.162217 1.455000 -0.124899
v 0.111432 1.455000 -0.137569
v 0.056722 1.455000 -0.145368
v 0.000000 1.455000 -0.148000
v 0.130892 1.495000 0.112593
v 0.172595 1.495000 0.098535
v 0.208228 1.495000 0.081325
v 0.236917 1.495000 0.061509
v 0.257675 1.495000 0.039598
v 0.269157 1.495000 0.016198
v 0.270423 1.495000 -0.007802
v 0.261597 1.495000 -0.031389
v 0.243074 1.495000 -0.053592
v 0.216327 1.495000 -0.073711
v 0.182548 1.495000 -0.091212
v 0.142729 1.495000 -0.105555
v 0.098026 1.495000 -0.116217
v 0.049894 1.495000 -0.122784
v 0.000000 1.495000 -0.125001
v 0.026725 1.000000 0.164517
v 0.081141 1.000000 0.152633
v 0.132474 1.000000 0.138214
v 0.182327 1.000000 0.120454
v 0.216399 1.000000 0.091788
v 0.240384 1.000000 0.060080
v 0.260647 1.000000 0.027180
v 0.261729 1.000000 -0.008090
v 0.248176 1.000000 -0.041971
v 0.231612 1.000000 -0.075298
v 0.199904 1.000000 -0.104371
v 0.153601 1.000000 -0.124340
v 0.107013 1.000000 -0.142419
v 0.054901 1.000000 -0.153617
v 0.000000 1.000000 -0.150579
v 0.025028 1.030000 0.154184
v 0.075384 1.030000 0.141910
v 0.123037 1.030000 0.128465
v 0.170535 1.030000 0.112748
v 0.201506 1.030000 0.085535
v 0.223161 1.030000 0.055817
v 0.243372 1.030000 0.025398
v 0.243948 1.030000 -0.007546
v 0.230200 1.030000 -0.038960
v 0.215942 1.030000 -0.070257
v 0.186531 1.030000 -0.097462
v 0.142230 1.030000 -0.115221
v 0.099450 1.030000 -0.132454
v 0.051216 1.030000 -0.143413
v 0.000000 1.030000 -0.139131
v 0.025424 1.160000 0.152807
v 0.078375 1.160000 0.143947
v 0.128090 1.160000 0.130482
v 0.174022 1.160000 0.112251
v 0.208288 1.160000 0.086260
v 0.232649 1.160000 0.056773
v 0.249421 1.160000 0.025395
v 0.251174 1.160000 -0.007580
v 0.240295 1.160000 -0.039677
v 0.221999 1.160000 -0.070468
v 0.191148 1.160000 -0.097442
v 0.148754 1.160000 -0.117571
v 0.102655 1.160000 -0.133391
v 0.052099 1.160000 -0.142333
v 0.000000 1.160000 -0.141871
v 0.051285 1.280000 0.153478
v 0.107972 1.280000 0.144364
v 0.160041 1.280000 0.128742
v 0.204956 1.280000 0.107219
v 0.240544 1.280000 0.080800
v 0.265125 1.280000 0.050757
v 0.277567 1.280000 0.018531
v 0.277781 1.280000 -0.014359
v 0.265911 1.280000 -0.046518
v 0.241933 1.280000 -0.076434
v 0.206999 1.280000 -0.102637
v 0.162812 1.280000 -0.123788
v 0.111671 1.280000 -0.138781
v 0.056493 1.280000 -0.147182
v 0.000000 1.280000 -0.149734
v 0.116395 1.380000 0.142650
v 0.168753 1.380000 0.128585
v 0.214636 1.380000 0.109393
v 0.252113 1.380000 0.085860
v 0.279654 1.380000 0.058972
v 0.296160 1.380000 0.029845
v 0.300999 1.380000 -0.000317
v 0.294953 1.380000 -0.030370
v 0.277308 1.380000 -0.059162
v 0.248793 1.380000 -0.085488
v 0.210607 1.380000 -0.108226
v 0.164417 1.380000 -0.126399
v 0.112343 1.380000 -0.139290
v 0.056816 1.380000 -0.146676
v 0.000000 1.380000 -0.149000
v 0.138974 1.455000 0.125731
v 0.185194 1.455000 0.111006
v 0.225003 1.455000 0.092215
v 0.257082 1.455000 0.070066
v 0.280200 1.455000 0.045293
v 0.292979 1.455000 0.018722
v 0.294538 1.455000 -0.008566
v 0.285026 1.455000 -0.035401
v 0.264748 1.455000 -0.060631
v 0.235159 1.455000 -0.083339
v 0.197621 1.455000 -0.102766
v 0.153502 1.455000 -0.118189
v 0.104508 1.455000 -0.129022
v 0.052723 1.455000 -0.135121
v 0.000000 1.455000 -0.137000
v 0.122553 1.495000 0.105419
v 0.163042 1.495000 0.093081
v 0.197981 1.495000 0.077324
v 0.226270 1.495000 0.058744
v 0.246803 1.495000 0.037927
v 0.258176 1.495000 0.015537
v 0.259428 1.495000 -0.007484
v 0.250675 1.495000 -0.030079
v 0.232332 1.495000 -0.051224
v 0.205915 1.495000 -0.070163
v 0.172708 1.495000 -0.086295
v 0.133884 1.495000 -0.099015
v 0.090934 1.495000 -0.107809
v 0.045753 1.495000 -0.112593
v 0.000000 1.495000 -0.114001
v 0.000000 1.000000 -0.161579
v -0.057911 1.000000 -0.159866
v -0.117024 1.000000 -0.153441
v -0.165305 1.000000 -0.131462
v -0.207704 1.000000 -0.105954
v -0.245554 1.000000 -0.077084
v -0.263137 1.000000 -0.041519
v -0.268966 1.000000 -0.004985
v -0.269806 1.000000 0.032069
v -0.250145 1.000000 0.067193
v -0.216707 1.000000 0.097661
v -0.180981 1.000000 0.127362
v -0.131647 1.000000 0.148759
v -0.073790 1.000000 0.158427
v -0.016394 1.000000 0.168561
v 0.000000 1.030000 -0.150131
v -0.053906 1.030000 -0.148924
v -0.109731 1.030000 -0.143987
v -0.154048 1.030000 -0.122601
v -0.193467 1.030000 -0.098765
v -0.230079 1.030000 -0.072281
v -0.245624 1.030000 -0.038785
v -0.250435 1.030000 -0.004645
v -0.252632 1.030000 0.030050
v -0.233770 1.030000 0.062841
v -0.201607 1.030000 0.090924
v -0.169396 1.030000 0.119299
v -0.123233 1.030000 0.139356
v -0.068553 1.030000 0.147295
v -0.015330 1.030000 0.157741
v 0.000000 1.160000 -0.152871
v -0.055917 1.160000 -0.150715
v -0.111672 1.160000 -0.142964
v -0.159789 1.160000 -0.124072
v -0.201023 1.160000 -0.100123
v -0.234996 1.160000 -0.072027
v -0.253661 1.160000 -0.039078
v -0.260524 1.160000 -0.004715
v -0.258543 1.160000 0.030004
v -0.240595 1.160000 0.063101
v -0.210235 1.160000 0.092506
v -0.173559 1.160000 0.119253
v -0.126224 1.160000 0.139261
v -0.071764 1.160000 0.150437
v -0.015751 1.160000 0.158118
v 0.000000 1.280000 -0.160734
v -0.060697 1.280000 -0.157423
v -0.119058 1.280000 -0.147231
v -0.172219 1.280000 -0.130180
v -0.217567 1.280000 -0.107074
v -0.253081 1.280000 -0.079094
v -0.277224 1.280000 -0.047554
v -0.288934 1.280000 -0.013880
v -0.287688 1.280000 0.020416
v -0.273543 1.280000 0.053797
v -0.247134 1.280000 0.084765
v -0.209643 1.280000 0.111933
v -0.162753 1.280000 0.134082
v -0.108566 1.280000 0.150220
v -0.049511 1.280000 0.159622
v 0.000000 1.380000 -0.160000
v -0.061584 1.380000 -0.156852
v -0.120744 1.380000 -0.147533
v -0.175154 1.380000 -0.132408
v -0.222672 1.380000 -0.112074
v -0.261428 1.380000 -0.087329
v -0.289898 1.380000 -0.059149
v -0.306961 1.380000 -0.028641
v -0.311945 1.380000 0.002994
v -0.304656 1.380000 0.034511
v -0.285379 1.380000 0.064670
v -0.254874 1.380000 0.092284
v -0.214339 1.380000 0.116268
v -0.165371 1.380000 0.135676
v -0.109896 1.380000 0.149746
v 0.000000 1.455000 -0.148000
v -0.058340 1.455000 -0.145214
v -0.114491 1.455000 -0.136966
v -0.166377 1.455000 -0.123586
v -0.212172 1.455000 -0.105613
v -0.250388 1.455000 -0.083732
v -0.279738 1.455000 -0.058673
v -0.298803 1.455000 -0.031211
v -0.306082 1.455000 -0.002340
v -0.300799 1.455000 0.026642
v -0.283532 1.455000 0.054405
v -0.255730 1.455000 0.079905
v -0.218851 1.455000 0.102346
v -0.174181 1.455000 0.120994
v -0.123158 1.455000 0.135152
v 0.000000 1.495000 -0.125001
v -0.051386 1.495000 -0.122648
v -0.100847 1.495000 -0.115685
v -0.146568 1.495000 -0.104397
v -0.186982 1.495000 -0.089249
v -0.220854 1.495000 -0.070820
v -0.247093 1.495000 -0.049696
v -0.264327 1.495000 -0.026475
v -0.270963 1.495000 -0.001987
v -0.266143 1.495000 0.022603
v -0.250507 1.495000 0.046093
v -0.225610 1.495000 0.067597
v -0.192887 1.495000 0.086497
v -0.153448 1.495000 0.102211
v -0.108482 1.495000 0.114154
v 0.000000 1.000000 -0.150579
v -0.054164 1.000000 -0.149524
v -0.110353 1.000000 -0.144694
v -0.156696 1.000000 -0.124615
v -0.197905 1.000000 -0.100956
v -0.235059 1.000000 -0.073790
v -0.252272 1.000000 -0.039805
v -0.257968 1.000000 -0.004781
v -0.258883 1.000000 0.030770
v -0.239521 1.000000 0.064339
v -0.206678 1.000000 0.093141
v -0.171985 1.000000 0.121032
v -0.124357 1.000000 0.140522
v -0.069145 1.000000 0.148456
v -0.015329 1.000000 0.157613
v 0.000000 1.030000 -0.139131
v -0.050162 1.030000 -0.138581
v -0.103064 1.030000 -0.135238
v -0.145441 1.030000 -0.115751
v -0.183670 1.030000 -0.093764
v -0.219584 1.030000 -0.068984
v -0.234758 1.030000 -0.037069
v -0.239437 1.030000 -0.004441
v -0.241709 1.030000 0.028751
v -0.223147 1.030000 0.059986
v -0.191580 1.030000 0.086402
v -0.160402 1.030000 0.112965
v -0.115946 1.030000 0.131116
v -0.063912 1.030000 0.137322
v -0.014266 1.030000 0.146793
v 0.000000 1.160000 -0.141871
v -0.052090 1.160000 -0.140402
v -0.104901 1.160000 -0.134295
v -0.151100 1.160000 -0.117326
v -0.191177 1.160000 -0.095219
v -0.224479 1.160000 -0.068804
v -0.242789 1.160000 -0.037404
v -0.249526 1.160000 -0.004516
v -0.247616 1.160000 0.028736
v -0.229955 1.160000 0.060310
v -0.200167 1.160000 0.088076
v -0.164493 1.160000 0.113024
v -0.118837 1.160000 0.131111
v -0.067028 1.160000 0.140509
v -0.014660 1.160000 0.147173
v 0.000000 1.280000 -0.149734
v -0.056740 1.280000 -0.147159
v -0.112141 1.280000 -0.138678
v -0.163444 1.280000 -0.123547
v -0.207697 1.280000 -0.102217
v -0.242582 1.280000 -0.075812
v -0.266382 1.280000 -0.045694
v -0.277946 1.280000 -0.013352
v -0.276715 1.280000 0.019637
v -0.262750 1.280000 0.051674
v -0.236729 1.280000 0.081196
v -0.199940 1.280000 0.106752
v -0.154263 1.280000 0.127088
v -0.102123 1.280000 0.141304
v -0.046252 1.280000 0.149115
v 0.000000 1.380000 -0.149000
v -0.057564 1.380000 -0.146613
v -0.113777 1.380000 -0.139020
v -0.166379 1.380000 -0.125775
v -0.212846 1.380000 -0.107128
v -0.250995 1.380000 -0.083844
v -0.279120 1.380000 -0.056950
v -0.296008 1.380000 -0.027619
v -0.300946 1.380000 0.002888
v -0.293726 1.380000 0.033272
v -0.274651 1.380000 0.062239
v -0.244531 1.380000 0.088539
v -0.204670 1.380000 0.111023
v -0.156867 1.380000 0.128699
v -0.103388 1.380000 0.140878
v 0.000000 1.455000 -0.137000
v -0.054240 1.455000 -0.135007
v -0.107436 1.455000 -0.128526
v -0.157547 1.455000 -0.117027
v -0.202325 1.455000 -0.100711
v -0.239956 1.455000 -0.080243
v -0.268972 1.455000 -0.056415
v -0.287862 1.455000 -0.030068
v -0.295082 1.455000 -0.002256
v -0.289842 1.455000 0.025671
v -0.272729 1.455000 0.052332
v -0.245230 1.455000 0.076624
v -0.208886 1.455000 0.097686
v -0.165146 1.455000 0.114719
v -0.115749 1.455000 0.127022
v 0.000000 1.495000 -0.114001
v -0.047135 1.495000 -0.112502
v -0.093619 1.495000 -0.107393
v -0.137608 1.495000 -0.098015
v -0.177055 1.495000 -0.084511
v -0.210379 1.495000 -0.067461
v -0.236308 1.495000 -0.047527
v -0.253382 1.495000 -0.025379
v -0.259963 1.495000 -0.001906
v -0.255183 1.495000 0.021672
v -0.239689 1.495000 0.044102
v -0.215073 1.495000 0.064439
v -0.182850 1.495000 0.081996
v -0.144293 1.495000 0.096113
v -0.100904 1.495000 0.106180
v 0.037642 1.000000 0.164982
v 0.101459 1.000000 0.152393
v 0.159544 1.000000 0.132279
v 0.209622 1.000000 0.104784
v 0.248048 1.000000 0.070313
v 0.270879 1.000000 0.030468
v 0.275285 1.000000 -0.011922
v 0.260615 1.000000 -0.053367
v 0.228661 1.000000 -0.090578
v 0.183023 1.000000 -0.121247
v 0.127816 1.000000 -0.144417
v 0.066221 1.000000 -0.160094
v 0.000000 1.000000 -0.167760
v 0.039427 0.967930 0.177081
v 0.105588 0.965675 0.160484
v 0.166453 0.963834 0.137454
v 0.220701 0.961471 0.107302
v 0.263974 0.957956 0.069337
v 0.290640 0.953310 0.024790
v 0.296357 0.948195 -0.023006
v 0.280005 0.943562 -0.069575
v 0.244174 0.940149 -0.110785
v 0.194031 0.938089 -0.144187
v 0.135001 0.936853 -0.169562
v 0.070253 0.935558 -0.188071
v 0.000000 0.933503 -0.199425
v 0.041220 0.885860 0.189177
v 0.109760 0.881349 0.168548
v 0.173397 0.877668 0.142589
v 0.231791 0.872942 0.109800
v 0.279898 0.865912 0.068366
v 0.310400 0.856621 0.019120
v 0.317430 0.846390 -0.034094
v 0.299393 0.837125 -0.085791
v 0.259688 0.830298 -0.130990
v 0.205047 0.826178 -0.167114
v 0.142200 0.823707 -0.194694
v 0.074293 0.821117 -0.216045
v 0.000000 0.817006 -0.231090
v 0.043022 0.773791 0.201271
v 0.113968 0.767024 0.176590
v 0.180371 0.761502 0.147690
v 0.242889 0.754412 0.112282
v 0.295821 0.743869 0.067399
v 0.330159 0.729931 0.013457
v 0.338502 0.714585 -0.045185
v 0.318780 0.700687 -0.102014
v 0.275203 0.690448 -0.151195
v 0.216071 0.684267 -0.190030
v 0.149411 0.680560 -0.219816
v 0.078338 0.676675 -0.244016
v 0.000000 0.670509 -0.262756
v 0.044830 0.681721 0.213364
v 0.118205 0.672698 0.184615
v 0.187370 0.665336 0.152763
v 0.253994 0.655883 0.114751
v 0.311742 0.641825 0.066437
v 0.349917 0.623241 0.007799
v 0.359573 0.602780 -0.056278
v 0.338165 0.584250 -0.118242
v 0.290717 0.570597 -0.171398
v 0.227100 0.562356 -0.212937
v 0.156631 0.557413 -0.244931
v 0.082388 0.552233 -0.271986
v 0.000000 0.544013 -0.294421
v 0.046644 0.589651 0.225456
v 0.122466 0.578373 0.192624
v 0.194391 0.569170 0.157813
v 0.265105 0.557354 0.117209
v 0.327663 0.539781 0.065477
v 0.369675 0.516552 0.002146
v 0.380645 0.490975 -0.067373
v 0.357550 0.467812 -0.134475
v 0.306232 0.450746 -0.191600
v 0.238135 0.440445 -0.235837
v 0.163859 0.434266 -0.270038
v 0.086442 0.427792 -0.299955
v 0.000000 0.417516 -0.326086
v 0.035195 1.000000 0.154258
v 0.095363 1.000000 0.143237
v 0.151076 1.000000 0.125258
v 0.199782 1.000000 0.099866
v 0.237465 1.000000 0.067313
v 0.259948 1.000000 0.029238
v 0.264296 1.000000 -0.011446
v 0.249839 1.000000 -0.051160
v 0.218434 1.000000 -0.086527
v 0.173853 1.000000 -0.115172
v 0.120526 1.000000 -0.136180
v 0.062017 1.000000 -0.149929
v 0.000000 1.000000 -0.156760
v 0.037036 0.967930 0.166344
v 0.099587 0.965675 0.151265
v 0.158057 0.963834 0.130348
v 0.210900 0.961471 0.102309
v 0.253405 0.957956 0.066289
v 0.279711 0.953310 0.023542
v 0.285368 0.948195 -0.022524
v 0.269234 0.943562 -0.067343
v 0.233962 0.940149 -0.106698
v 0.184885 0.938089 -0.138076
v 0.127740 0.936853 -0.161299
v 0.066069 0.935558 -0.177898
v 0.000000 0.933503 -0.188425
v 0.038879 0.885860 0.178429
v 0.103843 0.881349 0.159275
v 0.165065 0.877668 0.135407
v 0.222023 0.872942 0.104741
v 0.269341 0.865912 0.065276
v 0.299473 0.856621 0.017855
v 0.306440 0.846390 -0.033606
v 0.288627 0.837125 -0.083537
v 0.249488 0.830298 -0.126872
v 0.195922 0.826178 -0.160971
v 0.134964 0.823707 -0.186410
v 0.070126 0.821117 -0.205864
v 0.000000 0.817006 -0.220090
v 0.040723 0.773791 0.190514
v 0.108125 0.767024 0.167270
v 0.172096 0.761502 0.140442
v 0.233151 0.754412 0.107165
v 0.285275 0.743869 0.064272
v 0.319233 0.729931 0.012177
v 0.327513 0.714585 -0.044692
v 0.308017 0.700687 -0.099740
v 0.265014 0.690448 -0.147049
v 0.206964 0.684267 -0.183860
v 0.142197 0.680560 -0.211513
v 0.074186 0.676675 -0.233830
v 0.000000 0.670509 -0.251756
v 0.042568 0.681721 0.202599
v 0.112427 0.672698 0.175254
v 0.179147 0.665336 0.145456
v 0.244284 0.655883 0.109582
v 0.301206 0.641825 0.063275
v 0.338993 0.623241 0.006506
v 0.348585 0.602780 -0.055781
v 0.327407 0.584250 -0.115951
v 0.280538 0.570597 -0.167228
v 0.218011 0.562356 -0.206742
v 0.149436 0.557413 -0.236610
v 0.078249 0.552233 -0.261795
v 0.000000 0.544013 -0.283421
v 0.044415 0.589651 0.214685
v 0.116748 0.578373 0.183227
v 0.186216 0.569170 0.150453
v 0.255421 0.557354 0.111992
v 0.317136 0.539781 0.062285
v 0.358753 0.516552 0.000841
v 0.369657 0.490975 -0.066872
v 0.346795 0.467812 -0.132168
v 0.296062 0.450746 -0.187408
v 0.229060 0.440445 -0.229620
v 0.156682 0.434266 -0.261703
v 0.082315 0.427792 -0.289758
v 0.000000 0.417516 -0.315086
v 0.000000 1.000000 -0.168473
v -0.067281 1.000000 -0.160423
v -0.129419 1.000000 -0.143940
v -0.184681 1.000000 -0.119919
v -0.230087 1.000000 -0.088491
v -0.261597 1.000000 -0.050595
v -0.275515 1.000000 -0.008516
v -0.269887 1.000000 0.034393
v -0.245294 1.000000 0.074485
v -0.204693 1.000000 0.108756
v -0.152347 1.000000 0.135515
v -0.092258 1.000000 0.154441
v -0.026894 1.000000 0.165557
v 0.000000 0.928211 -0.197914
v -0.070783 0.930944 -0.186074
v -0.135284 0.934837 -0.166670
v -0.193516 0.938875 -0.140628
v -0.242794 0.942109 -0.106956
v -0.277914 0.944109 -0.065740
v -0.293570 0.945183 -0.019262
v -0.286851 0.946191 0.028370
v -0.258665 0.948068 0.072527
v -0.213452 0.951304 0.109656
v -0.157253 0.955666 0.138432
v -0.094895 0.960330 0.159723
v -0.027839 0.964327 0.174540
v 0.000000 0.806421 -0.227355
v -0.074285 0.811889 -0.211725
v -0.141150 0.819674 -0.189398
v -0.202352 0.827750 -0.161333
v -0.255503 0.834217 -0.125419
v -0.294231 0.838219 -0.080889
v -0.311625 0.840366 -0.030010
v -0.303814 0.842382 0.022354
v -0.272034 0.846137 0.070574
v -0.222217 0.852608 0.110545
v -0.162185 0.861332 0.141320
v -0.097566 0.870660 0.164987
v -0.028791 0.878654 0.183522
v 0.000000 0.654632 -0.256796
v -0.077785 0.662833 -0.237376
v -0.147017 0.674510 -0.212127
v -0.211191 0.686625 -0.182036
v -0.268211 0.696326 -0.143881
v -0.310547 0.702328 -0.096039
v -0.329680 0.705549 -0.040759
v -0.320777 0.708573 0.016342
v -0.285403 0.714205 0.068626
v -0.230987 0.723911 0.111424
v -0.167140 0.736998 0.144184
v -0.100264 0.750990 0.170235
v -0.029748 0.762980 0.192503
v 0.000000 0.522843 -0.286237
v -0.081285 0.533778 -0.263028
v -0.152885 0.549347 -0.234854
v -0.220031 0.565499 -0.202736
v -0.280920 0.578435 -0.162343
v -0.326863 0.586438 -0.111192
v -0.347736 0.590732 -0.051509
v -0.337740 0.594764 0.010335
v -0.298769 0.602274 0.066681
v -0.239762 0.615215 0.112294
v -0.172115 0.632665 0.147027
v -0.102986 0.651319 0.175470
v -0.030709 0.667307 0.201484
v 0.000000 0.511053 -0.315678
v -0.084785 0.524722 -0.288679
v -0.158754 0.544184 -0.257581
v -0.228873 0.564374 -0.223433
v -0.293630 0.580544 -0.180803
v -0.343179 0.590547 -0.126347
v -0.365791 0.595915 -0.062259
v -0.354702 0.600955 0.004331
v -0.312135 0.610342 0.064740
v -0.248542 0.626519 0.113157
v -0.177107 0.648331 0.149852
v -0.105730 0.671649 0.180693
v -0.031675 0.691634 0.210464
v 0.000000 1.000000 -0.157473
v -0.063026 1.000000 -0.150279
v -0.122064 1.000000 -0.135760
v -0.175455 1.000000 -0.113928
v -0.219820 1.000000 -0.084542
v -0.250797 1.000000 -0.048506
v -0.264520 1.000000 -0.008176
v -0.258975 1.000000 0.033002
v -0.234768 1.000000 0.071289
v -0.194979 1.000000 0.103595
v -0.144128 1.000000 0.128204
v -0.086616 1.000000 0.144997
v -0.025130 1.000000 0.154699
v 0.000000 0.928211 -0.186914
v -0.066525 0.930944 -0.175931
v -0.127931 0.934837 -0.158488
v -0.184295 0.938875 -0.134629
v -0.232532 0.942109 -0.102995
v -0.267117 0.944109 -0.063641
v -0.282576 0.945183 -0.018920
v -0.275941 0.946191 0.026968
v -0.248149 0.948068 0.069299
v -0.203765 0.951304 0.104444
v -0.149087 0.955666 0.131062
v -0.089322 0.960330 0.150240
v -0.026107 0.964327 0.163677
v 0.000000 0.806421 -0.216355
v -0.070024 0.811889 -0.201584
v -0.133799 0.819674 -0.181215
v -0.193137 0.827750 -0.155327
v -0.245245 0.834217 -0.121447
v -0.283435 0.838219 -0.078779
v -0.300631 0.840366 -0.029666
v -0.292906 0.842382 0.020940
v -0.261527 0.846137 0.067318
v -0.212554 0.852608 0.105287
v -0.154067 0.861332 0.133898
v -0.092053 0.870660 0.155468
v -0.027086 0.878654 0.172655
v 0.000000 0.654632 -0.245796
v -0.073522 0.662833 -0.227236
v -0.139668 0.674510 -0.203942
v -0.201980 0.686625 -0.176022
v -0.257958 0.696326 -0.139899
v -0.299753 0.702328 -0.093921
v -0.318686 0.705549 -0.040413
v -0.309870 0.708573 0.014918
v -0.274904 0.714205 0.065344
v -0.221348 0.723911 0.106125
v -0.159066 0.736998 0.136714
v -0.094807 0.750990 0.160684
v -0.028068 0.762980 0.181632
v 0.000000 0.522843 -0.275237
v -0.077019 0.533778 -0.252889
v -0.145537 0.549347 -0.226668
v -0.210825 0.565499 -0.196716
v -0.270670 0.578435 -0.158351
v -0.316071 0.586438 -0.109066
v -0.336741 0.590732 -0.051160
v -0.326834 0.594764 0.008902
v -0.288278 0.602274 0.063376
v -0.230144 0.615215 0.106957
v -0.164081 0.632665 0.139514
v -0.097580 0.651319 0.165890
v -0.029052 0.667307 0.190609
v 0.000000 0.511053 -0.304678
v -0.080516 0.524722 -0.278541
v -0.151407 0.544184 -0.249394
v -0.219671 0.564374 -0.217408
v -0.283383 0.580544 -0.176803
v -0.332387 0.590547 -0.124213
v -0.354796 0.595915 -0.061909
v -0.343797 0.600955 0.002890
v -0.301651 0.610342 0.061413
v -0.238943 0.626519 0.107786
v -0.169110 0.648331 0.142300
v -0.100369 0.671649 0.171087
v -0.030038 0.691634 0.199586
v 0.067069 1.486000 0.053655
v 0.085650 1.486000 0.015789
v 0.086703 1.486000 -0.026945
v 0.070014 1.486000 -0.065802
v 0.038997 1.486000 -0.092831
v 0.000000 1.486000 -0.102500
v -0.038997 1.486000 -0.092831
v -0.070014 1.486000 -0.065802
v -0.086703 1.486000 -0.026945
v -0.085650 1.486000 0.015789
v -0.067069 1.486000 0.053655
v 0.071081 1.513625 0.055711
v 0.089566 1.509993 0.015917
v 0.089813 1.506625 -0.028238
v 0.071993 1.503583 -0.067861
v 0.039874 1.500980 -0.095076
v 0.000000 1.499200 -0.104612
v -0.039874 1.500980 -0.095076
v -0.071993 1.503583 -0.067861
v -0.089813 1.506625 -0.028238
v -0.089566 1.509993 0.015917
v -0.071081 1.513625 0.055711
v 0.074388 1.536092 0.057317
v 0.092762 1.529522 0.015968
v 0.092337 1.523431 -0.029325
v 0.073595 1.517928 -0.069555
v 0.040583 1.513220 -0.096914
v 0.000000 1.510000 -0.106340
v -0.040583 1.513220 -0.096914
v -0.073595 1.517928 -0.069555
v -0.092337 1.523431 -0.029325
v -0.092762 1.529522 0.015968
v -0.074388 1.536092 0.057317
v 0.063388 1.486000 0.050271
v 0.080832 1.486000 0.014451
v 0.081819 1.486000 -0.025877
v 0.066158 1.486000 -0.062619
v 0.036909 1.486000 -0.088288
v 0.000000 1.486000 -0.097500
v -0.036909 1.486000 -0.088288
v -0.066158 1.486000 -0.062619
v -0.081819 1.486000 -0.025877
v -0.080832 1.486000 0.014451
v -0.063388 1.486000 0.050271
v 0.067358 1.513625 0.052373
v 0.084735 1.509993 0.014627
v 0.084935 1.506625 -0.027139
v 0.068149 1.503583 -0.064664
v 0.037792 1.500980 -0.090530
v 0.000000 1.499200 -0.099612
v -0.037792 1.500980 -0.090530
v -0.068149 1.503583 -0.064664
v -0.084935 1.506625 -0.027139
v -0.084735 1.509993 0.014627
v -0.067358 1.513625 0.052373
v 0.070630 1.536092 0.054018
v 0.087921 1.529522 0.014717
v 0.087465 1.523431 -0.028200
v 0.069760 1.517928 -0.066347
v 0.038506 1.513220 -0.092365
v 0.000000 1.510000 -0.101340
v -0.038506 1.513220 -0.092365
v -0.069760 1.517928 -0.066347
v -0.087465 1.523431 -0.028200
v -0.087921 1.529522 0.014717
v -0.070630 1.536092 0.054018
v 0.287978 1.492000 -0.062190
v 0.259676 1.492000 -0.091759
v 0.221166 1.492000 -0.117720
v 0.173962 1.492000 -0.139054
v 0.119919 1.492000 -0.154921
v 0.061162 1.492000 -0.164698
v 0.000000 1.492000 -0.168000
v -0.061162 1.492000 -0.164698
v -0.119919 1.492000 -0.154921
v -0.173962 1.492000 -0.139054
v -0.221166 1.492000 -0.117720
v -0.259676 1.492000 -0.091759
v -0.287978 1.492000 -0.062190
v 0.298128 1.452127 -0.066594
v 0.269151 1.441641 -0.097714
v 0.228888 1.427694 -0.124954
v 0.180744 1.415440 -0.148168
v 0.125752 1.407912 -0.166678
v 0.064363 1.405646 -0.177893
v 0.000000 1.407323 -0.180255
v -0.063618 1.411433 -0.175835
v -0.125251 1.417582 -0.166014
v -0.182193 1.426330 -0.149355
v -0.230242 1.437802 -0.125693
v -0.267941 1.450303 -0.097274
v -0.296146 1.459582 -0.066152
v 0.310348 1.402208 -0.072169
v 0.280491 1.378483 -0.105138
v 0.238398 1.348148 -0.134034
v 0.189109 1.321678 -0.159564
v 0.132683 1.305245 -0.181028
v 0.068109 1.300005 -0.193815
v 0.000000 1.303414 -0.195310
v -0.066662 1.312492 -0.189696
v -0.131637 1.326329 -0.179602
v -0.191898 1.345807 -0.161917
v -0.241228 1.370942 -0.135625
v -0.278305 1.398196 -0.104319
v -0.306265 1.419037 -0.071219
v 0.280158 1.492000 -0.060502
v 0.252133 1.492000 -0.089094
v 0.214104 1.492000 -0.113962
v 0.167713 1.492000 -0.134059
v 0.115022 1.492000 -0.148595
v 0.058377 1.492000 -0.157198
v 0.000000 1.492000 -0.160000
v -0.058377 1.492000 -0.157198
v -0.115022 1.492000 -0.148595
v -0.167713 1.492000 -0.134059
v -0.214104 1.492000 -0.113962
v -0.252133 1.492000 -0.089094
v -0.280158 1.492000 -0.060502
v 0.290321 1.452127 -0.064850
v 0.261631 1.441641 -0.094984
v 0.221866 1.427694 -0.121121
v 0.174558 1.415440 -0.143096
v 0.120934 1.407912 -0.160292
v 0.061641 1.405646 -0.170370
v 0.000000 1.407323 -0.172255
v -0.060897 1.411433 -0.168312
v -0.120433 1.417582 -0.159628
v -0.176006 1.426330 -0.144284
v -0.223220 1.437802 -0.121860
v -0.260421 1.450303 -0.094544
v -0.288338 1.459582 -0.064408
v 0.302556 1.402208 -0.070357
v 0.273000 1.378483 -0.102330
v 0.231424 1.348148 -0.130113
v 0.182995 1.321678 -0.154405
v 0.127953 1.305245 -0.174576
v 0.065457 1.300005 -0.186268
v 0.000000 1.303414 -0.187310
v -0.064010 1.312492 -0.182149
v -0.126908 1.326329 -0.173149
v -0.185784 1.345807 -0.156758
v -0.234254 1.370942 -0.131704
v -0.270814 1.398196 -0.101511
v -0.298473 1.419037 -0.069407
v -0.133268 1.400431 0.001658
v -0.154573 1.432421 0.079093
v -0.216460 1.490771 0.083618
v -0.265627 1.527502 0.025853
v -0.266460 1.514663 -0.060940
v -0.216295 1.461338 -0.103033
v -0.154317 1.406874 -0.082249
v -0.225796 1.322117 0.011829
v -0.252235 1.342977 0.075614
v -0.311643 1.376674 0.088598
v -0.359304 1.397822 0.040779
v -0.359224 1.390459 -0.031637
v -0.311632 1.360207 -0.074250
v -0.252166 1.329744 -0.054933
v -0.290706 1.167042 0.021461
v -0.314061 1.178159 0.073444
v -0.366501 1.194935 0.089546
v -0.409384 1.204288 0.049071
v -0.406084 1.198503 -0.010077
v -0.366049 1.183597 -0.048168
v -0.311214 1.168475 -0.035277
v -0.323593 1.052402 0.033165
v -0.345975 1.061736 0.082329
v -0.396264 1.073554 0.093817
v -0.436636 1.078926 0.058541
v -0.436464 1.073793 0.003443
v -0.396241 1.062076 -0.030232
v -0.345827 1.052512 -0.017063
v -0.331366 1.005512 0.036490
v -0.353066 1.011544 0.083862
v -0.401825 1.017919 0.095193
v -0.440926 1.019837 0.061951
v -0.440926 1.015853 0.009167
v -0.401825 1.008968 -0.023411
v -0.353066 1.004366 -0.011251
v -0.139891 1.406451 0.000714
v -0.158703 1.435084 0.071553
v -0.214986 1.488071 0.075160
v -0.259660 1.521473 0.022846
v -0.260493 1.509844 -0.056232
v -0.214821 1.461358 -0.094155
v -0.158446 1.411718 -0.075886
v -0.233707 1.326386 0.011398
v -0.257168 1.344931 0.068344
v -0.309882 1.374842 0.079964
v -0.352176 1.393583 0.037282
v -0.352097 1.387005 -0.027363
v -0.309871 1.360140 -0.065424
v -0.257099 1.333113 -0.048201
v -0.299341 1.169572 0.021255
v -0.319445 1.179166 0.066303
v -0.364580 1.193660 0.080846
v -0.401604 1.201693 0.045364
v -0.398305 1.196541 -0.006000
v -0.364128 1.183746 -0.039377
v -0.316598 1.170622 -0.028392
v -0.332396 1.054269 0.032992
v -0.351463 1.062252 0.075215
v -0.394305 1.072331 0.085118
v -0.428705 1.076885 0.054808
v -0.428534 1.072471 0.007487
v -0.394282 1.062469 -0.021456
v -0.351315 1.054324 -0.010164
v -0.340309 1.006519 0.036414
v -0.358642 1.011642 0.076798
v -0.399835 1.017035 0.086460
v -0.432869 1.018636 0.058125
v -0.432869 1.015240 0.013129
v -0.399835 1.009404 -0.014645
v -0.358642 1.005523 -0.004282
v 0.276030 1.530202 -0.018698
v 0.243327 1.512017 0.059537
v 0.184528 1.462678 0.094126
v 0.137836 1.411191 0.043129
v 0.137003 1.397135 -0.041535
v 0.184692 1.431677 -0.104482
v 0.243584 1.489101 -0.088076
v 0.366204 1.397883 0.004171
v 0.339834 1.390256 0.070933
v 0.280368 1.359793 0.090250
v 0.232776 1.329541 0.047637
v 0.232696 1.322178 -0.024779
v 0.280357 1.343326 -0.072598
v 0.339765 1.377023 -0.059614
v 0.413294 1.202958 0.018539
v 0.392786 1.201525 0.075277
v 0.337951 1.186403 0.088168
v 0.297916 1.171497 0.050077
v 0.294616 1.165712 -0.009071
v 0.337499 1.175065 -0.049546
v 0.389939 1.191841 -0.033444
v 0.442407 1.077598 0.030835
v 0.420173 1.077488 0.081063
v 0.369759 1.067924 0.094232
v 0.329536 1.056207 0.060557
v 0.329364 1.051074 0.005459
v 0.369736 1.056446 -0.029817
v 0.420025 1.068264 -0.018329
v 0.446634 1.018488 0.035510
v 0.424934 1.019634 0.083251
v 0.376175 1.015032 0.095411
v 0.337074 1.008147 0.062833
v 0.337074 1.004163 0.010049
v 0.376175 1.006081 -0.023193
v 0.424934 1.012456 -0.011862
v 0.269407 1.524182 -0.017754
v 0.239198 1.507173 0.053174
v 0.186001 1.462658 0.085248
v 0.143803 1.416010 0.038420
v 0.142970 1.403164 -0.038528
v 0.186166 1.434377 -0.096024
v 0.239455 1.486437 -0.080536
v 0.358293 1.393614 0.004602
v 0.334901 1.386887 0.064201
v 0.282129 1.359860 0.081424
v 0.239903 1.332995 0.043363
v 0.239824 1.326417 -0.021282
v 0.282118 1.345158 -0.063964
v 0.334832 1.375069 -0.052344
v 0.404659 1.200428 0.018745
v 0.387402 1.199378 0.068392
v 0.339872 1.186254 0.079377
v 0.305695 1.173459 0.046000
v 0.302396 1.168307 -0.005364
v 0.339420 1.176340 -0.040846
v 0.384555 1.190834 -0.026303
v 0.433604 1.075731 0.031008
v 0.414685 1.075676 0.074164
v 0.371718 1.067531 0.085456
v 0.337466 1.057529 0.056513
v 0.337295 1.053115 0.009192
v 0.371695 1.057669 -0.021118
v 0.414537 1.067748 -0.011215
v 0.437691 1.017481 0.035586
v 0.419358 1.018477 0.076282
v 0.378165 1.014596 0.086645
v 0.345131 1.008760 0.058871
v 0.345131 1.005364 0.013875
v 0.378165 1.006965 -0.014460
v 0.419358 1.012358 -0.004798
usemtl Cloth
f 1 2 16
f 2 17 16
f 106 121 107
f 107 121 122
f 2 3 17
f 3 18 17
f 107 122 108
f 108 122 123
f 3 4 18
f 4 19 18
f 108 123 109
f 109 123 124
f 4 5 19
f 5 20 19
f 109 124 110
f 110 124 125
f 5 6 20
f 6 21 20
f 110 125 111
f 111 125 126
f 6 7 21
f 7 22 21
f 111 126 112
f 112 126 127
f 7 8 22
f 8 23 22
f 112 127 113
f 113 127 128
f 8 9 23
f 9 24 23
f 113 128 114
f 114 128 129
f 9 10 24
f 10 25 24
f 114 129 115
f 115 129 130
f 10 11 25
f 11 26 25
f 115 130 116
f 116 130 131
f 11 12 26
f 12 27 26
f 116 131 117
f 117 131 132
f 12 13 27
f 13 28 27
f 117 132 118
f 118 132 133
f 13 14 28
f 14 29 28
f 118 133 119
f 119 133 134
f 14 15 29
f 15 30 29
f 119 134 120
f 120 134 135
f 16 17 31
f 17 32 31
f 121 136 122
f 122 136 137
f 17 18 32
f 18 33 32
f 122 137 123
f 123 137 138
f 18 19 33
f 19 34 33
f 123 138 124
f 124 138 139
f 19 20 34
f 20 35 34
f 124 139 125
f 125 139 140
f 20 21 35
f 21 36 35
f 125 140 126
f 126 140 141
f 21 22 36
f 22 37 36
f 126 141 127
f 127 141 142
f 22 23 37
f 23 38 37
f 127 142 128
f 128 142 143
f 23 24 38
f 24 39 38
f 128 143 129
f 129 143 144
f 24 25 39
f 25 40 39
f 129 144 130
f 130 144 145
f 25 26 40
f 26 41 40
f 130 145 131
f 131 145 146
f 26 27 41
f 27 42 41
f 131 146 132
f 132 146 147
f 27 28 42
f 28 43 42
f 132 147 133
f 133 147 148
f 28 29 43
f 29 44 43
f 133 148 134
f 134 148 149
f 29 30 44
f 30 45 44
f 134 149 135
f 135 149 150
f 31 32 46
f 32 47 46
f 136 151 137
f 137 151 152
f 32 33 47
f 33 48 47
f 137 152 138
f 138 152 153
f 33 34 48
f 34 49 48
f 138 153 139
f 139 153 154
f 34 35 49
f 35 50 49
f 139 154 140
f 140 154 155
f 35 36 50
f 36 51 50
f 140 155 141
f 141 155 156
f 36 37 51
f 37 52 51
f 141 156 142
f 142 156 157
f 37 38 52
f 38 53 52
f 142 157 143
f 143 157 158
f 38 39 53
f 39 54 53
f 143 158 144
f 144 158 159
f 39 40 54
f 40 55 54
f 144 159 145
f 145 159 160
f 40 41 55
f 41 56 55
f 145 160 146
f 146 160 161
f 41 42 56
f 42 57 56
f 146 161 147
f 147 161 162
f 42 43 57
f 43 58 57
f 147 162 148
f 148 162 163
f 43 44 58
f 44 59 58
f 148 163 149
f 149 163 164
f 44 45 59
f 45 60 59
f 149 164 150
f 150 164 165
f 46 47 61
f 47 62 61
f 151 166 152
f 152 166 167
f 47 48 62
f 48 63 62
f 152 167 153
f 153 167 168
f 48 49 63
f 49 64 63
f 153 168 154
f 154 168 169
f 49 50 64
f 50 65 64
f 154 169 155
f 155 169 170
f 50 51 65
f 51 66 65
f 155 170 156
f 156 170 171
f 51 52 66
f 52 67 66
f 156 171 157
f 157 171 172
f 52 53 67
f 53 68 67
f 157 172 158
f 158 172 173
f 53 54 68
f 54 69 68
f 158 173 159
f 159 173 174
f 54 55 69
f 55 70 69
f 159 174 160
f 160 174 175
f 55 56 70
f 56 71 70
f 160 175 161
f 161 175 176
f 56 57 71
f 57 72 71
f 161 176 162
f 162 176 177
f 57 58 72
f 58 73 72
f 162 177 163
f 163 177 178
f 58 59 73
f 59 74 73
f 163 178 164
f 164 178 179
f 59 60 74
f 60 75 74
f 164 179 165
f 165 179 180
f 61 62 76
f 62 77 76
f 166 181 167
f 167 181 182
f 62 63 77
f 63 78 77
f 167 182 168
f 168 182 183
f 63 64 78
f 64 79 78
f 168 183 169
f 169 183 184
f 64 65 79
f 65 80 79
f 169 184 170
f 170 184 185
f 65 66 80
f 66 81 80
f 170 185 171
f 171 185 186
f 66 67 81
f 67 82 81
f 171 186 172
f 172 186 187
f 67 68 82
f 68 83 82
f 172 187 173
f 173 187 188
f 68 69 83
f 69 84 83
f 173 188 174
f 174 188 189
f 69 70 84
f 70 85 84
f 174 189 175
f 175 189 190
f 70 71 85
f 71 86 85
f 175 190 176
f 176 190 191
f 71 72 86
f 72 87 86
f 176 191 177
f 177 191 192
f 72 73 87
f 73 88 87
f 177 192 178
f 178 192 193
f 73 74 88
f 74 89 88
f 178 193 179
f 179 193 194
f 74 75 89
f 75 90 89
f 179 194 180
f 180 194 195
f 76 77 91
f 77 92 91
f 181 196 182
f 182 196 197
f 77 78 92
f 78 93 92
f 182 197 183
f 183 197 198
f 78 79 93
f 79 94 93
f 183 198 184
f 184 198 199
f 79 80 94
f 80 95 94
f 184 199 185
f 185 199 200
f 80 81 95
f 81 96 95
f 185 200 186
f 186 200 201
f 81 82 96
f 82 97 96
f 186 201 187
f 187 201 202
f 82 83 97
f 83 98 97
f 187 202 188
f 188 202 203
f 83 84 98
f 84 99 98
f 188 203 189
f 189 203 204
f 84 85 99
f 85 100 99
f 189 204 190
f 190 204 205
f 85 86 100
f 86 101 100
f 190 205 191
f 191 205 206
f 86 87 101
f 87 102 101
f 191 206 192
f 192 206 207
f 87 88 102
f 88 103 102
f 192 207 193
f 193 207 208
f 88 89 103
f 89 104 103
f 193 208 194
f 194 208 209
f 89 90 104
f 90 105 104
f 194 209 195
f 195 209 210
f 106 1 16
f 106 16 121
f 15 120 135
f 15 135 30
f 121 16 31
f 121 31 136
f 30 135 150
f 30 150 45
f 136 31 46
f 136 46 151
f 45 150 165
f 45 165 60
f 151 46 61
f 151 61 166
f 60 165 180
f 60 180 75
f 166 61 76
f 166 76 181
f 75 180 195
f 75 195 90
f 181 76 91
f 181 91 196
f 90 195 210
f 90 210 105
f 91 196 197
f 91 197 92
f 92 197 198
f 92 198 93
f 93 198 199
f 93 199 94
f 94 199 200
f 94 200 95
f 95 200 201
f 95 201 96
f 96 201 202
f 96 202 97
f 97 202 203
f 97 203 98
f 98 203 204
f 98 204 99
f 99 204 205
f 99 205 100
f 100 205 206
f 100 206 101
f 101 206 207
f 101 207 102
f 102 207 208
f 102 208 103
f 103 208 209
f 103 209 104
f 104 209 210
f 104 210 105
f 211 212 226
f 212 227 226
f 316 331 317
f 317 331 332
f 212 213 227
f 213 228 227
f 317 332 318
f 318 332 333
f 213 214 228
f 214 229 228
f 318 333 319
f 319 333 334
f 214 215 229
f 215 230 229
f 319 334 320
f 320 334 335
f 215 216 230
f 216 231 230
f 320 335 321
f 321 335 336
f 216 217 231
f 217 232 231
f 321 336 322
f 322 336 337
f 217 218 232
f 218 233 232
f 322 337 323
f 323 337 338
f 218 219 233
f 219 234 233
f 323 338 324
f 324 338 339
f 219 220 234
f 220 235 234
f 324 339 325
f 325 339 340
f 220 221 235
f 221 236 235
f 325 340 326
f 326 340 341
f 221 222 236
f 222 237 236
f 326 341 327
f 327 341 342
f 222 223 237
f 223 238 237
f 327 342 328
f 328 342 343
f 223 224 238
f 224 239 238
f 328 343 329
f 329 343 344
f 224 225 239
f 225 240 239
f 329 344 330
f 330 344 345
f 226 227 241
f 227 242 241
f 331 346 332
f 332 346 347
f 227 228 242
f 228 243 242
f 332 347 333
f 333 347 348
f 228 229 243
f 229 244 243
f 333 348 334
f 334 348 349
f 229 230 244
f 230 245 244
f 334 349 335
f 335 349 350
f 230 231 245
f 231 246 245
f 335 350 336
f 336 350 351
f 231 232 246
f 232 247 246
f 336 351 337
f 337 351 352
f 232 233 247
f 233 248 247
f 337 352 338
f 338 352 353
f 233 234 248
f 234 249 248
f 338 353 339
f 339 353 354
f 234 235 249
f 235 250 249
f 339 354 340
f 340 354 355
f 235 236 250
f 236 251 250
f 340 355 341
f 341 355 356
f 236 237 251
f 237 252 251
f 341 356 342
f 342 356 357
f 237 238 252
f 238 253 252
f 342 357 343
f 343 357 358
f 238 239 253
f 239 254 253
f 343 358 344
f 344 358 359
f 239 240 254
f 240 255 254
f 344 359 345
f 345 359 360
f 241 242 256
f 242 257 256
f 346 361 347
f 347 361 362
f 242 243 257
f 243 258 257
f 347 362 348
f 348 362 363
f 243 244 258
f 244 259 258
f 348 363 349
f 349 363 364
f 244 245 259
f 245 260 259
f 349 364 350
f 350 364 365
f 245 246 260
f 246 261 260
f 350 365 351
f 351 365 366
f 246 247 261
f 247 262 261
f 351 366 352
f 352 366 367
f 247 248 262
f 248 263 262
f 352 367 353
f 353 367 368
f 248 249 263
f 249 264 263
f 353 368 354
f 354 368 369
f 249 250 264
f 250 265 264
f 354 369 355
f 355 369 370
f 250 251 265
f 251 266 265
f 355 370 356
f 356 370 371
f 251 252 266
f 252 267 266
f 356 371 357
f 357 371 372
f 252 253 267
f 253 268 267
f 357 372 358
f 358 372 373
f 253 254 268
f 254 269 268
f 358 373 359
f 359 373 374
f 254 255 269
f 255 270 269
f 359 374 360
f 360 374 375
f 256 257 271
f 257 272 271
f 361 376 362
f 362 376 377
f 257 258 272
f 258 273 272
f 362 377 363
f 363 377 378
f 258 259 273
f 259 274 273
f 363 378 364
f 364 378 379
f 259 260 274
f 260 275 274
f 364 379 365
f 365 379 380
f 260 261 275
f 261 276 275
f 365 380 366
f 366 380 381
f 261 262 276
f 262 277 276
f 366 381 367
f 367 381 382
f 262 263 277
f 263 278 277
f 367 382 368
f 368 382 383
f 263 264 278
f 264 279 278
f 368 383 369
f 369 383 384
f 264 265 279
f 265 280 279
f 369 384 370
f 370 384 385
f 265 266 280
f 266 281 280
f 370 385 371
f 371 385 386
f 266 267 281
f 267 282 281
f 371 386 372
f 372 386 387
f 267 268 282
f 268 283 282
f 372 387 373
f 373 387 388
f 268 269 283
f 269 284 283
f 373 388 374
f 374 388 389
f 269 270 284
f 270 285 284
f 374 389 375
f 375 389 390
f 271 272 286
f 272 287 286
f 376 391 377
f 377 391 392
f 272 273 287
f 273 288 287
f 377 392 378
f 378 392 393
f 273 274 288
f 274 289 288
f 378 393 379
f 379 393 394
f 274 275 289
f 275 290 289
f 379 394 380
f 380 394 395
f 275 276 290
f 276 291 290
f 380 395 381
f 381 395 396
f 276 277 291
f 277 292 291
f 381 396 382
f 382 396 397
f 277 278 292
f 278 293 292
f 382 397 383
f 383 397 398
f 278 279 293
f 279 294 293
f 383 398 384
f 384 398 399
f 279 280 294
f 280 295 294
f 384 399 385
f 385 399 400
f 280 281 295
f 281 296 295
f 385 400 386
f 386 400 401
f 281 282 296
f 282 297 296
f 386 401 387
f 387 401 402
f 282 283 297
f 283 298 297
f 387 402 388
f 388 402 403
f 283 284 298
f 284 299 298
f 388 403 389
f 389 403 404
f 284 285 299
f 285 300 299
f 389 404 390
f 390 404 405
f 286 287 301
f 287 302 301
f 391 406 392
f 392 406 407
f 287 288 302
f 288 303 302
f 392 407 393
f 393 407 408
f 288 289 303
f 289 304 303
f 393 408 394
f 394 408 409
f 289 290 304
f 290 305 304
f 394 409 395
f 395 409 410
f 290 291 305
f 291 306 305
f 395 410 396
f 396 410 411
f 291 292 306
f 292 307 306
f 396 411 397
f 397 411 412
f 292 293 307
f 293 308 307
f 397 412 398
f 398 412 413
f 293 294 308
f 294 309 308
f 398 413 399
f 399 413 414
f 294 295 309
f 295 310 309
f 399 414 400
f 400 414 415
f 295 296 310
f 296 311 310
f 400 415 401
f 401 415 416
f 296 297 311
f 297 312 311
f 401 416 402
f 402 416 417
f 297 298 312
f 298 313 312
f 402 417 403
f 403 417 418
f 298 299 313
f 299 314 313
f 403 418 404
f 404 418 419
f 299 300 314
f 300 315 314
f 404 419 405
f 405 419 420
f 316 211 226
f 316 226 331
f 225 330 345
f 225 345 240
f 331 226 241
f 331 241 346
f 240 345 360
f 240 360 255
f 346 241 256
f 346 256 361
f 255 360 375
f 255 375 270
f 361 256 271
f 361 271 376
f 270 375 390
f 270 390 285
f 376 271 286
f 376 286 391
f 285 390 405
f 285 405 300
f 391 286 301
f 391 301 406
f 300 405 420
f 300 420 315
f 301 406 407
f 301 407 302
f 302 407 408
f 302 408 303
f 303 408 409
f 303 409 304
f 304 409 410
f 304 410 305
f 305 410 411
f 305 411 306
f 306 411 412
f 306 412 307
f 307 412 413
f 307 413 308
f 308 413 414
f 308 414 309
f 309 414 415
f 309 415 310
f 310 415 416
f 310 416 311
f 311 416 417
f 311 417 312
f 312 417 418
f 312 418 313
f 313 418 419
f 313 419 314
f 314 419 420
f 314 420 315
f 421 422 434
f 422 435 434
f 499 512 500
f 500 512 513
f 422 423 435
f 423 436 435
f 500 513 501
f 501 513 514
f 423 424 436
f 424 437 436
f 501 514 502
f 502 514 515
f 424 425 437
f 425 438 437
f 502 515 503
f 503 515 516
f 425 426 438
f 426 439 438
f 503 516 504
f 504 516 517
f 426 427 439
f 427 440 439
f 504 517 505
f 505 517 518
f 427 428 440
f 428 441 440
f 505 518 506
f 506 518 519
f 428 429 441
f 429 442 441
f 506 519 507
f 507 519 520
f 429 430 442
f 430 443 442
f 507 520 508
f 508 520 521
f 430 431 443
f 431 444 443
f 508 521 509
f 509 521 522
f 431 432 444
f 432 445 444
f 509 522 510
f 510 522 523
f 432 433 445
f 433 446 445
f 510 523 511
f 511 523 524
f 434 435 447
f 435 448 447
f 512 525 513
f 513 525 526
f 435 436 448
f 436 449 448
f 513 526 514
f 514 526 527
f 436 437 449
f 437 450 449
f 514 527 515
f 515 527 528
f 437 438 450
f 438 451 450
f 515 528 516
f 516 528 529
f 438 439 451
f 439 452 451
f 516 529 517
f 517 529 530
f 439 440 452
f 440 453 452
f 517 530 518
f 518 530 531
f 440 441 453
f 441 454 453
f 518 531 519
f 519 531 532
f 441 442 454
f 442 455 454
f 519 532 520
f 520 532 533
f 442 443 455
f 443 456 455
f 520 533 521
f 521 533 534
f 443 444 456
f 444 457 456
f 521 534 522
f 522 534 535
f 444 445 457
f 445 458 457
f 522 535 523
f 523 535 536
f 445 446 458
f 446 459 458
f 523 536 524
f 524 536 537
f 447 448 460
f 448 461 460
f 525 538 526
f 526 538 539
f 448 449 461
f 449 462 461
f 526 539 527
f 527 539 540
f 449 450 462
f 450 463 462
f 527 540 528
f 528 540 541
f 450 451 463
f 451 464 463
f 528 541 529
f 529 541 542
f 451 452 464
f 452 465 464
f 529 542 530
f 530 542 543
f 452 453 465
f 453 466 465
f 530 543 531
f 531 543 544
f 453 454 466
f 454 467 466
f 531 544 532
f 532 544 545
f 454 455 467
f 455 468 467
f 532 545 533
f 533 545 546
f 455 456 468
f 456 469 468
f 533 546 534
f 534 546 547
f 456 457 469
f 457 470 469
f 534 547 535
f 535 547 548
f 457 458 470
f 458 471 470
f 535 548 536
f 536 548 549
f 458 459 471
f 459 472 471
f 536 549 537
f 537 549 550
f 460 461 473
f 461 474 473
f 538 551 539
f 539 551 552
f 461 462 474
f 462 475 474
f 539 552 540
f 540 552 553
f 462 463 475
f 463 476 475
f 540 553 541
f 541 553 554
f 463 464 476
f 464 477 476
f 541 554 542
f 542 554 555
f 464 465 477
f 465 478 477
f 542 555 543
f 543 555 556
f 465 466 478
f 466 479 478
f 543 556 544
f 544 556 557
f 466 467 479
f 467 480 479
f 544 557 545
f 545 557 558
f 467 468 480
f 468 481 480
f 545 558 546
f 546 558 559
f 468 469 481
f 469 482 481
f 546 559 547
f 547 559 560
f 469 470 482
f 470 483 482
f 547 560 548
f 548 560 561
f 470 471 483
f 471 484 483
f 548 561 549
f 549 561 562
f 471 472 484
f 472 485 484
f 549 562 550
f 550 562 563
f 473 474 486
f 474 487 486
f 551 564 552
f 552 564 565
f 474 475 487
f 475 488 487
f 552 565 553
f 553 565 566
f 475 476 488
f 476 489 488
f 553 566 554
f 554 566 567
f 476 477 489
f 477 490 489
f 554 567 555
f 555 567 568
f 477 478 490
f 478 491 490
f 555 568 556
f 556 568 569
f 478 479 491
f 479 492 491
f 556 569 557
f 557 569 570
f 479 480 492
f 480 493 492
f 557 570 558
f 558 570 571
f 480 481 493
f 481 494 493
f 558 571 559
f 559 571 572
f 481 482 494
f 482 495 494
f 559 572 560
f 560 572 573
f 482 483 495
f 483 496 495
f 560 573 561
f 561 573 574
f 483 484 496
f 484 497 496
f 561 574 562
f 562 574 575
f 484 485 497
f 485 498 497
f 562 575 563
f 563 575 576
f 499 421 434
f 499 434 512
f 433 511 524
f 433 524 446
f 512 434 447
f 512 447 525
f 446 524 537
f 446 537 459
f 525 447 460
f 525 460 538
f 459 537 550
f 459 550 472
f 538 460 473
f 538 473 551
f 472 550 563
f 472 563 485
f 551 473 486
f 551 486 564
f 485 563 576
f 485 576 498
f 500 499 421
f 500 421 422
f 501 500 422
f 501 422 423
f 502 501 423
f 502 423 424
f 503 502 424
f 503 424 425
f 504 503 425
f 504 425 426
f 505 504 426
f 505 426 427
f 506 505 427
f 506 427 428
f 507 506 428
f 507 428 429
f 508 507 429
f 508 429 430
f 509 508 430
f 509 430 431
f 510 509 431
f 510 431 432
f 511 510 432
f 511 432 433
f 486 564 565
f 486 565 487
f 487 565 566
f 487 566 488
f 488 566 567
f 488 567 489
f 489 567 568
f 489 568 490
f 490 568 569
f 490 569 491
f 491 569 570
f 491 570 492
f 492 570 571
f 492 571 493
f 493 571 572
f 493 572 494
f 494 572 573
f 494 573 495
f 495 573 574
f 495 574 496
f 496 574 575
f 496 575 497
f 497 575 576
f 497 576 498
f 577 578 590
f 578 591 590
f 655 668 656
f 656 668 669
f 578 579 591
f 579 592 591
f 656 669 657
f 657 669 670
f 579 580 592
f 580 593 592
f 657 670 658
f 658 670 671
f 580 581 593
f 581 594 593
f 658 671 659
f 659 671 672
f 581 582 594
f 582 595 594
f 659 672 660
f 660 672 673
f 582 583 595
f 583 596 595
f 660 673 661
f 661 673 674
f 583 584 596
f 584 597 596
f 661 674 662
f 662 674 675
f 584 585 597
f 585 598 597
f 662 675 663
f 663 675 676
f 585 586 598
f 586 599 598
f 663 676 664
f 664 676 677
f 586 587 599
f 587 600 599
f 664 677 665
f 665 677 678
f 587 588 600
f 588 601 600
f 665 678 666
f 666 678 679
f 588 589 601
f 589 602 601
f 666 679 667
f 667 679 680
f 590 591 603
f 591 604 603
f 668 681 669
f 669 681 682
f 591 592 604
f 592 605 604
f 669 682 670
f 670 682 683
f 592 593 605
f 593 606 605
f 670 683 671
f 671 683 684
f 593 594 606
f 594 607 606
f 671 684 672
f 672 684 685
f 594 595 607
f 595 608 607
f 672 685 673
f 673 685 686
f 595 596 608
f 596 609 608
f 673 686 674
f 674 686 687
f 596 597 609
f 597 610 609
f 674 687 675
f 675 687 688
f 597 598 610
f 598 611 610
f 675 688 676
f 676 688 689
f 598 599 611
f 599 612 611
f 676 689 677
f 677 689 690
f 599 600 612
f 600 613 612
f 677 690 678
f 678 690 691
f 600 601 613
f 601 614 613
f 678 691 679
f 679 691 692
f 601 602 614
f 602 615 614
f 679 692 680
f 680 692 693
f 603 604 616
f 604 617 616
f 681 694 682
f 682 694 695
f 604 605 617
f 605 618 617
f 682 695 683
f 683 695 696
f 605 606 618
f 606 619 618
f 683 696 684
f 684 696 697
f 606 607 619
f 607 620 619
f 684 697 685
f 685 697 698
f 607 608 620
f 608 621 620
f 685 698 686
f 686 698 699
f 608 609 621
f 609 622 621
f 686 699 687
f 687 699 700
f 609 610 622
f 610 623 622
f 687 700 688
f 688 700 701
f 610 611 623
f 611 624 623
f 688 701 689
f 689 701 702
f 611 612 624
f 612 625 624
f 689 702 690
f 690 702 703
f 612 613 625
f 613 626 625
f 690 703 691
f 691 703 704
f 613 614 626
f 614 627 626
f 691 704 692
f 692 704 705
f 614 615 627
f 615 628 627
f 692 705 693
f 693 705 706
f 616 617 629
f 617 630 629
f 694 707 695
f 695 707 708
f 617 618 630
f 618 631 630
f 695 708 696
f 696 708 709
f 618 619 631
f 619 632 631
f 696 709 697
f 697 709 710
f 619 620 632
f 620 633 632
f 697 710 698
f 698 710 711
f 620 621 633
f 621 634 633
f 698 711 699
f 699 711 712
f 621 622 634
f 622 635 634
f 699 712 700
f 700 712 713
f 622 623 635
f 623 636 635
f 700 713 701
f 701 713 714
f 623 624 636
f 624 637 636
f 701 714 702
f 702 714 715
f 624 625 637
f 625 638 637
f 702 715 703
f 703 715 716
f 625 626 638
f 626 639 638
f 703 716 704
f 704 716 717
f 626 627 639
f 627 640 639
f 704 717 705
f 705 717 718
f 627 628 640
f 628 641 640
f 705 718 706
f 706 718 719
f 629 630 642
f 630 643 642
f 707 720 708
f 708 720 721
f 630 631 643
f 631 644 643
f 708 721 709
f 709 721 722
f 631 632 644
f 632 645 644
f 709 722 710
f 710 722 723
f 632 633 645
f 633 646 645
f 710 723 711
f 711 723 724
f 633 634 646
f 634 647 646
f 711 724 712
f 712 724 725
f 634 635 647
f 635 648 647
f 712 725 713
f 713 725 726
f 635 636 648
f 636 649 648
f 713 726 714
f 714 726 727
f 636 637 649
f 637 650 649
f 714 727 715
f 715 727 728
f 637 638 650
f 638 651 650
f 715 728 716
f 716 728 729
f 638 639 651
f 639 652 651
f 716 729 717
f 717 729 730
f 639 640 652
f 640 653 652
f 717 730 718
f 718 730 731
f 640 641 653
f 641 654 653
f 718 731 719
f 719 731 732
f 655 577 590
f 655 590 668
f 589 667 680
f 589 680 602
f 668 590 603
f 668 603 681
f 602 680 693
f 602 693 615
f 681 603 616
f 681 616 694
f 615 693 706
f 615 706 628
f 694 616 629
f 694 629 707
f 628 706 719
f 628 719 641
f 707 629 642
f 707 642 720
f 641 719 732
f 641 732 654
f 656 655 577
f 656 577 578
f 657 656 578
f 657 578 579
f 658 657 579
f 658 579 580
f 659 658 580
f 659 580 581
f 660 659 581
f 660 581 582
f 661 660 582
f 661 582 583
f 662 661 583
f 662 583 584
f 663 662 584
f 663 584 585
f 664 663 585
f 664 585 586
f 665 664 586
f 665 586 587
f 666 665 587
f 666 587 588
f 667 666 588
f 667 588 589
f 642 720 721
f 642 721 643
f 643 721 722
f 643 722 644
f 644 722 723
f 644 723 645
f 645 723 724
f 645 724 646
f 646 724 725
f 646 725 647
f 647 725 726
f 647 726 648
f 648 726 727
f 648 727 649
f 649 727 728
f 649 728 650
f 650 728 729
f 650 729 651
f 651 729 730
f 651 730 652
f 652 730 731
f 652 731 653
f 653 731 732
f 653 732 654
f 733 734 744
f 734 745 744
f 766 777 767
f 767 777 778
f 734 735 745
f 735 746 745
f 767 778 768
f 768 778 779
f 735 736 746
f 736 747 746
f 768 779 769
f 769 779 780
f 736 737 747
f 737 748 747
f 769 780 770
f 770 780 781
f 737 738 748
f 738 749 748
f 770 781 771
f 771 781 782
f 738 739 749
f 739 750 749
f 771 782 772
f 772 782 783
f 739 740 750
f 740 751 750
f 772 783 773
f 773 783 784
f 740 741 751
f 741 752 751
f 773 784 774
f 774 784 785
f 741 742 752
f 742 753 752
f 774 785 775
f 775 785 786
f 742 743 753
f 743 754 753
f 775 786 776
f 776 786 787
f 744 745 755
f 745 756 755
f 777 788 778
f 778 788 789
f 745 746 756
f 746 757 756
f 778 789 779
f 779 789 790
f 746 747 757
f 747 758 757
f 779 790 780
f 780 790 791
f 747 748 758
f 748 759 758
f 780 791 781
f 781 791 792
f 748 749 759
f 749 760 759
f 781 792 782
f 782 792 793
f 749 750 760
f 750 761 760
f 782 793 783
f 783 793 794
f 750 751 761
f 751 762 761
f 783 794 784
f 784 794 795
f 751 752 762
f 752 763 762
f 784 795 785
f 785 795 796
f 752 753 763
f 753 764 763
f 785 796 786
f 786 796 797
f 753 754 764
f 754 765 764
f 786 797 787
f 787 797 798
f 766 733 744
f 766 744 777
f 743 776 787
f 743 787 754
f 777 744 755
f 777 755 788
f 754 787 798
f 754 798 765
f 755 788 789
f 755 789 756
f 756 789 790
f 756 790 757
f 757 790 791
f 757 791 758
f 758 791 792
f 758 792 759
f 759 792 793
f 759 793 760
f 760 793 794
f 760 794 761
f 761 794 795
f 761 795 762
f 762 795 796
f 762 796 763
f 763 796 797
f 763 797 764
f 764 797 798
f 764 798 765
f 799 800 812
f 800 813 812
f 838 851 839
f 839 851 852
f 800 801 813
f 801 814 813
f 839 852 840
f 840 852 853
f 801 802 814
f 802 815 814
f 840 853 841
f 841 853 854
f 802 803 815
f 803 816 815
f 841 854 842
f 842 854 855
f 803 804 816
f 804 817 816
f 842 855 843
f 843 855 856
f 804 805 817
f 805 818 817
f 843 856 844
f 844 856 857
f 805 806 818
f 806 819 818
f 844 857 845
f 845 857 858
f 806 807 819
f 807 820 819
f 845 858 846
f 846 858 859
f 807 808 820
f 808 821 820
f 846 859 847
f 847 859 860
f 808 809 821
f 809 822 821
f 847 860 848
f 848 860 861
f 809 810 822
f 810 823 822
f 848 861 849
f 849 861 862
f 810 811 823
f 811 824 823
f 849 862 850
f 850 862 863
f 812 813 825
f 813 826 825
f 851 864 852
f 852 864 865
f 813 814 826
f 814 827 826
f 852 865 853
f 853 865 866
f 814 815 827
f 815 828 827
f 853 866 854
f 854 866 867
f 815 816 828
f 816 829 828
f 854 867 855
f 855 867 868
f 816 817 829
f 817 830 829
f 855 868 856
f 856 868 869
f 817 818 830
f 818 831 830
f 856 869 857
f 857 869 870
f 818 819 831
f 819 832 831
f 857 870 858
f 858 870 871
f 819 820 832
f 820 833 832
f 858 871 859
f 859 871 872
f 820 821 833
f 821 834 833
f 859 872 860
f 860 872 873
f 821 822 834
f 822 835 834
f 860 873 861
f 861 873 874
f 822 823 835
f 823 836 835
f 861 874 862
f 862 874 875
f 823 824 836
f 824 837 836
f 862 875 863
f 863 875 876
f 838 799 812
f 838 812 851
f 811 850 863
f 811 863 824
f 851 812 825
f 851 825 864
f 824 863 876
f 824 876 837
f 839 838 799
f 839 799 800
f 840 839 800
f 840 800 801
f 841 840 801
f 841 801 802
f 842 841 802
f 842 802 803
f 843 842 803
f 843 803 804
f 844 843 804
f 844 804 805
f 845 844 805
f 845 805 806
f 846 845 806
f 846 806 807
f 847 846 807
f 847 807 808
f 848 847 808
f 848 808 809
f 849 848 809
f 849 809 810
f 850 849 810
f 850 810 811
f 825 864 865
f 825 865 826
f 826 865 866
f 826 866 827
f 827 866 867
f 827 867 828
f 828 867 868
f 828 868 829
f 829 868 869
f 829 869 830
f 830 869 870
f 830 870 831
f 831 870 871
f 831 871 832
f 832 871 872
f 832 872 833
f 833 872 873
f 833 873 834
f 834 873 874
f 834 874 835
f 835 874 875
f 835 875 836
f 836 875 876
f 836 876 837
f 877 878 884
f 878 885 884
f 912 919 913
f 913 919 920
f 878 879 885
f 879 886 885
f 913 920 914
f 914 920 921
f 879 880 886
f 880 887 886
f 914 921 915
f 915 921 922
f 880 881 887
f 881 888 887
f 915 922 916
f 916 922 923
f 881 882 888
f 882 889 888
f 916 923 917
f 917 923 924
f 882 883 889
f 883 890 889
f 917 924 918
f 918 924 925
f 883 877 890
f 877 884 890
f 918 925 912
f 912 925 919
f 884 885 891
f 885 892 891
f 919 926 920
f 920 926 927
f 885 886 892
f 886 893 892
f 920 927 921
f 921 927 928
f 886 887 893
f 887 894 893
f 921 928 922
f 922 928 929
f 887 888 894
f 888 895 894
f 922 929 923
f 923 929 930
f 888 889 895
f 889 896 895
f 923 930 924
f 924 930 931
f 889 890 896
f 890 897 896
f 924 931 925
f 925 931 932
f 890 884 897
f 884 891 897
f 925 932 919
f 919 932 926
f 891 892 898
f 892 899 898
f 926 933 927
f 927 933 934
f 892 893 899
f 893 900 899
f 927 934 928
f 928 934 935
f 893 894 900
f 894 901 900
f 928 935 929
f 929 935 936
f 894 895 901
f 895 902 901
f 929 936 930
f 930 936 937
f 895 896 902
f 896 903 902
f 930 937 931
f 931 937 938
f 896 897 903
f 897 904 903
f 931 938 932
f 932 938 939
f 897 891 904
f 891 898 904
f 932 939 926
f 926 939 933
f 898 899 905
f 899 906 905
f 933 940 934
f 934 940 941
f 899 900 906
f 900 907 906
f 934 941 935
f 935 941 942
f 900 901 907
f 901 908 907
f 935 942 936
f 936 942 943
f 901 902 908
f 902 909 908
f 936 943 937
f 937 943 944
f 902 903 909
f 903 910 909
f 937 944 938
f 938 944 945
f 903 904 910
f 904 911 910
f 938 945 939
f 939 945 946
f 904 898 911
f 898 905 911
f 939 946 933
f 933 946 940
f 877 912 913
f 877 913 878
f 878 913 914
f 878 914 879
f 879 914 915
f 879 915 880
f 880 915 916
f 880 916 881
f 881 916 917
f 881 917 882
f 882 917 918
f 882 918 883
f 883 918 912
f 883 912 877
f 905 940 941
f 905 941 906
f 906 941 942
f 906 942 907
f 907 942 943
f 907 943 908
f 908 943 944
f 908 944 909
f 909 944 945
f 909 945 910
f 910 945 946
f 910 946 911
f 911 946 940
f 911 940 905
f 947 948 954
f 948 955 954
f 982 989 983
f 983 989 990
f 948 949 955
f 949 956 955
f 983 990 984
f 984 990 991
f 949 950 956
f 950 957 956
f 984 991 985
f 985 991 992
f 950 951 957
f 951 958 957
f 985 992 986
f 986 992 993
f 951 952 958
f 952 959 958
f 986 993 987
f 987 993 994
f 952 953 959
f 953 960 959
f 987 994 988
f 988 994 995
f 953 947 960
f 947 954 960
f 988 995 982
f 982 995 989
f 954 955 961
f 955 962 961
f 989 996 990
f 990 996 997
f 955 956 962
f 956 963 962
f 990 997 991
f 991 997 998
f 956 957 963
f 957 964 963
f 991 998 992
f 992 998 999
f 957 958 964
f 958 965 964
f 992 999 993
f 993 999 1000
f 958 959 965
f 959 966 965
f 993 1000 994
f 994 1000 1001
f 959 960 966
f 960 967 966
f 994 1001 995
f 995 1001 1002
f 960 954 967
f 954 961 967
f 995 1002 989
f 989 1002 996
f 961 962 968
f 962 969 968
f 996 1003 997
f 997 1003 1004
f 962 963 969
f 963 970 969
f 997 1004 998
f 998 1004 1005
f 963 964 970
f 964 971 970
f 998 1005 999
f 999 1005 1006
f 964 965 971
f 965 972 971
f 999 1006 1000
f 1000 1006 1007
f 965 966 972
f 966 973 972
f 1000 1007 1001
f 1001 1007 1008
f 966 967 973
f 967 974 973
f 1001 1008 1002
f 1002 1008 1009
f 967 961 974
f 961 968 974
f 1002 1009 996
f 996 1009 1003
f 968 969 975
f 969 976 975
f 1003 1010 1004
f 1004 1010 1011
f 969 970 976
f 970 977 976
f 1004 1011 1005
f 1005 1011 1012
f 970 971 977
f 971 978 977
f 1005 1012 1006
f 1006 1012 1013
f 971 972 978
f 972 979 978
f 1006 1013 1007
f 1007 1013 1014
f 972 973 979
f 973 980 979
f 1007 1014 1008
f 1008 1014 1015
f 973 974 980
f 974 981 980
f 1008 1015 1009
f 1009 1015 1016
f 974 968 981
f 968 975 981
f 1009 1016 1003
f 1003 1016 1010
f 947 982 983
f 947 983 948
f 948 983 984
f 948 984 949
f 949 984 985
f 949 985 950
f 950 985 986
f 950 986 951
f 951 986 987
f 951 987 952
f 952 987 988
f 952 988 953
f 953 988 982
f 953 982 947
f 975 1010 1011
f 975 1011 976
f 976 1011 1012
f 976 1012 977
f 977 1012 1013
f 977 1013 978
f 978 1013 1014
f 978 1014 979
f 979 1014 1015
f 979 1015 980
f 980 1015 1016
f 980 1016 981
f 981 1016 1010
f 981 1010 975
v -0.004140 0.437587 0.003441
v -0.046633 0.425915 -0.092036
v -0.142114 0.418825 -0.115197
v -0.218684 0.421656 -0.048599
v -0.218684 0.432276 0.057606
v -0.142114 0.442689 0.123445
v -0.046633 0.445052 0.099340
v -0.008136 0.457439 0.001456
v -0.049501 0.445978 -0.092471
v -0.142447 0.439052 -0.115260
v -0.216984 0.441876 -0.049749
v -0.216984 0.452324 0.054729
v -0.142447 0.462528 0.119502
v -0.049501 0.464804 0.095793
v -0.009133 0.437340 0.003466
v -0.049746 0.426150 -0.088131
v -0.141003 0.419365 -0.110352
v -0.214184 0.422094 -0.046463
v -0.214184 0.432283 0.055425
v -0.141003 0.442259 0.118589
v -0.049746 0.444509 0.095465
v -0.013130 0.457192 0.001481
v -0.052614 0.446213 -0.088566
v -0.141336 0.439592 -0.110415
v -0.212485 0.442314 -0.047613
v -0.212485 0.452331 0.052548
v -0.141336 0.462098 0.114646
v -0.052614 0.464261 0.091919
v -0.118000 0.444000 0.112000
v -0.031397 0.444000 0.057000
v -0.031397 0.444000 -0.053000
v -0.118000 0.444000 -0.108000
v -0.204603 0.444000 -0.053000
v -0.204603 0.444000 0.057000
v -0.118000 0.450000 0.114000
v -0.029665 0.450000 0.058000
v -0.029665 0.450000 -0.054000
v -0.118000 0.450000 -0.110000
v -0.206335 0.450000 -0.054000
v -0.206335 0.450000 0.058000
v -0.118000 0.444000 0.109000
v -0.033930 0.444000 0.055392
v -0.033930 0.444000 -0.051392
v -0.118000 0.444000 -0.105000
v -0.202070 0.444000 -0.051392
v -0.202070 0.444000 0.055392
v -0.118000 0.450000 0.111000
v -0.032199 0.450000 0.056394
v -0.032199 0.450000 -0.052394
v -0.118000 0.450000 -0.107000
v -0.203801 0.450000 -0.052394
v -0.203801 0.450000 0.056394
v 0.229860 0.426413 0.004559
v 0.187367 0.418948 -0.091340
v 0.091886 0.421311 -0.115445
v 0.015316 0.431724 -0.049606
v 0.015316 0.442344 0.056599
v 0.091886 0.445175 0.123197
v 0.187367 0.438085 0.100036
v 0.227864 0.446561 0.002544
v 0.186499 0.439196 -0.091793
v 0.093553 0.441472 -0.115502
v 0.019016 0.451676 -0.050729
v 0.019016 0.462124 0.053749
v 0.093553 0.464948 0.119260
v 0.186499 0.458022 0.096471
v 0.224867 0.426660 0.004534
v 0.184254 0.419491 -0.087465
v 0.092997 0.421741 -0.110589
v 0.019816 0.431717 -0.047425
v 0.019816 0.441906 0.054463
v 0.092997 0.444635 0.118352
v 0.184254 0.437850 0.096131
v 0.222870 0.446808 0.002519
v 0.183386 0.439739 -0.087919
v 0.094664 0.441902 -0.110646
v 0.023515 0.451669 -0.048548
v 0.023515 0.461686 0.051613
v 0.094664 0.464408 0.114415
v 0.183386 0.457787 0.092566
v 0.118000 0.444000 0.112000
v 0.204603 0.444000 0.057000
v 0.204603 0.444000 -0.053000
v 0.118000 0.444000 -0.108000
v 0.031397 0.444000 -0.053000
v 0.031397 0.444000 0.057000
v 0.118000 0.450000 0.114000
v 0.206335 0.450000 0.058000
v 0.206335 0.450000 -0.054000
v 0.118000 0.450000 -0.110000
v 0.029665 0.450000 -0.054000
v 0.029665 0.450000 0.058000
v 0.118000 0.444000 0.109000
v 0.202070 0.444000 0.055392
v 0.202070 0.444000 -0.051392
v 0.118000 0.444000 -0.105000
v 0.033930 0.444000 -0.051392
v 0.033930 0.444000 0.055392
v 0.118000 0.450000 0.111000
v 0.203801 0.450000 0.056394
v 0.203801 0.450000 -0.052394
v 0.118000 0.450000 -0.107000
v 0.032199 0.450000 -0.052394
v 0.032199 0.450000 0.056394
v -0.029928 0.985000 0.145943
v -0.022470 0.985000 0.146405
v -0.014991 0.985000 0.146735
v -0.007499 0.985000 0.146934
v 0.000000 0.985000 0.147000
v 0.007499 0.985000 0.146934
v 0.014991 0.985000 0.146735
v -0.030853 1.050000 0.139810
v -0.022971 1.050000 0.140342
v -0.015063 1.050000 0.140717
v -0.007139 1.050000 0.140937
v 0.000793 1.050000 0.140999
v 0.008725 1.050000 0.140905
v 0.016646 1.050000 0.140655
v -0.036565 1.130000 0.135947
v -0.026860 1.130000 0.137511
v -0.016994 1.130000 0.138794
v -0.006988 1.130000 0.139718
v 0.003116 1.130000 0.140215
v 0.013259 1.130000 0.140238
v 0.023372 1.130000 0.139764
v -0.055901 1.210000 0.135331
v -0.040118 1.210000 0.138460
v -0.023899 1.210000 0.141111
v -0.007240 1.210000 0.142923
v 0.009698 1.210000 0.143564
v 0.026630 1.210000 0.142846
v 0.043244 1.210000 0.140788
v -0.100379 1.290000 0.132303
v -0.070541 1.290000 0.138438
v -0.039961 1.290000 0.144089
v -0.007966 1.290000 0.147920
v 0.024880 1.290000 0.148116
v 0.056925 1.290000 0.144110
v 0.087019 1.290000 0.137084
v -0.143562 1.370000 0.133146
v -0.100645 1.370000 0.142642
v -0.055612 1.370000 0.149188
v -0.009024 1.370000 0.152360
v 0.038039 1.370000 0.151340
v 0.083915 1.370000 0.146022
v 0.127450 1.370000 0.137165
v -0.157326 1.430000 0.125225
v -0.110654 1.430000 0.136120
v -0.060793 1.430000 0.143090
v -0.009179 1.430000 0.145934
v 0.042700 1.430000 0.144572
v 0.093348 1.430000 0.139041
v 0.141304 1.430000 0.129501
v -0.155106 1.468000 0.108449
v -0.109212 1.468000 0.118710
v -0.059918 1.468000 0.125276
v -0.008759 1.468000 0.127942
v 0.042673 1.468000 0.126626
v 0.092777 1.468000 0.121367
v 0.139992 1.468000 0.112331
v -0.028321 0.985000 0.138106
v -0.021256 0.985000 0.138498
v -0.014178 0.985000 0.138777
v -0.007091 0.985000 0.138944
v 0.000000 0.985000 0.139000
v 0.007091 0.985000 0.138944
v 0.014178 0.985000 0.138777
v -0.029129 1.050000 0.131998
v -0.021679 1.050000 0.132447
v -0.014212 1.050000 0.132763
v -0.006734 1.050000 0.132947
v 0.000748 1.050000 0.132999
v 0.008230 1.050000 0.132921
v 0.015706 1.050000 0.132710
v -0.034487 1.130000 0.128222
v -0.025327 1.130000 0.129659
v -0.016022 1.130000 0.130853
v -0.006588 1.130000 0.131728
v 0.002938 1.130000 0.132217
v 0.012506 1.130000 0.132274
v 0.022053 1.130000 0.131874
v -0.052847 1.210000 0.127937
v -0.037892 1.210000 0.130776
v -0.022563 1.210000 0.133224
v -0.006835 1.210000 0.134933
v 0.009159 1.210000 0.135582
v 0.025164 1.210000 0.134981
v 0.040895 1.210000 0.133140
v -0.095544 1.290000 0.125929
v -0.066909 1.290000 0.131310
v -0.037823 1.290000 0.136380
v -0.007536 1.290000 0.139932
v 0.023555 1.290000 0.140227
v 0.053986 1.290000 0.136669
v 0.082732 1.290000 0.130330
v -0.137697 1.370000 0.127706
v -0.096032 1.370000 0.136105
v -0.052817 1.370000 0.141692
v -0.008551 1.370000 0.144374
v 0.036088 1.370000 0.143581
v 0.079929 1.370000 0.139086
v 0.122004 1.370000 0.131304
v -0.151066 1.430000 0.120243
v -0.105608 1.430000 0.129912
v -0.057665 1.430000 0.135727
v -0.008676 1.430000 0.137950
v 0.040434 1.430000 0.136899
v 0.088889 1.430000 0.132399
v 0.135407 1.430000 0.124096
v -0.148550 1.468000 0.103865
v -0.103796 1.468000 0.112823
v -0.056466 1.468000 0.118059
v -0.008212 1.468000 0.119961
v 0.040118 1.468000 0.119045
v 0.087918 1.468000 0.115012
v 0.133753 1.468000 0.107324
v 0.030651 1.220000 0.172024
v 0.059324 1.220000 0.169986
v 0.087534 1.220000 0.166221
v 0.114996 1.220000 0.160756
v 0.042132 1.254500 0.172389
v 0.069629 1.254500 0.169968
v 0.096636 1.254500 0.166025
v 0.122913 1.254500 0.160584
v 0.061108 1.289000 0.171275
v 0.087176 1.289000 0.168197
v 0.112688 1.289000 0.163800
v 0.137447 1.289000 0.158106
v 0.084729 1.323500 0.167610
v 0.109100 1.323500 0.163851
v 0.132853 1.323500 0.158974
v 0.155827 1.323500 0.153001
v 0.109968 1.358000 0.162888
v 0.132464 1.358000 0.158574
v 0.154306 1.358000 0.153326
v 0.175368 1.358000 0.147169
v 0.131858 1.392500 0.156135
v 0.152140 1.392500 0.151564
v 0.171784 1.392500 0.146234
v 0.190695 1.392500 0.140165
v 0.145144 1.427000 0.147327
v 0.162924 1.427000 0.142906
v 0.180140 1.427000 0.137884
v 0.196722 1.427000 0.132278
v 0.147898 1.461500 0.138099
v 0.163278 1.461500 0.134217
v 0.178206 1.461500 0.129871
v 0.192630 1.461500 0.125072
v 0.133760 1.496000 0.121106
v 0.146178 1.496000 0.118217
v 0.158288 1.496000 0.114997
v 0.170057 1.496000 0.111452
v 0.029599 1.220000 0.166117
v 0.057347 1.220000 0.164321
v 0.084738 1.220000 0.160912
v 0.111505 1.220000 0.155876
v 0.040707 1.254500 0.166561
v 0.067355 1.254500 0.164416
v 0.093618 1.254500 0.160840
v 0.119266 1.254500 0.155819
v 0.059092 1.289000 0.165624
v 0.084415 1.289000 0.162870
v 0.109287 1.289000 0.158857
v 0.133510 1.289000 0.153578
v 0.082022 1.323500 0.162256
v 0.105775 1.323500 0.158857
v 0.129005 1.323500 0.154370
v 0.151546 1.323500 0.148798
v 0.106610 1.358000 0.157915
v 0.128617 1.358000 0.153969
v 0.150050 1.358000 0.149097
v 0.170772 1.358000 0.143312
v 0.127986 1.392500 0.151551
v 0.147889 1.392500 0.147329
v 0.167215 1.392500 0.142345
v 0.185860 1.392500 0.136611
v 0.140933 1.427000 0.143052
v 0.158414 1.427000 0.138949
v 0.175376 1.427000 0.134237
v 0.191743 1.427000 0.128930
v 0.143513 1.461500 0.134004
v 0.158643 1.461500 0.130407
v 0.173357 1.461500 0.126338
v 0.187598 1.461500 0.121804
v 0.129312 1.496000 0.117079
v 0.141513 1.496000 0.114444
v 0.153434 1.496000 0.111470
v 0.165039 1.496000 0.108163
v -0.030905 1.240000 0.172702
v -0.056194 1.240000 0.171127
v -0.081175 1.240000 0.168244
v -0.105657 1.240000 0.164067
v -0.044801 1.268000 0.172645
v -0.068898 1.268000 0.170609
v -0.092645 1.268000 0.167423
v -0.115884 1.268000 0.163100
v -0.061572 1.296000 0.171119
v -0.084327 1.296000 0.168610
v -0.106694 1.296000 0.165104
v -0.128543 1.296000 0.160614
v -0.079771 1.324000 0.168358
v -0.101060 1.324000 0.165447
v -0.121937 1.324000 0.161685
v -0.142296 1.324000 0.157085
v -0.097917 1.352000 0.165173
v -0.117665 1.352000 0.161982
v -0.136996 1.352000 0.158075
v -0.155827 1.352000 0.153463
v -0.114475 1.380000 0.161913
v -0.132656 1.380000 0.158606
v -0.150439 1.380000 0.154703
v -0.167759 1.380000 0.150215
v -0.124093 1.408000 0.155441
v -0.140245 1.408000 0.152289
v -0.156051 1.408000 0.148659
v -0.171462 1.408000 0.144558
v -0.128664 1.436000 0.149970
v -0.142957 1.436000 0.147148
v -0.156969 1.436000 0.143948
v -0.170664 1.436000 0.140373
v -0.125142 1.464000 0.142282
v -0.137462 1.464000 0.139992
v -0.149575 1.464000 0.137414
v -0.161458 1.464000 0.134550
v -0.029848 1.240000 0.166796
v -0.054322 1.240000 0.165426
v -0.078568 1.240000 0.162840
v -0.102409 1.240000 0.159023
v -0.043294 1.268000 0.166837
v -0.066651 1.268000 0.165046
v -0.089740 1.268000 0.162174
v -0.112409 1.268000 0.158209
v -0.059541 1.296000 0.165474
v -0.081643 1.296000 0.163244
v -0.103438 1.296000 0.160065
v -0.124794 1.296000 0.155930
v -0.077202 1.324000 0.162936
v -0.097933 1.324000 0.160326
v -0.118325 1.324000 0.156894
v -0.138268 1.324000 0.152638
v -0.094857 1.352000 0.160012
v -0.114138 1.352000 0.157127
v -0.133067 1.352000 0.153541
v -0.151552 1.352000 0.149253
v -0.111011 1.380000 0.157014
v -0.128807 1.380000 0.154003
v -0.146256 1.380000 0.150402
v -0.163289 1.380000 0.146213
v -0.120350 1.408000 0.150752
v -0.136181 1.408000 0.147875
v -0.151707 1.408000 0.144520
v -0.166875 1.408000 0.140690
v -0.124757 1.436000 0.145416
v -0.138776 1.436000 0.142845
v -0.152547 1.436000 0.139893
v -0.166030 1.436000 0.136562
v -0.121179 1.464000 0.137777
v -0.133258 1.464000 0.135711
v -0.145157 1.464000 0.133355
v -0.156849 1.464000 0.130709
v 0.071616 1.486000 0.057570
v 0.091457 1.486000 0.017300
v 0.092582 1.486000 -0.028148
v 0.074761 1.486000 -0.069472
v 0.041641 1.486000 -0.098217
v 0.000000 1.486000 -0.108500
v -0.041641 1.486000 -0.098217
v -0.074761 1.486000 -0.069472
v -0.092582 1.486000 -0.028148
v -0.091457 1.486000 0.017300
v -0.071616 1.486000 0.057570
v 0.075112 1.510611 0.059504
v 0.094932 1.507435 0.017519
v 0.095385 1.504491 -0.029227
v 0.076574 1.501832 -0.071282
v 0.042458 1.499556 -0.100236
v 0.000000 1.498000 -0.110420
v -0.042458 1.499556 -0.100236
v -0.076574 1.501832 -0.071282
v -0.095385 1.504491 -0.029227
v -0.094932 1.507435 0.017519
v -0.075112 1.510611 0.059504
v 0.078188 1.532050 0.061143
v 0.097967 1.526120 0.017672
v 0.097824 1.520622 -0.030192
v 0.078149 1.515656 -0.072873
v 0.043167 1.511406 -0.102004
v 0.000000 1.508500 -0.112100
v -0.043167 1.511406 -0.102004
v -0.078149 1.515656 -0.072873
v -0.097824 1.520622 -0.030192
v -0.097967 1.526120 0.017672
v -0.078188 1.532050 0.061143
v 0.080395 1.547310 0.062284
v 0.100132 1.539426 0.017760
v 0.099558 1.532117 -0.030893
v 0.079267 1.525514 -0.074013
v 0.043669 1.519864 -0.103267
v 0.000000 1.516000 -0.113300
v -0.043669 1.519864 -0.103267
v -0.079267 1.525514 -0.074013
v -0.099558 1.532117 -0.030893
v -0.100132 1.539426 0.017760
v -0.080395 1.547310 0.062284
v 0.067191 1.486000 0.053518
v 0.085674 1.486000 0.015700
v 0.086719 1.486000 -0.026872
v 0.070126 1.486000 -0.065661
v 0.039127 1.486000 -0.092769
v 0.000000 1.486000 -0.102500
v -0.039127 1.486000 -0.092769
v -0.070126 1.486000 -0.065661
v -0.086719 1.486000 -0.026872
v -0.085674 1.486000 0.015700
v -0.067191 1.486000 0.053518
v 0.070649 1.510611 0.055493
v 0.089137 1.507435 0.015961
v 0.089529 1.504491 -0.027924
v 0.071949 1.501832 -0.067460
v 0.039949 1.499556 -0.094786
v 0.000000 1.498000 -0.104420
v -0.039949 1.499556 -0.094786
v -0.071949 1.501832 -0.067460
v -0.089529 1.504491 -0.027924
v -0.089137 1.507435 0.015961
v -0.070649 1.510611 0.055493
v 0.073693 1.532050 0.057168
v 0.092163 1.526120 0.016151
v 0.091973 1.520622 -0.028865
v 0.073532 1.515656 -0.069040
v 0.040663 1.511406 -0.096551
v 0.000000 1.508500 -0.106100
v -0.040663 1.511406 -0.096551
v -0.073532 1.515656 -0.069040
v -0.091973 1.520622 -0.028865
v -0.092163 1.526120 0.016151
v -0.073693 1.532050 0.057168
v 0.075878 1.547310 0.058335
v 0.094321 1.539426 0.016265
v 0.093711 1.532117 -0.029549
v 0.074656 1.525514 -0.070173
v 0.041169 1.519864 -0.097812
v 0.000000 1.516000 -0.107300
v -0.041169 1.519864 -0.097812
v -0.074656 1.525514 -0.070173
v -0.093711 1.532117 -0.029549
v -0.094321 1.539426 0.016265
v -0.075878 1.547310 0.058335
v -0.328345 1.003534 0.036462
v -0.351182 1.009589 0.086978
v -0.402497 1.015954 0.099107
v -0.443648 1.017835 0.063715
v -0.443648 1.013816 0.007453
v -0.402497 1.006924 -0.027312
v -0.351182 1.002348 -0.014402
v -0.324385 0.974792 0.038515
v -0.349843 0.981572 0.095250
v -0.407046 0.988674 0.108874
v -0.452919 0.990751 0.069129
v -0.452919 0.986237 0.005943
v -0.407046 0.978533 -0.033103
v -0.349843 0.973440 -0.018608
v -0.333317 1.004064 0.036424
v -0.354282 1.009641 0.083055
v -0.401391 1.015488 0.094253
v -0.439169 1.017203 0.061585
v -0.439169 1.013493 0.009651
v -0.401391 1.007153 -0.022441
v -0.354282 1.002957 -0.010526
v -0.329357 0.975322 0.038477
v -0.352943 0.981624 0.091327
v -0.405939 0.988209 0.104020
v -0.448440 0.990118 0.066999
v -0.448440 0.985914 0.008141
v -0.405939 0.978763 -0.028233
v -0.352943 0.974049 -0.014732
v -0.416000 1.237000 0.022000
v -0.410000 1.230033 0.022000
v -0.413000 1.230033 0.042785
v -0.419000 1.230033 0.042785
v -0.422000 1.230033 0.022000
v -0.419000 1.230033 0.001215
v -0.413000 1.230033 0.001215
v -0.405608 1.211000 0.022000
v -0.410804 1.211000 0.058000
v -0.421196 1.211000 0.058000
v -0.426392 1.211000 0.022000
v -0.421196 1.211000 -0.014000
v -0.410804 1.211000 -0.014000
v -0.404000 1.185000 0.022000
v -0.410000 1.185000 0.063569
v -0.422000 1.185000 0.063569
v -0.428000 1.185000 0.022000
v -0.422000 1.185000 -0.019569
v -0.410000 1.185000 -0.019569
v -0.405608 1.159000 0.022000
v -0.410804 1.159000 0.058000
v -0.421196 1.159000 0.058000
v -0.426392 1.159000 0.022000
v -0.421196 1.159000 -0.014000
v -0.410804 1.159000 -0.014000
v -0.410000 1.139967 0.022000
v -0.413000 1.139967 0.042785
v -0.419000 1.139967 0.042785
v -0.422000 1.139967 0.022000
v -0.419000 1.139967 0.001215
v -0.413000 1.139967 0.001215
v -0.416000 1.133000 0.022000
v 0.449655 1.016466 0.035538
v 0.426818 1.017652 0.086402
v 0.375503 1.013076 0.099312
v 0.334352 1.006184 0.064547
v 0.334352 1.002165 0.008285
v 0.375503 1.004046 -0.027107
v 0.426818 1.010411 -0.014978
v 0.459615 0.989208 0.037485
v 0.434157 0.990560 0.094608
v 0.376954 0.985467 0.109103
v 0.331081 0.977763 0.070057
v 0.331081 0.973249 0.006871
v 0.376954 0.975326 -0.032874
v 0.434157 0.982428 -0.019250
v 0.444683 1.015936 0.035576
v 0.423718 1.017043 0.082526
v 0.376609 1.012847 0.094441
v 0.338831 1.006507 0.062349
v 0.338831 1.002797 0.010415
v 0.376609 1.004512 -0.022253
v 0.423718 1.010359 -0.011055
v 0.454643 0.988678 0.037523
v 0.431057 0.989951 0.090732
v 0.378061 0.985237 0.104233
v 0.335560 0.978086 0.067859
v 0.335560 0.973882 0.009001
v 0.378061 0.975791 -0.028020
v 0.431057 0.982376 -0.015327
v 0.200977 0.907757 -0.152551
v 0.195810 0.906695 -0.139589
v 0.181936 0.905632 -0.138098
v 0.187103 0.906695 -0.151059
v 0.201780 0.862538 -0.153160
v 0.197908 0.861695 -0.143441
v 0.187505 0.860851 -0.142325
v 0.191378 0.861695 -0.152044
v 0.199414 0.821894 -0.151364
v 0.198554 0.821695 -0.149205
v 0.196244 0.821496 -0.148958
v 0.197103 0.821695 -0.151117
v 0.191457 0.906695 -0.145324
v 0.197829 0.821695 -0.150161
v -0.039610 1.193117 0.216683
v -0.024899 1.191629 0.211937
v -0.031831 1.189495 0.214822
v -0.046542 1.187752 0.217178
v -0.054321 1.188143 0.216649
v -0.047388 1.190277 0.213764
v -0.032677 1.192020 0.211408
v -0.014130 1.184077 0.203682
v -0.026137 1.180381 0.208678
v -0.051617 1.177362 0.212759
v -0.065090 1.178040 0.211843
v -0.053082 1.181737 0.206846
v -0.027602 1.184755 0.202765
v -0.010188 1.172486 0.194129
v -0.024053 1.168217 0.199899
v -0.053475 1.164731 0.204610
v -0.069032 1.165514 0.203552
v -0.055167 1.169783 0.197783
v -0.025745 1.173269 0.193071
v -0.014130 1.159960 0.185839
v -0.026137 1.156263 0.190836
v -0.051617 1.153245 0.194916
v -0.065090 1.153923 0.194000
v -0.053082 1.157619 0.189003
v -0.027602 1.160638 0.184923
v -0.024899 1.149857 0.181033
v -0.031831 1.147723 0.183918
v -0.046542 1.145980 0.186273
v -0.054321 1.146371 0.185744
v -0.047388 1.148505 0.182859
v -0.032677 1.150248 0.180504
v -0.039610 1.144883 0.180998
usemtl ClothAccent
f 1017 1018 1024
f 1018 1025 1024
f 1031 1038 1032
f 1032 1038 1039
f 1018 1019 1025
f 1019 1026 1025
f 1032 1039 1033
f 1033 1039 1040
f 1019 1020 1026
f 1020 1027 1026
f 1033 1040 1034
f 1034 1040 1041
f 1020 1021 1027
f 1021 1028 1027
f 1034 1041 1035
f 1035 1041 1042
f 1021 1022 1028
f 1022 1029 1028
f 1035 1042 1036
f 1036 1042 1043
f 1022 1023 1029
f 1023 1030 1029
f 1036 1043 1037
f 1037 1043 1044
f 1023 1017 1030
f 1017 1024 1030
f 1037 1044 1031
f 1031 1044 1038
f 1024 1038 1039
f 1024 1039 1025
f 1025 1039 1040
f 1025 1040 1026
f 1026 1040 1041
f 1026 1041 1027
f 1027 1041 1042
f 1027 1042 1028
f 1028 1042 1043
f 1028 1043 1029
f 1029 1043 1044
f 1029 1044 1030
f 1030 1044 1038
f 1030 1038 1024
f 1045 1046 1051
f 1046 1052 1051
f 1057 1063 1058
f 1058 1063 1064
f 1046 1047 1052
f 1047 1053 1052
f 1058 1064 1059
f 1059 1064 1065
f 1047 1048 1053
f 1048 1054 1053
f 1059 1065 1060
f 1060 1065 1066
f 1048 1049 1054
f 1049 1055 1054
f 1060 1066 1061
f 1061 1066 1067
f 1049 1050 1055
f 1050 1056 1055
f 1061 1067 1062
f 1062 1067 1068
f 1050 1045 1056
f 1045 1051 1056
f 1062 1068 1057
f 1057 1068 1063
f 1051 1063 1064
f 1051 1064 1052
f 1052 1064 1065
f 1052 1065 1053
f 1053 1065 1066
f 1053 1066 1054
f 1054 1066 1067
f 1054 1067 1055
f 1055 1067 1068
f 1055 1068 1056
f 1056 1068 1063
f 1056 1063 1051
f 1069 1070 1076
f 1070 1077 1076
f 1083 1090 1084
f 1084 1090 1091
f 1070 1071 1077
f 1071 1078 1077
f 1084 1091 1085
f 1085 1091 1092
f 1071 1072 1078
f 1072 1079 1078
f 1085 1092 1086
f 1086 1092 1093
f 1072 1073 1079
f 1073 1080 1079
f 1086 1093 1087
f 1087 1093 1094
f 1073 1074 1080
f 1074 1081 1080
f 1087 1094 1088
f 1088 1094 1095
f 1074 1075 1081
f 1075 1082 1081
f 1088 1095 1089
f 1089 1095 1096
f 1075 1069 1082
f 1069 1076 1082
f 1089 1096 1083
f 1083 1096 1090
f 1076 1090 1091
f 1076 1091 1077
f 1077 1091 1092
f 1077 1092 1078
f 1078 1092 1093
f 1078 1093 1079
f 1079 1093 1094
f 1079 1094 1080
f 1080 1094 1095
f 1080 1095 1081
f 1081 1095 1096
f 1081 1096 1082
f 1082 1096 1090
f 1082 1090 1076
f 1097 1098 1103
f 1098 1104 1103
f 1109 1115 1110
f 1110 1115 1116
f 1098 1099 1104
f 1099 1105 1104
f 1110 1116 1111
f 1111 1116 1117
f 1099 1100 1105
f 1100 1106 1105
f 1111 1117 1112
f 1112 1117 1118
f 1100 1101 1106
f 1101 1107 1106
f 1112 1118 1113
f 1113 1118 1119
f 1101 1102 1107
f 1102 1108 1107
f 1113 1119 1114
f 1114 1119 1120
f 1102 1097 1108
f 1097 1103 1108
f 1114 1120 1109
f 1109 1120 1115
f 1103 1115 1116
f 1103 1116 1104
f 1104 1116 1117
f 1104 1117 1105
f 1105 1117 1118
f 1105 1118 1106
f 1106 1118 1119
f 1106 1119 1107
f 1107 1119 1120
f 1107 1120 1108
f 1108 1120 1115
f 1108 1115 1103
f 1121 1122 1128
f 1122 1129 1128
f 1177 1184 1178
f 1178 1184 1185
f 1122 1123 1129
f 1123 1130 1129
f 1178 1185 1179
f 1179 1185 1186
f 1123 1124 1130
f 1124 1131 1130
f 1179 1186 1180
f 1180 1186 1187
f 1124 1125 1131
f 1125 1132 1131
f 1180 1187 1181
f 1181 1187 1188
f 1125 1126 1132
f 1126 1133 1132
f 1181 1188 1182
f 1182 1188 1189
f 1126 1127 1133
f 1127 1134 1133
f 1182 1189 1183
f 1183 1189 1190
f 1128 1129 1135
f 1129 1136 1135
f 1184 1191 1185
f 1185 1191 1192
f 1129 1130 1136
f 1130 1137 1136
f 1185 1192 1186
f 1186 1192 1193
f 1130 1131 1137
f 1131 1138 1137
f 1186 1193 1187
f 1187 1193 1194
f 1131 1132 1138
f 1132 1139 1138
f 1187 1194 1188
f 1188 1194 1195
f 1132 1133 1139
f 1133 1140 1139
f 1188 1195 1189
f 1189 1195 1196
f 1133 1134 1140
f 1134 1141 1140
f 1189 1196 1190
f 1190 1196 1197
f 1135 1136 1142
f 1136 1143 1142
f 1191 1198 1192
f 1192 1198 1199
f 1136 1137 1143
f 1137 1144 1143
f 1192 1199 1193
f 1193 1199 1200
f 1137 1138 1144
f 1138 1145 1144
f 1193 1200 1194
f 1194 1200 1201
f 1138 1139 1145
f 1139 1146 1145
f 1194 1201 1195
f 1195 1201 1202
f 1139 1140 1146
f 1140 1147 1146
f 1195 1202 1196
f 1196 1202 1203
f 1140 1141 1147
f 1141 1148 1147
f 1196 1203 1197
f 1197 1203 1204
f 1142 1143 1149
f 1143 1150 1149
f 1198 1205 1199
f 1199 1205 1206
f 1143 1144 1150
f 1144 1151 1150
f 1199 1206 1200
f 1200 1206 1207
f 1144 1145 1151
f 1145 1152 1151
f 1200 1207 1201
f 1201 1207 1208
f 1145 1146 1152
f 1146 1153 1152
f 1201 1208 1202
f 1202 1208 1209
f 1146 1147 1153
f 1147 1154 1153
f 1202 1209 1203
f 1203 1209 1210
f 1147 1148 1154
f 1148 1155 1154
f 1203 1210 1204
f 1204 1210 1211
f 1149 1150 1156
f 1150 1157 1156
f 1205 1212 1206
f 1206 1212 1213
f 1150 1151 1157
f 1151 1158 1157
f 1206 1213 1207
f 1207 1213 1214
f 1151 1152 1158
f 1152 1159 1158
f 1207 1214 1208
f 1208 1214 1215
f 1152 1153 1159
f 1153 1160 1159
f 1208 1215 1209
f 1209 1215 1216
f 1153 1154 1160
f 1154 1161 1160
f 1209 1216 1210
f 1210 1216 1217
f 1154 1155 1161
f 1155 1162 1161
f 1210 1217 1211
f 1211 1217 1218
f 1156 1157 1163
f 1157 1164 1163
f 1212 1219 1213
f 1213 1219 1220
f 1157 1158 1164
f 1158 1165 1164
f 1213 1220 1214
f 1214 1220 1221
f 1158 1159 1165
f 1159 1166 1165
f 1214 1221 1215
f 1215 1221 1222
f 1159 1160 1166
f 1160 1167 1166
f 1215 1222 1216
f 1216 1222 1223
f 1160 1161 1167
f 1161 1168 1167
f 1216 1223 1217
f 1217 1223 1224
f 1161 1162 1168
f 1162 1169 1168
f 1217 1224 1218
f 1218 1224 1225
f 1163 1164 1170
f 1164 1171 1170
f 1219 1226 1220
f 1220 1226 1227
f 1164 1165 1171
f 1165 1172 1171
f 1220 1227 1221
f 1221 1227 1228
f 1165 1166 1172
f 1166 1173 1172
f 1221 1228 1222
f 1222 1228 1229
f 1166 1167 1173
f 1167 1174 1173
f 1222 1229 1223
f 1223 1229 1230
f 1167 1168 1174
f 1168 1175 1174
f 1223 1230 1224
f 1224 1230 1231
f 1168 1169 1175
f 1169 1176 1175
f 1224 1231 1225
f 1225 1231 1232
f 1177 1121 1128
f 1177 1128 1184
f 1127 1183 1190
f 1127 1190 1134
f 1184 1128 1135
f 1184 1135 1191
f 1134 1190 1197
f 1134 1197 1141
f 1191 1135 1142
f 1191 1142 1198
f 1141 1197 1204
f 1141 1204 1148
f 1198 1142 1149
f 1198 1149 1205
f 1148 1204 1211
f 1148 1211 1155
f 1205 1149 1156
f 1205 1156 1212
f 1155 1211 1218
f 1155 1218 1162
f 1212 1156 1163
f 1212 1163 1219
f 1162 1218 1225
f 1162 1225 1169
f 1219 1163 1170
f 1219 1170 1226
f 1169 1225 1232
f 1169 1232 1176
f 1178 1177 1121
f 1178 1121 1122
f 1179 1178 1122
f 1179 1122 1123
f 1180 1179 1123
f 1180 1123 1124
f 1181 1180 1124
f 1181 1124 1125
f 1182 1181 1125
f 1182 1125 1126
f 1183 1182 1126
f 1183 1126 1127
f 1170 1226 1227
f 1170 1227 1171
f 1171 1227 1228
f 1171 1228 1172
f 1172 1228 1229
f 1172 1229 1173
f 1173 1229 1230
f 1173 1230 1174
f 1174 1230 1231
f 1174 1231 1175
f 1175 1231 1232
f 1175 1232 1176
f 1233 1237 1238
f 1233 1238 1234
f 1269 1274 1273
f 1269 1270 1274
f 1234 1238 1274
f 1234 1274 1270
f 1234 1238 1239
f 1234 1239 1235
f 1270 1275 1274
f 1270 1271 1275
f 1235 1239 1275
f 1235 1275 1271
f 1235 1239 1240
f 1235 1240 1236
f 1271 1276 1275
f 1271 1272 1276
f 1236 1240 1276
f 1236 1276 1272
f 1237 1241 1242
f 1237 1242 1238
f 1273 1278 1277
f 1273 1274 1278
f 1238 1242 1278
f 1238 1278 1274
f 1238 1242 1243
f 1238 1243 1239
f 1274 1279 1278
f 1274 1275 1279
f 1239 1243 1279
f 1239 1279 1275
f 1239 1243 1244
f 1239 1244 1240
f 1275 1280 1279
f 1275 1276 1280
f 1240 1244 1280
f 1240 1280 1276
f 1241 1245 1246
f 1241 1246 1242
f 1277 1282 1281
f 1277 1278 1282
f 1242 1246 1282
f 1242 1282 1278
f 1242 1246 1247
f 1242 1247 1243
f 1278 1283 1282
f 1278 1279 1283
f 1243 1247 1283
f 1243 1283 1279
f 1243 1247 1248
f 1243 1248 1244
f 1279 1284 1283
f 1279 1280 1284
f 1244 1248 1284
f 1244 1284 1280
f 1245 1249 1250
f 1245 1250 1246
f 1281 1286 1285
f 1281 1282 1286
f 1246 1250 1286
f 1246 1286 1282
f 1246 1250 1251
f 1246 1251 1247
f 1282 1287 1286
f 1282 1283 1287
f 1247 1251 1287
f 1247 1287 1283
f 1247 1251 1252
f 1247 1252 1248
f 1283 1288 1287
f 1283 1284 1288
f 1248 1252 1288
f 1248 1288 1284
f 1249 1253 1254
f 1249 1254 1250
f 1285 1290 1289
f 1285 1286 1290
f 1250 1254 1290
f 1250 1290 1286
f 1250 1254 1255
f 1250 1255 1251
f 1286 1291 1290
f 1286 1287 1291
f 1251 1255 1291
f 1251 1291 1287
f 1251 1255 1256
f 1251 1256 1252
f 1287 1292 1291
f 1287 1288 1292
f 1252 1256 1292
f 1252 1292 1288
f 1253 1257 1258
f 1253 1258 1254
f 1289 1294 1293
f 1289 1290 1294
f 1254 1258 1294
f 1254 1294 1290
f 1254 1258 1259
f 1254 1259 1255
f 1290 1295 1294
f 1290 1291 1295
f 1255 1259 1295
f 1255 1295 1291
f 1255 1259 1260
f 1255 1260 1256
f 1291 1296 1295
f 1291 1292 1296
f 1256 1260 1296
f 1256 1296 1292
f 1257 1261 1262
f 1257 1262 1258
f 1293 1298 1297
f 1293 1294 1298
f 1258 1262 1298
f 1258 1298 1294
f 1258 1262 1263
f 1258 1263 1259
f 1294 1299 1298
f 1294 1295 1299
f 1259 1263 1299
f 1259 1299 1295
f 1259 1263 1264
f 1259 1264 1260
f 1295 1300 1299
f 1295 1296 1300
f 1260 1264 1300
f 1260 1300 1296
f 1261 1265 1266
f 1261 1266 1262
f 1297 1302 1301
f 1297 1298 1302
f 1262 1266 1302
f 1262 1302 1298
f 1262 1266 1267
f 1262 1267 1263
f 1298 1303 1302
f 1298 1299 1303
f 1263 1267 1303
f 1263 1303 1299
f 1263 1267 1268
f 1263 1268 1264
f 1299 1304 1303
f 1299 1300 1304
f 1264 1268 1304
f 1264 1304 1300
f 1233 1269 1273
f 1233 1273 1237
f 1237 1273 1277
f 1237 1277 1241
f 1241 1277 1281
f 1241 1281 1245
f 1245 1281 1285
f 1245 1285 1249
f 1249 1285 1289
f 1249 1289 1253
f 1253 1289 1293
f 1253 1293 1257
f 1257 1293 1297
f 1257 1297 1261
f 1261 1297 1301
f 1261 1301 1265
f 1233 1234 1270
f 1233 1270 1269
f 1265 1301 1302
f 1265 1302 1266
f 1234 1235 1271
f 1234 1271 1270
f 1266 1302 1303
f 1266 1303 1267
f 1235 1236 1272
f 1235 1272 1271
f 1267 1303 1304
f 1267 1304 1268
f 1305 1309 1310
f 1305 1310 1306
f 1341 1346 1345
f 1341 1342 1346
f 1306 1310 1346
f 1306 1346 1342
f 1306 1310 1311
f 1306 1311 1307
f 1342 1347 1346
f 1342 1343 1347
f 1307 1311 1347
f 1307 1347 1343
f 1307 1311 1312
f 1307 1312 1308
f 1343 1348 1347
f 1343 1344 1348
f 1308 1312 1348
f 1308 1348 1344
f 1309 1313 1314
f 1309 1314 1310
f 1345 1350 1349
f 1345 1346 1350
f 1310 1314 1350
f 1310 1350 1346
f 1310 1314 1315
f 1310 1315 1311
f 1346 1351 1350
f 1346 1347 1351
f 1311 1315 1351
f 1311 1351 1347
f 1311 1315 1316
f 1311 1316 1312
f 1347 1352 1351
f 1347 1348 1352
f 1312 1316 1352
f 1312 1352 1348
f 1313 1317 1318
f 1313 1318 1314
f 1349 1354 1353
f 1349 1350 1354
f 1314 1318 1354
f 1314 1354 1350
f 1314 1318 1319
f 1314 1319 1315
f 1350 1355 1354
f 1350 1351 1355
f 1315 1319 1355
f 1315 1355 1351
f 1315 1319 1320
f 1315 1320 1316
f 1351 1356 1355
f 1351 1352 1356
f 1316 1320 1356
f 1316 1356 1352
f 1317 1321 1322
f 1317 1322 1318
f 1353 1358 1357
f 1353 1354 1358
f 1318 1322 1358
f 1318 1358 1354
f 1318 1322 1323
f 1318 1323 1319
f 1354 1359 1358
f 1354 1355 1359
f 1319 1323 1359
f 1319 1359 1355
f 1319 1323 1324
f 1319 1324 1320
f 1355 1360 1359
f 1355 1356 1360
f 1320 1324 1360
f 1320 1360 1356
f 1321 1325 1326
f 1321 1326 1322
f 1357 1362 1361
f 1357 1358 1362
f 1322 1326 1362
f 1322 1362 1358
f 1322 1326 1327
f 1322 1327 1323
f 1358 1363 1362
f 1358 1359 1363
f 1323 1327 1363
f 1323 1363 1359
f 1323 1327 1328
f 1323 1328 1324
f 1359 1364 1363
f 1359 1360 1364
f 1324 1328 1364
f 1324 1364 1360
f 1325 1329 1330
f 1325 1330 1326
f 1361 1366 1365
f 1361 1362 1366
f 1326 1330 1366
f 1326 1366 1362
f 1326 1330 1331
f 1326 1331 1327
f 1362 1367 1366
f 1362 1363 1367
f 1327 1331 1367
f 1327 1367 1363
f 1327 1331 1332
f 1327 1332 1328
f 1363 1368 1367
f 1363 1364 1368
f 1328 1332 1368
f 1328 1368 1364
f 1329 1333 1334
f 1329 1334 1330
f 1365 1370 1369
f 1365 1366 1370
f 1330 1334 1370
f 1330 1370 1366
f 1330 1334 1335
f 1330 1335 1331
f 1366 1371 1370
f 1366 1367 1371
f 1331 1335 1371
f 1331 1371 1367
f 1331 1335 1336
f 1331 1336 1332
f 1367 1372 1371
f 1367 1368 1372
f 1332 1336 1372
f 1332 1372 1368
f 1333 1337 1338
f 1333 1338 1334
f 1369 1374 1373
f 1369 1370 1374
f 1334 1338 1374
f 1334 1374 1370
f 1334 1338 1339
f 1334 1339 1335
f 1370 1375 1374
f 1370 1371 1375
f 1335 1339 1375
f 1335 1375 1371
f 1335 1339 1340
f 1335 1340 1336
f 1371 1376 1375
f 1371 1372 1376
f 1336 1340 1376
f 1336 1376 1372
f 1305 1341 1345
f 1305 1345 1309
f 1309 1345 1349
f 1309 1349 1313
f 1313 1349 1353
f 1313 1353 1317
f 1317 1353 1357
f 1317 1357 1321
f 1321 1357 1361
f 1321 1361 1325
f 1325 1361 1365
f 1325 1365 1329
f 1329 1365 1369
f 1329 1369 1333
f 1333 1369 1373
f 1333 1373 1337
f 1305 1306 1342
f 1305 1342 1341
f 1337 1373 1374
f 1337 1374 1338
f 1306 1307 1343
f 1306 1343 1342
f 1338 1374 1375
f 1338 1375 1339
f 1307 1308 1344
f 1307 1344 1343
f 1339 1375 1376
f 1339 1376 1340
f 1377 1378 1388
f 1378 1389 1388
f 1421 1432 1422
f 1422 1432 1433
f 1378 1379 1389
f 1379 1390 1389
f 1422 1433 1423
f 1423 1433 1434
f 1379 1380 1390
f 1380 1391 1390
f 1423 1434 1424
f 1424 1434 1435
f 1380 1381 1391
f 1381 1392 1391
f 1424 1435 1425
f 1425 1435 1436
f 1381 1382 1392
f 1382 1393 1392
f 1425 1436 1426
f 1426 1436 1437
f 1382 1383 1393
f 1383 1394 1393
f 1426 1437 1427
f 1427 1437 1438
f 1383 1384 1394
f 1384 1395 1394
f 1427 1438 1428
f 1428 1438 1439
f 1384 1385 1395
f 1385 1396 1395
f 1428 1439 1429
f 1429 1439 1440
f 1385 1386 1396
f 1386 1397 1396
f 1429 1440 1430
f 1430 1440 1441
f 1386 1387 1397
f 1387 1398 1397
f 1430 1441 1431
f 1431 1441 1442
f 1388 1389 1399
f 1389 1400 1399
f 1432 1443 1433
f 1433 1443 1444
f 1389 1390 1400
f 1390 1401 1400
f 1433 1444 1434
f 1434 1444 1445
f 1390 1391 1401
f 1391 1402 1401
f 1434 1445 1435
f 1435 1445 1446
f 1391 1392 1402
f 1392 1403 1402
f 1435 1446 1436
f 1436 1446 1447
f 1392 1393 1403
f 1393 1404 1403
f 1436 1447 1437
f 1437 1447 1448
f 1393 1394 1404
f 1394 1405 1404
f 1437 1448 1438
f 1438 1448 1449
f 1394 1395 1405
f 1395 1406 1405
f 1438 1449 1439
f 1439 1449 1450
f 1395 1396 1406
f 1396 1407 1406
f 1439 1450 1440
f 1440 1450 1451
f 1396 1397 1407
f 1397 1408 1407
f 1440 1451 1441
f 1441 1451 1452
f 1397 1398 1408
f 1398 1409 1408
f 1441 1452 1442
f 1442 1452 1453
f 1399 1400 1410
f 1400 1411 1410
f 1443 1454 1444
f 1444 1454 1455
f 1400 1401 1411
f 1401 1412 1411
f 1444 1455 1445
f 1445 1455 1456
f 1401 1402 1412
f 1402 1413 1412
f 1445 1456 1446
f 1446 1456 1457
f 1402 1403 1413
f 1403 1414 1413
f 1446 1457 1447
f 1447 1457 1458
f 1403 1404 1414
f 1404 1415 1414
f 1447 1458 1448
f 1448 1458 1459
f 1404 1405 1415
f 1405 1416 1415
f 1448 1459 1449
f 1449 1459 1460
f 1405 1406 1416
f 1406 1417 1416
f 1449 1460 1450
f 1450 1460 1461
f 1406 1407 1417
f 1407 1418 1417
f 1450 1461 1451
f 1451 1461 1462
f 1407 1408 1418
f 1408 1419 1418
f 1451 1462 1452
f 1452 1462 1463
f 1408 1409 1419
f 1409 1420 1419
f 1452 1463 1453
f 1453 1463 1464
f 1421 1377 1388
f 1421 1388 1432
f 1387 1431 1442
f 1387 1442 1398
f 1432 1388 1399
f 1432 1399 1443
f 1398 1442 1453
f 1398 1453 1409
f 1443 1399 1410
f 1443 1410 1454
f 1409 1453 1464
f 1409 1464 1420
f 1410 1454 1455
f 1410 1455 1411
f 1411 1455 1456
f 1411 1456 1412
f 1412 1456 1457
f 1412 1457 1413
f 1413 1457 1458
f 1413 1458 1414
f 1414 1458 1459
f 1414 1459 1415
f 1415 1459 1460
f 1415 1460 1416
f 1416 1460 1461
f 1416 1461 1417
f 1417 1461 1462
f 1417 1462 1418
f 1418 1462 1463
f 1418 1463 1419
f 1419 1463 1464
f 1419 1464 1420
f 1465 1466 1472
f 1466 1473 1472
f 1479 1486 1480
f 1480 1486 1487
f 1466 1467 1473
f 1467 1474 1473
f 1480 1487 1481
f 1481 1487 1488
f 1467 1468 1474
f 1468 1475 1474
f 1481 1488 1482
f 1482 1488 1489
f 1468 1469 1475
f 1469 1476 1475
f 1482 1489 1483
f 1483 1489 1490
f 1469 1470 1476
f 1470 1477 1476
f 1483 1490 1484
f 1484 1490 1491
f 1470 1471 1477
f 1471 1478 1477
f 1484 1491 1485
f 1485 1491 1492
f 1471 1465 1478
f 1465 1472 1478
f 1485 1492 1479
f 1479 1492 1486
f 1472 1486 1487
f 1472 1487 1473
f 1473 1487 1488
f 1473 1488 1474
f 1474 1488 1489
f 1474 1489 1475
f 1475 1489 1490
f 1475 1490 1476
f 1476 1490 1491
f 1476 1491 1477
f 1477 1491 1492
f 1477 1492 1478
f 1478 1492 1486
f 1478 1486 1472
f 1493 1495 1494
f 1493 1496 1495
f 1493 1497 1496
f 1493 1498 1497
f 1493 1499 1498
f 1493 1494 1499
f 1495 1500 1494
f 1501 1500 1495
f 1496 1501 1495
f 1502 1501 1496
f 1497 1502 1496
f 1503 1502 1497
f 1498 1503 1497
f 1504 1503 1498
f 1499 1504 1498
f 1505 1504 1499
f 1494 1505 1499
f 1500 1505 1494
f 1501 1506 1500
f 1507 1506 1501
f 1502 1507 1501
f 1508 1507 1502
f 1503 1508 1502
f 1509 1508 1503
f 1504 1509 1503
f 1510 1509 1504
f 1505 1510 1504
f 1511 1510 1505
f 1500 1511 1505
f 1506 1511 1500
f 1507 1512 1506
f 1513 1512 1507
f 1508 1513 1507
f 1514 1513 1508
f 1509 1514 1508
f 1515 1514 1509
f 1510 1515 1509
f 1516 1515 1510
f 1511 1516 1510
f 1517 1516 1511
f 1506 1517 1511
f 1512 1517 1506
f 1513 1518 1512
f 1519 1518 1513
f 1514 1519 1513
f 1520 1519 1514
f 1515 1520 1514
f 1521 1520 1515
f 1516 1521 1515
f 1522 1521 1516
f 1517 1522 1516
f 1523 1522 1517
f 1512 1523 1517
f 1518 1523 1512
f 1519 1524 1518
f 1520 1524 1519
f 1521 1524 1520
f 1522 1524 1521
f 1523 1524 1522
f 1518 1524 1523
f 1525 1526 1532
f 1526 1533 1532
f 1539 1546 1540
f 1540 1546 1547
f 1526 1527 1533
f 1527 1534 1533
f 1540 1547 1541
f 1541 1547 1548
f 1527 1528 1534
f 1528 1535 1534
f 1541 1548 1542
f 1542 1548 1549
f 1528 1529 1535
f 1529 1536 1535
f 1542 1549 1543
f 1543 1549 1550
f 1529 1530 1536
f 1530 1537 1536
f 1543 1550 1544
f 1544 1550 1551
f 1530 1531 1537
f 1531 1538 1537
f 1544 1551 1545
f 1545 1551 1552
f 1531 1525 1538
f 1525 1532 1538
f 1545 1552 1539
f 1539 1552 1546
f 1532 1546 1547
f 1532 1547 1533
f 1533 1547 1548
f 1533 1548 1534
f 1534 1548 1549
f 1534 1549 1535
f 1535 1549 1550
f 1535 1550 1536
f 1536 1550 1551
f 1536 1551 1537
f 1537 1551 1552
f 1537 1552 1538
f 1538 1552 1546
f 1538 1546 1532
f 1553 1554 1557
f 1554 1558 1557
f 1554 1555 1558
f 1555 1559 1558
f 1555 1556 1559
f 1556 1560 1559
f 1556 1553 1560
f 1553 1557 1560
f 1557 1558 1561
f 1558 1562 1561
f 1558 1559 1562
f 1559 1563 1562
f 1559 1560 1563
f 1560 1564 1563
f 1560 1557 1564
f 1557 1561 1564
f 1556 1554 1553
f 1556 1555 1554
f 1556 1556 1555
f 1556 1553 1556
f 1557 1561 1562
f 1557 1562 1563
f 1557 1563 1564
f 1557 1564 1561
f 1567 1569 1568
f 1567 1570 1569
f 1567 1571 1570
f 1567 1572 1571
f 1567 1573 1572
f 1567 1568 1573
f 1569 1574 1568
f 1575 1574 1569
f 1570 1575 1569
f 1576 1575 1570
f 1571 1576 1570
f 1577 1576 1571
f 1572 1577 1571
f 1578 1577 1572
f 1573 1578 1572
f 1579 1578 1573
f 1568 1579 1573
f 1574 1579 1568
f 1575 1580 1574
f 1581 1580 1575
f 1576 1581 1575
f 1582 1581 1576
f 1577 1582 1576
f 1583 1582 1577
f 1578 1583 1577
f 1584 1583 1578
f 1579 1584 1578
f 1585 1584 1579
f 1574 1585 1579
f 1580 1585 1574
f 1581 1586 1580
f 1587 1586 1581
f 1582 1587 1581
f 1588 1587 1582
f 1583 1588 1582
f 1589 1588 1583
f 1584 1589 1583
f 1590 1589 1584
f 1585 1590 1584
f 1591 1590 1585
f 1580 1591 1585
f 1586 1591 1580
f 1587 1592 1586
f 1593 1592 1587
f 1588 1593 1587
f 1594 1593 1588
f 1589 1594 1588
f 1595 1594 1589
f 1590 1595 1589
f 1596 1595 1590
f 1591 1596 1590
f 1597 1596 1591
f 1586 1597 1591
f 1592 1597 1586
f 1593 1598 1592
f 1594 1598 1593
f 1595 1598 1594
f 1596 1598 1595
f 1597 1598 1596
f 1592 1598 1597
v 0.000000 1.005000 0.152000
v 0.164554 1.005000 0.116439
v 0.252111 1.005000 0.026395
v 0.221703 1.005000 -0.076000
v 0.087557 1.005000 -0.142833
v -0.087557 1.005000 -0.142833
v -0.221703 1.005000 -0.076000
v -0.252111 1.005000 0.026395
v -0.164554 1.005000 0.116439
v 0.000000 0.955000 0.147000
v 0.158769 0.955000 0.112609
v 0.243248 0.955000 0.025526
v 0.213908 0.955000 -0.073500
v 0.084479 0.955000 -0.138135
v -0.084479 0.955000 -0.138135
v -0.213908 0.955000 -0.073500
v -0.243248 0.955000 0.025526
v -0.158769 0.955000 0.112609
v 0.000000 0.905000 0.144000
v 0.155555 0.905000 0.110310
v 0.238323 0.905000 0.025005
v 0.209578 0.905000 -0.072000
v 0.082769 0.905000 -0.135316
v -0.082769 0.905000 -0.135316
v -0.209578 0.905000 -0.072000
v -0.238323 0.905000 0.025005
v -0.155555 0.905000 0.110310
v 0.000000 1.005000 0.145000
v 0.158839 1.005000 0.112395
v 0.245149 1.005000 0.025666
v 0.215081 1.005000 -0.073730
v 0.083899 1.005000 -0.136865
v -0.083899 1.005000 -0.136865
v -0.215081 1.005000 -0.073730
v -0.245149 1.005000 0.025666
v -0.158839 1.005000 0.112395
v 0.000000 0.955000 0.140000
v 0.153059 0.955000 0.108559
v 0.236286 0.955000 0.024796
v 0.207288 0.955000 -0.071225
v 0.080827 0.955000 -0.132163
v -0.080827 0.955000 -0.132163
v -0.207288 0.955000 -0.071225
v -0.236286 0.955000 0.024796
v -0.153059 0.955000 0.108559
v 0.000000 0.905000 0.137000
v 0.149845 0.905000 0.106261
v 0.231362 0.905000 0.024275
v 0.202958 0.905000 -0.069726
v 0.079116 0.905000 -0.129344
v -0.079116 0.905000 -0.129344
v -0.202958 0.905000 -0.069726
v -0.231362 0.905000 0.024275
v -0.149845 0.905000 0.106261
v 0.000000 1.025000 0.000000
v 0.112500 1.007583 0.000000
v 0.070143 1.007583 0.053946
v -0.025034 1.007583 0.067270
v -0.101359 1.007583 0.029938
v -0.101359 1.007583 -0.029938
v -0.025034 1.007583 -0.067270
v 0.070143 1.007583 -0.053946
v 0.194856 0.960000 0.000000
v 0.121491 0.960000 0.093438
v -0.043359 0.960000 0.116515
v -0.175559 0.960000 0.051854
v -0.175559 0.960000 -0.051854
v -0.043359 0.960000 -0.116515
v 0.121491 0.960000 -0.093438
v 0.225000 0.895000 0.000000
v 0.140285 0.895000 0.107893
v -0.050067 0.895000 0.134540
v -0.202718 0.895000 0.059876
v -0.202718 0.895000 -0.059876
v -0.050067 0.895000 -0.134540
v 0.140285 0.895000 -0.107893
v 0.194856 0.830000 0.000000
v 0.121491 0.830000 0.093438
v -0.043359 0.830000 0.116515
v -0.175559 0.830000 0.051854
v -0.175559 0.830000 -0.051854
v -0.043359 0.830000 -0.116515
v 0.121491 0.830000 -0.093438
v 0.112500 0.782417 0.000000
v 0.070143 0.782417 0.053946
v -0.025034 0.782417 0.067270
v -0.101359 0.782417 0.029938
v -0.101359 0.782417 -0.029938
v -0.025034 0.782417 -0.067270
v 0.070143 0.782417 -0.053946
v 0.000000 0.765000 0.000000
v -0.011013 0.913400 -0.002013
v -0.062006 0.913480 0.089790
v -0.163994 0.915080 0.089802
v -0.214987 0.916600 -0.001987
v -0.163994 0.916520 -0.093790
v -0.062006 0.914920 -0.093802
v -0.033034 0.659415 -0.003981
v -0.075003 0.662187 0.072176
v -0.158997 0.662773 0.072157
v -0.200966 0.660585 -0.004019
v -0.158969 0.657814 -0.080128
v -0.075031 0.657229 -0.080109
v -0.052729 0.486285 0.011948
v -0.083189 0.488117 0.072229
v -0.148811 0.486785 0.072284
v -0.179271 0.483715 0.012052
v -0.146460 0.482096 -0.044161
v -0.085540 0.483333 -0.044211
v -0.042021 0.366131 0.007994
v -0.076951 0.365899 0.070442
v -0.145049 0.364783 0.070448
v -0.179979 0.363869 0.008006
v -0.145930 0.364078 -0.055969
v -0.076070 0.365223 -0.055975
v -0.052031 0.300077 0.013153
v -0.082961 0.305445 0.068420
v -0.143039 0.307340 0.068270
v -0.173969 0.303923 0.012847
v -0.143931 0.298461 -0.043963
v -0.082069 0.296510 -0.043808
v -0.017012 0.913494 -0.002012
v -0.065006 0.913568 0.084594
v -0.160994 0.915074 0.084606
v -0.208988 0.916506 -0.001988
v -0.160994 0.916432 -0.088594
v -0.065006 0.914926 -0.088606
v -0.039034 0.659457 -0.003982
v -0.078003 0.662039 0.066982
v -0.155997 0.662583 0.066964
v -0.194966 0.660543 -0.004018
v -0.155969 0.657962 -0.074934
v -0.078031 0.657419 -0.074916
v -0.058728 0.486163 0.011953
v -0.086188 0.487845 0.067040
v -0.145812 0.486635 0.067089
v -0.173272 0.483837 0.012047
v -0.143460 0.482368 -0.038971
v -0.088540 0.483483 -0.039017
v -0.048020 0.366032 0.007994
v -0.079951 0.365822 0.065246
v -0.142049 0.364804 0.065252
v -0.173980 0.363968 0.008006
v -0.142931 0.364155 -0.050773
v -0.079069 0.365202 -0.050779
v -0.058028 0.300266 0.013138
v -0.085960 0.305128 0.063233
v -0.140040 0.306834 0.063098
v -0.167972 0.303734 0.012862
v -0.140932 0.298778 -0.038775
v -0.085068 0.297015 -0.038636
v 0.214987 0.916600 -0.001987
v 0.163994 0.915080 0.089802
v 0.062006 0.913480 0.089790
v 0.011013 0.913400 -0.002013
v 0.062006 0.914920 -0.093802
v 0.163994 0.916520 -0.093790
v 0.200966 0.660585 -0.004019
v 0.158997 0.662773 0.072157
v 0.075003 0.662187 0.072176
v 0.033034 0.659415 -0.003981
v 0.075031 0.657229 -0.080109
v 0.158969 0.657814 -0.080128
v 0.179271 0.483715 0.012052
v 0.148811 0.486785 0.072284
v 0.083189 0.488117 0.072229
v 0.052729 0.486285 0.011948
v 0.085540 0.483333 -0.044211
v 0.146460 0.482096 -0.044161
v 0.179979 0.363869 0.008006
v 0.145049 0.364783 0.070448
v 0.076951 0.365899 0.070442
v 0.042021 0.366131 0.007994
v 0.076070 0.365223 -0.055975
v 0.145930 0.364078 -0.055969
v 0.173969 0.303923 0.012847
v 0.143039 0.307340 0.068270
v 0.082961 0.305445 0.068420
v 0.052031 0.300077 0.013153
v 0.082069 0.296510 -0.043808
v 0.143931 0.298461 -0.043963
v 0.208988 0.916506 -0.001988
v 0.160994 0.915074 0.084606
v 0.065006 0.913568 0.084594
v 0.017012 0.913494 -0.002012
v 0.065006 0.914926 -0.088606
v 0.160994 0.916432 -0.088594
v 0.194966 0.660543 -0.004018
v 0.155997 0.662583 0.066964
v 0.078003 0.662039 0.066982
v 0.039034 0.659457 -0.003982
v 0.078031 0.657419 -0.074916
v 0.155969 0.657962 -0.074934
v 0.173272 0.483837 0.012047
v 0.145812 0.486635 0.067089
v 0.086188 0.487845 0.067040
v 0.058728 0.486163 0.011953
v 0.088540 0.483483 -0.039017
v 0.143460 0.482368 -0.038971
v 0.173980 0.363968 0.008006
v 0.142049 0.364804 0.065252
v 0.079951 0.365822 0.065246
v 0.048020 0.366032 0.007994
v 0.079069 0.365202 -0.050779
v 0.142931 0.364155 -0.050773
v 0.167972 0.303734 0.012862
v 0.140040 0.306834 0.063098
v 0.085960 0.305128 0.063233
v 0.058028 0.300266 0.013138
v 0.085068 0.297015 -0.038636
v 0.140932 0.298778 -0.038775
usemtl Trouser
f 1599 1600 1608
f 1600 1609 1608
f 1626 1635 1627
f 1627 1635 1636
f 1600 1601 1609
f 1601 1610 1609
f 1627 1636 1628
f 1628 1636 1637
f 1601 1602 1610
f 1602 1611 1610
f 1628 1637 1629
f 1629 1637 1638
f 1602 1603 1611
f 1603 1612 1611
f 1629 1638 1630
f 1630 1638 1639
f 1603 1604 1612
f 1604 1613 1612
f 1630 1639 1631
f 1631 1639 1640
f 1604 1605 1613
f 1605 1614 1613
f 1631 1640 1632
f 1632 1640 1641
f 1605 1606 1614
f 1606 1615 1614
f 1632 1641 1633
f 1633 1641 1642
f 1606 1607 1615
f 1607 1616 1615
f 1633 1642 1634
f 1634 1642 1643
f 1607 1599 1616
f 1599 1608 1616
f 1634 1643 1626
f 1626 1643 1635
f 1608 1609 1617
f 1609 1618 1617
f 1635 1644 1636
f 1636 1644 1645
f 1609 1610 1618
f 1610 1619 1618
f 1636 1645 1637
f 1637 1645 1646
f 1610 1611 1619
f 1611 1620 1619
f 1637 1646 1638
f 1638 1646 1647
f 1611 1612 1620
f 1612 1621 1620
f 1638 1647 1639
f 1639 1647 1648
f 1612 1613 1621
f 1613 1622 1621
f 1639 1648 1640
f 1640 1648 1649
f 1613 1614 1622
f 1614 1623 1622
f 1640 1649 1641
f 1641 1649 1650
f 1614 1615 1623
f 1615 1624 1623
f 1641 1650 1642
f 1642 1650 1651
f 1615 1616 1624
f 1616 1625 1624
f 1642 1651 1643
f 1643 1651 1652
f 1616 1608 1625
f 1608 1617 1625
f 1643 1652 1635
f 1635 1652 1644
f 1653 1655 1654
f 1653 1656 1655
f 1653 1657 1656
f 1653 1658 1657
f 1653 1659 1658
f 1653 1660 1659
f 1653 1654 1660
f 1655 1661 1654
f 1662 1661 1655
f 1656 1662 1655
f 1663 1662 1656
f 1657 1663 1656
f 1664 1663 1657
f 1658 1664 1657
f 1665 1664 1658
f 1659 1665 1658
f 1666 1665 1659
f 1660 1666 1659
f 1667 1666 1660
f 1654 1667 1660
f 1661 1667 1654
f 1662 1668 1661
f 1669 1668 1662
f 1663 1669 1662
f 1670 1669 1663
f 1664 1670 1663
f 1671 1670 1664
f 1665 1671 1664
f 1672 1671 1665
f 1666 1672 1665
f 1673 1672 1666
f 1667 1673 1666
f 1674 1673 1667
f 1661 1674 1667
f 1668 1674 1661
f 1669 1675 1668
f 1676 1675 1669
f 1670 1676 1669
f 1677 1676 1670
f 1671 1677 1670
f 1678 1677 1671
f 1672 1678 1671
f 1679 1678 1672
f 1673 1679 1672
f 1680 1679 1673
f 1674 1680 1673
f 1681 1680 1674
f 1668 1681 1674
f 1675 1681 1668
f 1676 1682 1675
f 1683 1682 1676
f 1677 1683 1676
f 1684 1683 1677
f 1678 1684 1677
f 1685 1684 1678
f 1679 1685 1678
f 1686 1685 1679
f 1680 1686 1679
f 1687 1686 1680
f 1681 1687 1680
f 1688 1687 1681
f 1675 1688 1681
f 1682 1688 1675
f 1683 1689 1682
f 1684 1689 1683
f 1685 1689 1684
f 1686 1689 1685
f 1687 1689 1686
f 1688 1689 1687
f 1682 1689 1688
f 1690 1691 1696
f 1691 1697 1696
f 1720 1726 1721
f 1721 1726 1727
f 1691 1692 1697
f 1692 1698 1697
f 1721 1727 1722
f 1722 1727 1728
f 1692 1693 1698
f 1693 1699 1698
f 1722 1728 1723
f 1723 1728 1729
f 1693 1694 1699
f 1694 1700 1699
f 1723 1729 1724
f 1724 1729 1730
f 1694 1695 1700
f 1695 1701 1700
f 1724 1730 1725
f 1725 1730 1731
f 1695 1690 1701
f 1690 1696 1701
f 1725 1731 1720
f 1720 1731 1726
f 1696 1697 1702
f 1697 1703 1702
f 1726 1732 1727
f 1727 1732 1733
f 1697 1698 1703
f 1698 1704 1703
f 1727 1733 1728
f 1728 1733 1734
f 1698 1699 1704
f 1699 1705 1704
f 1728 1734 1729
f 1729 1734 1735
f 1699 1700 1705
f 1700 1706 1705
f 1729 1735 1730
f 1730 1735 1736
f 1700 1701 1706
f 1701 1707 1706
f 1730 1736 1731
f 1731 1736 1737
f 1701 1696 1707
f 1696 1702 1707
f 1731 1737 1726
f 1726 1737 1732
f 1702 1703 1708
f 1703 1709 1708
f 1732 1738 1733
f 1733 1738 1739
f 1703 1704 1709
f 1704 1710 1709
f 1733 1739 1734
f 1734 1739 1740
f 1704 1705 1710
f 1705 1711 1710
f 1734 1740 1735
f 1735 1740 1741
f 1705 1706 1711
f 1706 1712 1711
f 1735 1741 1736
f 1736 1741 1742
f 1706 1707 1712
f 1707 1713 1712
f 1736 1742 1737
f 1737 1742 1743
f 1707 1702 1713
f 1702 1708 1713
f 1737 1743 1732
f 1732 1743 1738
f 1708 1709 1714
f 1709 1715 1714
f 1738 1744 1739
f 1739 1744 1745
f 1709 1710 1715
f 1710 1716 1715
f 1739 1745 1740
f 1740 1745 1746
f 1710 1711 1716
f 1711 1717 1716
f 1740 1746 1741
f 1741 1746 1747
f 1711 1712 1717
f 1712 1718 1717
f 1741 1747 1742
f 1742 1747 1748
f 1712 1713 1718
f 1713 1719 1718
f 1742 1748 1743
f 1743 1748 1749
f 1713 1708 1719
f 1708 1714 1719
f 1743 1749 1738
f 1738 1749 1744
f 1690 1720 1721
f 1690 1721 1691
f 1691 1721 1722
f 1691 1722 1692
f 1692 1722 1723
f 1692 1723 1693
f 1693 1723 1724
f 1693 1724 1694
f 1694 1724 1725
f 1694 1725 1695
f 1695 1725 1720
f 1695 1720 1690
f 1750 1751 1756
f 1751 1757 1756
f 1780 1786 1781
f 1781 1786 1787
f 1751 1752 1757
f 1752 1758 1757
f 1781 1787 1782
f 1782 1787 1788
f 1752 1753 1758
f 1753 1759 1758
f 1782 1788 1783
f 1783 1788 1789
f 1753 1754 1759
f 1754 1760 1759
f 1783 1789 1784
f 1784 1789 1790
f 1754 1755 1760
f 1755 1761 1760
f 1784 1790 1785
f 1785 1790 1791
f 1755 1750 1761
f 1750 1756 1761
f 1785 1791 1780
f 1780 1791 1786
f 1756 1757 1762
f 1757 1763 1762
f 1786 1792 1787
f 1787 1792 1793
f 1757 1758 1763
f 1758 1764 1763
f 1787 1793 1788
f 1788 1793 1794
f 1758 1759 1764
f 1759 1765 1764
f 1788 1794 1789
f 1789 1794 1795
f 1759 1760 1765
f 1760 1766 1765
f 1789 1795 1790
f 1790 1795 1796
f 1760 1761 1766
f 1761 1767 1766
f 1790 1796 1791
f 1791 1796 1797
f 1761 1756 1767
f 1756 1762 1767
f 1791 1797 1786
f 1786 1797 1792
f 1762 1763 1768
f 1763 1769 1768
f 1792 1798 1793
f 1793 1798 1799
f 1763 1764 1769
f 1764 1770 1769
f 1793 1799 1794
f 1794 1799 1800
f 1764 1765 1770
f 1765 1771 1770
f 1794 1800 1795
f 1795 1800 1801
f 1765 1766 1771
f 1766 1772 1771
f 1795 1801 1796
f 1796 1801 1802
f 1766 1767 1772
f 1767 1773 1772
f 1796 1802 1797
f 1797 1802 1803
f 1767 1762 1773
f 1762 1768 1773
f 1797 1803 1792
f 1792 1803 1798
f 1768 1769 1774
f 1769 1775 1774
f 1798 1804 1799
f 1799 1804 1805
f 1769 1770 1775
f 1770 1776 1775
f 1799 1805 1800
f 1800 1805 1806
f 1770 1771 1776
f 1771 1777 1776
f 1800 1806 1801
f 1801 1806 1807
f 1771 1772 1777
f 1772 1778 1777
f 1801 1807 1802
f 1802 1807 1808
f 1772 1773 1778
f 1773 1779 1778
f 1802 1808 1803
f 1803 1808 1809
f 1773 1768 1779
f 1768 1774 1779
f 1803 1809 1798
f 1798 1809 1804
f 1750 1780 1781
f 1750 1781 1751
f 1751 1781 1782
f 1751 1782 1752
f 1752 1782 1783
f 1752 1783 1753
f 1753 1783 1784
f 1753 1784 1754
f 1754 1784 1785
f 1754 1785 1755
f 1755 1785 1780
f 1755 1780 1750
v -0.014000 0.081000 0.058000
v -0.019935 0.075000 0.057120
v -0.014000 0.069000 0.058000
v -0.008065 0.075000 0.058880
v -0.027933 0.081000 0.152000
v -0.033649 0.075000 0.150175
v -0.027933 0.069000 0.152000
v -0.022218 0.075000 0.153825
v -0.066000 0.081000 0.220813
v -0.070332 0.075000 0.216662
v -0.066000 0.069000 0.220813
v -0.061668 0.075000 0.224964
v -0.118000 0.081000 0.246000
v -0.118000 0.075000 0.240000
v -0.118000 0.069000 0.246000
v -0.118000 0.075000 0.252000
v -0.170000 0.081000 0.220813
v -0.165668 0.075000 0.216662
v -0.170000 0.069000 0.220813
v -0.174332 0.075000 0.224964
v -0.208067 0.081000 0.152000
v -0.202351 0.075000 0.150175
v -0.208067 0.069000 0.152000
v -0.213782 0.075000 0.153825
v -0.222000 0.081000 0.058000
v -0.216000 0.075000 0.058000
v -0.222000 0.069000 0.058000
v -0.228000 0.075000 0.058000
v -0.208067 0.081000 -0.036000
v -0.202351 0.075000 -0.034175
v -0.208067 0.069000 -0.036000
v -0.213782 0.075000 -0.037825
v -0.170000 0.081000 -0.104813
v -0.165668 0.075000 -0.100662
v -0.170000 0.069000 -0.104813
v -0.174332 0.075000 -0.108964
v -0.118000 0.081000 -0.130000
v -0.118000 0.075000 -0.124000
v -0.118000 0.069000 -0.130000
v -0.118000 0.075000 -0.136000
v -0.066000 0.081000 -0.104813
v -0.070332 0.075000 -0.100662
v -0.066000 0.069000 -0.104813
v -0.061668 0.075000 -0.108964
v -0.027933 0.081000 -0.036000
v -0.033649 0.075000 -0.034175
v -0.027933 0.069000 -0.036000
v -0.022218 0.075000 -0.037825
v -0.014000 0.081000 0.058000
v -0.019935 0.075000 0.058880
v -0.014000 0.069000 0.058000
v -0.008065 0.075000 0.057120
v -0.014000 0.075000 0.058000
v -0.014000 0.075000 0.058000
v -0.118000 0.187000 0.085000
v -0.072000 0.177354 0.085000
v -0.089319 0.177354 0.140510
v -0.128236 0.177354 0.154220
v -0.159445 0.177354 0.115806
v -0.159445 0.177354 0.054194
v -0.128236 0.177354 0.015780
v -0.089319 0.177354 0.029490
v -0.038326 0.151000 0.085000
v -0.068324 0.151000 0.181146
v -0.135729 0.151000 0.204892
v -0.189784 0.151000 0.138357
v -0.189784 0.151000 0.031643
v -0.135729 0.151000 -0.034892
v -0.068324 0.151000 -0.011146
v -0.026000 0.115000 0.085000
v -0.060639 0.115000 0.196020
v -0.138472 0.115000 0.223440
v -0.200889 0.115000 0.146611
v -0.200889 0.115000 0.023389
v -0.138472 0.115000 -0.053440
v -0.060639 0.115000 -0.026020
v -0.038326 0.079000 0.085000
v -0.068324 0.079000 0.181146
v -0.135729 0.079000 0.204892
v -0.189784 0.079000 0.138357
v -0.189784 0.079000 0.031643
v -0.135729 0.079000 -0.034892
v -0.068324 0.079000 -0.011146
v -0.072000 0.052646 0.085000
v -0.089319 0.052646 0.140510
v -0.128236 0.052646 0.154220
v -0.159445 0.052646 0.115806
v -0.159445 0.052646 0.054194
v -0.128236 0.052646 0.015780
v -0.089319 0.052646 0.029490
v -0.118000 0.043000 0.085000
v -0.118000 0.165000 0.168000
v -0.074000 0.156694 0.168000
v -0.096000 0.156694 0.199177
v -0.140000 0.156694 0.199177
v -0.162000 0.156694 0.168000
v -0.140000 0.156694 0.136823
v -0.096000 0.156694 0.136823
v -0.041790 0.134000 0.168000
v -0.079895 0.134000 0.222000
v -0.156105 0.134000 0.222000
v -0.194210 0.134000 0.168000
v -0.156105 0.134000 0.114000
v -0.079895 0.134000 0.114000
v -0.030000 0.103000 0.168000
v -0.074000 0.103000 0.230354
v -0.162000 0.103000 0.230354
v -0.206000 0.103000 0.168000
v -0.162000 0.103000 0.105646
v -0.074000 0.103000 0.105646
v -0.041790 0.072000 0.168000
v -0.079895 0.072000 0.222000
v -0.156105 0.072000 0.222000
v -0.194210 0.072000 0.168000
v -0.156105 0.072000 0.114000
v -0.079895 0.072000 0.114000
v -0.074000 0.049306 0.168000
v -0.096000 0.049306 0.199177
v -0.140000 0.049306 0.199177
v -0.162000 0.049306 0.168000
v -0.140000 0.049306 0.136823
v -0.096000 0.049306 0.136823
v -0.118000 0.041000 0.168000
v -0.030993 0.095000 -0.043757
v -0.052867 0.095000 -0.070484
v -0.082396 0.095000 -0.087937
v -0.116000 0.095000 -0.094000
v -0.149604 0.095000 -0.087937
v -0.179133 0.095000 -0.070484
v -0.201007 0.095000 -0.043757
v -0.033595 0.170000 -0.042762
v -0.054799 0.170000 -0.068955
v -0.083425 0.170000 -0.086059
v -0.116000 0.170000 -0.092000
v -0.148575 0.170000 -0.086059
v -0.177201 0.170000 -0.068955
v -0.198405 0.170000 -0.042762
v -0.031860 0.245000 -0.043757
v -0.053511 0.245000 -0.070484
v -0.082739 0.245000 -0.087937
v -0.116000 0.245000 -0.094000
v -0.149261 0.245000 -0.087937
v -0.178489 0.245000 -0.070484
v -0.200140 0.245000 -0.043757
v -0.036171 0.095000 -0.040726
v -0.056686 0.095000 -0.065857
v -0.084417 0.095000 -0.082288
v -0.116000 0.095000 -0.088000
v -0.147583 0.095000 -0.082288
v -0.175314 0.095000 -0.065857
v -0.195829 0.095000 -0.040726
v -0.038758 0.170000 -0.039706
v -0.058594 0.170000 -0.064307
v -0.085426 0.170000 -0.080402
v -0.116000 0.170000 -0.086000
v -0.146574 0.170000 -0.080402
v -0.173406 0.170000 -0.064307
v -0.193242 0.170000 -0.039706
v -0.037024 0.245000 -0.040703
v -0.057307 0.245000 -0.065838
v -0.084742 0.245000 -0.082281
v -0.116000 0.245000 -0.088000
v -0.147258 0.245000 -0.082281
v -0.174693 0.245000 -0.065838
v -0.194976 0.245000 -0.040703
v -0.018809 0.286279 0.011932
v -0.055326 0.281641 -0.065894
v -0.136429 0.279507 -0.085640
v -0.201238 0.281549 -0.031147
v -0.201653 0.286163 0.055469
v -0.136347 0.289905 0.109310
v -0.055198 0.289956 0.089970
v -0.014813 0.361373 0.007925
v -0.056219 0.356525 -0.070807
v -0.138786 0.354001 -0.096543
v -0.202458 0.356447 -0.035681
v -0.207037 0.361266 0.054014
v -0.137879 0.365178 0.108607
v -0.054808 0.365213 0.088484
v -0.014002 0.433426 0.003921
v -0.052794 0.427989 -0.084251
v -0.139920 0.425571 -0.105992
v -0.209781 0.427996 -0.044877
v -0.209798 0.433435 0.053028
v -0.139917 0.437794 0.114012
v -0.052789 0.437790 0.092159
v -0.025809 0.286186 0.011937
v -0.059690 0.281875 -0.060426
v -0.134871 0.279891 -0.078826
v -0.194931 0.281795 -0.028118
v -0.195347 0.286085 0.052432
v -0.134789 0.289563 0.102495
v -0.059562 0.289606 0.084508
v -0.021813 0.361278 0.007930
v -0.060583 0.356763 -0.065339
v -0.137228 0.354393 -0.089730
v -0.196152 0.356697 -0.032653
v -0.200731 0.361186 0.050977
v -0.136321 0.364828 0.101792
v -0.059172 0.364856 0.083022
v -0.021001 0.433329 0.003926
v -0.057158 0.428232 -0.078784
v -0.138363 0.425971 -0.099179
v -0.203475 0.428252 -0.041849
v -0.203492 0.433354 0.049991
v -0.138359 0.437437 0.107197
v -0.057153 0.437426 0.086698
v -0.109000 0.452000 -0.101500
v -0.123000 0.452000 -0.101500
v -0.123000 0.452000 -0.098500
v -0.109000 0.452000 -0.098500
v -0.116000 0.479000 -0.111500
v -0.116000 0.465000 -0.111500
v -0.116000 0.465000 -0.108500
v -0.116000 0.479000 -0.108500
v -0.123000 0.452000 -0.119500
v -0.109000 0.452000 -0.119500
v -0.109000 0.452000 -0.116500
v -0.123000 0.452000 -0.116500
v -0.152366 0.162027 0.031876
v -0.150420 0.147973 0.027010
v -0.147634 0.147973 0.028124
v -0.149580 0.162027 0.032990
v -0.119532 0.135481 0.121522
v -0.120602 0.120519 0.121475
v -0.120468 0.120519 0.118478
v -0.119398 0.135481 0.118525
v -0.094538 0.151865 0.211504
v -0.080609 0.148135 0.207372
v -0.081462 0.148135 0.204496
v -0.095391 0.151865 0.208628
v -0.092010 0.121039 0.024832
v -0.089352 0.134961 0.029740
v -0.091990 0.134961 0.031168
v -0.094648 0.121039 0.026260
v -0.121795 0.094508 0.119525
v -0.122480 0.109492 0.119462
v -0.122205 0.109492 0.116475
v -0.121520 0.094508 0.116538
v -0.159581 0.125946 0.203987
v -0.145392 0.126054 0.208851
v -0.144419 0.126054 0.206013
v -0.158608 0.125946 0.201149
v 0.222000 0.081000 0.058000
v 0.216065 0.075000 0.057120
v 0.222000 0.069000 0.058000
v 0.227935 0.075000 0.058880
v 0.208067 0.081000 0.152000
v 0.202351 0.075000 0.150175
v 0.208067 0.069000 0.152000
v 0.213782 0.075000 0.153825
v 0.170000 0.081000 0.220813
v 0.165668 0.075000 0.216662
v 0.170000 0.069000 0.220813
v 0.174332 0.075000 0.224964
v 0.118000 0.081000 0.246000
v 0.118000 0.075000 0.240000
v 0.118000 0.069000 0.246000
v 0.118000 0.075000 0.252000
v 0.066000 0.081000 0.220813
v 0.070332 0.075000 0.216662
v 0.066000 0.069000 0.220813
v 0.061668 0.075000 0.224964
v 0.027933 0.081000 0.152000
v 0.033649 0.075000 0.150175
v 0.027933 0.069000 0.152000
v 0.022218 0.075000 0.153825
v 0.014000 0.081000 0.058000
v 0.020000 0.075000 0.058000
v 0.014000 0.069000 0.058000
v 0.008000 0.075000 0.058000
v 0.027933 0.081000 -0.036000
v 0.033649 0.075000 -0.034175
v 0.027933 0.069000 -0.036000
v 0.022218 0.075000 -0.037825
v 0.066000 0.081000 -0.104813
v 0.070332 0.075000 -0.100662
v 0.066000 0.069000 -0.104813
v 0.061668 0.075000 -0.108964
v 0.118000 0.081000 -0.130000
v 0.118000 0.075000 -0.124000
v 0.118000 0.069000 -0.130000
v 0.118000 0.075000 -0.136000
v 0.170000 0.081000 -0.104813
v 0.165668 0.075000 -0.100662
v 0.170000 0.069000 -0.104813
v 0.174332 0.075000 -0.108964
v 0.208067 0.081000 -0.036000
v 0.202351 0.075000 -0.034175
v 0.208067 0.069000 -0.036000
v 0.213782 0.075000 -0.037825
v 0.222000 0.081000 0.058000
v 0.216065 0.075000 0.058880
v 0.222000 0.069000 0.058000
v 0.227935 0.075000 0.057120
v 0.222000 0.075000 0.058000
v 0.222000 0.075000 0.058000
v 0.118000 0.187000 0.085000
v 0.164000 0.177354 0.085000
v 0.146681 0.177354 0.140510
v 0.107764 0.177354 0.154220
v 0.076555 0.177354 0.115806
v 0.076555 0.177354 0.054194
v 0.107764 0.177354 0.015780
v 0.146681 0.177354 0.029490
v 0.197674 0.151000 0.085000
v 0.167676 0.151000 0.181146
v 0.100271 0.151000 0.204892
v 0.046216 0.151000 0.138357
v 0.046216 0.151000 0.031643
v 0.100271 0.151000 -0.034892
v 0.167676 0.151000 -0.011146
v 0.210000 0.115000 0.085000
v 0.175361 0.115000 0.196020
v 0.097528 0.115000 0.223440
v 0.035111 0.115000 0.146611
v 0.035111 0.115000 0.023389
v 0.097528 0.115000 -0.053440
v 0.175361 0.115000 -0.026020
v 0.197674 0.079000 0.085000
v 0.167676 0.079000 0.181146
v 0.100271 0.079000 0.204892
v 0.046216 0.079000 0.138357
v 0.046216 0.079000 0.031643
v 0.100271 0.079000 -0.034892
v 0.167676 0.079000 -0.011146
v 0.164000 0.052646 0.085000
v 0.146681 0.052646 0.140510
v 0.107764 0.052646 0.154220
v 0.076555 0.052646 0.115806
v 0.076555 0.052646 0.054194
v 0.107764 0.052646 0.015780
v 0.146681 0.052646 0.029490
v 0.118000 0.043000 0.085000
v 0.118000 0.165000 0.168000
v 0.162000 0.156694 0.168000
v 0.140000 0.156694 0.199177
v 0.096000 0.156694 0.199177
v 0.074000 0.156694 0.168000
v 0.096000 0.156694 0.136823
v 0.140000 0.156694 0.136823
v 0.194210 0.134000 0.168000
v 0.156105 0.134000 0.222000
v 0.079895 0.134000 0.222000
v 0.041790 0.134000 0.168000
v 0.079895 0.134000 0.114000
v 0.156105 0.134000 0.114000
v 0.206000 0.103000 0.168000
v 0.162000 0.103000 0.230354
v 0.074000 0.103000 0.230354
v 0.030000 0.103000 0.168000
v 0.074000 0.103000 0.105646
v 0.162000 0.103000 0.105646
v 0.194210 0.072000 0.168000
v 0.156105 0.072000 0.222000
v 0.079895 0.072000 0.222000
v 0.041790 0.072000 0.168000
v 0.079895 0.072000 0.114000
v 0.156105 0.072000 0.114000
v 0.162000 0.049306 0.168000
v 0.140000 0.049306 0.199177
v 0.096000 0.049306 0.199177
v 0.074000 0.049306 0.168000
v 0.096000 0.049306 0.136823
v 0.140000 0.049306 0.136823
v 0.118000 0.041000 0.168000
v 0.201007 0.095000 -0.043757
v 0.179133 0.095000 -0.070484
v 0.149604 0.095000 -0.087937
v 0.116000 0.095000 -0.094000
v 0.082396 0.095000 -0.087937
v 0.052867 0.095000 -0.070484
v 0.030993 0.095000 -0.043757
v 0.198405 0.170000 -0.042762
v 0.177201 0.170000 -0.068955
v 0.148575 0.170000 -0.086059
v 0.116000 0.170000 -0.092000
v 0.083425 0.170000 -0.086059
v 0.054799 0.170000 -0.068955
v 0.033595 0.170000 -0.042762
v 0.200140 0.245000 -0.043757
v 0.178489 0.245000 -0.070484
v 0.149261 0.245000 -0.087937
v 0.116000 0.245000 -0.094000
v 0.082739 0.245000 -0.087937
v 0.053511 0.245000 -0.070484
v 0.031860 0.245000 -0.043757
v 0.195829 0.095000 -0.040726
v 0.175314 0.095000 -0.065857
v 0.147583 0.095000 -0.082288
v 0.116000 0.095000 -0.088000
v 0.084417 0.095000 -0.082288
v 0.056686 0.095000 -0.065857
v 0.036171 0.095000 -0.040726
v 0.193242 0.170000 -0.039706
v 0.173406 0.170000 -0.064307
v 0.146574 0.170000 -0.080402
v 0.116000 0.170000 -0.086000
v 0.085426 0.170000 -0.080402
v 0.058594 0.170000 -0.064307
v 0.038758 0.170000 -0.039706
v 0.194976 0.245000 -0.040703
v 0.174693 0.245000 -0.065838
v 0.147258 0.245000 -0.082281
v 0.116000 0.245000 -0.088000
v 0.084742 0.245000 -0.082281
v 0.057307 0.245000 -0.065838
v 0.037024 0.245000 -0.040703
v 0.211191 0.283721 0.012068
v 0.174674 0.280055 -0.065810
v 0.093571 0.280077 -0.085671
v 0.028762 0.283842 -0.031269
v 0.028347 0.288467 0.055346
v 0.093653 0.290473 0.109280
v 0.174802 0.288366 0.090055
v 0.217187 0.358627 0.008075
v 0.175781 0.354903 -0.070719
v 0.093214 0.354619 -0.096577
v 0.029542 0.358792 -0.035808
v 0.024963 0.363735 0.053879
v 0.094121 0.365771 0.108575
v 0.177192 0.363552 0.088574
v 0.219998 0.430574 0.004079
v 0.181206 0.426211 -0.084153
v 0.094080 0.426206 -0.106027
v 0.024219 0.430565 -0.045020
v 0.024202 0.436005 0.052885
v 0.094083 0.438428 0.113977
v 0.181211 0.436011 0.092258
v 0.204191 0.283814 0.012063
v 0.170310 0.280404 -0.060348
v 0.095129 0.280419 -0.078855
v 0.035069 0.283920 -0.028231
v 0.034653 0.288222 0.052318
v 0.095211 0.290089 0.102466
v 0.170438 0.288132 0.084586
v 0.210187 0.358722 0.008070
v 0.171417 0.355259 -0.065257
v 0.094772 0.354968 -0.089761
v 0.035848 0.358872 -0.032771
v 0.031269 0.363485 0.050851
v 0.095679 0.365379 0.101762
v 0.172828 0.363314 0.083106
v 0.212999 0.430671 0.004074
v 0.176842 0.426575 -0.078692
v 0.095637 0.426563 -0.099212
v 0.030525 0.430646 -0.041983
v 0.030508 0.435749 0.049858
v 0.095641 0.438028 0.107164
v 0.176847 0.435768 0.086790
v 0.123000 0.452000 -0.101500
v 0.109000 0.452000 -0.101500
v 0.109000 0.452000 -0.098500
v 0.123000 0.452000 -0.098500
v 0.116000 0.479000 -0.111500
v 0.116000 0.465000 -0.111500
v 0.116000 0.465000 -0.108500
v 0.116000 0.479000 -0.108500
v 0.109000 0.452000 -0.119500
v 0.123000 0.452000 -0.119500
v 0.123000 0.452000 -0.116500
v 0.109000 0.452000 -0.116500
v 0.150420 0.147973 0.027010
v 0.152366 0.162027 0.031876
v 0.149580 0.162027 0.032990
v 0.147634 0.147973 0.028124
v 0.120602 0.120519 0.121475
v 0.119532 0.135481 0.121522
v 0.119398 0.135481 0.118525
v 0.120468 0.120519 0.118478
v 0.080609 0.148135 0.207372
v 0.094538 0.151865 0.211504
v 0.095391 0.151865 0.208628
v 0.081462 0.148135 0.204496
v 0.089352 0.134961 0.029740
v 0.092010 0.121039 0.024832
v 0.094648 0.121039 0.026260
v 0.091990 0.134961 0.031168
v 0.122480 0.109492 0.119462
v 0.121795 0.094508 0.119525
v 0.121520 0.094508 0.116538
v 0.122205 0.109492 0.116475
v 0.145392 0.126054 0.208851
v 0.159581 0.125946 0.203987
v 0.158608 0.125946 0.201149
v 0.144419 0.126054 0.206013
v -0.321207 1.060189 0.033377
v -0.354104 1.064817 0.093879
v -0.419896 1.059628 0.094501
v -0.452793 1.049811 0.034623
v -0.419896 1.045183 -0.025879
v -0.354104 1.050372 -0.026501
v -0.322192 1.009796 0.039425
v -0.352596 1.014105 0.095603
v -0.413404 1.009309 0.096178
v -0.443808 1.000204 0.040575
v -0.413404 0.995895 -0.015603
v -0.352596 1.000691 -0.016178
v -0.326192 1.059796 0.033425
v -0.356596 1.064105 0.089603
v -0.417404 1.059309 0.090178
v -0.447808 1.050204 0.034575
v -0.417404 1.045895 -0.021603
v -0.356596 1.050691 -0.022178
v -0.327176 1.009403 0.039472
v -0.355088 1.013392 0.091327
v -0.410912 1.008990 0.091856
v -0.438824 1.000597 0.040528
v -0.410912 0.996608 -0.011327
v -0.355088 1.001010 -0.011856
v -0.385000 1.016000 0.054000
v -0.361000 1.007158 0.054000
v -0.373000 1.007158 0.079115
v -0.397000 1.007158 0.079115
v -0.409000 1.007158 0.054000
v -0.397000 1.007158 0.028885
v -0.373000 1.007158 0.028885
v -0.343431 0.983000 0.054000
v -0.364215 0.983000 0.097500
v -0.405785 0.983000 0.097500
v -0.426569 0.983000 0.054000
v -0.405785 0.983000 0.010500
v -0.364215 0.983000 0.010500
v -0.337000 0.950000 0.054000
v -0.361000 0.950000 0.104229
v -0.409000 0.950000 0.104229
v -0.433000 0.950000 0.054000
v -0.409000 0.950000 0.003771
v -0.361000 0.950000 0.003771
v -0.343431 0.917000 0.054000
v -0.364215 0.917000 0.097500
v -0.405785 0.917000 0.097500
v -0.426569 0.917000 0.054000
v -0.405785 0.917000 0.010500
v -0.364215 0.917000 0.010500
v -0.361000 0.892842 0.054000
v -0.373000 0.892842 0.079115
v -0.397000 0.892842 0.079115
v -0.409000 0.892842 0.054000
v -0.397000 0.892842 0.028885
v -0.373000 0.892842 0.028885
v -0.385000 0.884000 0.054000
v -0.402000 0.987000 0.056000
v -0.397000 0.984053 0.056000
v -0.399500 0.984053 0.068990
v -0.404500 0.984053 0.068990
v -0.407000 0.984053 0.056000
v -0.404500 0.984053 0.043010
v -0.399500 0.984053 0.043010
v -0.393340 0.976000 0.056000
v -0.397670 0.976000 0.078500
v -0.406330 0.976000 0.078500
v -0.410660 0.976000 0.056000
v -0.406330 0.976000 0.033500
v -0.397670 0.976000 0.033500
v -0.392000 0.965000 0.056000
v -0.397000 0.965000 0.081981
v -0.407000 0.965000 0.081981
v -0.412000 0.965000 0.056000
v -0.407000 0.965000 0.030019
v -0.397000 0.965000 0.030019
v -0.393340 0.954000 0.056000
v -0.397670 0.954000 0.078500
v -0.406330 0.954000 0.078500
v -0.410660 0.954000 0.056000
v -0.406330 0.954000 0.033500
v -0.397670 0.954000 0.033500
v -0.397000 0.945947 0.056000
v -0.399500 0.945947 0.068990
v -0.404500 0.945947 0.068990
v -0.407000 0.945947 0.056000
v -0.404500 0.945947 0.043010
v -0.399500 0.945947 0.043010
v -0.402000 0.943000 0.056000
v -0.375507 0.913598 0.085557
v -0.387000 0.915626 0.096884
v -0.398493 0.914402 0.085443
v -0.387000 0.912374 0.074116
v -0.378802 0.885791 0.089545
v -0.388000 0.887928 0.098496
v -0.397198 0.886209 0.089455
v -0.388000 0.884072 0.080504
v -0.378129 0.871299 0.094792
v -0.388000 0.875808 0.103638
v -0.397871 0.872701 0.094208
v -0.388000 0.868192 0.085362
v -0.383306 0.860929 0.100035
v -0.390000 0.865130 0.105761
v -0.396694 0.863071 0.098965
v -0.390000 0.858870 0.093239
v -0.387000 0.914000 0.085500
v -0.390000 0.862000 0.099500
v -0.375507 0.913598 0.064557
v -0.387000 0.915626 0.075884
v -0.398493 0.914402 0.064443
v -0.387000 0.912374 0.053116
v -0.378802 0.885791 0.068545
v -0.388000 0.887928 0.077496
v -0.397198 0.886209 0.068455
v -0.388000 0.884072 0.059504
v -0.378120 0.871407 0.073698
v -0.388000 0.875131 0.082892
v -0.397880 0.872593 0.073302
v -0.388000 0.868869 0.064108
v -0.383248 0.855231 0.078740
v -0.390000 0.858088 0.085181
v -0.396752 0.856769 0.078260
v -0.390000 0.853912 0.071819
v -0.387000 0.914000 0.064500
v -0.390000 0.856000 0.078500
v -0.375507 0.913598 0.043557
v -0.387000 0.915626 0.054884
v -0.398493 0.914402 0.043443
v -0.387000 0.912374 0.032116
v -0.378802 0.885791 0.047545
v -0.388000 0.887928 0.056496
v -0.397198 0.886209 0.047455
v -0.388000 0.884072 0.038504
v -0.378125 0.871338 0.052754
v -0.388000 0.875554 0.061740
v -0.397875 0.872662 0.052246
v -0.388000 0.868446 0.043260
v -0.383279 0.859046 0.057898
v -0.390000 0.862692 0.063962
v -0.396721 0.860954 0.057102
v -0.390000 0.857308 0.051038
v -0.387000 0.914000 0.043500
v -0.390000 0.860000 0.057500
v -0.375507 0.913598 0.022557
v -0.387000 0.915626 0.033884
v -0.398493 0.914402 0.022443
v -0.387000 0.912374 0.011116
v -0.378802 0.885791 0.026545
v -0.388000 0.887928 0.035496
v -0.397198 0.886209 0.026455
v -0.388000 0.884072 0.017504
v -0.378166 0.871070 0.032164
v -0.388000 0.877754 0.039556
v -0.397834 0.872930 0.030836
v -0.388000 0.866246 0.023444
v -0.383686 0.872000 0.039025
v -0.390000 0.879000 0.036500
v -0.396314 0.872000 0.033975
v -0.390000 0.865000 0.036500
v -0.387000 0.914000 0.022500
v -0.390000 0.872000 0.036500
v -0.345594 0.934309 0.079056
v -0.360000 0.934766 0.096499
v -0.374406 0.921691 0.084944
v -0.360000 0.921234 0.067501
v -0.332409 0.902406 0.094426
v -0.344000 0.902204 0.107772
v -0.355591 0.893594 0.097574
v -0.344000 0.893796 0.084228
v -0.327858 0.874379 0.101451
v -0.336000 0.873911 0.110282
v -0.344142 0.869621 0.102549
v -0.336000 0.870089 0.093718
v -0.360000 0.928000 0.082000
v -0.336000 0.872000 0.102000
v 0.452793 1.049811 0.034623
v 0.419896 1.059628 0.094501
v 0.354104 1.064817 0.093879
v 0.321207 1.060189 0.033377
v 0.354104 1.050372 -0.026501
v 0.419896 1.045183 -0.025879
v 0.443808 1.000204 0.040575
v 0.413404 1.009309 0.096178
v 0.352596 1.014105 0.095603
v 0.322192 1.009796 0.039425
v 0.352596 1.000691 -0.016178
v 0.413404 0.995895 -0.015603
v 0.447808 1.050204 0.034575
v 0.417404 1.059309 0.090178
v 0.356596 1.064105 0.089603
v 0.326192 1.059796 0.033425
v 0.356596 1.050691 -0.022178
v 0.417404 1.045895 -0.021603
v 0.438824 1.000597 0.040528
v 0.410912 1.008990 0.091856
v 0.355088 1.013392 0.091327
v 0.327176 1.009403 0.039472
v 0.355088 1.001010 -0.011856
v 0.410912 0.996608 -0.011327
v 0.385000 1.016000 0.054000
v 0.409000 1.007158 0.054000
v 0.397000 1.007158 0.079115
v 0.373000 1.007158 0.079115
v 0.361000 1.007158 0.054000
v 0.373000 1.007158 0.028885
v 0.397000 1.007158 0.028885
v 0.426569 0.983000 0.054000
v 0.405785 0.983000 0.097500
v 0.364215 0.983000 0.097500
v 0.343431 0.983000 0.054000
v 0.364215 0.983000 0.010500
v 0.405785 0.983000 0.010500
v 0.433000 0.950000 0.054000
v 0.409000 0.950000 0.104229
v 0.361000 0.950000 0.104229
v 0.337000 0.950000 0.054000
v 0.361000 0.950000 0.003771
v 0.409000 0.950000 0.003771
v 0.426569 0.917000 0.054000
v 0.405785 0.917000 0.097500
v 0.364215 0.917000 0.097500
v 0.343431 0.917000 0.054000
v 0.364215 0.917000 0.010500
v 0.405785 0.917000 0.010500
v 0.409000 0.892842 0.054000
v 0.397000 0.892842 0.079115
v 0.373000 0.892842 0.079115
v 0.361000 0.892842 0.054000
v 0.373000 0.892842 0.028885
v 0.397000 0.892842 0.028885
v 0.385000 0.884000 0.054000
v 0.402000 0.987000 0.056000
v 0.407000 0.984053 0.056000
v 0.404500 0.984053 0.068990
v 0.399500 0.984053 0.068990
v 0.397000 0.984053 0.056000
v 0.399500 0.984053 0.043010
v 0.404500 0.984053 0.043010
v 0.410660 0.976000 0.056000
v 0.406330 0.976000 0.078500
v 0.397670 0.976000 0.078500
v 0.393340 0.976000 0.056000
v 0.397670 0.976000 0.033500
v 0.406330 0.976000 0.033500
v 0.412000 0.965000 0.056000
v 0.407000 0.965000 0.081981
v 0.397000 0.965000 0.081981
v 0.392000 0.965000 0.056000
v 0.397000 0.965000 0.030019
v 0.407000 0.965000 0.030019
v 0.410660 0.954000 0.056000
v 0.406330 0.954000 0.078500
v 0.397670 0.954000 0.078500
v 0.393340 0.954000 0.056000
v 0.397670 0.954000 0.033500
v 0.406330 0.954000 0.033500
v 0.407000 0.945947 0.056000
v 0.404500 0.945947 0.068990
v 0.399500 0.945947 0.068990
v 0.397000 0.945947 0.056000
v 0.399500 0.945947 0.043010
v 0.404500 0.945947 0.043010
v 0.402000 0.943000 0.056000
v 0.398493 0.914402 0.085443
v 0.387000 0.915626 0.096884
v 0.375507 0.913598 0.085557
v 0.387000 0.912374 0.074116
v 0.397198 0.886209 0.089455
v 0.388000 0.887928 0.098496
v 0.378802 0.885791 0.089545
v 0.388000 0.884072 0.080504
v 0.397871 0.872701 0.094208
v 0.388000 0.875808 0.103638
v 0.378129 0.871299 0.094792
v 0.388000 0.868192 0.085362
v 0.396694 0.863071 0.098965
v 0.390000 0.865130 0.105761
v 0.383306 0.860929 0.100035
v 0.390000 0.858870 0.093239
v 0.387000 0.914000 0.085500
v 0.390000 0.862000 0.099500
v 0.398493 0.914402 0.064443
v 0.387000 0.915626 0.075884
v 0.375507 0.913598 0.064557
v 0.387000 0.912374 0.053116
v 0.397198 0.886209 0.068455
v 0.388000 0.887928 0.077496
v 0.378802 0.885791 0.068545
v 0.388000 0.884072 0.059504
v 0.397880 0.872593 0.073302
v 0.388000 0.875131 0.082892
v 0.378120 0.871407 0.073698
v 0.388000 0.868869 0.064108
v 0.396752 0.856769 0.078260
v 0.390000 0.858088 0.085181
v 0.383248 0.855231 0.078740
v 0.390000 0.853912 0.071819
v 0.387000 0.914000 0.064500
v 0.390000 0.856000 0.078500
v 0.398493 0.914402 0.043443
v 0.387000 0.915626 0.054884
v 0.375507 0.913598 0.043557
v 0.387000 0.912374 0.032116
v 0.397198 0.886209 0.047455
v 0.388000 0.887928 0.056496
v 0.378802 0.885791 0.047545
v 0.388000 0.884072 0.038504
v 0.397875 0.872662 0.052246
v 0.388000 0.875554 0.061740
v 0.378125 0.871338 0.052754
v 0.388000 0.868446 0.043260
v 0.396721 0.860954 0.057102
v 0.390000 0.862692 0.063962
v 0.383279 0.859046 0.057898
v 0.390000 0.857308 0.051038
v 0.387000 0.914000 0.043500
v 0.390000 0.860000 0.057500
v 0.398493 0.914402 0.022443
v 0.387000 0.915626 0.033884
v 0.375507 0.913598 0.022557
v 0.387000 0.912374 0.011116
v 0.397198 0.886209 0.026455
v 0.388000 0.887928 0.035496
v 0.378802 0.885791 0.026545
v 0.388000 0.884072 0.017504
v 0.397834 0.872930 0.030836
v 0.388000 0.877754 0.039556
v 0.378166 0.871070 0.032164
v 0.388000 0.866246 0.023444
v 0.396314 0.872000 0.033975
v 0.390000 0.879000 0.036500
v 0.383686 0.872000 0.039025
v 0.390000 0.865000 0.036500
v 0.387000 0.914000 0.022500
v 0.390000 0.872000 0.036500
v 0.374406 0.921691 0.084944
v 0.360000 0.934766 0.096499
v 0.345594 0.934309 0.079056
v 0.360000 0.921234 0.067501
v 0.355591 0.893594 0.097574
v 0.344000 0.902204 0.107772
v 0.332409 0.902406 0.094426
v 0.344000 0.893796 0.084228
v 0.344142 0.869621 0.102549
v 0.336000 0.873911 0.110282
v 0.327858 0.874379 0.101451
v 0.336000 0.870089 0.093718
v 0.360000 0.928000 0.082000
v 0.336000 0.872000 0.102000
v 0.449000 1.033500 0.036000
v 0.445708 1.030000 0.034812
v 0.449000 1.026500 0.036000
v 0.452292 1.030000 0.037188
v 0.436968 1.033500 0.069327
v 0.434245 1.030000 0.067129
v 0.436968 1.026500 0.069327
v 0.439691 1.030000 0.071526
v 0.405468 1.033500 0.089925
v 0.404486 1.030000 0.086566
v 0.405468 1.026500 0.089925
v 0.406450 1.030000 0.093284
v 0.366532 1.033500 0.089925
v 0.367514 1.030000 0.086566
v 0.366532 1.026500 0.089925
v 0.365550 1.030000 0.093284
v 0.335032 1.033500 0.069327
v 0.337755 1.030000 0.067129
v 0.335032 1.026500 0.069327
v 0.332309 1.030000 0.071526
v 0.323000 1.033500 0.036000
v 0.326500 1.030000 0.036000
v 0.323000 1.026500 0.036000
v 0.319500 1.030000 0.036000
v 0.335032 1.033500 0.002673
v 0.337755 1.030000 0.004871
v 0.335032 1.026500 0.002673
v 0.332309 1.030000 0.000474
v 0.366532 1.033500 -0.017925
v 0.367514 1.030000 -0.014566
v 0.366532 1.026500 -0.017925
v 0.365550 1.030000 -0.021284
v 0.405468 1.033500 -0.017925
v 0.404486 1.030000 -0.014566
v 0.405468 1.026500 -0.017925
v 0.406450 1.030000 -0.021284
v 0.436968 1.033500 0.002673
v 0.434245 1.030000 0.004871
v 0.436968 1.026500 0.002673
v 0.439691 1.030000 0.000474
v 0.449000 1.033500 0.036000
v 0.445708 1.030000 0.037188
v 0.449000 1.026500 0.036000
v 0.452292 1.030000 0.034812
v 0.449000 1.030000 0.036000
v 0.449000 1.030000 0.036000
v 0.086148 1.511316 0.061894
v 0.075227 1.515573 0.051004
v 0.074564 1.512684 0.050540
v 0.085485 1.508427 0.061430
v 0.062762 1.511956 0.085473
v 0.053603 1.516267 0.073083
v 0.053125 1.513378 0.072431
v 0.062284 1.509066 0.084822
v 0.032887 1.512611 0.101370
v 0.027940 1.516944 0.086784
v 0.027690 1.514056 0.086011
v 0.032637 1.509723 0.100597
v 0.000033 1.513266 0.107106
v -0.000033 1.517621 0.091710
v -0.000033 1.514734 0.090894
v 0.000033 1.510379 0.106290
v -0.032680 1.513933 0.102006
v -0.027743 1.518287 0.087423
v -0.027495 1.515401 0.086645
v -0.032432 1.511046 0.101228
v -0.062102 1.514614 0.086482
v -0.052722 1.518941 0.074264
v -0.052250 1.516053 0.073603
v -0.061630 1.511726 0.085822
v -0.084699 1.515315 0.062957
v -0.073481 1.519575 0.052374
v -0.072831 1.516685 0.051900
v -0.084048 1.512425 0.062483
v 0.452500 1.051200 0.034000
v 0.449490 1.048000 0.032913
v 0.452500 1.044800 0.034000
v 0.455510 1.048000 0.035087
v 0.440182 1.051200 0.068092
v 0.437693 1.048000 0.066080
v 0.440182 1.044800 0.068092
v 0.442671 1.048000 0.070103
v 0.407932 1.051200 0.089161
v 0.407034 1.048000 0.086090
v 0.407932 1.044800 0.089161
v 0.408829 1.048000 0.092233
v 0.368068 1.051200 0.089161
v 0.368966 1.048000 0.086090
v 0.368068 1.044800 0.089161
v 0.367171 1.048000 0.092233
v 0.335818 1.051200 0.068092
v 0.338307 1.048000 0.066080
v 0.335818 1.044800 0.068092
v 0.333329 1.048000 0.070103
v 0.323500 1.051200 0.034000
v 0.326700 1.048000 0.034000
v 0.323500 1.044800 0.034000
v 0.320300 1.048000 0.034000
v 0.335818 1.051200 -0.000092
v 0.338307 1.048000 0.001920
v 0.335818 1.044800 -0.000092
v 0.333329 1.048000 -0.002103
v 0.368068 1.051200 -0.021161
v 0.368966 1.048000 -0.018090
v 0.368068 1.044800 -0.021161
v 0.367171 1.048000 -0.024233
v 0.407932 1.051200 -0.021161
v 0.407034 1.048000 -0.018090
v 0.407932 1.044800 -0.021161
v 0.408829 1.048000 -0.024233
v 0.440182 1.051200 -0.000092
v 0.437693 1.048000 0.001920
v 0.440182 1.044800 -0.000092
v 0.442671 1.048000 -0.002103
v 0.452500 1.051200 0.034000
v 0.449490 1.048000 0.035087
v 0.452500 1.044800 0.034000
v 0.455510 1.048000 0.032913
v 0.452500 1.048000 0.034000
v 0.452500 1.048000 0.034000
v -0.000343 1.075509 0.178876
v 0.000343 0.997512 0.178876
v 0.000343 0.997512 0.169876
v -0.000343 1.075509 0.169876
v 0.054303 1.075977 0.175522
v 0.054540 0.997977 0.175448
v 0.051874 0.997977 0.166852
v 0.051637 1.075977 0.166926
v 0.106760 1.075837 0.164674
v 0.106174 0.997840 0.165052
v 0.101292 0.997840 0.157492
v 0.101878 1.075837 0.157113
v 0.154447 1.075106 0.147079
v 0.153269 0.997124 0.148306
v 0.146776 0.997124 0.142074
v 0.147954 1.075106 0.140847
v 0.195518 1.073896 0.123861
v 0.194113 0.995939 0.126051
v 0.186538 0.995939 0.121192
v 0.187943 1.073896 0.119002
v 0.228704 1.072396 0.096286
v 0.227451 0.994461 0.099210
v 0.219178 0.994461 0.095665
v 0.220432 1.072396 0.092740
v 0.253200 1.070840 0.065589
v 0.252366 0.992908 0.068729
v 0.243667 0.992908 0.066418
v 0.244502 1.070840 0.063278
v 0.268480 1.069467 0.032879
v 0.268134 0.991515 0.035584
v 0.259207 0.991515 0.034445
v 0.259552 1.069467 0.031740
v 0.274123 1.068480 -0.000848
v 0.274123 0.990499 0.000848
v 0.265123 0.990499 0.000848
v 0.265123 1.068480 -0.000848
v 0.269772 1.068023 -0.034607
v 0.269819 0.990023 -0.034236
v 0.260891 0.990023 -0.033097
v 0.260844 1.068023 -0.033468
v 0.255236 1.068159 -0.067321
v 0.254993 0.990165 -0.068236
v 0.246294 0.990165 -0.065925
v 0.246537 1.068159 -0.065010
v 0.230697 1.068872 -0.097787
v 0.229912 0.990898 -0.099618
v 0.221640 0.990898 -0.096072
v 0.222425 1.068872 -0.094242
v 0.196880 1.070061 -0.124743
v 0.195483 0.992104 -0.126920
v 0.187908 0.992104 -0.122061
v 0.189304 1.070061 -0.119884
v 0.155085 1.071548 -0.147007
v 0.153223 0.993595 -0.148947
v 0.146730 0.993595 -0.142715
v 0.148593 1.071548 -0.140774
v 0.107069 1.073108 -0.163597
v 0.105066 0.995144 -0.164891
v 0.100183 0.995144 -0.157330
v 0.102186 1.073108 -0.156036
v 0.054844 1.074499 -0.173788
v 0.053113 0.996520 -0.174325
v 0.050447 0.996520 -0.165729
v 0.052178 1.074499 -0.165192
v 0.000545 1.075507 -0.177124
v -0.000545 0.997514 -0.177124
v -0.000545 0.997514 -0.168124
v 0.000545 1.075507 -0.168124
v -0.053669 1.075977 -0.173481
v -0.053908 0.997977 -0.173406
v -0.051242 0.997977 -0.164810
v -0.051003 1.075977 -0.164884
v -0.105743 1.075837 -0.163093
v -0.105152 0.997840 -0.163474
v -0.100269 0.997840 -0.155914
v -0.100860 1.075837 -0.155532
v -0.153789 1.075106 -0.146444
v -0.152607 0.997124 -0.147675
v -0.146115 0.997124 -0.141443
v -0.147297 1.075106 -0.140211
v -0.196005 1.073896 -0.124177
v -0.194604 0.995939 -0.126362
v -0.187028 0.995939 -0.121503
v -0.188430 1.073896 -0.119318
v -0.230642 1.072396 -0.097129
v -0.229398 0.994460 -0.100032
v -0.221126 0.994460 -0.096487
v -0.222370 1.072396 -0.093584
v -0.256147 1.070841 -0.066389
v -0.255321 0.992907 -0.069498
v -0.246623 0.992907 -0.067187
v -0.247449 1.070841 -0.064078
v -0.271397 1.069467 -0.033264
v -0.271055 0.991514 -0.035944
v -0.262127 0.991514 -0.034805
v -0.262469 1.069467 -0.032125
v -0.275877 1.068481 0.000843
v -0.275877 0.990499 -0.000843
v -0.266877 0.990499 -0.000843
v -0.266877 1.068481 0.000843
v -0.269714 1.068023 0.034599
v -0.269761 0.990023 0.034229
v -0.260833 0.990023 0.033090
v -0.260786 1.068023 0.033460
v -0.253525 1.068159 0.066864
v -0.253281 0.990165 0.067784
v -0.244582 0.990165 0.065473
v -0.244827 1.068159 0.064553
v -0.228189 1.068872 0.096702
v -0.227397 0.990898 0.098550
v -0.219124 0.990898 0.095004
v -0.219916 1.068872 0.093157
v -0.194644 1.070060 0.123294
v -0.193234 0.992104 0.125493
v -0.185658 0.992104 0.120634
v -0.187068 1.070060 0.118435
v -0.153840 1.071548 0.145798
v -0.151964 0.993595 0.147753
v -0.145472 0.993595 0.141520
v -0.147347 1.071548 0.139566
v -0.106850 1.073108 0.163255
v -0.104844 0.995144 0.164551
v -0.099961 0.995144 0.156990
v -0.101968 1.073108 0.155695
v -0.055093 1.074499 0.174605
v -0.053369 0.996520 0.175140
v -0.050703 0.996520 0.166543
v -0.052428 1.074499 0.166009
v -0.000738 1.075503 0.178876
v 0.000738 0.997517 0.178876
v 0.000738 0.997517 0.169876
v -0.000738 1.075503 0.169876
v 0.122846 1.079680 0.162129
v 0.121897 0.993688 0.162844
v 0.114678 0.993688 0.153258
v 0.115627 1.079680 0.152543
v 0.130656 1.079574 0.159393
v 0.129659 0.993584 0.160205
v 0.122080 0.993584 0.150901
v 0.123077 1.079574 0.150089
v 0.138347 1.079454 0.156469
v 0.137245 0.993466 0.157437
v 0.129328 0.993466 0.148419
v 0.130430 1.079454 0.147452
v 0.145879 1.079319 0.153388
v 0.144682 0.993335 0.154519
v 0.136446 0.993335 0.145791
v 0.137643 1.079319 0.144661
v 0.153246 1.079171 0.150155
v 0.151963 0.993191 0.151454
v 0.143427 0.993191 0.143019
v 0.144710 1.079171 0.141720
v 0.160440 1.079011 0.146774
v 0.159082 0.993034 0.148246
v 0.150265 0.993034 0.140105
v 0.151624 1.079011 0.138634
v 0.167456 1.078838 0.143252
v 0.166033 0.992865 0.144898
v 0.156953 0.992865 0.137053
v 0.158376 1.078838 0.135407
v 0.174266 1.078655 0.139620
v 0.172833 0.992685 0.141390
v 0.163506 0.992685 0.133839
v 0.164939 1.078655 0.132069
v -0.017641 1.079250 0.180852
v -0.016247 0.993261 0.180982
v -0.015128 0.993261 0.169035
v -0.016523 1.079250 0.168904
v -0.008741 1.079390 0.181217
v -0.007411 0.993400 0.181276
v -0.006877 0.993400 0.169288
v -0.008206 1.079390 0.169229
v 0.000211 1.079517 0.181383
v 0.001404 0.993525 0.181377
v 0.001351 0.993525 0.169377
v 0.000158 1.079517 0.169383
v 0.009171 1.079630 0.181345
v 0.010221 0.993637 0.181289
v 0.009580 0.993637 0.169306
v 0.008530 1.079630 0.169362
v 0.018125 1.079729 0.181102
v 0.019028 0.993734 0.181010
v 0.017804 0.993734 0.169072
v 0.016900 1.079729 0.169165
v 0.027062 1.079813 0.180656
v 0.027815 0.993816 0.180541
v 0.026013 0.993816 0.168677
v 0.025260 1.079813 0.168792
v 0.035971 1.079882 0.180005
v 0.036570 0.993884 0.179884
v 0.034199 0.993884 0.168121
v 0.033600 1.079882 0.168242
v 0.044801 1.079935 0.179161
v 0.045322 0.993936 0.179030
v 0.042394 0.993936 0.167393
v 0.041873 1.079935 0.167524
v 0.092535 1.015560 0.167132
v 0.047649 1.028440 0.185002
v 0.045059 1.028440 0.178498
v 0.089946 1.015560 0.160629
v 0.082251 0.976567 0.170126
v 0.035931 0.987408 0.185518
v 0.033724 0.987408 0.178875
v 0.080044 0.976567 0.163483
v 0.074430 0.932503 0.172222
v 0.027099 0.941418 0.185650
v 0.025189 0.941418 0.178916
v 0.072520 0.932503 0.165488
v -0.230647 1.043135 -0.119437
v -0.218231 1.034560 -0.143413
v -0.239820 1.034560 -0.139390
v -0.252235 1.034560 -0.115414
v -0.243062 1.034560 -0.095461
v -0.221474 1.034560 -0.099484
v -0.209058 1.034560 -0.123460
v -0.209142 1.011135 -0.160965
v -0.246535 1.011135 -0.153996
v -0.268039 1.011135 -0.112468
v -0.252151 1.011135 -0.077909
v -0.214759 1.011135 -0.084878
v -0.193254 1.011135 -0.126406
v -0.205815 0.979135 -0.167389
v -0.248992 0.979135 -0.159342
v -0.273824 0.979135 -0.111390
v -0.255478 0.979135 -0.071485
v -0.212301 0.979135 -0.079532
v -0.187470 0.979135 -0.127484
v -0.209142 0.947135 -0.160965
v -0.246535 0.947135 -0.153996
v -0.268039 0.947135 -0.112468
v -0.252151 0.947135 -0.077909
v -0.214759 0.947135 -0.084878
v -0.193254 0.947135 -0.126406
v -0.218231 0.923709 -0.143413
v -0.239820 0.923709 -0.139390
v -0.252235 0.923709 -0.115414
v -0.243062 0.923709 -0.095461
v -0.221474 0.923709 -0.099484
v -0.209058 0.923709 -0.123460
v -0.230647 0.915135 -0.119437
v -0.120754 1.001837 -0.186623
v -0.119890 0.921844 -0.187180
v -0.117183 0.921844 -0.182975
v -0.118047 1.001837 -0.182419
v -0.179658 1.001095 -0.170472
v -0.178618 0.921109 -0.171562
v -0.175002 0.921109 -0.168109
v -0.176042 1.001095 -0.167019
v -0.230428 0.999858 -0.144623
v -0.229203 0.919890 -0.146557
v -0.224979 0.919890 -0.143881
v -0.226205 0.999858 -0.141947
v -0.268422 0.998325 -0.111084
v -0.267338 0.918375 -0.113667
v -0.262728 0.918375 -0.111733
v -0.263811 0.998325 -0.109150
v -0.291455 0.996745 -0.073008
v -0.290742 0.916797 -0.075797
v -0.285898 0.916797 -0.074559
v -0.286611 0.996745 -0.071770
v -0.300040 0.995361 -0.033467
v -0.299720 0.915409 -0.036219
v -0.294754 0.915409 -0.035642
v -0.295074 0.995361 -0.032890
v 0.193380 1.044733 -0.134175
v 0.203929 1.041345 -0.117524
v 0.200550 1.041345 -0.115383
v 0.190001 1.044733 -0.132034
v 0.180845 0.970883 -0.141367
v 0.192354 0.968058 -0.125257
v 0.189100 0.968058 -0.122931
v 0.177590 0.970883 -0.139042
v 0.174292 0.907736 -0.144782
v 0.186318 0.905653 -0.128938
v 0.183132 0.905653 -0.126520
v 0.171106 0.907736 -0.142363
v -0.309773 1.454250 0.005951
v -0.341392 1.454250 0.018450
v -0.341392 1.449750 0.018450
v -0.309773 1.449750 0.005951
v -0.284640 1.382129 0.074339
v -0.311837 1.372155 0.092139
v -0.310509 1.367871 0.091768
v -0.283311 1.377845 0.073968
v -0.174471 1.315063 0.158580
v -0.186260 1.285200 0.147389
v -0.182834 1.284937 0.144483
v -0.171046 1.314800 0.155674
v -0.029986 1.250635 0.184698
v -0.043079 1.219365 0.182090
v -0.042200 1.219365 0.177677
v -0.029107 1.250635 0.180285
v 0.124536 1.190322 0.162378
v 0.112534 1.159678 0.170914
v 0.109926 1.159678 0.167248
v 0.121928 1.190322 0.158711
v 0.234333 1.124367 0.097150
v 0.226774 1.095633 0.113680
v 0.222682 1.095633 0.111809
v 0.230240 1.124367 0.095278
v 0.276774 1.076054 0.030553
v 0.274024 1.047946 0.049483
v 0.269571 1.047946 0.048835
v 0.272321 1.076054 0.029906
v -0.029521 1.235000 0.184026
v -0.043251 1.235000 0.181291
v -0.042665 1.235000 0.178349
v -0.028935 1.235000 0.181084
v -0.030889 1.220000 0.190891
v -0.044619 1.220000 0.188156
v -0.044033 1.220000 0.185214
v -0.030303 1.220000 0.187949
v -0.030693 1.205000 0.189911
v -0.044424 1.205000 0.187175
v -0.043837 1.205000 0.184233
v -0.030107 1.205000 0.186968
usemtl Leather
f 1810 1811 1814
f 1811 1815 1814
f 1811 1812 1815
f 1812 1816 1815
f 1812 1813 1816
f 1813 1817 1816
f 1813 1810 1817
f 1810 1814 1817
f 1814 1815 1818
f 1815 1819 1818
f 1815 1816 1819
f 1816 1820 1819
f 1816 1817 1820
f 1817 1821 1820
f 1817 1814 1821
f 1814 1818 1821
f 1818 1819 1822
f 1819 1823 1822
f 1819 1820 1823
f 1820 1824 1823
f 1820 1821 1824
f 1821 1825 1824
f 1821 1818 1825
f 1818 1822 1825
f 1822 1823 1826
f 1823 1827 1826
f 1823 1824 1827
f 1824 1828 1827
f 1824 1825 1828
f 1825 1829 1828
f 1825 1822 1829
f 1822 1826 1829
f 1826 1827 1830
f 1827 1831 1830
f 1827 1828 1831
f 1828 1832 1831
f 1828 1829 1832
f 1829 1833 1832
f 1829 1826 1833
f 1826 1830 1833
f 1830 1831 1834
f 1831 1835 1834
f 1831 1832 1835
f 1832 1836 1835
f 1832 1833 1836
f 1833 1837 1836
f 1833 1830 1837
f 1830 1834 1837
f 1834 1835 1838
f 1835 1839 1838
f 1835 1836 1839
f 1836 1840 1839
f 1836 1837 1840
f 1837 1841 1840
f 1837 1834 1841
f 1834 1838 1841
f 1838 1839 1842
f 1839 1843 1842
f 1839 1840 1843
f 1840 1844 1843
f 1840 1841 1844
f 1841 1845 1844
f 1841 1838 1845
f 1838 1842 1845
f 1842 1843 1846
f 1843 1847 1846
f 1843 1844 1847
f 1844 1848 1847
f 1844 1845 1848
f 1845 1849 1848
f 1845 1842 1849
f 1842 1846 1849
f 1846 1847 1850
f 1847 1851 1850
f 1847 1848 1851
f 1848 1852 1851
f 1848 1849 1852
f 1849 1853 1852
f 1849 1846 1853
f 1846 1850 1853
f 1850 1851 1854
f 1851 1855 1854
f 1851 1852 1855
f 1852 1856 1855
f 1852 1853 1856
f 1853 1857 1856
f 1853 1850 1857
f 1850 1854 1857
f 1854 1855 1858
f 1855 1859 1858
f 1855 1856 1859
f 1856 1860 1859
f 1856 1857 1860
f 1857 1861 1860
f 1857 1854 1861
f 1854 1858 1861
f 1823 1811 1810
f 1823 1812 1811
f 1823 1813 1812
f 1823 1810 1813
f 1824 1858 1859
f 1824 1859 1860
f 1824 1860 1861
f 1824 1861 1858
f 1864 1866 1865
f 1864 1867 1866
f 1864 1868 1867
f 1864 1869 1868
f 1864 1870 1869
f 1864 1871 1870
f 1864 1865 1871
f 1866 1872 1865
f 1873 1872 1866
f 1867 1873 1866
f 1874 1873 1867
f 1868 1874 1867
f 1875 1874 1868
f 1869 1875 1868
f 1876 1875 1869
f 1870 1876 1869
f 1877 1876 1870
f 1871 1877 1870
f 1878 1877 1871
f 1865 1878 1871
f 1872 1878 1865
f 1873 1879 1872
f 1880 1879 1873
f 1874 1880 1873
f 1881 1880 1874
f 1875 1881 1874
f 1882 1881 1875
f 1876 1882 1875
f 1883 1882 1876
f 1877 1883 1876
f 1884 1883 1877
f 1878 1884 1877
f 1885 1884 1878
f 1872 1885 1878
f 1879 1885 1872
f 1880 1886 1879
f 1887 1886 1880
f 1881 1887 1880
f 1888 1887 1881
f 1882 1888 1881
f 1889 1888 1882
f 1883 1889 1882
f 1890 1889 1883
f 1884 1890 1883
f 1891 1890 1884
f 1885 1891 1884
f 1892 1891 1885
f 1879 1892 1885
f 1886 1892 1879
f 1887 1893 1886
f 1894 1893 1887
f 1888 1894 1887
f 1895 1894 1888
f 1889 1895 1888
f 1896 1895 1889
f 1890 1896 1889
f 1897 1896 1890
f 1891 1897 1890
f 1898 1897 1891
f 1892 1898 1891
f 1899 1898 1892
f 1886 1899 1892
f 1893 1899 1886
f 1894 1900 1893
f 1895 1900 1894
f 1896 1900 1895
f 1897 1900 1896
f 1898 1900 1897
f 1899 1900 1898
f 1893 1900 1899
f 1901 1903 1902
f 1901 1904 1903
f 1901 1905 1904
f 1901 1906 1905
f 1901 1907 1906
f 1901 1902 1907
f 1903 1908 1902
f 1909 1908 1903
f 1904 1909 1903
f 1910 1909 1904
f 1905 1910 1904
f 1911 1910 1905
f 1906 1911 1905
f 1912 1911 1906
f 1907 1912 1906
f 1913 1912 1907
f 1902 1913 1907
f 1908 1913 1902
f 1909 1914 1908
f 1915 1914 1909
f 1910 1915 1909
f 1916 1915 1910
f 1911 1916 1910
f 1917 1916 1911
f 1912 1917 1911
f 1918 1917 1912
f 1913 1918 1912
f 1919 1918 1913
f 1908 1919 1913
f 1914 1919 1908
f 1915 1920 1914
f 1921 1920 1915
f 1916 1921 1915
f 1922 1921 1916
f 1917 1922 1916
f 1923 1922 1917
f 1918 1923 1917
f 1924 1923 1918
f 1919 1924 1918
f 1925 1924 1919
f 1914 1925 1919
f 1920 1925 1914
f 1921 1926 1920
f 1927 1926 1921
f 1922 1927 1921
f 1928 1927 1922
f 1923 1928 1922
f 1929 1928 1923
f 1924 1929 1923
f 1930 1929 1924
f 1925 1930 1924
f 1931 1930 1925
f 1920 1931 1925
f 1926 1931 1920
f 1927 1932 1926
f 1928 1932 1927
f 1929 1932 1928
f 1930 1932 1929
f 1931 1932 1930
f 1926 1932 1931
f 1933 1934 1940
f 1934 1941 1940
f 1954 1961 1955
f 1955 1961 1962
f 1934 1935 1941
f 1935 1942 1941
f 1955 1962 1956
f 1956 1962 1963
f 1935 1936 1942
f 1936 1943 1942
f 1956 1963 1957
f 1957 1963 1964
f 1936 1937 1943
f 1937 1944 1943
f 1957 1964 1958
f 1958 1964 1965
f 1937 1938 1944
f 1938 1945 1944
f 1958 1965 1959
f 1959 1965 1966
f 1938 1939 1945
f 1939 1946 1945
f 1959 1966 1960
f 1960 1966 1967
f 1940 1941 1947
f 1941 1948 1947
f 1961 1968 1962
f 1962 1968 1969
f 1941 1942 1948
f 1942 1949 1948
f 1962 1969 1963
f 1963 1969 1970
f 1942 1943 1949
f 1943 1950 1949
f 1963 1970 1964
f 1964 1970 1971
f 1943 1944 1950
f 1944 1951 1950
f 1964 1971 1965
f 1965 1971 1972
f 1944 1945 1951
f 1945 1952 1951
f 1965 1972 1966
f 1966 1972 1973
f 1945 1946 1952
f 1946 1953 1952
f 1966 1973 1967
f 1967 1973 1974
f 1954 1933 1940
f 1954 1940 1961
f 1939 1960 1967
f 1939 1967 1946
f 1961 1940 1947
f 1961 1947 1968
f 1946 1967 1974
f 1946 1974 1953
f 1955 1954 1933
f 1955 1933 1934
f 1956 1955 1934
f 1956 1934 1935
f 1957 1956 1935
f 1957 1935 1936
f 1958 1957 1936
f 1958 1936 1937
f 1959 1958 1937
f 1959 1937 1938
f 1960 1959 1938
f 1960 1938 1939
f 1975 1976 1982
f 1976 1983 1982
f 1996 2003 1997
f 1997 2003 2004
f 1976 1977 1983
f 1977 1984 1983
f 1997 2004 1998
f 1998 2004 2005
f 1977 1978 1984
f 1978 1985 1984
f 1998 2005 1999
f 1999 2005 2006
f 1978 1979 1985
f 1979 1986 1985
f 1999 2006 2000
f 2000 2006 2007
f 1979 1980 1986
f 1980 1987 1986
f 2000 2007 2001
f 2001 2007 2008
f 1980 1981 1987
f 1981 1988 1987
f 2001 2008 2002
f 2002 2008 2009
f 1981 1975 1988
f 1975 1982 1988
f 2002 2009 1996
f 1996 2009 2003
f 1982 1983 1989
f 1983 1990 1989
f 2003 2010 2004
f 2004 2010 2011
f 1983 1984 1990
f 1984 1991 1990
f 2004 2011 2005
f 2005 2011 2012
f 1984 1985 1991
f 1985 1992 1991
f 2005 2012 2006
f 2006 2012 2013
f 1985 1986 1992
f 1986 1993 1992
f 2006 2013 2007
f 2007 2013 2014
f 1986 1987 1993
f 1987 1994 1993
f 2007 2014 2008
f 2008 2014 2015
f 1987 1988 1994
f 1988 1995 1994
f 2008 2015 2009
f 2009 2015 2016
f 1988 1982 1995
f 1982 1989 1995
f 2009 2016 2003
f 2003 2016 2010
f 1975 1996 1997
f 1975 1997 1976
f 1976 1997 1998
f 1976 1998 1977
f 1977 1998 1999
f 1977 1999 1978
f 1978 1999 2000
f 1978 2000 1979
f 1979 2000 2001
f 1979 2001 1980
f 1980 2001 2002
f 1980 2002 1981
f 1981 2002 1996
f 1981 1996 1975
f 1989 2010 2011
f 1989 2011 1990
f 1990 2011 2012
f 1990 2012 1991
f 1991 2012 2013
f 1991 2013 1992
f 1992 2013 2014
f 1992 2014 1993
f 1993 2014 2015
f 1993 2015 1994
f 1994 2015 2016
f 1994 2016 1995
f 1995 2016 2010
f 1995 2010 1989
f 2017 2021 2022
f 2017 2022 2018
f 2019 2023 2024
f 2019 2024 2020
f 2018 2022 2023
f 2018 2023 2019
f 2020 2024 2021
f 2020 2021 2017
f 2021 2025 2026
f 2021 2026 2022
f 2023 2027 2028
f 2023 2028 2024
f 2022 2026 2027
f 2022 2027 2023
f 2024 2028 2025
f 2024 2025 2021
f 2017 2018 2019
f 2017 2019 2020
f 2025 2026 2027
f 2025 2027 2028
f 2029 2033 2034
f 2029 2034 2030
f 2031 2035 2036
f 2031 2036 2032
f 2030 2034 2035
f 2030 2035 2031
f 2032 2036 2033
f 2032 2033 2029
f 2033 2037 2038
f 2033 2038 2034
f 2035 2039 2040
f 2035 2040 2036
f 2034 2038 2039
f 2034 2039 2035
f 2036 2040 2037
f 2036 2037 2033
f 2029 2030 2031
f 2029 2031 2032
f 2037 2038 2039
f 2037 2039 2040
f 2041 2045 2046
f 2041 2046 2042
f 2043 2047 2048
f 2043 2048 2044
f 2042 2046 2047
f 2042 2047 2043
f 2044 2048 2045
f 2044 2045 2041
f 2045 2049 2050
f 2045 2050 2046
f 2047 2051 2052
f 2047 2052 2048
f 2046 2050 2051
f 2046 2051 2047
f 2048 2052 2049
f 2048 2049 2045
f 2041 2042 2043
f 2041 2043 2044
f 2049 2050 2051
f 2049 2051 2052
f 2053 2054 2057
f 2054 2058 2057
f 2054 2055 2058
f 2055 2059 2058
f 2055 2056 2059
f 2056 2060 2059
f 2056 2053 2060
f 2053 2057 2060
f 2057 2058 2061
f 2058 2062 2061
f 2058 2059 2062
f 2059 2063 2062
f 2059 2060 2063
f 2060 2064 2063
f 2060 2057 2064
f 2057 2061 2064
f 2061 2062 2065
f 2062 2066 2065
f 2062 2063 2066
f 2063 2067 2066
f 2063 2064 2067
f 2064 2068 2067
f 2064 2061 2068
f 2061 2065 2068
f 2065 2066 2069
f 2066 2070 2069
f 2066 2067 2070
f 2067 2071 2070
f 2067 2068 2071
f 2068 2072 2071
f 2068 2065 2072
f 2065 2069 2072
f 2069 2070 2073
f 2070 2074 2073
f 2070 2071 2074
f 2071 2075 2074
f 2071 2072 2075
f 2072 2076 2075
f 2072 2069 2076
f 2069 2073 2076
f 2073 2074 2077
f 2074 2078 2077
f 2074 2075 2078
f 2075 2079 2078
f 2075 2076 2079
f 2076 2080 2079
f 2076 2073 2080
f 2073 2077 2080
f 2077 2078 2081
f 2078 2082 2081
f 2078 2079 2082
f 2079 2083 2082
f 2079 2080 2083
f 2080 2084 2083
f 2080 2077 2084
f 2077 2081 2084
f 2081 2082 2085
f 2082 2086 2085
f 2082 2083 2086
f 2083 2087 2086
f 2083 2084 2087
f 2084 2088 2087
f 2084 2081 2088
f 2081 2085 2088
f 2085 2086 2089
f 2086 2090 2089
f 2086 2087 2090
f 2087 2091 2090
f 2087 2088 2091
f 2088 2092 2091
f 2088 2085 2092
f 2085 2089 2092
f 2089 2090 2093
f 2090 2094 2093
f 2090 2091 2094
f 2091 2095 2094
f 2091 2092 2095
f 2092 2096 2095
f 2092 2089 2096
f 2089 2093 2096
f 2093 2094 2097
f 2094 2098 2097
f 2094 2095 2098
f 2095 2099 2098
f 2095 2096 2099
f 2096 2100 2099
f 2096 2093 2100
f 2093 2097 2100
f 2097 2098 2101
f 2098 2102 2101
f 2098 2099 2102
f 2099 2103 2102
f 2099 2100 2103
f 2100 2104 2103
f 2100 2097 2104
f 2097 2101 2104
f 2066 2054 2053
f 2066 2055 2054
f 2066 2056 2055
f 2066 2053 2056
f 2067 2101 2102
f 2067 2102 2103
f 2067 2103 2104
f 2067 2104 2101
f 2107 2109 2108
f 2107 2110 2109
f 2107 2111 2110
f 2107 2112 2111
f 2107 2113 2112
f 2107 2114 2113
f 2107 2108 2114
f 2109 2115 2108
f 2116 2115 2109
f 2110 2116 2109
f 2117 2116 2110
f 2111 2117 2110
f 2118 2117 2111
f 2112 2118 2111
f 2119 2118 2112
f 2113 2119 2112
f 2120 2119 2113
f 2114 2120 2113
f 2121 2120 2114
f 2108 2121 2114
f 2115 2121 2108
f 2116 2122 2115
f 2123 2122 2116
f 2117 2123 2116
f 2124 2123 2117
f 2118 2124 2117
f 2125 2124 2118
f 2119 2125 2118
f 2126 2125 2119
f 2120 2126 2119
f 2127 2126 2120
f 2121 2127 2120
f 2128 2127 2121
f 2115 2128 2121
f 2122 2128 2115
f 2123 2129 2122
f 2130 2129 2123
f 2124 2130 2123
f 2131 2130 2124
f 2125 2131 2124
f 2132 2131 2125
f 2126 2132 2125
f 2133 2132 2126
f 2127 2133 2126
f 2134 2133 2127
f 2128 2134 2127
f 2135 2134 2128
f 2122 2135 2128
f 2129 2135 2122
f 2130 2136 2129
f 2137 2136 2130
f 2131 2137 2130
f 2138 2137 2131
f 2132 2138 2131
f 2139 2138 2132
f 2133 2139 2132
f 2140 2139 2133
f 2134 2140 2133
f 2141 2140 2134
f 2135 2141 2134
f 2142 2141 2135
f 2129 2142 2135
f 2136 2142 2129
f 2137 2143 2136
f 2138 2143 2137
f 2139 2143 2138
f 2140 2143 2139
f 2141 2143 2140
f 2142 2143 2141
f 2136 2143 2142
f 2144 2146 2145
f 2144 2147 2146
f 2144 2148 2147
f 2144 2149 2148
f 2144 2150 2149
f 2144 2145 2150
f 2146 2151 2145
f 2152 2151 2146
f 2147 2152 2146
f 2153 2152 2147
f 2148 2153 2147
f 2154 2153 2148
f 2149 2154 2148
f 2155 2154 2149
f 2150 2155 2149
f 2156 2155 2150
f 2145 2156 2150
f 2151 2156 2145
f 2152 2157 2151
f 2158 2157 2152
f 2153 2158 2152
f 2159 2158 2153
f 2154 2159 2153
f 2160 2159 2154
f 2155 2160 2154
f 2161 2160 2155
f 2156 2161 2155
f 2162 2161 2156
f 2151 2162 2156
f 2157 2162 2151
f 2158 2163 2157
f 2164 2163 2158
f 2159 2164 2158
f 2165 2164 2159
f 2160 2165 2159
f 2166 2165 2160
f 2161 2166 2160
f 2167 2166 2161
f 2162 2167 2161
f 2168 2167 2162
f 2157 2168 2162
f 2163 2168 2157
f 2164 2169 2163
f 2170 2169 2164
f 2165 2170 2164
f 2171 2170 2165
f 2166 2171 2165
f 2172 2171 2166
f 2167 2172 2166
f 2173 2172 2167
f 2168 2173 2167
f 2174 2173 2168
f 2163 2174 2168
f 2169 2174 2163
f 2170 2175 2169
f 2171 2175 2170
f 2172 2175 2171
f 2173 2175 2172
f 2174 2175 2173
f 2169 2175 2174
f 2176 2177 2183
f 2177 2184 2183
f 2197 2204 2198
f 2198 2204 2205
f 2177 2178 2184
f 2178 2185 2184
f 2198 2205 2199
f 2199 2205 2206
f 2178 2179 2185
f 2179 2186 2185
f 2199 2206 2200
f 2200 2206 2207
f 2179 2180 2186
f 2180 2187 2186
f 2200 2207 2201
f 2201 2207 2208
f 2180 2181 2187
f 2181 2188 2187
f 2201 2208 2202
f 2202 2208 2209
f 2181 2182 2188
f 2182 2189 2188
f 2202 2209 2203
f 2203 2209 2210
f 2183 2184 2190
f 2184 2191 2190
f 2204 2211 2205
f 2205 2211 2212
f 2184 2185 2191
f 2185 2192 2191
f 2205 2212 2206
f 2206 2212 2213
f 2185 2186 2192
f 2186 2193 2192
f 2206 2213 2207
f 2207 2213 2214
f 2186 2187 2193
f 2187 2194 2193
f 2207 2214 2208
f 2208 2214 2215
f 2187 2188 2194
f 2188 2195 2194
f 2208 2215 2209
f 2209 2215 2216
f 2188 2189 2195
f 2189 2196 2195
f 2209 2216 2210
f 2210 2216 2217
f 2197 2176 2183
f 2197 2183 2204
f 2182 2203 2210
f 2182 2210 2189
f 2204 2183 2190
f 2204 2190 2211
f 2189 2210 2217
f 2189 2217 2196
f 2198 2197 2176
f 2198 2176 2177
f 2199 2198 2177
f 2199 2177 2178
f 2200 2199 2178
f 2200 2178 2179
f 2201 2200 2179
f 2201 2179 2180
f 2202 2201 2180
f 2202 2180 2181
f 2203 2202 2181
f 2203 2181 2182
f 2218 2219 2225
f 2219 2226 2225
f 2239 2246 2240
f 2240 2246 2247
f 2219 2220 2226
f 2220 2227 2226
f 2240 2247 2241
f 2241 2247 2248
f 2220 2221 2227
f 2221 2228 2227
f 2241 2248 2242
f 2242 2248 2249
f 2221 2222 2228
f 2222 2229 2228
f 2242 2249 2243
f 2243 2249 2250
f 2222 2223 2229
f 2223 2230 2229
f 2243 2250 2244
f 2244 2250 2251
f 2223 2224 2230
f 2224 2231 2230
f 2244 2251 2245
f 2245 2251 2252
f 2224 2218 2231
f 2218 2225 2231
f 2245 2252 2239
f 2239 2252 2246
f 2225 2226 2232
f 2226 2233 2232
f 2246 2253 2247
f 2247 2253 2254
f 2226 2227 2233
f 2227 2234 2233
f 2247 2254 2248
f 2248 2254 2255
f 2227 2228 2234
f 2228 2235 2234
f 2248 2255 2249
f 2249 2255 2256
f 2228 2229 2235
f 2229 2236 2235
f 2249 2256 2250
f 2250 2256 2257
f 2229 2230 2236
f 2230 2237 2236
f 2250 2257 2251
f 2251 2257 2258
f 2230 2231 2237
f 2231 2238 2237
f 2251 2258 2252
f 2252 2258 2259
f 2231 2225 2238
f 2225 2232 2238
f 2252 2259 2246
f 2246 2259 2253
f 2218 2239 2240
f 2218 2240 2219
f 2219 2240 2241
f 2219 2241 2220
f 2220 2241 2242
f 2220 2242 2221
f 2221 2242 2243
f 2221 2243 2222
f 2222 2243 2244
f 2222 2244 2223
f 2223 2244 2245
f 2223 2245 2224
f 2224 2245 2239
f 2224 2239 2218
f 2232 2253 2254
f 2232 2254 2233
f 2233 2254 2255
f 2233 2255 2234
f 2234 2255 2256
f 2234 2256 2235
f 2235 2256 2257
f 2235 2257 2236
f 2236 2257 2258
f 2236 2258 2237
f 2237 2258 2259
f 2237 2259 2238
f 2238 2259 2253
f 2238 2253 2232
f 2260 2264 2265
f 2260 2265 2261
f 2262 2266 2267
f 2262 2267 2263
f 2261 2265 2266
f 2261 2266 2262
f 2263 2267 2264
f 2263 2264 2260
f 2264 2268 2269
f 2264 2269 2265
f 2266 2270 2271
f 2266 2271 2267
f 2265 2269 2270
f 2265 2270 2266
f 2267 2271 2268
f 2267 2268 2264
f 2260 2261 2262
f 2260 2262 2263
f 2268 2269 2270
f 2268 2270 2271
f 2272 2276 2277
f 2272 2277 2273
f 2274 2278 2279
f 2274 2279 2275
f 2273 2277 2278
f 2273 2278 2274
f 2275 2279 2276
f 2275 2276 2272
f 2276 2280 2281
f 2276 2281 2277
f 2278 2282 2283
f 2278 2283 2279
f 2277 2281 2282
f 2277 2282 2278
f 2279 2283 2280
f 2279 2280 2276
f 2272 2273 2274
f 2272 2274 2275
f 2280 2281 2282
f 2280 2282 2283
f 2284 2288 2289
f 2284 2289 2285
f 2286 2290 2291
f 2286 2291 2287
f 2285 2289 2290
f 2285 2290 2286
f 2287 2291 2288
f 2287 2288 2284
f 2288 2292 2293
f 2288 2293 2289
f 2290 2294 2295
f 2290 2295 2291
f 2289 2293 2294
f 2289 2294 2290
f 2291 2295 2292
f 2291 2292 2288
f 2284 2285 2286
f 2284 2286 2287
f 2292 2293 2294
f 2292 2294 2295
f 2296 2297 2302
f 2297 2303 2302
f 2308 2314 2309
f 2309 2314 2315
f 2297 2298 2303
f 2298 2304 2303
f 2309 2315 2310
f 2310 2315 2316
f 2298 2299 2304
f 2299 2305 2304
f 2310 2316 2311
f 2311 2316 2317
f 2299 2300 2305
f 2300 2306 2305
f 2311 2317 2312
f 2312 2317 2318
f 2300 2301 2306
f 2301 2307 2306
f 2312 2318 2313
f 2313 2318 2319
f 2301 2296 2307
f 2296 2302 2307
f 2313 2319 2308
f 2308 2319 2314
f 2296 2308 2309
f 2296 2309 2297
f 2297 2309 2310
f 2297 2310 2298
f 2298 2310 2311
f 2298 2311 2299
f 2299 2311 2312
f 2299 2312 2300
f 2300 2312 2313
f 2300 2313 2301
f 2301 2313 2308
f 2301 2308 2296
f 2302 2314 2315
f 2302 2315 2303
f 2303 2315 2316
f 2303 2316 2304
f 2304 2316 2317
f 2304 2317 2305
f 2305 2317 2318
f 2305 2318 2306
f 2306 2318 2319
f 2306 2319 2307
f 2307 2319 2314
f 2307 2314 2302
f 2320 2322 2321
f 2320 2323 2322
f 2320 2324 2323
f 2320 2325 2324
f 2320 2326 2325
f 2320 2321 2326
f 2322 2327 2321
f 2328 2327 2322
f 2323 2328 2322
f 2329 2328 2323
f 2324 2329 2323
f 2330 2329 2324
f 2325 2330 2324
f 2331 2330 2325
f 2326 2331 2325
f 2332 2331 2326
f 2321 2332 2326
f 2327 2332 2321
f 2328 2333 2327
f 2334 2333 2328
f 2329 2334 2328
f 2335 2334 2329
f 2330 2335 2329
f 2336 2335 2330
f 2331 2336 2330
f 2337 2336 2331
f 2332 2337 2331
f 2338 2337 2332
f 2327 2338 2332
f 2333 2338 2327
f 2334 2339 2333
f 2340 2339 2334
f 2335 2340 2334
f 2341 2340 2335
f 2336 2341 2335
f 2342 2341 2336
f 2337 2342 2336
f 2343 2342 2337
f 2338 2343 2337
f 2344 2343 2338
f 2333 2344 2338
f 2339 2344 2333
f 2340 2345 2339
f 2346 2345 2340
f 2341 2346 2340
f 2347 2346 2341
f 2342 2347 2341
f 2348 2347 2342
f 2343 2348 2342
f 2349 2348 2343
f 2344 2349 2343
f 2350 2349 2344
f 2339 2350 2344
f 2345 2350 2339
f 2346 2351 2345
f 2347 2351 2346
f 2348 2351 2347
f 2349 2351 2348
f 2350 2351 2349
f 2345 2351 2350
f 2352 2354 2353
f 2352 2355 2354
f 2352 2356 2355
f 2352 2357 2356
f 2352 2358 2357
f 2352 2353 2358
f 2354 2359 2353
f 2360 2359 2354
f 2355 2360 2354
f 2361 2360 2355
f 2356 2361 2355
f 2362 2361 2356
f 2357 2362 2356
f 2363 2362 2357
f 2358 2363 2357
f 2364 2363 2358
f 2353 2364 2358
f 2359 2364 2353
f 2360 2365 2359
f 2366 2365 2360
f 2361 2366 2360
f 2367 2366 2361
f 2362 2367 2361
f 2368 2367 2362
f 2363 2368 2362
f 2369 2368 2363
f 2364 2369 2363
f 2370 2369 2364
f 2359 2370 2364
f 2365 2370 2359
f 2366 2371 2365
f 2372 2371 2366
f 2367 2372 2366
f 2373 2372 2367
f 2368 2373 2367
f 2374 2373 2368
f 2369 2374 2368
f 2375 2374 2369
f 2370 2375 2369
f 2376 2375 2370
f 2365 2376 2370
f 2371 2376 2365
f 2372 2377 2371
f 2378 2377 2372
f 2373 2378 2372
f 2379 2378 2373
f 2374 2379 2373
f 2380 2379 2374
f 2375 2380 2374
f 2381 2380 2375
f 2376 2381 2375
f 2382 2381 2376
f 2371 2382 2376
f 2377 2382 2371
f 2378 2383 2377
f 2379 2383 2378
f 2380 2383 2379
f 2381 2383 2380
f 2382 2383 2381
f 2377 2383 2382
f 2384 2385 2388
f 2385 2389 2388
f 2385 2386 2389
f 2386 2390 2389
f 2386 2387 2390
f 2387 2391 2390
f 2387 2384 2391
f 2384 2388 2391
f 2388 2389 2392
f 2389 2393 2392
f 2389 2390 2393
f 2390 2394 2393
f 2390 2391 2394
f 2391 2395 2394
f 2391 2388 2395
f 2388 2392 2395
f 2392 2393 2396
f 2393 2397 2396
f 2393 2394 2397
f 2394 2398 2397
f 2394 2395 2398
f 2395 2399 2398
f 2395 2392 2399
f 2392 2396 2399
f 2388 2385 2384
f 2388 2386 2385
f 2388 2387 2386
f 2388 2384 2387
f 2389 2396 2397
f 2389 2397 2398
f 2389 2398 2399
f 2389 2399 2396
f 2402 2403 2406
f 2403 2407 2406
f 2403 2404 2407
f 2404 2408 2407
f 2404 2405 2408
f 2405 2409 2408
f 2405 2402 2409
f 2402 2406 2409
f 2406 2407 2410
f 2407 2411 2410
f 2407 2408 2411
f 2408 2412 2411
f 2408 2409 2412
f 2409 2413 2412
f 2409 2406 2413
f 2406 2410 2413
f 2410 2411 2414
f 2411 2415 2414
f 2411 2412 2415
f 2412 2416 2415
f 2412 2413 2416
f 2413 2417 2416
f 2413 2410 2417
f 2410 2414 2417
f 2406 2403 2402
f 2406 2404 2403
f 2406 2405 2404
f 2406 2402 2405
f 2407 2414 2415
f 2407 2415 2416
f 2407 2416 2417
f 2407 2417 2414
f 2420 2421 2424
f 2421 2425 2424
f 2421 2422 2425
f 2422 2426 2425
f 2422 2423 2426
f 2423 2427 2426
f 2423 2420 2427
f 2420 2424 2427
f 2424 2425 2428
f 2425 2429 2428
f 2425 2426 2429
f 2426 2430 2429
f 2426 2427 2430
f 2427 2431 2430
f 2427 2424 2431
f 2424 2428 2431
f 2428 2429 2432
f 2429 2433 2432
f 2429 2430 2433
f 2430 2434 2433
f 2430 2431 2434
f 2431 2435 2434
f 2431 2428 2435
f 2428 2432 2435
f 2424 2421 2420
f 2424 2422 2421
f 2424 2423 2422
f 2424 2420 2423
f 2425 2432 2433
f 2425 2433 2434
f 2425 2434 2435
f 2425 2435 2432
f 2438 2439 2442
f 2439 2443 2442
f 2439 2440 2443
f 2440 2444 2443
f 2440 2441 2444
f 2441 2445 2444
f 2441 2438 2445
f 2438 2442 2445
f 2442 2443 2446
f 2443 2447 2446
f 2443 2444 2447
f 2444 2448 2447
f 2444 2445 2448
f 2445 2449 2448
f 2445 2442 2449
f 2442 2446 2449
f 2446 2447 2450
f 2447 2451 2450
f 2447 2448 2451
f 2448 2452 2451
f 2448 2449 2452
f 2449 2453 2452
f 2449 2446 2453
f 2446 2450 2453
f 2442 2439 2438
f 2442 2440 2439
f 2442 2441 2440
f 2442 2438 2441
f 2443 2450 2451
f 2443 2451 2452
f 2443 2452 2453
f 2443 2453 2450
f 2456 2457 2460
f 2457 2461 2460
f 2457 2458 2461
f 2458 2462 2461
f 2458 2459 2462
f 2459 2463 2462
f 2459 2456 2463
f 2456 2460 2463
f 2460 2461 2464
f 2461 2465 2464
f 2461 2462 2465
f 2462 2466 2465
f 2462 2463 2466
f 2463 2467 2466
f 2463 2460 2467
f 2460 2464 2467
f 2459 2457 2456
f 2459 2458 2457
f 2459 2459 2458
f 2459 2456 2459
f 2460 2464 2465
f 2460 2465 2466
f 2460 2466 2467
f 2460 2467 2464
f 2470 2471 2476
f 2471 2477 2476
f 2482 2488 2483
f 2483 2488 2489
f 2471 2472 2477
f 2472 2478 2477
f 2483 2489 2484
f 2484 2489 2490
f 2472 2473 2478
f 2473 2479 2478
f 2484 2490 2485
f 2485 2490 2491
f 2473 2474 2479
f 2474 2480 2479
f 2485 2491 2486
f 2486 2491 2492
f 2474 2475 2480
f 2475 2481 2480
f 2486 2492 2487
f 2487 2492 2493
f 2475 2470 2481
f 2470 2476 2481
f 2487 2493 2482
f 2482 2493 2488
f 2470 2482 2483
f 2470 2483 2471
f 2471 2483 2484
f 2471 2484 2472
f 2472 2484 2485
f 2472 2485 2473
f 2473 2485 2486
f 2473 2486 2474
f 2474 2486 2487
f 2474 2487 2475
f 2475 2487 2482
f 2475 2482 2470
f 2476 2488 2489
f 2476 2489 2477
f 2477 2489 2490
f 2477 2490 2478
f 2478 2490 2491
f 2478 2491 2479
f 2479 2491 2492
f 2479 2492 2480
f 2480 2492 2493
f 2480 2493 2481
f 2481 2493 2488
f 2481 2488 2476
f 2494 2496 2495
f 2494 2497 2496
f 2494 2498 2497
f 2494 2499 2498
f 2494 2500 2499
f 2494 2495 2500
f 2496 2501 2495
f 2502 2501 2496
f 2497 2502 2496
f 2503 2502 2497
f 2498 2503 2497
f 2504 2503 2498
f 2499 2504 2498
f 2505 2504 2499
f 2500 2505 2499
f 2506 2505 2500
f 2495 2506 2500
f 2501 2506 2495
f 2502 2507 2501
f 2508 2507 2502
f 2503 2508 2502
f 2509 2508 2503
f 2504 2509 2503
f 2510 2509 2504
f 2505 2510 2504
f 2511 2510 2505
f 2506 2511 2505
f 2512 2511 2506
f 2501 2512 2506
f 2507 2512 2501
f 2508 2513 2507
f 2514 2513 2508
f 2509 2514 2508
f 2515 2514 2509
f 2510 2515 2509
f 2516 2515 2510
f 2511 2516 2510
f 2517 2516 2511
f 2512 2517 2511
f 2518 2517 2512
f 2507 2518 2512
f 2513 2518 2507
f 2514 2519 2513
f 2520 2519 2514
f 2515 2520 2514
f 2521 2520 2515
f 2516 2521 2515
f 2522 2521 2516
f 2517 2522 2516
f 2523 2522 2517
f 2518 2523 2517
f 2524 2523 2518
f 2513 2524 2518
f 2519 2524 2513
f 2520 2525 2519
f 2521 2525 2520
f 2522 2525 2521
f 2523 2525 2522
f 2524 2525 2523
f 2519 2525 2524
f 2526 2528 2527
f 2526 2529 2528
f 2526 2530 2529
f 2526 2531 2530
f 2526 2532 2531
f 2526 2527 2532
f 2528 2533 2527
f 2534 2533 2528
f 2529 2534 2528
f 2535 2534 2529
f 2530 2535 2529
f 2536 2535 2530
f 2531 2536 2530
f 2537 2536 2531
f 2532 2537 2531
f 2538 2537 2532
f 2527 2538 2532
f 2533 2538 2527
f 2534 2539 2533
f 2540 2539 2534
f 2535 2540 2534
f 2541 2540 2535
f 2536 2541 2535
f 2542 2541 2536
f 2537 2542 2536
f 2543 2542 2537
f 2538 2543 2537
f 2544 2543 2538
f 2533 2544 2538
f 2539 2544 2533
f 2540 2545 2539
f 2546 2545 2540
f 2541 2546 2540
f 2547 2546 2541
f 2542 2547 2541
f 2548 2547 2542
f 2543 2548 2542
f 2549 2548 2543
f 2544 2549 2543
f 2550 2549 2544
f 2539 2550 2544
f 2545 2550 2539
f 2546 2551 2545
f 2552 2551 2546
f 2547 2552 2546
f 2553 2552 2547
f 2548 2553 2547
f 2554 2553 2548
f 2549 2554 2548
f 2555 2554 2549
f 2550 2555 2549
f 2556 2555 2550
f 2545 2556 2550
f 2551 2556 2545
f 2552 2557 2551
f 2553 2557 2552
f 2554 2557 2553
f 2555 2557 2554
f 2556 2557 2555
f 2551 2557 2556
f 2558 2559 2562
f 2559 2563 2562
f 2559 2560 2563
f 2560 2564 2563
f 2560 2561 2564
f 2561 2565 2564
f 2561 2558 2565
f 2558 2562 2565
f 2562 2563 2566
f 2563 2567 2566
f 2563 2564 2567
f 2564 2568 2567
f 2564 2565 2568
f 2565 2569 2568
f 2565 2562 2569
f 2562 2566 2569
f 2566 2567 2570
f 2567 2571 2570
f 2567 2568 2571
f 2568 2572 2571
f 2568 2569 2572
f 2569 2573 2572
f 2569 2566 2573
f 2566 2570 2573
f 2562 2559 2558
f 2562 2560 2559
f 2562 2561 2560
f 2562 2558 2561
f 2563 2570 2571
f 2563 2571 2572
f 2563 2572 2573
f 2563 2573 2570
f 2576 2577 2580
f 2577 2581 2580
f 2577 2578 2581
f 2578 2582 2581
f 2578 2579 2582
f 2579 2583 2582
f 2579 2576 2583
f 2576 2580 2583
f 2580 2581 2584
f 2581 2585 2584
f 2581 2582 2585
f 2582 2586 2585
f 2582 2583 2586
f 2583 2587 2586
f 2583 2580 2587
f 2580 2584 2587
f 2584 2585 2588
f 2585 2589 2588
f 2585 2586 2589
f 2586 2590 2589
f 2586 2587 2590
f 2587 2591 2590
f 2587 2584 2591
f 2584 2588 2591
f 2580 2577 2576
f 2580 2578 2577
f 2580 2579 2578
f 2580 2576 2579
f 2581 2588 2589
f 2581 2589 2590
f 2581 2590 2591
f 2581 2591 2588
f 2594 2595 2598
f 2595 2599 2598
f 2595 2596 2599
f 2596 2600 2599
f 2596 2597 2600
f 2597 2601 2600
f 2597 2594 2601
f 2594 2598 2601
f 2598 2599 2602
f 2599 2603 2602
f 2599 2600 2603
f 2600 2604 2603
f 2600 2601 2604
f 2601 2605 2604
f 2601 2598 2605
f 2598 2602 2605
f 2602 2603 2606
f 2603 2607 2606
f 2603 2604 2607
f 2604 2608 2607
f 2604 2605 2608
f 2605 2609 2608
f 2605 2602 2609
f 2602 2606 2609
f 2598 2595 2594
f 2598 2596 2595
f 2598 2597 2596
f 2598 2594 2597
f 2599 2606 2607
f 2599 2607 2608
f 2599 2608 2609
f 2599 2609 2606
f 2612 2613 2616
f 2613 2617 2616
f 2613 2614 2617
f 2614 2618 2617
f 2614 2615 2618
f 2615 2619 2618
f 2615 2612 2619
f 2612 2616 2619
f 2616 2617 2620
f 2617 2621 2620
f 2617 2618 2621
f 2618 2622 2621
f 2618 2619 2622
f 2619 2623 2622
f 2619 2616 2623
f 2616 2620 2623
f 2620 2621 2624
f 2621 2625 2624
f 2621 2622 2625
f 2622 2626 2625
f 2622 2623 2626
f 2623 2627 2626
f 2623 2620 2627
f 2620 2624 2627
f 2616 2613 2612
f 2616 2614 2613
f 2616 2615 2614
f 2616 2612 2615
f 2617 2624 2625
f 2617 2625 2626
f 2617 2626 2627
f 2617 2627 2624
f 2630 2631 2634
f 2631 2635 2634
f 2631 2632 2635
f 2632 2636 2635
f 2632 2633 2636
f 2633 2637 2636
f 2633 2630 2637
f 2630 2634 2637
f 2634 2635 2638
f 2635 2639 2638
f 2635 2636 2639
f 2636 2640 2639
f 2636 2637 2640
f 2637 2641 2640
f 2637 2634 2641
f 2634 2638 2641
f 2633 2631 2630
f 2633 2632 2631
f 2633 2633 2632
f 2633 2630 2633
f 2634 2638 2639
f 2634 2639 2640
f 2634 2640 2641
f 2634 2641 2638
f 2644 2645 2648
f 2645 2649 2648
f 2645 2646 2649
f 2646 2650 2649
f 2646 2647 2650
f 2647 2651 2650
f 2647 2644 2651
f 2644 2648 2651
f 2648 2649 2652
f 2649 2653 2652
f 2649 2650 2653
f 2650 2654 2653
f 2650 2651 2654
f 2651 2655 2654
f 2651 2648 2655
f 2648 2652 2655
f 2652 2653 2656
f 2653 2657 2656
f 2653 2654 2657
f 2654 2658 2657
f 2654 2655 2658
f 2655 2659 2658
f 2655 2652 2659
f 2652 2656 2659
f 2656 2657 2660
f 2657 2661 2660
f 2657 2658 2661
f 2658 2662 2661
f 2658 2659 2662
f 2659 2663 2662
f 2659 2656 2663
f 2656 2660 2663
f 2660 2661 2664
f 2661 2665 2664
f 2661 2662 2665
f 2662 2666 2665
f 2662 2663 2666
f 2663 2667 2666
f 2663 2660 2667
f 2660 2664 2667
f 2664 2665 2668
f 2665 2669 2668
f 2665 2666 2669
f 2666 2670 2669
f 2666 2667 2670
f 2667 2671 2670
f 2667 2664 2671
f 2664 2668 2671
f 2668 2669 2672
f 2669 2673 2672
f 2669 2670 2673
f 2670 2674 2673
f 2670 2671 2674
f 2671 2675 2674
f 2671 2668 2675
f 2668 2672 2675
f 2672 2673 2676
f 2673 2677 2676
f 2673 2674 2677
f 2674 2678 2677
f 2674 2675 2678
f 2675 2679 2678
f 2675 2672 2679
f 2672 2676 2679
f 2676 2677 2680
f 2677 2681 2680
f 2677 2678 2681
f 2678 2682 2681
f 2678 2679 2682
f 2679 2683 2682
f 2679 2676 2683
f 2676 2680 2683
f 2680 2681 2684
f 2681 2685 2684
f 2681 2682 2685
f 2682 2686 2685
f 2682 2683 2686
f 2683 2687 2686
f 2683 2680 2687
f 2680 2684 2687
f 2655 2645 2644
f 2655 2646 2645
f 2655 2647 2646
f 2655 2644 2647
f 2656 2684 2685
f 2656 2685 2686
f 2656 2686 2687
f 2656 2687 2684
f 2690 2694 2695
f 2690 2695 2691
f 2692 2696 2697
f 2692 2697 2693
f 2691 2695 2696
f 2691 2696 2692
f 2693 2697 2694
f 2693 2694 2690
f 2694 2698 2699
f 2694 2699 2695
f 2696 2700 2701
f 2696 2701 2697
f 2695 2699 2700
f 2695 2700 2696
f 2697 2701 2698
f 2697 2698 2694
f 2698 2702 2703
f 2698 2703 2699
f 2700 2704 2705
f 2700 2705 2701
f 2699 2703 2704
f 2699 2704 2700
f 2701 2705 2702
f 2701 2702 2698
f 2702 2706 2707
f 2702 2707 2703
f 2704 2708 2709
f 2704 2709 2705
f 2703 2707 2708
f 2703 2708 2704
f 2705 2709 2706
f 2705 2706 2702
f 2706 2710 2711
f 2706 2711 2707
f 2708 2712 2713
f 2708 2713 2709
f 2707 2711 2712
f 2707 2712 2708
f 2709 2713 2710
f 2709 2710 2706
f 2710 2714 2715
f 2710 2715 2711
f 2712 2716 2717
f 2712 2717 2713
f 2711 2715 2716
f 2711 2716 2712
f 2713 2717 2714
f 2713 2714 2710
f 2690 2691 2692
f 2690 2692 2693
f 2714 2715 2716
f 2714 2716 2717
f 2718 2719 2722
f 2719 2723 2722
f 2719 2720 2723
f 2720 2724 2723
f 2720 2721 2724
f 2721 2725 2724
f 2721 2718 2725
f 2718 2722 2725
f 2722 2723 2726
f 2723 2727 2726
f 2723 2724 2727
f 2724 2728 2727
f 2724 2725 2728
f 2725 2729 2728
f 2725 2722 2729
f 2722 2726 2729
f 2726 2727 2730
f 2727 2731 2730
f 2727 2728 2731
f 2728 2732 2731
f 2728 2729 2732
f 2729 2733 2732
f 2729 2726 2733
f 2726 2730 2733
f 2730 2731 2734
f 2731 2735 2734
f 2731 2732 2735
f 2732 2736 2735
f 2732 2733 2736
f 2733 2737 2736
f 2733 2730 2737
f 2730 2734 2737
f 2734 2735 2738
f 2735 2739 2738
f 2735 2736 2739
f 2736 2740 2739
f 2736 2737 2740
f 2737 2741 2740
f 2737 2734 2741
f 2734 2738 2741
f 2738 2739 2742
f 2739 2743 2742
f 2739 2740 2743
f 2740 2744 2743
f 2740 2741 2744
f 2741 2745 2744
f 2741 2738 2745
f 2738 2742 2745
f 2742 2743 2746
f 2743 2747 2746
f 2743 2744 2747
f 2744 2748 2747
f 2744 2745 2748
f 2745 2749 2748
f 2745 2742 2749
f 2742 2746 2749
f 2746 2747 2750
f 2747 2751 2750
f 2747 2748 2751
f 2748 2752 2751
f 2748 2749 2752
f 2749 2753 2752
f 2749 2746 2753
f 2746 2750 2753
f 2750 2751 2754
f 2751 2755 2754
f 2751 2752 2755
f 2752 2756 2755
f 2752 2753 2756
f 2753 2757 2756
f 2753 2750 2757
f 2750 2754 2757
f 2754 2755 2758
f 2755 2759 2758
f 2755 2756 2759
f 2756 2760 2759
f 2756 2757 2760
f 2757 2761 2760
f 2757 2754 2761
f 2754 2758 2761
f 2729 2719 2718
f 2729 2720 2719
f 2729 2721 2720
f 2729 2718 2721
f 2730 2758 2759
f 2730 2759 2760
f 2730 2760 2761
f 2730 2761 2758
f 2764 2768 2769
f 2764 2769 2765
f 2766 2770 2771
f 2766 2771 2767
f 2765 2769 2770
f 2765 2770 2766
f 2767 2771 2768
f 2767 2768 2764
f 2768 2772 2773
f 2768 2773 2769
f 2770 2774 2775
f 2770 2775 2771
f 2769 2773 2774
f 2769 2774 2770
f 2771 2775 2772
f 2771 2772 2768
f 2772 2776 2777
f 2772 2777 2773
f 2774 2778 2779
f 2774 2779 2775
f 2773 2777 2778
f 2773 2778 2774
f 2775 2779 2776
f 2775 2776 2772
f 2776 2780 2781
f 2776 2781 2777
f 2778 2782 2783
f 2778 2783 2779
f 2777 2781 2782
f 2777 2782 2778
f 2779 2783 2780
f 2779 2780 2776
f 2780 2784 2785
f 2780 2785 2781
f 2782 2786 2787
f 2782 2787 2783
f 2781 2785 2786
f 2781 2786 2782
f 2783 2787 2784
f 2783 2784 2780
f 2784 2788 2789
f 2784 2789 2785
f 2786 2790 2791
f 2786 2791 2787
f 2785 2789 2790
f 2785 2790 2786
f 2787 2791 2788
f 2787 2788 2784
f 2788 2792 2793
f 2788 2793 2789
f 2790 2794 2795
f 2790 2795 2791
f 2789 2793 2794
f 2789 2794 2790
f 2791 2795 2792
f 2791 2792 2788
f 2792 2796 2797
f 2792 2797 2793
f 2794 2798 2799
f 2794 2799 2795
f 2793 2797 2798
f 2793 2798 2794
f 2795 2799 2796
f 2795 2796 2792
f 2796 2800 2801
f 2796 2801 2797
f 2798 2802 2803
f 2798 2803 2799
f 2797 2801 2802
f 2797 2802 2798
f 2799 2803 2800
f 2799 2800 2796
f 2800 2804 2805
f 2800 2805 2801
f 2802 2806 2807
f 2802 2807 2803
f 2801 2805 2806
f 2801 2806 2802
f 2803 2807 2804
f 2803 2804 2800
f 2804 2808 2809
f 2804 2809 2805
f 2806 2810 2811
f 2806 2811 2807
f 2805 2809 2810
f 2805 2810 2806
f 2807 2811 2808
f 2807 2808 2804
f 2808 2812 2813
f 2808 2813 2809
f 2810 2814 2815
f 2810 2815 2811
f 2809 2813 2814
f 2809 2814 2810
f 2811 2815 2812
f 2811 2812 2808
f 2812 2816 2817
f 2812 2817 2813
f 2814 2818 2819
f 2814 2819 2815
f 2813 2817 2818
f 2813 2818 2814
f 2815 2819 2816
f 2815 2816 2812
f 2816 2820 2821
f 2816 2821 2817
f 2818 2822 2823
f 2818 2823 2819
f 2817 2821 2822
f 2817 2822 2818
f 2819 2823 2820
f 2819 2820 2816
f 2820 2824 2825
f 2820 2825 2821
f 2822 2826 2827
f 2822 2827 2823
f 2821 2825 2826
f 2821 2826 2822
f 2823 2827 2824
f 2823 2824 2820
f 2824 2828 2829
f 2824 2829 2825
f 2826 2830 2831
f 2826 2831 2827
f 2825 2829 2830
f 2825 2830 2826
f 2827 2831 2828
f 2827 2828 2824
f 2828 2832 2833
f 2828 2833 2829
f 2830 2834 2835
f 2830 2835 2831
f 2829 2833 2834
f 2829 2834 2830
f 2831 2835 2832
f 2831 2832 2828
f 2832 2836 2837
f 2832 2837 2833
f 2834 2838 2839
f 2834 2839 2835
f 2833 2837 2838
f 2833 2838 2834
f 2835 2839 2836
f 2835 2836 2832
f 2836 2840 2841
f 2836 2841 2837
f 2838 2842 2843
f 2838 2843 2839
f 2837 2841 2842
f 2837 2842 2838
f 2839 2843 2840
f 2839 2840 2836
f 2840 2844 2845
f 2840 2845 2841
f 2842 2846 2847
f 2842 2847 2843
f 2841 2845 2846
f 2841 2846 2842
f 2843 2847 2844
f 2843 2844 2840
f 2844 2848 2849
f 2844 2849 2845
f 2846 2850 2851
f 2846 2851 2847
f 2845 2849 2850
f 2845 2850 2846
f 2847 2851 2848
f 2847 2848 2844
f 2848 2852 2853
f 2848 2853 2849
f 2850 2854 2855
f 2850 2855 2851
f 2849 2853 2854
f 2849 2854 2850
f 2851 2855 2852
f 2851 2852 2848
f 2852 2856 2857
f 2852 2857 2853
f 2854 2858 2859
f 2854 2859 2855
f 2853 2857 2858
f 2853 2858 2854
f 2855 2859 2856
f 2855 2856 2852
f 2856 2860 2861
f 2856 2861 2857
f 2858 2862 2863
f 2858 2863 2859
f 2857 2861 2862
f 2857 2862 2858
f 2859 2863 2860
f 2859 2860 2856
f 2860 2864 2865
f 2860 2865 2861
f 2862 2866 2867
f 2862 2867 2863
f 2861 2865 2866
f 2861 2866 2862
f 2863 2867 2864
f 2863 2864 2860
f 2864 2868 2869
f 2864 2869 2865
f 2866 2870 2871
f 2866 2871 2867
f 2865 2869 2870
f 2865 2870 2866
f 2867 2871 2868
f 2867 2868 2864
f 2868 2872 2873
f 2868 2873 2869
f 2870 2874 2875
f 2870 2875 2871
f 2869 2873 2874
f 2869 2874 2870
f 2871 2875 2872
f 2871 2872 2868
f 2872 2876 2877
f 2872 2877 2873
f 2874 2878 2879
f 2874 2879 2875
f 2873 2877 2878
f 2873 2878 2874
f 2875 2879 2876
f 2875 2876 2872
f 2876 2880 2881
f 2876 2881 2877
f 2878 2882 2883
f 2878 2883 2879
f 2877 2881 2882
f 2877 2882 2878
f 2879 2883 2880
f 2879 2880 2876
f 2880 2884 2885
f 2880 2885 2881
f 2882 2886 2887
f 2882 2887 2883
f 2881 2885 2886
f 2881 2886 2882
f 2883 2887 2884
f 2883 2884 2880
f 2884 2888 2889
f 2884 2889 2885
f 2886 2890 2891
f 2886 2891 2887
f 2885 2889 2890
f 2885 2890 2886
f 2887 2891 2888
f 2887 2888 2884
f 2888 2892 2893
f 2888 2893 2889
f 2890 2894 2895
f 2890 2895 2891
f 2889 2893 2894
f 2889 2894 2890
f 2891 2895 2892
f 2891 2892 2888
f 2892 2764 2765
f 2892 2765 2893
f 2894 2766 2767
f 2894 2767 2895
f 2893 2765 2766
f 2893 2766 2894
f 2895 2767 2764
f 2895 2764 2892
f 2896 2900 2901
f 2896 2901 2897
f 2898 2902 2903
f 2898 2903 2899
f 2897 2901 2902
f 2897 2902 2898
f 2899 2903 2900
f 2899 2900 2896
f 2900 2904 2905
f 2900 2905 2901
f 2902 2906 2907
f 2902 2907 2903
f 2901 2905 2906
f 2901 2906 2902
f 2903 2907 2904
f 2903 2904 2900
f 2904 2908 2909
f 2904 2909 2905
f 2906 2910 2911
f 2906 2911 2907
f 2905 2909 2910
f 2905 2910 2906
f 2907 2911 2908
f 2907 2908 2904
f 2908 2912 2913
f 2908 2913 2909
f 2910 2914 2915
f 2910 2915 2911
f 2909 2913 2914
f 2909 2914 2910
f 2911 2915 2912
f 2911 2912 2908
f 2912 2916 2917
f 2912 2917 2913
f 2914 2918 2919
f 2914 2919 2915
f 2913 2917 2918
f 2913 2918 2914
f 2915 2919 2916
f 2915 2916 2912
f 2916 2920 2921
f 2916 2921 2917
f 2918 2922 2923
f 2918 2923 2919
f 2917 2921 2922
f 2917 2922 2918
f 2919 2923 2920
f 2919 2920 2916
f 2920 2924 2925
f 2920 2925 2921
f 2922 2926 2927
f 2922 2927 2923
f 2921 2925 2926
f 2921 2926 2922
f 2923 2927 2924
f 2923 2924 2920
f 2896 2897 2898
f 2896 2898 2899
f 2924 2925 2926
f 2924 2926 2927
f 2928 2932 2933
f 2928 2933 2929
f 2930 2934 2935
f 2930 2935 2931
f 2929 2933 2934
f 2929 2934 2930
f 2931 2935 2932
f 2931 2932 2928
f 2932 2936 2937
f 2932 2937 2933
f 2934 2938 2939
f 2934 2939 2935
f 2933 2937 2938
f 2933 2938 2934
f 2935 2939 2936
f 2935 2936 2932
f 2936 2940 2941
f 2936 2941 2937
f 2938 2942 2943
f 2938 2943 2939
f 2937 2941 2942
f 2937 2942 2938
f 2939 2943 2940
f 2939 2940 2936
f 2940 2944 2945
f 2940 2945 2941
f 2942 2946 2947
f 2942 2947 2943
f 2941 2945 2946
f 2941 2946 2942
f 2943 2947 2944
f 2943 2944 2940
f 2944 2948 2949
f 2944 2949 2945
f 2946 2950 2951
f 2946 2951 2947
f 2945 2949 2950
f 2945 2950 2946
f 2947 2951 2948
f 2947 2948 2944
f 2948 2952 2953
f 2948 2953 2949
f 2950 2954 2955
f 2950 2955 2951
f 2949 2953 2954
f 2949 2954 2950
f 2951 2955 2952
f 2951 2952 2948
f 2952 2956 2957
f 2952 2957 2953
f 2954 2958 2959
f 2954 2959 2955
f 2953 2957 2958
f 2953 2958 2954
f 2955 2959 2956
f 2955 2956 2952
f 2928 2929 2930
f 2928 2930 2931
f 2956 2957 2958
f 2956 2958 2959
f 2960 2964 2965
f 2960 2965 2961
f 2962 2966 2967
f 2962 2967 2963
f 2961 2965 2966
f 2961 2966 2962
f 2963 2967 2964
f 2963 2964 2960
f 2964 2968 2969
f 2964 2969 2965
f 2966 2970 2971
f 2966 2971 2967
f 2965 2969 2970
f 2965 2970 2966
f 2967 2971 2968
f 2967 2968 2964
f 2960 2961 2962
f 2960 2962 2963
f 2968 2969 2970
f 2968 2970 2971
f 2972 2974 2973
f 2972 2975 2974
f 2972 2976 2975
f 2972 2977 2976
f 2972 2978 2977
f 2972 2973 2978
f 2974 2979 2973
f 2980 2979 2974
f 2975 2980 2974
f 2981 2980 2975
f 2976 2981 2975
f 2982 2981 2976
f 2977 2982 2976
f 2983 2982 2977
f 2978 2983 2977
f 2984 2983 2978
f 2973 2984 2978
f 2979 2984 2973
f 2980 2985 2979
f 2986 2985 2980
f 2981 2986 2980
f 2987 2986 2981
f 2982 2987 2981
f 2988 2987 2982
f 2983 2988 2982
f 2989 2988 2983
f 2984 2989 2983
f 2990 2989 2984
f 2979 2990 2984
f 2985 2990 2979
f 2986 2991 2985
f 2992 2991 2986
f 2987 2992 2986
f 2993 2992 2987
f 2988 2993 2987
f 2994 2993 2988
f 2989 2994 2988
f 2995 2994 2989
f 2990 2995 2989
f 2996 2995 2990
f 2985 2996 2990
f 2991 2996 2985
f 2992 2997 2991
f 2998 2997 2992
f 2993 2998 2992
f 2999 2998 2993
f 2994 2999 2993
f 3000 2999 2994
f 2995 3000 2994
f 3001 3000 2995
f 2996 3001 2995
f 3002 3001 2996
f 2991 3002 2996
f 2997 3002 2991
f 2998 3003 2997
f 2999 3003 2998
f 3000 3003 2999
f 3001 3003 3000
f 3002 3003 3001
f 2997 3003 3002
f 3004 3008 3009
f 3004 3009 3005
f 3006 3010 3011
f 3006 3011 3007
f 3005 3009 3010
f 3005 3010 3006
f 3007 3011 3008
f 3007 3008 3004
f 3008 3012 3013
f 3008 3013 3009
f 3010 3014 3015
f 3010 3015 3011
f 3009 3013 3014
f 3009 3014 3010
f 3011 3015 3012
f 3011 3012 3008
f 3012 3016 3017
f 3012 3017 3013
f 3014 3018 3019
f 3014 3019 3015
f 3013 3017 3018
f 3013 3018 3014
f 3015 3019 3016
f 3015 3016 3012
f 3016 3020 3021
f 3016 3021 3017
f 3018 3022 3023
f 3018 3023 3019
f 3017 3021 3022
f 3017 3022 3018
f 3019 3023 3020
f 3019 3020 3016
f 3020 3024 3025
f 3020 3025 3021
f 3022 3026 3027
f 3022 3027 3023
f 3021 3025 3026
f 3021 3026 3022
f 3023 3027 3024
f 3023 3024 3020
f 3004 3005 3006
f 3004 3006 3007
f 3024 3025 3026
f 3024 3026 3027
f 3028 3032 3033
f 3028 3033 3029
f 3030 3034 3035
f 3030 3035 3031
f 3029 3033 3034
f 3029 3034 3030
f 3031 3035 3032
f 3031 3032 3028
f 3032 3036 3037
f 3032 3037 3033
f 3034 3038 3039
f 3034 3039 3035
f 3033 3037 3038
f 3033 3038 3034
f 3035 3039 3036
f 3035 3036 3032
f 3028 3029 3030
f 3028 3030 3031
f 3036 3037 3038
f 3036 3038 3039
f 3040 3044 3045
f 3040 3045 3041
f 3042 3046 3047
f 3042 3047 3043
f 3041 3045 3046
f 3041 3046 3042
f 3043 3047 3044
f 3043 3044 3040
f 3044 3048 3049
f 3044 3049 3045
f 3046 3050 3051
f 3046 3051 3047
f 3045 3049 3050
f 3045 3050 3046
f 3047 3051 3048
f 3047 3048 3044
f 3048 3052 3053
f 3048 3053 3049
f 3050 3054 3055
f 3050 3055 3051
f 3049 3053 3054
f 3049 3054 3050
f 3051 3055 3052
f 3051 3052 3048
f 3052 3056 3057
f 3052 3057 3053
f 3054 3058 3059
f 3054 3059 3055
f 3053 3057 3058
f 3053 3058 3054
f 3055 3059 3056
f 3055 3056 3052
f 3056 3060 3061
f 3056 3061 3057
f 3058 3062 3063
f 3058 3063 3059
f 3057 3061 3062
f 3057 3062 3058
f 3059 3063 3060
f 3059 3060 3056
f 3060 3064 3065
f 3060 3065 3061
f 3062 3066 3067
f 3062 3067 3063
f 3061 3065 3066
f 3061 3066 3062
f 3063 3067 3064
f 3063 3064 3060
f 3040 3041 3042
f 3040 3042 3043
f 3064 3065 3066
f 3064 3066 3067
f 3068 3072 3073
f 3068 3073 3069
f 3070 3074 3075
f 3070 3075 3071
f 3069 3073 3074
f 3069 3074 3070
f 3071 3075 3072
f 3071 3072 3068
f 3072 3076 3077
f 3072 3077 3073
f 3074 3078 3079
f 3074 3079 3075
f 3073 3077 3078
f 3073 3078 3074
f 3075 3079 3076
f 3075 3076 3072
f 3068 3069 3070
f 3068 3070 3071
f 3076 3077 3078
f 3076 3078 3079
v 0.000000 1.440000 0.076014
v 0.007456 1.440000 0.075691
v 0.014877 1.440000 0.074755
v 0.022289 1.440000 0.073394
v 0.029799 1.440000 0.071801
v 0.037479 1.440000 0.069911
v 0.045096 1.440000 0.067211
v 0.052015 1.440000 0.063029
v 0.057598 1.440000 0.057183
v 0.061766 1.440000 0.050226
v 0.065017 1.440000 0.042949
v 0.067882 1.440000 0.035785
v 0.070526 1.440000 0.028740
v 0.072815 1.440000 0.021676
v 0.074559 1.440000 0.014517
v 0.075637 1.440000 0.007273
v 0.076000 1.440000 0.000000
v 0.075634 1.440000 -0.007234
v 0.074540 1.440000 -0.014361
v 0.072727 1.440000 -0.021313
v 0.070215 1.440000 -0.028026
v 0.067026 1.440000 -0.034439
v 0.063192 1.440000 -0.040495
v 0.058749 1.440000 -0.046140
v 0.053740 1.440000 -0.051326
v 0.048214 1.440000 -0.056009
v 0.042223 1.440000 -0.060158
v 0.035826 1.440000 -0.063779
v 0.029084 1.440000 -0.066966
v 0.022062 1.440000 -0.069924
v 0.014827 1.440000 -0.072758
v 0.007449 1.440000 -0.075069
v 0.000000 1.440000 -0.076000
v -0.007449 1.440000 -0.075069
v -0.014827 1.440000 -0.072758
v -0.022062 1.440000 -0.069924
v -0.029084 1.440000 -0.066966
v -0.035826 1.440000 -0.063779
v -0.042223 1.440000 -0.060158
v -0.048214 1.440000 -0.056009
v -0.053740 1.440000 -0.051326
v -0.058749 1.440000 -0.046140
v -0.063192 1.440000 -0.040495
v -0.067026 1.440000 -0.034439
v -0.070215 1.440000 -0.028026
v -0.072727 1.440000 -0.021313
v -0.074540 1.440000 -0.014361
v -0.075634 1.440000 -0.007234
v -0.076000 1.440000 -0.000000
v -0.075637 1.440000 0.007273
v -0.074559 1.440000 0.014517
v -0.072815 1.440000 0.021676
v -0.070526 1.440000 0.028740
v -0.067882 1.440000 0.035785
v -0.065017 1.440000 0.042949
v -0.061766 1.440000 0.050226
v -0.057598 1.440000 0.057183
v -0.052015 1.440000 0.063029
v -0.045096 1.440000 0.067211
v -0.037479 1.440000 0.069911
v -0.029799 1.440000 0.071801
v -0.022289 1.440000 0.073394
v -0.014877 1.440000 0.074755
v -0.007456 1.440000 0.075691
v 0.000000 1.443440 0.075600
v 0.007402 1.443440 0.075279
v 0.014769 1.443440 0.074348
v 0.022124 1.443440 0.072991
v 0.029572 1.443440 0.071396
v 0.037182 1.443440 0.069499
v 0.044724 1.443440 0.066802
v 0.051578 1.443440 0.062647
v 0.057120 1.443440 0.056857
v 0.061272 1.443440 0.049974
v 0.064517 1.443440 0.042770
v 0.067377 1.443440 0.035670
v 0.070010 1.443440 0.028681
v 0.072287 1.443440 0.021668
v 0.074019 1.443440 0.014558
v 0.075089 1.443440 0.007363
v 0.075450 1.443440 0.000138
v 0.075086 1.443440 -0.007050
v 0.074000 1.443440 -0.014132
v 0.072201 1.443440 -0.021041
v 0.069706 1.443440 -0.027714
v 0.066541 1.443440 -0.034090
v 0.062734 1.443440 -0.040111
v 0.058323 1.443440 -0.045725
v 0.053351 1.443440 -0.050882
v 0.047865 1.443440 -0.055540
v 0.041918 1.443440 -0.059668
v 0.035567 1.443440 -0.063270
v 0.028873 1.443440 -0.066442
v 0.021902 1.443440 -0.069389
v 0.014719 1.443440 -0.072214
v 0.007395 1.443440 -0.074520
v 0.000000 1.443440 -0.075450
v -0.007395 1.443440 -0.074520
v -0.014719 1.443440 -0.072214
v -0.021902 1.443440 -0.069389
v -0.028873 1.443440 -0.066442
v -0.035567 1.443440 -0.063270
v -0.041918 1.443440 -0.059668
v -0.047865 1.443440 -0.055540
v -0.053351 1.443440 -0.050882
v -0.058323 1.443440 -0.045725
v -0.062734 1.443440 -0.040111
v -0.066541 1.443440 -0.034090
v -0.069706 1.443440 -0.027714
v -0.072201 1.443440 -0.021041
v -0.074000 1.443440 -0.014132
v -0.075086 1.443440 -0.007050
v -0.075450 1.443440 0.000138
v -0.075089 1.443440 0.007363
v -0.074019 1.443440 0.014558
v -0.072287 1.443440 0.021668
v -0.070010 1.443440 0.028681
v -0.067377 1.443440 0.035670
v -0.064517 1.443440 0.042770
v -0.061272 1.443440 0.049974
v -0.057120 1.443440 0.056857
v -0.051578 1.443440 0.062647
v -0.044724 1.443440 0.066802
v -0.037182 1.443440 0.069499
v -0.029572 1.443440 0.071396
v -0.022124 1.443440 0.072991
v -0.014769 1.443440 0.074348
v -0.007402 1.443440 0.075279
v 0.000000 1.446881 0.075187
v 0.007348 1.446881 0.074868
v 0.014660 1.446881 0.073941
v 0.021959 1.446881 0.072587
v 0.029345 1.446881 0.070990
v 0.036885 1.446881 0.069088
v 0.044353 1.446881 0.066393
v 0.051142 1.446881 0.062265
v 0.056642 1.446881 0.056532
v 0.060777 1.446881 0.049722
v 0.064018 1.446881 0.042591
v 0.066871 1.446881 0.035555
v 0.069495 1.446881 0.028621
v 0.071758 1.446881 0.021659
v 0.073478 1.446881 0.014599
v 0.074542 1.446881 0.007452
v 0.074900 1.446881 0.000275
v 0.074538 1.446881 -0.006866
v 0.073460 1.446881 -0.013903
v 0.071674 1.446881 -0.020769
v 0.069198 1.446881 -0.027402
v 0.066055 1.446881 -0.033740
v 0.062276 1.446881 -0.039727
v 0.057898 1.446881 -0.045309
v 0.052962 1.446881 -0.050438
v 0.047515 1.446881 -0.055072
v 0.041612 1.446881 -0.059177
v 0.035307 1.446881 -0.062761
v 0.028663 1.446881 -0.065918
v 0.021742 1.446881 -0.068853
v 0.014612 1.446881 -0.071670
v 0.007341 1.446881 -0.073972
v 0.000000 1.446881 -0.074899
v -0.007341 1.446881 -0.073972
v -0.014612 1.446881 -0.071670
v -0.021742 1.446881 -0.068853
v -0.028663 1.446881 -0.065918
v -0.035307 1.446881 -0.062761
v -0.041612 1.446881 -0.059177
v -0.047515 1.446881 -0.055072
v -0.052962 1.446881 -0.050438
v -0.057898 1.446881 -0.045309
v -0.062276 1.446881 -0.039727
v -0.066055 1.446881 -0.033740
v -0.069198 1.446881 -0.027402
v -0.071674 1.446881 -0.020769
v -0.073460 1.446881 -0.013903
v -0.074538 1.446881 -0.006866
v -0.074900 1.446881 0.000275
v -0.074542 1.446881 0.007452
v -0.073478 1.446881 0.014599
v -0.071758 1.446881 0.021659
v -0.069495 1.446881 0.028621
v -0.066871 1.446881 0.035555
v -0.064018 1.446881 0.042591
v -0.060777 1.446881 0.049722
v -0.056642 1.446881 0.056532
v -0.051142 1.446881 0.062265
v -0.044353 1.446881 0.066393
v -0.036885 1.446881 0.069088
v -0.029345 1.446881 0.070990
v -0.021959 1.446881 0.072587
v -0.014660 1.446881 0.073941
v -0.007348 1.446881 0.074868
v 0.000000 1.450321 0.074774
v 0.007294 1.450321 0.074457
v 0.014552 1.450321 0.073535
v 0.021794 1.450321 0.072184
v 0.029118 1.450321 0.070584
v 0.036587 1.450321 0.068676
v 0.043981 1.450321 0.065984
v 0.050705 1.450321 0.061883
v 0.056164 1.450321 0.056206
v 0.060282 1.450321 0.049469
v 0.063518 1.450321 0.042412
v 0.066366 1.450321 0.035439
v 0.068979 1.450321 0.028561
v 0.071229 1.450321 0.021650
v 0.072938 1.450321 0.014639
v 0.073994 1.450321 0.007542
v 0.074349 1.450321 0.000413
v 0.073991 1.450321 -0.006682
v 0.072920 1.450321 -0.013674
v 0.071147 1.450321 -0.020498
v 0.068689 1.450321 -0.027090
v 0.065570 1.450321 -0.033391
v 0.061819 1.450321 -0.039343
v 0.057472 1.450321 -0.044894
v 0.052572 1.450321 -0.049995
v 0.047166 1.450321 -0.054603
v 0.041306 1.450321 -0.058687
v 0.035048 1.450321 -0.062252
v 0.028452 1.450321 -0.065394
v 0.021582 1.450321 -0.068318
v 0.014505 1.450321 -0.071127
v 0.007287 1.450321 -0.073423
v 0.000000 1.450321 -0.074349
v -0.007287 1.450321 -0.073423
v -0.014505 1.450321 -0.071127
v -0.021582 1.450321 -0.068318
v -0.028452 1.450321 -0.065394
v -0.035048 1.450321 -0.062252
v -0.041306 1.450321 -0.058687
v -0.047166 1.450321 -0.054603
v -0.052572 1.450321 -0.049995
v -0.057472 1.450321 -0.044894
v -0.061819 1.450321 -0.039343
v -0.065570 1.450321 -0.033391
v -0.068689 1.450321 -0.027090
v -0.071147 1.450321 -0.020498
v -0.072920 1.450321 -0.013674
v -0.073991 1.450321 -0.006682
v -0.074349 1.450321 0.000413
v -0.073994 1.450321 0.007542
v -0.072938 1.450321 0.014639
v -0.071229 1.450321 0.021650
v -0.068979 1.450321 0.028561
v -0.066366 1.450321 0.035439
v -0.063518 1.450321 0.042412
v -0.060282 1.450321 0.049469
v -0.056164 1.450321 0.056206
v -0.050705 1.450321 0.061883
v -0.043981 1.450321 0.065984
v -0.036587 1.450321 0.068676
v -0.029118 1.450321 0.070584
v -0.021794 1.450321 0.072184
v -0.014552 1.450321 0.073535
v -0.007294 1.450321 0.074457
v 0.000000 1.453761 0.074361
v 0.007239 1.453761 0.074045
v 0.014443 1.453761 0.073128
v 0.021629 1.453761 0.071780
v 0.028891 1.453761 0.070178
v 0.036290 1.453761 0.068264
v 0.043609 1.453761 0.065575
v 0.050269 1.453761 0.061501
v 0.055687 1.453761 0.055880
v 0.059787 1.453761 0.049217
v 0.063019 1.453761 0.042232
v 0.065861 1.453761 0.035324
v 0.068463 1.453761 0.028501
v 0.070700 1.453761 0.021642
v 0.072398 1.453761 0.014680
v 0.073446 1.453761 0.007632
v 0.073799 1.453761 0.000550
v 0.073443 1.453761 -0.006497
v 0.072380 1.453761 -0.013445
v 0.070620 1.453761 -0.020226
v 0.068181 1.453761 -0.026778
v 0.065084 1.453761 -0.033041
v 0.061361 1.453761 -0.038959
v 0.057047 1.453761 -0.044478
v 0.052183 1.453761 -0.049551
v 0.046817 1.453761 -0.054134
v 0.041000 1.453761 -0.058196
v 0.034788 1.453761 -0.061743
v 0.028241 1.453761 -0.064871
v 0.021422 1.453761 -0.067782
v 0.014397 1.453761 -0.070583
v 0.007233 1.453761 -0.072874
v 0.000000 1.453761 -0.073798
v -0.007233 1.453761 -0.072874
v -0.014397 1.453761 -0.070583
v -0.021422 1.453761 -0.067782
v -0.028241 1.453761 -0.064871
v -0.034788 1.453761 -0.061743
v -0.041000 1.453761 -0.058196
v -0.046817 1.453761 -0.054134
v -0.052183 1.453761 -0.049551
v -0.057047 1.453761 -0.044478
v -0.061361 1.453761 -0.038959
v -0.065084 1.453761 -0.033041
v -0.068181 1.453761 -0.026778
v -0.070620 1.453761 -0.020226
v -0.072380 1.453761 -0.013445
v -0.073443 1.453761 -0.006497
v -0.073799 1.453761 0.000550
v -0.073446 1.453761 0.007632
v -0.072398 1.453761 0.014680
v -0.070700 1.453761 0.021642
v -0.068463 1.453761 0.028501
v -0.065861 1.453761 0.035324
v -0.063019 1.453761 0.042232
v -0.059787 1.453761 0.049217
v -0.055687 1.453761 0.055880
v -0.050269 1.453761 0.061501
v -0.043609 1.453761 0.065575
v -0.036290 1.453761 0.068264
v -0.028891 1.453761 0.070178
v -0.021629 1.453761 0.071780
v -0.014443 1.453761 0.073128
v -0.007239 1.453761 0.074045
v 0.000000 1.457202 0.073948
v 0.007185 1.457202 0.073634
v 0.014334 1.457202 0.072721
v 0.021464 1.457202 0.071377
v 0.028664 1.457202 0.069773
v 0.035992 1.457202 0.067853
v 0.043238 1.457202 0.065166
v 0.049833 1.457202 0.061119
v 0.055209 1.457202 0.055554
v 0.059293 1.457202 0.048964
v 0.062519 1.457202 0.042053
v 0.065356 1.457202 0.035209
v 0.067948 1.457202 0.028442
v 0.070172 1.457202 0.021633
v 0.071857 1.457202 0.014721
v 0.072898 1.457202 0.007721
v 0.073248 1.457202 0.000688
v 0.072895 1.457202 -0.006313
v 0.071840 1.457202 -0.013216
v 0.070094 1.457202 -0.019954
v 0.067672 1.457202 -0.026466
v 0.064599 1.457202 -0.032692
v 0.060903 1.457202 -0.038575
v 0.056621 1.457202 -0.044063
v 0.051794 1.457202 -0.049107
v 0.046468 1.457202 -0.053665
v 0.040694 1.457202 -0.057706
v 0.034529 1.457202 -0.061234
v 0.028031 1.457202 -0.064347
v 0.021263 1.457202 -0.067247
v 0.014290 1.457202 -0.070039
v 0.007180 1.457202 -0.072325
v 0.000000 1.457202 -0.073248
v -0.007180 1.457202 -0.072325
v -0.014290 1.457202 -0.070039
v -0.021263 1.457202 -0.067247
v -0.028031 1.457202 -0.064347
v -0.034529 1.457202 -0.061234
v -0.040694 1.457202 -0.057706
v -0.046468 1.457202 -0.053665
v -0.051794 1.457202 -0.049107
v -0.056621 1.457202 -0.044063
v -0.060903 1.457202 -0.038575
v -0.064599 1.457202 -0.032692
v -0.067672 1.457202 -0.026466
v -0.070094 1.457202 -0.019954
v -0.071840 1.457202 -0.013216
v -0.072895 1.457202 -0.006313
v -0.073248 1.457202 0.000688
v -0.072898 1.457202 0.007721
v -0.071857 1.457202 0.014721
v -0.070172 1.457202 0.021633
v -0.067948 1.457202 0.028442
v -0.065356 1.457202 0.035209
v -0.062519 1.457202 0.042053
v -0.059293 1.457202 0.048964
v -0.055209 1.457202 0.055554
v -0.049833 1.457202 0.061119
v -0.043238 1.457202 0.065166
v -0.035992 1.457202 0.067853
v -0.028664 1.457202 0.069773
v -0.021464 1.457202 0.071377
v -0.014334 1.457202 0.072721
v -0.007185 1.457202 0.073634
v 0.000000 1.460642 0.073535
v 0.007131 1.460642 0.073223
v 0.014226 1.460642 0.072314
v 0.021299 1.460642 0.070974
v 0.028437 1.460642 0.069367
v 0.035695 1.460642 0.067441
v 0.042866 1.460642 0.064757
v 0.049396 1.460642 0.060737
v 0.054731 1.460642 0.055228
v 0.058798 1.460642 0.048712
v 0.062020 1.460642 0.041874
v 0.064851 1.460642 0.035094
v 0.067432 1.460642 0.028382
v 0.069643 1.460642 0.021625
v 0.071317 1.460642 0.014762
v 0.072350 1.460642 0.007811
v 0.072698 1.460642 0.000826
v 0.072347 1.460642 -0.006129
v 0.071300 1.460642 -0.012987
v 0.069567 1.460642 -0.019683
v 0.067163 1.460642 -0.026155
v 0.064113 1.460642 -0.032343
v 0.060446 1.460642 -0.038191
v 0.056196 1.460642 -0.043647
v 0.051405 1.460642 -0.048663
v 0.046119 1.460642 -0.053196
v 0.040388 1.460642 -0.057215
v 0.034269 1.460642 -0.060725
v 0.027820 1.460642 -0.063823
v 0.021103 1.460642 -0.066711
v 0.014183 1.460642 -0.069495
v 0.007126 1.460642 -0.071776
v 0.000000 1.460642 -0.072697
v -0.007126 1.460642 -0.071776
v -0.014183 1.460642 -0.069495
v -0.021103 1.460642 -0.066711
v -0.027820 1.460642 -0.063823
v -0.034269 1.460642 -0.060725
v -0.040388 1.460642 -0.057215
v -0.046119 1.460642 -0.053196
v -0.051405 1.460642 -0.048663
v -0.056196 1.460642 -0.043647
v -0.060446 1.460642 -0.038191
v -0.064113 1.460642 -0.032343
v -0.067163 1.460642 -0.026155
v -0.069567 1.460642 -0.019683
v -0.071300 1.460642 -0.012987
v -0.072347 1.460642 -0.006129
v -0.072698 1.460642 0.000826
v -0.072350 1.460642 0.007811
v -0.071317 1.460642 0.014762
v -0.069643 1.460642 0.021625
v -0.067432 1.460642 0.028382
v -0.064851 1.460642 0.035094
v -0.062020 1.460642 0.041874
v -0.058798 1.460642 0.048712
v -0.054731 1.460642 0.055228
v -0.049396 1.460642 0.060737
v -0.042866 1.460642 0.064757
v -0.035695 1.460642 0.067441
v -0.028437 1.460642 0.069367
v -0.021299 1.460642 0.070973
v -0.014226 1.460642 0.072314
v -0.007131 1.460642 0.073223
v 0.000000 1.464083 0.073122
v 0.007077 1.464083 0.072812
v 0.014117 1.464083 0.071908
v 0.021134 1.464083 0.070570
v 0.028210 1.464083 0.068961
v 0.035398 1.464083 0.067029
v 0.042494 1.464083 0.064347
v 0.048960 1.464083 0.060355
v 0.054254 1.464083 0.054902
v 0.058303 1.464083 0.048459
v 0.061520 1.464083 0.041695
v 0.064346 1.464083 0.034979
v 0.066916 1.464083 0.028322
v 0.069114 1.464083 0.021616
v 0.070777 1.464083 0.014803
v 0.071802 1.464083 0.007901
v 0.072147 1.464083 0.000963
v 0.071799 1.464083 -0.005945
v 0.070761 1.464083 -0.012758
v 0.069040 1.464083 -0.019411
v 0.066655 1.464083 -0.025843
v 0.063628 1.464083 -0.031993
v 0.059988 1.464083 -0.037807
v 0.055770 1.464083 -0.043232
v 0.051015 1.464083 -0.048220
v 0.045769 1.464083 -0.052727
v 0.040083 1.464083 -0.056725
v 0.034010 1.464083 -0.060217
v 0.027609 1.464083 -0.063299
v 0.020943 1.464083 -0.066176
v 0.014075 1.464083 -0.068951
v 0.007072 1.464083 -0.071228
v 0.000000 1.464083 -0.072147
v -0.007072 1.464083 -0.071228
v -0.014075 1.464083 -0.068951
v -0.020943 1.464083 -0.066176
v -0.027609 1.464083 -0.063299
v -0.034010 1.464083 -0.060217
v -0.040083 1.464083 -0.056725
v -0.045769 1.464083 -0.052727
v -0.051015 1.464083 -0.048220
v -0.055770 1.464083 -0.043232
v -0.059988 1.464083 -0.037807
v -0.063628 1.464083 -0.031993
v -0.066655 1.464083 -0.025843
v -0.069040 1.464083 -0.019411
v -0.070761 1.464083 -0.012758
v -0.071799 1.464083 -0.005945
v -0.072147 1.464083 0.000963
v -0.071802 1.464083 0.007901
v -0.070777 1.464083 0.014803
v -0.069114 1.464083 0.021616
v -0.066916 1.464083 0.028322
v -0.064346 1.464083 0.034979
v -0.061520 1.464083 0.041695
v -0.058303 1.464083 0.048459
v -0.054254 1.464083 0.054902
v -0.048960 1.464083 0.060355
v -0.042494 1.464083 0.064347
v -0.035398 1.464083 0.067029
v -0.028210 1.464083 0.068961
v -0.021134 1.464083 0.070570
v -0.014117 1.464083 0.071907
v -0.007077 1.464083 0.072811
v 0.000000 1.467523 0.072710
v 0.007023 1.467523 0.072401
v 0.014009 1.467523 0.071501
v 0.020969 1.467523 0.070167
v 0.027983 1.467523 0.068556
v 0.035100 1.467523 0.066618
v 0.042122 1.467523 0.063938
v 0.048524 1.467523 0.059973
v 0.053776 1.467523 0.054577
v 0.057809 1.467523 0.048207
v 0.061021 1.467523 0.041516
v 0.063841 1.467523 0.034863
v 0.066401 1.467523 0.028262
v 0.068585 1.467523 0.021607
v 0.070236 1.467523 0.014844
v 0.071254 1.467523 0.007991
v 0.071597 1.467523 0.001101
v 0.071252 1.467523 -0.005761
v 0.070221 1.467523 -0.012529
v 0.068513 1.467523 -0.019139
v 0.066146 1.467523 -0.025531
v 0.063142 1.467523 -0.031644
v 0.059530 1.467523 -0.037423
v 0.055345 1.467523 -0.042816
v 0.050626 1.467523 -0.047776
v 0.045420 1.467523 -0.052259
v 0.039777 1.467523 -0.056234
v 0.033750 1.467523 -0.059708
v 0.027399 1.467523 -0.062775
v 0.020783 1.467523 -0.065640
v 0.013968 1.467523 -0.068407
v 0.007018 1.467523 -0.070679
v 0.000000 1.467523 -0.071596
v -0.007018 1.467523 -0.070679
v -0.013968 1.467523 -0.068407
v -0.020783 1.467523 -0.065640
v -0.027399 1.467523 -0.062775
v -0.033750 1.467523 -0.059708
v -0.039777 1.467523 -0.056234
v -0.045420 1.467523 -0.052259
v -0.050626 1.467523 -0.047776
v -0.055345 1.467523 -0.042816
v -0.059530 1.467523 -0.037423
v -0.063142 1.467523 -0.031644
v -0.066146 1.467523 -0.025531
v -0.068513 1.467523 -0.019139
v -0.070221 1.467523 -0.012529
v -0.071252 1.467523 -0.005761
v -0.071597 1.467523 0.001101
v -0.071254 1.467523 0.007991
v -0.070236 1.467523 0.014844
v -0.068585 1.467523 0.021607
v -0.066401 1.467523 0.028262
v -0.063841 1.467523 0.034863
v -0.061021 1.467523 0.041516
v -0.057809 1.467523 0.048207
v -0.053776 1.467523 0.054577
v -0.048524 1.467523 0.059973
v -0.042122 1.467523 0.063938
v -0.035100 1.467523 0.066618
v -0.027983 1.467523 0.068556
v -0.020969 1.467523 0.070166
v -0.014009 1.467523 0.071501
v -0.007023 1.467523 0.072400
v 0.000000 1.470963 0.072299
v 0.006969 1.470963 0.071992
v 0.013900 1.470963 0.071096
v 0.020804 1.470963 0.069764
v 0.027756 1.470963 0.068150
v 0.034803 1.470963 0.066206
v 0.041751 1.470963 0.063529
v 0.048087 1.470963 0.059591
v 0.053298 1.470963 0.054251
v 0.057314 1.470963 0.047955
v 0.060521 1.470963 0.041336
v 0.063336 1.470963 0.034748
v 0.065885 1.470963 0.028203
v 0.068057 1.470963 0.021599
v 0.069696 1.470963 0.014885
v 0.070706 1.470963 0.008080
v 0.071046 1.470963 0.001239
v 0.070704 1.470963 -0.005577
v 0.069681 1.470963 -0.012300
v 0.067987 1.470963 -0.018868
v 0.065638 1.470963 -0.025219
v 0.062657 1.470963 -0.031295
v 0.059072 1.470963 -0.037039
v 0.054919 1.470963 -0.042401
v 0.050237 1.470963 -0.047332
v 0.045071 1.470963 -0.051790
v 0.039471 1.470963 -0.055744
v 0.033491 1.470963 -0.059199
v 0.027188 1.470963 -0.062251
v 0.020624 1.470963 -0.065105
v 0.013860 1.470963 -0.067864
v 0.006964 1.470963 -0.070130
v 0.000000 1.470963 -0.071046
v -0.006964 1.470963 -0.070130
v -0.013860 1.470963 -0.067864
v -0.020624 1.470963 -0.065105
v -0.027188 1.470963 -0.062251
v -0.033491 1.470963 -0.059199
v -0.039471 1.470963 -0.055744
v -0.045071 1.470963 -0.051790
v -0.050237 1.470963 -0.047332
v -0.054919 1.470963 -0.042401
v -0.059072 1.470963 -0.037039
v -0.062657 1.470963 -0.031295
v -0.065638 1.470963 -0.025219
v -0.067987 1.470963 -0.018868
v -0.069681 1.470963 -0.012300
v -0.070704 1.470963 -0.005577
v -0.071046 1.470963 0.001239
v -0.070706 1.470963 0.008080
v -0.069696 1.470963 0.014885
v -0.068057 1.470963 0.021599
v -0.065885 1.470963 0.028203
v -0.063336 1.470963 0.034748
v -0.060521 1.470963 0.041336
v -0.057314 1.470963 0.047955
v -0.053298 1.470963 0.054251
v -0.048087 1.470963 0.059591
v -0.041751 1.470963 0.063529
v -0.034803 1.470963 0.066206
v -0.027756 1.470963 0.068150
v -0.020804 1.470963 0.069763
v -0.013900 1.470963 0.071094
v -0.006969 1.470963 0.071988
v 0.000000 1.474404 0.071893
v 0.006915 1.474404 0.071587
v 0.013792 1.474404 0.070693
v 0.020639 1.474404 0.069362
v 0.027529 1.474404 0.067745
v 0.034505 1.474404 0.065795
v 0.041379 1.474404 0.063120
v 0.047651 1.474404 0.059209
v 0.052820 1.474404 0.053925
v 0.056819 1.474404 0.047702
v 0.060021 1.474404 0.041157
v 0.062831 1.474404 0.034633
v 0.065369 1.474404 0.028143
v 0.067528 1.474404 0.021590
v 0.069156 1.474404 0.014926
v 0.070159 1.474404 0.008170
v 0.070496 1.474404 0.001376
v 0.070156 1.474404 -0.005392
v 0.069141 1.474404 -0.012071
v 0.067460 1.474404 -0.018596
v 0.065129 1.474404 -0.024907
v 0.062171 1.474404 -0.030945
v 0.058615 1.474404 -0.036655
v 0.054494 1.474404 -0.041985
v 0.049848 1.474404 -0.046888
v 0.044722 1.474404 -0.051321
v 0.039165 1.474404 -0.055253
v 0.033231 1.474404 -0.058690
v 0.026977 1.474404 -0.061727
v 0.020464 1.474404 -0.064569
v 0.013753 1.474404 -0.067320
v 0.006910 1.474404 -0.069581
v 0.000000 1.474404 -0.070495
v -0.006910 1.474404 -0.069581
v -0.013753 1.474404 -0.067320
v -0.020464 1.474404 -0.064569
v -0.026977 1.474404 -0.061727
v -0.033231 1.474404 -0.058690
v -0.039165 1.474404 -0.055253
v -0.044722 1.474404 -0.051321
v -0.049848 1.474404 -0.046888
v -0.054494 1.474404 -0.041985
v -0.058615 1.474404 -0.036655
v -0.062171 1.474404 -0.030945
v -0.065129 1.474404 -0.024907
v -0.067460 1.474404 -0.018596
v -0.069141 1.474404 -0.012071
v -0.070156 1.474404 -0.005392
v -0.070496 1.474404 0.001376
v -0.070159 1.474404 0.008170
v -0.069156 1.474404 0.014926
v -0.067528 1.474404 0.021590
v -0.065369 1.474404 0.028143
v -0.062831 1.474404 0.034633
v -0.060021 1.474404 0.041157
v -0.056819 1.474404 0.047702
v -0.052820 1.474404 0.053925
v -0.047651 1.474404 0.059209
v -0.041379 1.474404 0.063120
v -0.034505 1.474404 0.065795
v -0.027529 1.474404 0.067744
v -0.020639 1.474404 0.069360
v -0.013792 1.474404 0.070687
v -0.006915 1.474404 0.071577
v 0.000000 1.477844 0.071498
v 0.006861 1.477844 0.071190
v 0.013683 1.477844 0.070296
v 0.020474 1.477844 0.068963
v 0.027302 1.477844 0.067341
v 0.034208 1.477844 0.065383
v 0.041007 1.477844 0.062711
v 0.047214 1.477844 0.058827
v 0.052343 1.477844 0.053599
v 0.056324 1.477844 0.047450
v 0.059522 1.477844 0.040978
v 0.062326 1.477844 0.034518
v 0.064853 1.477844 0.028083
v 0.066999 1.477844 0.021582
v 0.068615 1.477844 0.014967
v 0.069611 1.477844 0.008260
v 0.069945 1.477844 0.001514
v 0.069608 1.477844 -0.005208
v 0.068601 1.477844 -0.011842
v 0.066933 1.477844 -0.018325
v 0.064621 1.477844 -0.024595
v 0.061686 1.477844 -0.030596
v 0.058157 1.477844 -0.036271
v 0.054068 1.477844 -0.041570
v 0.049459 1.477844 -0.046444
v 0.044373 1.477844 -0.050852
v 0.038859 1.477844 -0.054763
v 0.032972 1.477844 -0.058181
v 0.026767 1.477844 -0.061203
v 0.020304 1.477844 -0.064034
v 0.013646 1.477844 -0.066776
v 0.006856 1.477844 -0.069032
v 0.000000 1.477844 -0.069945
v -0.006856 1.477844 -0.069032
v -0.013646 1.477844 -0.066776
v -0.020304 1.477844 -0.064034
v -0.026767 1.477844 -0.061203
v -0.032972 1.477844 -0.058181
v -0.038859 1.477844 -0.054763
v -0.044373 1.477844 -0.050852
v -0.049459 1.477844 -0.046444
v -0.054068 1.477844 -0.041570
v -0.058157 1.477844 -0.036271
v -0.061686 1.477844 -0.030596
v -0.064621 1.477844 -0.024595
v -0.066933 1.477844 -0.018325
v -0.068601 1.477844 -0.011842
v -0.069608 1.477844 -0.005208
v -0.069945 1.477844 0.001514
v -0.069611 1.477844 0.008260
v -0.068615 1.477844 0.014967
v -0.066999 1.477844 0.021582
v -0.064853 1.477844 0.028083
v -0.062326 1.477844 0.034518
v -0.059522 1.477844 0.040978
v -0.056324 1.477844 0.047450
v -0.052343 1.477844 0.053599
v -0.047214 1.477844 0.058827
v -0.041007 1.477844 0.062711
v -0.034208 1.477844 0.065383
v -0.027302 1.477844 0.067338
v -0.020474 1.477844 0.068956
v -0.013683 1.477844 0.070280
v -0.006861 1.477844 0.071166
v 0.000000 1.481284 0.071124
v 0.006807 1.481284 0.070813
v 0.013575 1.481284 0.069910
v 0.020309 1.481284 0.068569
v 0.027075 1.481284 0.066938
v 0.033911 1.481284 0.064973
v 0.040636 1.481284 0.062302
v 0.046778 1.481284 0.058445
v 0.051865 1.481284 0.053273
v 0.055830 1.481284 0.047197
v 0.059022 1.481284 0.040799
v 0.061821 1.481284 0.034403
v 0.064338 1.481284 0.028024
v 0.066470 1.481284 0.021573
v 0.068075 1.481284 0.015008
v 0.069063 1.481284 0.008350
v 0.069395 1.481284 0.001651
v 0.069060 1.481284 -0.005024
v 0.068061 1.481284 -0.011613
v 0.066406 1.481284 -0.018053
v 0.064112 1.481284 -0.024283
v 0.061200 1.481284 -0.030246
v 0.057699 1.481284 -0.035887
v 0.053643 1.481284 -0.041154
v 0.049069 1.481284 -0.046001
v 0.044023 1.481284 -0.050383
v 0.038554 1.481284 -0.054272
v 0.032712 1.481284 -0.057672
v 0.026556 1.481284 -0.060680
v 0.020144 1.481284 -0.063498
v 0.013538 1.481284 -0.066232
v 0.006802 1.481284 -0.068484
v 0.000000 1.481284 -0.069394
v -0.006802 1.481284 -0.068484
v -0.013538 1.481284 -0.066232
v -0.020144 1.481284 -0.063498
v -0.026556 1.481284 -0.060680
v -0.032712 1.481284 -0.057672
v -0.038554 1.481284 -0.054272
v -0.044023 1.481284 -0.050383
v -0.049069 1.481284 -0.046001
v -0.053643 1.481284 -0.041154
v -0.057699 1.481284 -0.035887
v -0.061200 1.481284 -0.030246
v -0.064112 1.481284 -0.024283
v -0.066406 1.481284 -0.018053
v -0.068061 1.481284 -0.011613
v -0.069060 1.481284 -0.005024
v -0.069395 1.481284 0.001651
v -0.069063 1.481284 0.008350
v -0.068075 1.481284 0.015008
v -0.066470 1.481284 0.021573
v -0.064338 1.481284 0.028024
v -0.061821 1.481284 0.034403
v -0.059022 1.481284 0.040799
v -0.055830 1.481284 0.047197
v -0.051865 1.481284 0.053273
v -0.046778 1.481284 0.058445
v -0.040636 1.481284 0.062302
v -0.033911 1.481284 0.064971
v -0.027075 1.481284 0.066933
v -0.020309 1.481284 0.068553
v -0.013575 1.481284 0.069874
v -0.006807 1.481284 0.070754
v 0.000000 1.484725 0.070793
v 0.006752 1.484725 0.070471
v 0.013466 1.484725 0.069546
v 0.020144 1.484725 0.068184
v 0.026848 1.484725 0.066539
v 0.033613 1.484725 0.064562
v 0.040264 1.484725 0.061894
v 0.046342 1.484725 0.058063
v 0.051387 1.484725 0.052947
v 0.055335 1.484725 0.046945
v 0.058523 1.484725 0.040620
v 0.061316 1.484725 0.034287
v 0.063822 1.484725 0.027964
v 0.065941 1.484725 0.021564
v 0.067535 1.484725 0.015049
v 0.068515 1.484725 0.008439
v 0.068844 1.484725 0.001789
v 0.068513 1.484725 -0.004840
v 0.067521 1.484725 -0.011384
v 0.065880 1.484725 -0.017781
v 0.063604 1.484725 -0.023972
v 0.060715 1.484725 -0.029897
v 0.057242 1.484725 -0.035503
v 0.053217 1.484725 -0.040739
v 0.048680 1.484725 -0.045557
v 0.043674 1.484725 -0.049915
v 0.038248 1.484725 -0.053782
v 0.032453 1.484725 -0.057163
v 0.026345 1.484725 -0.060156
v 0.019984 1.484725 -0.062963
v 0.013431 1.484725 -0.065688
v 0.006748 1.484725 -0.067935
v 0.000000 1.484725 -0.068844
v -0.006748 1.484725 -0.067935
v -0.013431 1.484725 -0.065688
v -0.019984 1.484725 -0.062963
v -0.026345 1.484725 -0.060156
v -0.032453 1.484725 -0.057163
v -0.038248 1.484725 -0.053782
v -0.043674 1.484725 -0.049915
v -0.048680 1.484725 -0.045557
v -0.053217 1.484725 -0.040739
v -0.057242 1.484725 -0.035503
v -0.060715 1.484725 -0.029897
v -0.063604 1.484725 -0.023972
v -0.065880 1.484725 -0.017781
v -0.067521 1.484725 -0.011384
v -0.068513 1.484725 -0.004840
v -0.068844 1.484725 0.001789
v -0.068515 1.484725 0.008439
v -0.067535 1.484725 0.015049
v -0.065941 1.484725 0.021564
v -0.063822 1.484725 0.027964
v -0.061316 1.484725 0.034287
v -0.058523 1.484725 0.040620
v -0.055335 1.484725 0.046945
v -0.051387 1.484725 0.052947
v -0.046342 1.484725 0.058062
v -0.040264 1.484725 0.061893
v -0.033613 1.484725 0.064560
v -0.026848 1.484725 0.066527
v -0.020144 1.484725 0.068149
v -0.013466 1.484725 0.069467
v -0.006752 1.484725 0.070343
v 0.000000 1.488165 0.070536
v 0.006698 1.488165 0.070193
v 0.013358 1.488165 0.069221
v 0.019979 1.488165 0.067818
v 0.026621 1.488165 0.066145
v 0.033316 1.488165 0.064154
v 0.039892 1.488165 0.061485
v 0.045905 1.488165 0.057681
v 0.050910 1.488165 0.052622
v 0.054840 1.488165 0.046692
v 0.058023 1.488165 0.040440
v 0.060810 1.488165 0.034172
v 0.063306 1.488165 0.027904
v 0.065413 1.488165 0.021556
v 0.066994 1.488165 0.015090
v 0.067967 1.488165 0.008529
v 0.068294 1.488165 0.001927
v 0.067965 1.488165 -0.004656
v 0.066981 1.488165 -0.011155
v 0.065353 1.488165 -0.017510
v 0.063095 1.488165 -0.023660
v 0.060230 1.488165 -0.029548
v 0.056784 1.488165 -0.035119
v 0.052792 1.488165 -0.040323
v 0.048291 1.488165 -0.045113
v 0.043325 1.488165 -0.049446
v 0.037942 1.488165 -0.053291
v 0.032193 1.488165 -0.056654
v 0.026135 1.488165 -0.059632
v 0.019825 1.488165 -0.062427
v 0.013323 1.488165 -0.065145
v 0.006694 1.488165 -0.067386
v 0.000000 1.488165 -0.068294
v -0.006694 1.488165 -0.067386
v -0.013323 1.488165 -0.065145
v -0.019825 1.488165 -0.062427
v -0.026135 1.488165 -0.059632
v -0.032193 1.488165 -0.056654
v -0.037942 1.488165 -0.053291
v -0.043325 1.488165 -0.049446
v -0.048291 1.488165 -0.045113
v -0.052792 1.488165 -0.040323
v -0.056784 1.488165 -0.035119
v -0.060230 1.488165 -0.029548
v -0.063095 1.488165 -0.023660
v -0.065353 1.488165 -0.017510
v -0.066981 1.488165 -0.011155
v -0.067965 1.488165 -0.004656
v -0.068294 1.488165 0.001927
v -0.067967 1.488165 0.008529
v -0.066994 1.488165 0.015090
v -0.065413 1.488165 0.021556
v -0.063306 1.488165 0.027904
v -0.060810 1.488165 0.034172
v -0.058023 1.488165 0.040440
v -0.054840 1.488165 0.046692
v -0.050910 1.488165 0.052622
v -0.045905 1.488165 0.057680
v -0.039892 1.488165 0.061484
v -0.033316 1.488165 0.064148
v -0.026621 1.488165 0.066121
v -0.019979 1.488165 0.067746
v -0.013358 1.488165 0.069060
v -0.006698 1.488165 0.069931
v 0.000000 1.491606 0.070510
v 0.006654 1.491606 0.070127
v 0.013268 1.491606 0.069070
v 0.019842 1.491606 0.067589
v 0.026430 1.491606 0.065869
v 0.033064 1.491606 0.063853
v 0.039574 1.491606 0.061180
v 0.045530 1.491606 0.057398
v 0.050500 1.491606 0.052390
v 0.054420 1.491606 0.046528
v 0.057604 1.491606 0.040343
v 0.060390 1.491606 0.034130
v 0.062880 1.491606 0.027909
v 0.064976 1.491606 0.021601
v 0.066549 1.491606 0.015173
v 0.067515 1.491606 0.008649
v 0.067840 1.491606 0.002080
v 0.067513 1.491606 -0.004470
v 0.066536 1.491606 -0.010940
v 0.064918 1.491606 -0.017268
v 0.062675 1.491606 -0.023394
v 0.059829 1.491606 -0.029261
v 0.056406 1.491606 -0.034814
v 0.052441 1.491606 -0.040003
v 0.047970 1.491606 -0.044779
v 0.043037 1.491606 -0.049101
v 0.037690 1.491606 -0.052938
v 0.031979 1.491606 -0.056294
v 0.025961 1.491606 -0.059267
v 0.019693 1.491606 -0.062058
v 0.013235 1.491606 -0.064773
v 0.006649 1.491606 -0.067013
v 0.000000 1.491606 -0.067920
v -0.006649 1.491606 -0.067013
v -0.013235 1.491606 -0.064773
v -0.019693 1.491606 -0.062058
v -0.025961 1.491606 -0.059267
v -0.031979 1.491606 -0.056294
v -0.037690 1.491606 -0.052938
v -0.043037 1.491606 -0.049101
v -0.047970 1.491606 -0.044779
v -0.052441 1.491606 -0.040003
v -0.056406 1.491606 -0.034814
v -0.059829 1.491606 -0.029261
v -0.062675 1.491606 -0.023394
v -0.064918 1.491606 -0.017268
v -0.066536 1.491606 -0.010940
v -0.067513 1.491606 -0.004470
v -0.067840 1.491606 0.002080
v -0.067515 1.491606 0.008649
v -0.066549 1.491606 0.015173
v -0.064976 1.491606 0.021601
v -0.062880 1.491606 0.027909
v -0.060390 1.491606 0.034130
v -0.057604 1.491606 0.040343
v -0.054420 1.491606 0.046528
v -0.050500 1.491606 0.052390
v -0.045530 1.491606 0.057397
v -0.039574 1.491606 0.061178
v -0.033064 1.491606 0.063842
v -0.026430 1.491606 0.065824
v -0.019842 1.491606 0.067452
v -0.013268 1.491606 0.068765
v -0.006654 1.491606 0.069632
v 0.000000 1.495046 0.070781
v 0.006620 1.495046 0.070333
v 0.013200 1.495046 0.069135
v 0.019737 1.495046 0.067526
v 0.026282 1.495046 0.065729
v 0.032864 1.495046 0.063677
v 0.039317 1.495046 0.060993
v 0.045225 1.495046 0.057228
v 0.050168 1.495046 0.052266
v 0.054085 1.495046 0.046465
v 0.057276 1.495046 0.040338
v 0.060067 1.495046 0.034173
v 0.062555 1.495046 0.027987
v 0.064645 1.495046 0.021708
v 0.066211 1.495046 0.015305
v 0.067172 1.495046 0.008802
v 0.067496 1.495046 0.002252
v 0.067170 1.495046 -0.004283
v 0.066199 1.495046 -0.010741
v 0.064589 1.495046 -0.017061
v 0.062358 1.495046 -0.023181
v 0.059526 1.495046 -0.029046
v 0.056120 1.495046 -0.034600
v 0.052175 1.495046 -0.039791
v 0.047726 1.495046 -0.044572
v 0.042819 1.495046 -0.048899
v 0.037498 1.495046 -0.052742
v 0.031817 1.495046 -0.056104
v 0.025829 1.495046 -0.059082
v 0.019593 1.495046 -0.061879
v 0.013168 1.495046 -0.064597
v 0.006616 1.495046 -0.066840
v 0.000000 1.495046 -0.067748
v -0.006616 1.495046 -0.066840
v -0.013168 1.495046 -0.064597
v -0.019593 1.495046 -0.061879
v -0.025829 1.495046 -0.059082
v -0.031817 1.495046 -0.056104
v -0.037498 1.495046 -0.052742
v -0.042819 1.495046 -0.048899
v -0.047726 1.495046 -0.044572
v -0.052175 1.495046 -0.039791
v -0.056120 1.495046 -0.034600
v -0.059526 1.495046 -0.029046
v -0.062358 1.495046 -0.023181
v -0.064589 1.495046 -0.017061
v -0.066199 1.495046 -0.010741
v -0.067170 1.495046 -0.004283
v -0.067496 1.495046 0.002252
v -0.067172 1.495046 0.008802
v -0.066211 1.495046 0.015305
v -0.064645 1.495046 0.021708
v -0.062555 1.495046 0.027987
v -0.060067 1.495046 0.034173
v -0.057276 1.495046 0.040338
v -0.054085 1.495046 0.046465
v -0.050168 1.495046 0.052266
v -0.045225 1.495046 0.057227
v -0.039317 1.495046 0.060990
v -0.032864 1.495046 0.063658
v -0.026282 1.495046 0.065651
v -0.019737 1.495046 0.067285
v -0.013200 1.495046 0.068597
v -0.006620 1.495046 0.069461
v 0.000000 1.498486 0.071262
v 0.006586 1.498486 0.070719
v 0.013131 1.498486 0.069311
v 0.019632 1.498486 0.067513
v 0.026134 1.498486 0.065606
v 0.032664 1.498486 0.063504
v 0.039060 1.498486 0.060806
v 0.044919 1.498486 0.057058
v 0.049837 1.498486 0.052142
v 0.053750 1.498486 0.046402
v 0.056948 1.498486 0.040334
v 0.059744 1.498486 0.034215
v 0.062230 1.498486 0.028065
v 0.064314 1.498486 0.021815
v 0.065873 1.498486 0.015437
v 0.066830 1.498486 0.008956
v 0.067152 1.498486 0.002424
v 0.066828 1.498486 -0.004096
v 0.065861 1.498486 -0.010542
v 0.064260 1.498486 -0.016853
v 0.062040 1.498486 -0.022969
v 0.059222 1.498486 -0.028831
v 0.055834 1.498486 -0.034385
v 0.051909 1.498486 -0.039579
v 0.047483 1.498486 -0.044364
v 0.042600 1.498486 -0.048697
v 0.037307 1.498486 -0.052546
v 0.031655 1.498486 -0.055915
v 0.025698 1.498486 -0.058898
v 0.019493 1.498486 -0.061700
v 0.013101 1.498486 -0.064422
v 0.006582 1.498486 -0.066667
v 0.000000 1.498486 -0.067576
v -0.006582 1.498486 -0.066667
v -0.013101 1.498486 -0.064422
v -0.019493 1.498486 -0.061700
v -0.025698 1.498486 -0.058898
v -0.031655 1.498486 -0.055915
v -0.037307 1.498486 -0.052546
v -0.042600 1.498486 -0.048697
v -0.047483 1.498486 -0.044364
v -0.051909 1.498486 -0.039579
v -0.055834 1.498486 -0.034385
v -0.059222 1.498486 -0.028831
v -0.062040 1.498486 -0.022969
v -0.064260 1.498486 -0.016853
v -0.065861 1.498486 -0.010542
v -0.066828 1.498486 -0.004096
v -0.067152 1.498486 0.002424
v -0.066830 1.498486 0.008956
v -0.065873 1.498486 0.015437
v -0.064314 1.498486 0.021815
v -0.062230 1.498486 0.028065
v -0.059744 1.498486 0.034215
v -0.056948 1.498486 0.040334
v -0.053750 1.498486 0.046402
v -0.049837 1.498486 0.052142
v -0.044919 1.498486 0.057057
v -0.039060 1.498486 0.060801
v -0.032664 1.498486 0.063474
v -0.026134 1.498486 0.065477
v -0.019632 1.498486 0.067118
v -0.013131 1.498486 0.068429
v -0.006586 1.498486 0.069290
v 0.000000 1.501927 0.071966
v 0.006552 1.501927 0.071294
v 0.013063 1.501927 0.069604
v 0.019527 1.501927 0.067552
v 0.025986 1.501927 0.065499
v 0.032463 1.501927 0.063335
v 0.038803 1.501927 0.060620
v 0.044614 1.501927 0.056888
v 0.049505 1.501927 0.052018
v 0.053415 1.501927 0.046339
v 0.056620 1.501927 0.040329
v 0.059421 1.501927 0.034257
v 0.061905 1.501927 0.028143
v 0.063982 1.501927 0.021922
v 0.065535 1.501927 0.015569
v 0.066488 1.501927 0.009109
v 0.066808 1.501927 0.002596
v 0.066486 1.501927 -0.003908
v 0.065524 1.501927 -0.010343
v 0.063931 1.501927 -0.016646
v 0.061722 1.501927 -0.022756
v 0.058919 1.501927 -0.028616
v 0.055548 1.501927 -0.034171
v 0.051643 1.501927 -0.039367
v 0.047240 1.501927 -0.044156
v 0.042382 1.501927 -0.048495
v 0.037116 1.501927 -0.052350
v 0.031493 1.501927 -0.055725
v 0.025566 1.501927 -0.058714
v 0.019393 1.501927 -0.061521
v 0.013033 1.501927 -0.064247
v 0.006548 1.501927 -0.066494
v 0.000000 1.501927 -0.067404
v -0.006548 1.501927 -0.066494
v -0.013033 1.501927 -0.064247
v -0.019393 1.501927 -0.061521
v -0.025566 1.501927 -0.058714
v -0.031493 1.501927 -0.055725
v -0.037116 1.501927 -0.052350
v -0.042382 1.501927 -0.048495
v -0.047240 1.501927 -0.044156
v -0.051643 1.501927 -0.039367
v -0.055548 1.501927 -0.034171
v -0.058919 1.501927 -0.028616
v -0.061722 1.501927 -0.022756
v -0.063931 1.501927 -0.016646
v -0.065524 1.501927 -0.010343
v -0.066486 1.501927 -0.003908
v -0.066808 1.501927 0.002596
v -0.066488 1.501927 0.009109
v -0.065535 1.501927 0.015569
v -0.063982 1.501927 0.021922
v -0.061905 1.501927 0.028143
v -0.059421 1.501927 0.034257
v -0.056620 1.501927 0.040329
v -0.053415 1.501927 0.046339
v -0.049505 1.501927 0.052018
v -0.044614 1.501927 0.056887
v -0.038803 1.501927 0.060612
v -0.032463 1.501927 0.063289
v -0.025986 1.501927 0.065304
v -0.019527 1.501927 0.066950
v -0.013063 1.501927 0.068261
v -0.006552 1.501927 0.069119
v 0.000000 1.505367 0.072854
v 0.006518 1.505367 0.072026
v 0.012995 1.505367 0.069994
v 0.019422 1.505367 0.067635
v 0.025838 1.505367 0.065407
v 0.032263 1.505367 0.063170
v 0.038546 1.505367 0.060435
v 0.044308 1.505367 0.056719
v 0.049173 1.505367 0.051894
v 0.053079 1.505367 0.046276
v 0.056292 1.505367 0.040324
v 0.059098 1.505367 0.034299
v 0.061580 1.505367 0.028221
v 0.063651 1.505367 0.022029
v 0.065197 1.505367 0.015700
v 0.066145 1.505367 0.009263
v 0.066464 1.505367 0.002768
v 0.066143 1.505367 -0.003721
v 0.065186 1.505367 -0.010144
v 0.063601 1.505367 -0.016438
v 0.061404 1.505367 -0.022543
v 0.058615 1.505367 -0.028402
v 0.055262 1.505367 -0.033956
v 0.051377 1.505367 -0.039155
v 0.046997 1.505367 -0.043949
v 0.042164 1.505367 -0.048293
v 0.036925 1.505367 -0.052153
v 0.031331 1.505367 -0.055535
v 0.025434 1.505367 -0.058530
v 0.019293 1.505367 -0.061342
v 0.012966 1.505367 -0.064072
v 0.006515 1.505367 -0.066321
v 0.000000 1.505367 -0.067232
v -0.006515 1.505367 -0.066321
v -0.012966 1.505367 -0.064072
v -0.019293 1.505367 -0.061342
v -0.025434 1.505367 -0.058530
v -0.031331 1.505367 -0.055535
v -0.036925 1.505367 -0.052153
v -0.042164 1.505367 -0.048293
v -0.046997 1.505367 -0.043949
v -0.051377 1.505367 -0.039155
v -0.055262 1.505367 -0.033956
v -0.058615 1.505367 -0.028402
v -0.061404 1.505367 -0.022543
v -0.063601 1.505367 -0.016438
v -0.065186 1.505367 -0.010144
v -0.066143 1.505367 -0.003721
v -0.066464 1.505367 0.002768
v -0.066145 1.505367 0.009263
v -0.065197 1.505367 0.015700
v -0.063651 1.505367 0.022029
v -0.061580 1.505367 0.028221
v -0.059098 1.505367 0.034299
v -0.056292 1.505367 0.040324
v -0.053079 1.505367 0.046276
v -0.049173 1.505367 0.051893
v -0.044308 1.505367 0.056718
v -0.038546 1.505367 0.060424
v -0.032263 1.505367 0.063105
v -0.025838 1.505367 0.065131
v -0.019422 1.505367 0.066783
v -0.012995 1.505367 0.068093
v -0.006518 1.505367 0.068948
v 0.000000 1.508807 0.073822
v 0.006484 1.508807 0.072826
v 0.012926 1.508807 0.070426
v 0.019316 1.508807 0.067736
v 0.025690 1.508807 0.065321
v 0.032063 1.508807 0.063006
v 0.038289 1.508807 0.060250
v 0.044003 1.508807 0.056549
v 0.048841 1.508807 0.051770
v 0.052744 1.508807 0.046213
v 0.055964 1.508807 0.040320
v 0.058775 1.508807 0.034341
v 0.061255 1.508807 0.028299
v 0.063320 1.508807 0.022136
v 0.064859 1.508807 0.015832
v 0.065803 1.508807 0.009416
v 0.066120 1.508807 0.002940
v 0.065801 1.508807 -0.003534
v 0.064849 1.508807 -0.009945
v 0.063272 1.508807 -0.016231
v 0.061086 1.508807 -0.022331
v 0.058312 1.508807 -0.028187
v 0.054976 1.508807 -0.033742
v 0.051111 1.508807 -0.038943
v 0.046753 1.508807 -0.043741
v 0.041946 1.508807 -0.048090
v 0.036734 1.508807 -0.051957
v 0.031168 1.508807 -0.055345
v 0.025303 1.508807 -0.058346
v 0.019193 1.508807 -0.061162
v 0.012899 1.508807 -0.063896
v 0.006481 1.508807 -0.066149
v 0.000000 1.508807 -0.067060
v -0.006481 1.508807 -0.066149
v -0.012899 1.508807 -0.063896
v -0.019193 1.508807 -0.061162
v -0.025303 1.508807 -0.058346
v -0.031168 1.508807 -0.055345
v -0.036734 1.508807 -0.051957
v -0.041946 1.508807 -0.048090
v -0.046753 1.508807 -0.043741
v -0.051111 1.508807 -0.038943
v -0.054976 1.508807 -0.033742
v -0.058312 1.508807 -0.028187
v -0.061086 1.508807 -0.022331
v -0.063272 1.508807 -0.016231
v -0.064849 1.508807 -0.009945
v -0.065801 1.508807 -0.003534
v -0.066120 1.508807 0.002940
v -0.065803 1.508807 0.009416
v -0.064859 1.508807 0.015832
v -0.063320 1.508807 0.022136
v -0.061255 1.508807 0.028299
v -0.058775 1.508807 0.034341
v -0.055964 1.508807 0.040320
v -0.052744 1.508807 0.046213
v -0.048841 1.508807 0.051769
v -0.044003 1.508807 0.056548
v -0.038289 1.508807 0.060235
v -0.032063 1.508807 0.062920
v -0.025690 1.508807 0.064957
v -0.019316 1.508807 0.066616
v -0.012926 1.508807 0.067925
v -0.006484 1.508807 0.068777
v 0.000000 1.512248 0.074710
v 0.006450 1.512248 0.073558
v 0.012858 1.512248 0.070815
v 0.019211 1.512248 0.067818
v 0.025542 1.512248 0.065229
v 0.031863 1.512248 0.062841
v 0.038032 1.512248 0.060065
v 0.043697 1.512248 0.056380
v 0.048510 1.512248 0.051645
v 0.052409 1.512248 0.046149
v 0.055636 1.512248 0.040315
v 0.058452 1.512248 0.034384
v 0.060930 1.512248 0.028377
v 0.062989 1.512248 0.022243
v 0.064521 1.512248 0.015964
v 0.065460 1.512248 0.009570
v 0.065775 1.512248 0.003112
v 0.065459 1.512248 -0.003347
v 0.064511 1.512248 -0.009746
v 0.062943 1.512248 -0.016023
v 0.060768 1.512248 -0.022118
v 0.058009 1.512248 -0.027972
v 0.054690 1.512248 -0.033528
v 0.050845 1.512248 -0.038732
v 0.046510 1.512248 -0.043534
v 0.041727 1.512248 -0.047888
v 0.036543 1.512248 -0.051761
v 0.031006 1.512248 -0.055155
v 0.025171 1.512248 -0.058162
v 0.019094 1.512248 -0.060983
v 0.012832 1.512248 -0.063721
v 0.006447 1.512248 -0.065976
v 0.000000 1.512248 -0.066888
v -0.006447 1.512248 -0.065976
v -0.012832 1.512248 -0.063721
v -0.019094 1.512248 -0.060983
v -0.025171 1.512248 -0.058162
v -0.031006 1.512248 -0.055155
v -0.036543 1.512248 -0.051761
v -0.041727 1.512248 -0.047888
v -0.046510 1.512248 -0.043534
v -0.050845 1.512248 -0.038732
v -0.054690 1.512248 -0.033528
v -0.058009 1.512248 -0.027972
v -0.060768 1.512248 -0.022118
v -0.062943 1.512248 -0.016023
v -0.064511 1.512248 -0.009746
v -0.065459 1.512248 -0.003347
v -0.065775 1.512248 0.003112
v -0.065460 1.512248 0.009570
v -0.064521 1.512248 0.015964
v -0.062989 1.512248 0.022243
v -0.060930 1.512248 0.028377
v -0.058452 1.512248 0.034384
v -0.055636 1.512248 0.040315
v -0.052409 1.512248 0.046149
v -0.048510 1.512248 0.051645
v -0.043697 1.512248 0.056378
v -0.038032 1.512248 0.060047
v -0.031863 1.512248 0.062736
v -0.025542 1.512248 0.064784
v -0.019211 1.512248 0.066448
v -0.012858 1.512248 0.067757
v -0.006450 1.512248 0.068606
v 0.000000 1.515688 0.075332
v 0.006417 1.515688 0.074064
v 0.012790 1.515688 0.071065
v 0.019106 1.515688 0.067838
v 0.025394 1.515688 0.065116
v 0.031663 1.515688 0.062671
v 0.037775 1.515688 0.059879
v 0.043392 1.515688 0.056210
v 0.048178 1.515688 0.051521
v 0.052074 1.515688 0.046086
v 0.055308 1.515688 0.040310
v 0.058129 1.515688 0.034426
v 0.060605 1.515688 0.028455
v 0.062657 1.515688 0.022350
v 0.064184 1.515688 0.016096
v 0.065118 1.515688 0.009723
v 0.065431 1.515688 0.003284
v 0.065116 1.515688 -0.003160
v 0.064174 1.515688 -0.009547
v 0.062614 1.515688 -0.015816
v 0.060451 1.515688 -0.021906
v 0.057705 1.515688 -0.027757
v 0.054404 1.515688 -0.033313
v 0.050579 1.515688 -0.038520
v 0.046267 1.515688 -0.043326
v 0.041509 1.515688 -0.047686
v 0.036352 1.515688 -0.051565
v 0.030844 1.515688 -0.054965
v 0.025039 1.515688 -0.057978
v 0.018994 1.515688 -0.060804
v 0.012765 1.515688 -0.063546
v 0.006413 1.515688 -0.065803
v 0.000000 1.515688 -0.066716
v -0.006413 1.515688 -0.065803
v -0.012765 1.515688 -0.063546
v -0.018994 1.515688 -0.060804
v -0.025039 1.515688 -0.057978
v -0.030844 1.515688 -0.054965
v -0.036352 1.515688 -0.051565
v -0.041509 1.515688 -0.047686
v -0.046267 1.515688 -0.043326
v -0.050579 1.515688 -0.038520
v -0.054404 1.515688 -0.033313
v -0.057705 1.515688 -0.027757
v -0.060451 1.515688 -0.021906
v -0.062614 1.515688 -0.015816
v -0.064174 1.515688 -0.009547
v -0.065116 1.515688 -0.003160
v -0.065431 1.515688 0.003284
v -0.065118 1.515688 0.009723
v -0.064184 1.515688 0.016096
v -0.062657 1.515688 0.022350
v -0.060605 1.515688 0.028455
v -0.058129 1.515688 0.034426
v -0.055308 1.515688 0.040310
v -0.052074 1.515688 0.046086
v -0.048178 1.515688 0.051521
v -0.043392 1.515688 0.056208
v -0.037775 1.515688 0.059858
v -0.031663 1.515688 0.062552
v -0.025394 1.515688 0.064611
v -0.019106 1.515688 0.066281
v -0.012790 1.515688 0.067589
v -0.006417 1.515688 0.068435
v 0.000000 1.519128 0.075534
v 0.006383 1.519128 0.074211
v 0.012722 1.519128 0.071094
v 0.019001 1.519128 0.067759
v 0.025246 1.519128 0.064972
v 0.031463 1.519128 0.062493
v 0.037518 1.519128 0.059691
v 0.043087 1.519128 0.056040
v 0.047846 1.519128 0.051397
v 0.051739 1.519128 0.046023
v 0.054980 1.519128 0.040306
v 0.057806 1.519128 0.034468
v 0.060280 1.519128 0.028533
v 0.062326 1.519128 0.022457
v 0.063846 1.519128 0.016228
v 0.064775 1.519128 0.009877
v 0.065087 1.519128 0.003456
v 0.064774 1.519128 -0.002972
v 0.063837 1.519128 -0.009348
v 0.062285 1.519128 -0.015608
v 0.060133 1.519128 -0.021693
v 0.057402 1.519128 -0.027542
v 0.054118 1.519128 -0.033099
v 0.050313 1.519128 -0.038308
v 0.046024 1.519128 -0.043118
v 0.041291 1.519128 -0.047484
v 0.036160 1.519128 -0.051369
v 0.030682 1.519128 -0.054775
v 0.024908 1.519128 -0.057794
v 0.018894 1.519128 -0.060625
v 0.012698 1.519128 -0.063371
v 0.006380 1.519128 -0.065630
v 0.000000 1.519128 -0.066544
v -0.006380 1.519128 -0.065630
v -0.012698 1.519128 -0.063371
v -0.018894 1.519128 -0.060625
v -0.024908 1.519128 -0.057794
v -0.030682 1.519128 -0.054775
v -0.036160 1.519128 -0.051369
v -0.041291 1.519128 -0.047484
v -0.046024 1.519128 -0.043118
v -0.050313 1.519128 -0.038308
v -0.054118 1.519128 -0.033099
v -0.057402 1.519128 -0.027542
v -0.060133 1.519128 -0.021693
v -0.062285 1.519128 -0.015608
v -0.063837 1.519128 -0.009348
v -0.064774 1.519128 -0.002972
v -0.065087 1.519128 0.003456
v -0.064775 1.519128 0.009877
v -0.063846 1.519128 0.016228
v -0.062326 1.519128 0.022457
v -0.060280 1.519128 0.028533
v -0.057806 1.519128 0.034468
v -0.054980 1.519128 0.040306
v -0.051739 1.519128 0.046023
v -0.047846 1.519128 0.051397
v -0.043087 1.519128 0.056038
v -0.037518 1.519128 0.059670
v -0.031463 1.519128 0.062367
v -0.025246 1.519128 0.064437
v -0.019001 1.519128 0.066114
v -0.012722 1.519128 0.067421
v -0.006383 1.519128 0.068264
v 0.000000 1.522569 0.075237
v 0.006349 1.522569 0.073934
v 0.012653 1.522569 0.070861
v 0.018896 1.522569 0.067562
v 0.025098 1.522569 0.064789
v 0.031263 1.522569 0.062306
v 0.037261 1.522569 0.059502
v 0.042781 1.522569 0.055870
v 0.047514 1.522569 0.051273
v 0.051404 1.522569 0.045960
v 0.054652 1.522569 0.040301
v 0.057483 1.522569 0.034510
v 0.059955 1.522569 0.028611
v 0.061995 1.522569 0.022564
v 0.063508 1.522569 0.016360
v 0.064433 1.522569 0.010030
v 0.064743 1.522569 0.003628
v 0.064431 1.522569 -0.002785
v 0.063499 1.522569 -0.009149
v 0.061955 1.522569 -0.015401
v 0.059815 1.522569 -0.021480
v 0.057098 1.522569 -0.027327
v 0.053832 1.522569 -0.032884
v 0.050047 1.522569 -0.038096
v 0.045780 1.522569 -0.042911
v 0.041073 1.522569 -0.047282
v 0.035969 1.522569 -0.051173
v 0.030520 1.522569 -0.054585
v 0.024776 1.522569 -0.057609
v 0.018794 1.522569 -0.060446
v 0.012631 1.522569 -0.063195
v 0.006346 1.522569 -0.065457
v 0.000000 1.522569 -0.066372
v -0.006346 1.522569 -0.065457
v -0.012631 1.522569 -0.063195
v -0.018794 1.522569 -0.060446
v -0.024776 1.522569 -0.057609
v -0.030520 1.522569 -0.054585
v -0.035969 1.522569 -0.051173
v -0.041073 1.522569 -0.047282
v -0.045780 1.522569 -0.042911
v -0.050047 1.522569 -0.038096
v -0.053832 1.522569 -0.032884
v -0.057098 1.522569 -0.027327
v -0.059815 1.522569 -0.021480
v -0.061955 1.522569 -0.015401
v -0.063499 1.522569 -0.009149
v -0.064431 1.522569 -0.002785
v -0.064743 1.522569 0.003628
v -0.064433 1.522569 0.010030
v -0.063508 1.522569 0.016360
v -0.061995 1.522569 0.022564
v -0.059955 1.522569 0.028611
v -0.057483 1.522569 0.034510
v -0.054652 1.522569 0.040301
v -0.051404 1.522569 0.045960
v -0.047514 1.522569 0.051273
v -0.042781 1.522569 0.055868
v -0.037261 1.522569 0.059481
v -0.031263 1.522569 0.062183
v -0.025098 1.522569 0.064264
v -0.018896 1.522569 0.065947
v -0.012653 1.522569 0.067253
v -0.006349 1.522569 0.068093
v 0.000000 1.526009 0.074468
v 0.006315 1.526009 0.073255
v 0.012585 1.526009 0.070379
v 0.018791 1.526009 0.067255
v 0.024950 1.526009 0.064570
v 0.031063 1.526009 0.062111
v 0.037004 1.526009 0.059312
v 0.042476 1.526009 0.055700
v 0.047183 1.526009 0.051149
v 0.051068 1.526009 0.045897
v 0.054325 1.526009 0.040297
v 0.057160 1.526009 0.034553
v 0.059630 1.526009 0.028689
v 0.061664 1.526009 0.022671
v 0.063170 1.526009 0.016491
v 0.064090 1.526009 0.010184
v 0.064399 1.526009 0.003800
v 0.064089 1.526009 -0.002598
v 0.063162 1.526009 -0.008950
v 0.061626 1.526009 -0.015193
v 0.059497 1.526009 -0.021268
v 0.056795 1.526009 -0.027112
v 0.053546 1.526009 -0.032670
v 0.049781 1.526009 -0.037884
v 0.045537 1.526009 -0.042703
v 0.040854 1.526009 -0.047079
v 0.035778 1.526009 -0.050977
v 0.030358 1.526009 -0.054395
v 0.024644 1.526009 -0.057425
v 0.018694 1.526009 -0.060267
v 0.012564 1.526009 -0.063020
v 0.006312 1.526009 -0.065284
v 0.000000 1.526009 -0.066200
v -0.006312 1.526009 -0.065284
v -0.012564 1.526009 -0.063020
v -0.018694 1.526009 -0.060267
v -0.024644 1.526009 -0.057425
v -0.030358 1.526009 -0.054395
v -0.035778 1.526009 -0.050977
v -0.040854 1.526009 -0.047079
v -0.045537 1.526009 -0.042703
v -0.049781 1.526009 -0.037884
v -0.053546 1.526009 -0.032670
v -0.056795 1.526009 -0.027112
v -0.059497 1.526009 -0.021268
v -0.061626 1.526009 -0.015193
v -0.063162 1.526009 -0.008950
v -0.064089 1.526009 -0.002598
v -0.064399 1.526009 0.003800
v -0.064090 1.526009 0.010184
v -0.063170 1.526009 0.016491
v -0.061664 1.526009 0.022671
v -0.059630 1.526009 0.028689
v -0.057160 1.526009 0.034553
v -0.054325 1.526009 0.040297
v -0.051068 1.526009 0.045897
v -0.047183 1.526009 0.051149
v -0.042476 1.526009 0.055698
v -0.037004 1.526009 0.059293
v -0.031063 1.526009 0.061998
v -0.024950 1.526009 0.064091
v -0.018791 1.526009 0.065780
v -0.012585 1.526009 0.067086
v -0.006315 1.526009 0.067923
v 0.000000 1.529450 0.073350
v 0.006281 1.529450 0.072279
v 0.012517 1.529450 0.069714
v 0.018686 1.529450 0.066865
v 0.024802 1.529450 0.064325
v 0.030863 1.529450 0.061910
v 0.036747 1.529450 0.059121
v 0.042170 1.529450 0.055530
v 0.046851 1.529450 0.051025
v 0.050733 1.529450 0.045834
v 0.053997 1.529450 0.040292
v 0.056837 1.529450 0.034595
v 0.059305 1.529450 0.028767
v 0.061332 1.529450 0.022778
v 0.062832 1.529450 0.016623
v 0.063748 1.529450 0.010337
v 0.064055 1.529450 0.003972
v 0.063747 1.529450 -0.002411
v 0.062824 1.529450 -0.008751
v 0.061297 1.529450 -0.014986
v 0.059179 1.529450 -0.021055
v 0.056492 1.529450 -0.026897
v 0.053260 1.529450 -0.032455
v 0.049515 1.529450 -0.037672
v 0.045294 1.529450 -0.042495
v 0.040636 1.529450 -0.046877
v 0.035587 1.529450 -0.050781
v 0.030195 1.529450 -0.054205
v 0.024513 1.529450 -0.057241
v 0.018594 1.529450 -0.060088
v 0.012497 1.529450 -0.062845
v 0.006278 1.529450 -0.065111
v 0.000000 1.529450 -0.066028
v -0.006278 1.529450 -0.065111
v -0.012497 1.529450 -0.062845
v -0.018594 1.529450 -0.060088
v -0.024513 1.529450 -0.057241
v -0.030195 1.529450 -0.054205
v -0.035587 1.529450 -0.050781
v -0.040636 1.529450 -0.046877
v -0.045294 1.529450 -0.042495
v -0.049515 1.529450 -0.037672
v -0.053260 1.529450 -0.032455
v -0.056492 1.529450 -0.026897
v -0.059179 1.529450 -0.021055
v -0.061297 1.529450 -0.014986
v -0.062824 1.529450 -0.008751
v -0.063747 1.529450 -0.002411
v -0.064055 1.529450 0.003972
v -0.063748 1.529450 0.010337
v -0.062832 1.529450 0.016623
v -0.061332 1.529450 0.022778
v -0.059305 1.529450 0.028767
v -0.056837 1.529450 0.034595
v -0.053997 1.529450 0.040292
v -0.050733 1.529450 0.045834
v -0.046851 1.529450 0.051025
v -0.042170 1.529450 0.055528
v -0.036747 1.529450 0.059104
v -0.030863 1.529450 0.061814
v -0.024802 1.529450 0.063918
v -0.018686 1.529450 0.065614
v -0.012517 1.529450 0.066919
v -0.006281 1.529450 0.067753
v 0.000000 1.532890 0.072783
v 0.006287 1.532890 0.071875
v 0.012527 1.532890 0.069667
v 0.018698 1.532890 0.067125
v 0.024808 1.532890 0.064731
v 0.030853 1.532890 0.062337
v 0.036714 1.532890 0.059521
v 0.042122 1.532890 0.055907
v 0.046805 1.532890 0.051397
v 0.050711 1.532890 0.046212
v 0.054005 1.532890 0.040669
v 0.056871 1.532890 0.034955
v 0.059354 1.532890 0.029097
v 0.061388 1.532890 0.023068
v 0.062891 1.532890 0.016868
v 0.063808 1.532890 0.010533
v 0.064116 1.532890 0.004116
v 0.063807 1.532890 -0.002323
v 0.062884 1.532890 -0.008720
v 0.061355 1.532890 -0.015015
v 0.059235 1.532890 -0.021143
v 0.056545 1.532890 -0.027046
v 0.053310 1.532890 -0.032662
v 0.049562 1.532890 -0.037936
v 0.045337 1.532890 -0.042813
v 0.040675 1.532890 -0.047245
v 0.035621 1.532890 -0.051194
v 0.030224 1.532890 -0.054659
v 0.024536 1.532890 -0.057729
v 0.018612 1.532890 -0.060602
v 0.012508 1.532890 -0.063379
v 0.006284 1.532890 -0.065658
v 0.000000 1.532890 -0.066578
v -0.006284 1.532890 -0.065658
v -0.012508 1.532890 -0.063379
v -0.018612 1.532890 -0.060602
v -0.024536 1.532890 -0.057729
v -0.030224 1.532890 -0.054659
v -0.035621 1.532890 -0.051194
v -0.040675 1.532890 -0.047245
v -0.045337 1.532890 -0.042813
v -0.049562 1.532890 -0.037936
v -0.053310 1.532890 -0.032662
v -0.056545 1.532890 -0.027046
v -0.059235 1.532890 -0.021143
v -0.061355 1.532890 -0.015015
v -0.062884 1.532890 -0.008720
v -0.063807 1.532890 -0.002323
v -0.064116 1.532890 0.004116
v -0.063808 1.532890 0.010533
v -0.062891 1.532890 0.016868
v -0.061388 1.532890 0.023068
v -0.059354 1.532890 0.029097
v -0.056871 1.532890 0.034955
v -0.054005 1.532890 0.040669
v -0.050711 1.532890 0.046212
v -0.046805 1.532890 0.051397
v -0.042122 1.532890 0.055905
v -0.036714 1.532890 0.059508
v -0.030853 1.532890 0.062262
v -0.024808 1.532890 0.064410
v -0.018698 1.532890 0.066138
v -0.012527 1.532890 0.067463
v -0.006287 1.532890 0.068306
v 0.000000 1.536330 0.072365
v 0.006300 1.536330 0.071619
v 0.012553 1.536330 0.069763
v 0.018733 1.536330 0.067522
v 0.024845 1.536330 0.065266
v 0.030880 1.536330 0.062886
v 0.036725 1.536330 0.060035
v 0.042122 1.536330 0.056388
v 0.046814 1.536330 0.051865
v 0.050748 1.536330 0.046674
v 0.054078 1.536330 0.041118
v 0.056972 1.536330 0.035376
v 0.059474 1.536330 0.029475
v 0.061518 1.536330 0.023393
v 0.063026 1.536330 0.017135
v 0.063945 1.536330 0.010736
v 0.064253 1.536330 0.004253
v 0.063944 1.536330 -0.002254
v 0.063019 1.536330 -0.008722
v 0.061486 1.536330 -0.015088
v 0.059362 1.536330 -0.021289
v 0.056666 1.536330 -0.027263
v 0.053425 1.536330 -0.032949
v 0.049668 1.536330 -0.038290
v 0.045434 1.536330 -0.043231
v 0.040762 1.536330 -0.047722
v 0.035697 1.536330 -0.051724
v 0.030289 1.536330 -0.055235
v 0.024589 1.536330 -0.058344
v 0.018652 1.536330 -0.061249
v 0.012535 1.536330 -0.064049
v 0.006298 1.536330 -0.066341
v 0.000000 1.536330 -0.067266
v -0.006298 1.536330 -0.066341
v -0.012535 1.536330 -0.064049
v -0.018652 1.536330 -0.061249
v -0.024589 1.536330 -0.058344
v -0.030289 1.536330 -0.055235
v -0.035697 1.536330 -0.051724
v -0.040762 1.536330 -0.047722
v -0.045434 1.536330 -0.043231
v -0.049668 1.536330 -0.038290
v -0.053425 1.536330 -0.032949
v -0.056666 1.536330 -0.027263
v -0.059362 1.536330 -0.021289
v -0.061486 1.536330 -0.015088
v -0.063019 1.536330 -0.008722
v -0.063944 1.536330 -0.002254
v -0.064253 1.536330 0.004253
v -0.063945 1.536330 0.010736
v -0.063026 1.536330 0.017135
v -0.061518 1.536330 0.023393
v -0.059474 1.536330 0.029475
v -0.056972 1.536330 0.035376
v -0.054078 1.536330 0.041118
v -0.050748 1.536330 0.046674
v -0.046814 1.536330 0.051864
v -0.042122 1.536330 0.056387
v -0.036725 1.536330 0.060025
v -0.030880 1.536330 0.062831
v -0.024845 1.536330 0.065031
v -0.018733 1.536330 0.066798
v -0.012553 1.536330 0.068147
v -0.006300 1.536330 0.069002
v 0.000000 1.539771 0.072103
v 0.006314 1.539771 0.071498
v 0.012579 1.539771 0.069946
v 0.018768 1.539771 0.067961
v 0.024881 1.539771 0.065817
v 0.030907 1.539771 0.063441
v 0.036736 1.539771 0.060551
v 0.042122 1.539771 0.056870
v 0.046823 1.539771 0.052332
v 0.050785 1.539771 0.047136
v 0.054150 1.539771 0.041568
v 0.057074 1.539771 0.035797
v 0.059594 1.539771 0.029853
v 0.061648 1.539771 0.023718
v 0.063160 1.539771 0.017401
v 0.064082 1.539771 0.010940
v 0.064391 1.539771 0.004391
v 0.064081 1.539771 -0.002185
v 0.063154 1.539771 -0.008724
v 0.061618 1.539771 -0.015162
v 0.059489 1.539771 -0.021435
v 0.056788 1.539771 -0.027480
v 0.053539 1.539771 -0.033236
v 0.049775 1.539771 -0.038644
v 0.045531 1.539771 -0.043648
v 0.040849 1.539771 -0.048198
v 0.035774 1.539771 -0.052253
v 0.030354 1.539771 -0.055811
v 0.024641 1.539771 -0.058960
v 0.018692 1.539771 -0.061896
v 0.012562 1.539771 -0.064718
v 0.006311 1.539771 -0.067025
v 0.000000 1.539771 -0.067954
v -0.006311 1.539771 -0.067025
v -0.012562 1.539771 -0.064718
v -0.018692 1.539771 -0.061896
v -0.024641 1.539771 -0.058960
v -0.030354 1.539771 -0.055811
v -0.035774 1.539771 -0.052253
v -0.040849 1.539771 -0.048198
v -0.045531 1.539771 -0.043648
v -0.049775 1.539771 -0.038644
v -0.053539 1.539771 -0.033236
v -0.056788 1.539771 -0.027480
v -0.059489 1.539771 -0.021435
v -0.061618 1.539771 -0.015162
v -0.063154 1.539771 -0.008724
v -0.064081 1.539771 -0.002185
v -0.064391 1.539771 0.004391
v -0.064082 1.539771 0.010940
v -0.063160 1.539771 0.017401
v -0.061648 1.539771 0.023718
v -0.059594 1.539771 0.029853
v -0.057074 1.539771 0.035797
v -0.054150 1.539771 0.041568
v -0.050785 1.539771 0.047136
v -0.046823 1.539771 0.052332
v -0.042122 1.539771 0.056869
v -0.036736 1.539771 0.060544
v -0.030907 1.539771 0.063403
v -0.024881 1.539771 0.065657
v -0.018768 1.539771 0.067467
v -0.012579 1.539771 0.068844
v -0.006314 1.539771 0.069714
v 0.000000 1.543211 0.072088
v 0.006327 1.543211 0.071590
v 0.012605 1.543211 0.070267
v 0.018803 1.543211 0.068469
v 0.024917 1.543211 0.066398
v 0.030934 1.543211 0.064006
v 0.036746 1.543211 0.061071
v 0.042122 1.543211 0.057354
v 0.046832 1.543211 0.052800
v 0.050822 1.543211 0.047599
v 0.054223 1.543211 0.042018
v 0.057176 1.543211 0.036218
v 0.059714 1.543211 0.030230
v 0.061777 1.543211 0.024044
v 0.063295 1.543211 0.017668
v 0.064219 1.543211 0.011144
v 0.064529 1.543211 0.004528
v 0.064218 1.543211 -0.002116
v 0.063289 1.543211 -0.008726
v 0.061750 1.543211 -0.015236
v 0.059617 1.543211 -0.021581
v 0.056909 1.543211 -0.027698
v 0.053653 1.543211 -0.033523
v 0.049881 1.543211 -0.038998
v 0.045628 1.543211 -0.044066
v 0.040936 1.543211 -0.048675
v 0.035850 1.543211 -0.052783
v 0.030418 1.543211 -0.056388
v 0.024694 1.543211 -0.059575
v 0.018732 1.543211 -0.062543
v 0.012589 1.543211 -0.065388
v 0.006325 1.543211 -0.067708
v 0.000000 1.543211 -0.068642
v -0.006325 1.543211 -0.067708
v -0.012589 1.543211 -0.065388
v -0.018732 1.543211 -0.062543
v -0.024694 1.543211 -0.059575
v -0.030418 1.543211 -0.056388
v -0.035850 1.543211 -0.052783
v -0.040936 1.543211 -0.048675
v -0.045628 1.543211 -0.044066
v -0.049881 1.543211 -0.038998
v -0.053653 1.543211 -0.033523
v -0.056909 1.543211 -0.027698
v -0.059617 1.543211 -0.021581
v -0.061750 1.543211 -0.015236
v -0.063289 1.543211 -0.008726
v -0.064218 1.543211 -0.002116
v -0.064529 1.543211 0.004528
v -0.064219 1.543211 0.011144
v -0.063295 1.543211 0.017668
v -0.061777 1.543211 0.024044
v -0.059714 1.543211 0.030230
v -0.057176 1.543211 0.036218
v -0.054223 1.543211 0.042018
v -0.050822 1.543211 0.047599
v -0.046832 1.543211 0.052800
v -0.042122 1.543211 0.057353
v -0.036746 1.543211 0.061067
v -0.030934 1.543211 0.063982
v -0.024917 1.543211 0.066296
v -0.018803 1.543211 0.068156
v -0.012605 1.543211 0.069568
v -0.006327 1.543211 0.070460
v 0.000000 1.546651 0.072365
v 0.006340 1.546651 0.071938
v 0.012630 1.546651 0.070761
v 0.018837 1.546651 0.069070
v 0.024953 1.546651 0.067019
v 0.030961 1.546651 0.064589
v 0.036757 1.546651 0.061598
v 0.042122 1.546651 0.057841
v 0.046841 1.546651 0.053270
v 0.050860 1.546651 0.048062
v 0.054295 1.546651 0.042468
v 0.057278 1.546651 0.036639
v 0.059834 1.546651 0.030608
v 0.061907 1.546651 0.024369
v 0.063429 1.546651 0.017934
v 0.064356 1.546651 0.011348
v 0.064666 1.546651 0.004666
v 0.064355 1.546651 -0.002047
v 0.063424 1.546651 -0.008728
v 0.061882 1.546651 -0.015310
v 0.059744 1.546651 -0.021727
v 0.057030 1.546651 -0.027915
v 0.053768 1.546651 -0.033810
v 0.049988 1.546651 -0.039353
v 0.045726 1.546651 -0.044484
v 0.041024 1.546651 -0.049151
v 0.035927 1.546651 -0.053313
v 0.030483 1.546651 -0.056964
v 0.024747 1.546651 -0.060191
v 0.018772 1.546651 -0.063190
v 0.012616 1.546651 -0.066058
v 0.006338 1.546651 -0.068392
v 0.000000 1.546651 -0.069330
v -0.006338 1.546651 -0.068392
v -0.012616 1.546651 -0.066058
v -0.018772 1.546651 -0.063190
v -0.024747 1.546651 -0.060191
v -0.030483 1.546651 -0.056964
v -0.035927 1.546651 -0.053313
v -0.041024 1.546651 -0.049151
v -0.045726 1.546651 -0.044484
v -0.049988 1.546651 -0.039353
v -0.053768 1.546651 -0.033810
v -0.057030 1.546651 -0.027915
v -0.059744 1.546651 -0.021727
v -0.061882 1.546651 -0.015310
v -0.063424 1.546651 -0.008728
v -0.064355 1.546651 -0.002047
v -0.064666 1.546651 0.004666
v -0.064356 1.546651 0.011348
v -0.063429 1.546651 0.017934
v -0.061907 1.546651 0.024369
v -0.059834 1.546651 0.030608
v -0.057278 1.546651 0.036639
v -0.054295 1.546651 0.042468
v -0.050860 1.546651 0.048062
v -0.046841 1.546651 0.053270
v -0.042122 1.546651 0.057841
v -0.036757 1.546651 0.061596
v -0.030961 1.546651 0.064574
v -0.024953 1.546651 0.066959
v -0.018837 1.546651 0.068884
v -0.012630 1.546651 0.070347
v -0.006340 1.546651 0.071270
v 0.000000 1.550092 0.072960
v 0.006354 1.550092 0.072570
v 0.012656 1.550092 0.071458
v 0.018872 1.550092 0.069789
v 0.024990 1.550092 0.067701
v 0.030988 1.550092 0.065199
v 0.036767 1.550092 0.062138
v 0.042122 1.550092 0.058334
v 0.046849 1.550092 0.053742
v 0.050897 1.550092 0.048526
v 0.054368 1.550092 0.042918
v 0.057379 1.550092 0.037061
v 0.059954 1.550092 0.030986
v 0.062037 1.550092 0.024694
v 0.063564 1.550092 0.018201
v 0.064493 1.550092 0.011551
v 0.064804 1.550092 0.004804
v 0.064492 1.550092 -0.001979
v 0.063558 1.550092 -0.008730
v 0.062013 1.550092 -0.015383
v 0.059871 1.550092 -0.021873
v 0.057152 1.550092 -0.028132
v 0.053882 1.550092 -0.034098
v 0.050094 1.550092 -0.039707
v 0.045823 1.550092 -0.044902
v 0.041111 1.550092 -0.049628
v 0.036003 1.550092 -0.053842
v 0.030548 1.550092 -0.057540
v 0.024799 1.550092 -0.060807
v 0.018812 1.550092 -0.063837
v 0.012643 1.550092 -0.066727
v 0.006352 1.550092 -0.069075
v 0.000000 1.550092 -0.070018
v -0.006352 1.550092 -0.069075
v -0.012643 1.550092 -0.066727
v -0.018812 1.550092 -0.063837
v -0.024799 1.550092 -0.060807
v -0.030548 1.550092 -0.057540
v -0.036003 1.550092 -0.053842
v -0.041111 1.550092 -0.049628
v -0.045823 1.550092 -0.044902
v -0.050094 1.550092 -0.039707
v -0.053882 1.550092 -0.034098
v -0.057152 1.550092 -0.028132
v -0.059871 1.550092 -0.021873
v -0.062013 1.550092 -0.015383
v -0.063558 1.550092 -0.008730
v -0.064492 1.550092 -0.001979
v -0.064804 1.550092 0.004804
v -0.064493 1.550092 0.011551
v -0.063564 1.550092 0.018201
v -0.062037 1.550092 0.024694
v -0.059954 1.550092 0.030986
v -0.057379 1.550092 0.037061
v -0.054368 1.550092 0.042918
v -0.050897 1.550092 0.048526
v -0.046849 1.550092 0.053742
v -0.042122 1.550092 0.058333
v -0.036767 1.550092 0.062136
v -0.030988 1.550092 0.065190
v -0.024990 1.550092 0.067665
v -0.018872 1.550092 0.069683
v -0.012656 1.550092 0.071226
v -0.006354 1.550092 0.072201
v 0.000000 1.553532 0.073915
v 0.006367 1.553532 0.073532
v 0.012682 1.553532 0.072406
v 0.018907 1.553532 0.070669
v 0.025026 1.553532 0.068469
v 0.031015 1.553532 0.065851
v 0.036778 1.553532 0.062698
v 0.042122 1.553532 0.058835
v 0.046858 1.553532 0.054219
v 0.050934 1.553532 0.048992
v 0.054440 1.553532 0.043369
v 0.057481 1.553532 0.037482
v 0.060074 1.553532 0.031365
v 0.062166 1.553532 0.025019
v 0.063698 1.553532 0.018468
v 0.064629 1.553532 0.011755
v 0.064941 1.553532 0.004941
v 0.064629 1.553532 -0.001910
v 0.063693 1.553532 -0.008732
v 0.062145 1.553532 -0.015457
v 0.059998 1.553532 -0.022019
v 0.057273 1.553532 -0.028349
v 0.053997 1.553532 -0.034385
v 0.050200 1.553532 -0.040061
v 0.045920 1.553532 -0.045319
v 0.041198 1.553532 -0.050104
v 0.036079 1.553532 -0.054372
v 0.030613 1.553532 -0.058116
v 0.024852 1.553532 -0.061422
v 0.018851 1.553532 -0.064484
v 0.012669 1.553532 -0.067397
v 0.006365 1.553532 -0.069759
v 0.000000 1.553532 -0.070706
v -0.006365 1.553532 -0.069759
v -0.012669 1.553532 -0.067397
v -0.018851 1.553532 -0.064484
v -0.024852 1.553532 -0.061422
v -0.030613 1.553532 -0.058116
v -0.036079 1.553532 -0.054372
v -0.041198 1.553532 -0.050104
v -0.045920 1.553532 -0.045319
v -0.050200 1.553532 -0.040061
v -0.053997 1.553532 -0.034385
v -0.057273 1.553532 -0.028349
v -0.059998 1.553532 -0.022019
v -0.062145 1.553532 -0.015457
v -0.063693 1.553532 -0.008732
v -0.064629 1.553532 -0.001910
v -0.064941 1.553532 0.004941
v -0.064629 1.553532 0.011755
v -0.063698 1.553532 0.018468
v -0.062166 1.553532 0.025019
v -0.060074 1.553532 0.031365
v -0.057481 1.553532 0.037482
v -0.054440 1.553532 0.043369
v -0.050934 1.553532 0.048992
v -0.046858 1.553532 0.054218
v -0.042122 1.553532 0.058835
v -0.036778 1.553532 0.062696
v -0.031015 1.553532 0.065845
v -0.025026 1.553532 0.068446
v -0.018907 1.553532 0.070606
v -0.012682 1.553532 0.072277
v -0.006367 1.553532 0.073336
v 0.000000 1.556972 0.075197
v 0.006332 1.556972 0.074801
v 0.012604 1.556972 0.073579
v 0.018754 1.556972 0.071588
v 0.024723 1.556972 0.068980
v 0.030455 1.556972 0.065882
v 0.035893 1.556972 0.062330
v 0.040985 1.556972 0.058312
v 0.045683 1.556972 0.053823
v 0.049941 1.556972 0.048877
v 0.053718 1.556972 0.043503
v 0.056977 1.556972 0.037740
v 0.059688 1.556972 0.031636
v 0.061824 1.556972 0.025243
v 0.063364 1.556972 0.018619
v 0.064294 1.556972 0.011824
v 0.064606 1.556972 0.004921
v 0.064294 1.556972 -0.002023
v 0.063364 1.556972 -0.008940
v 0.061824 1.556972 -0.015764
v 0.059688 1.556972 -0.022424
v 0.056977 1.556972 -0.028854
v 0.053718 1.556972 -0.034986
v 0.049941 1.556972 -0.040755
v 0.045683 1.556972 -0.046102
v 0.040985 1.556972 -0.050967
v 0.035893 1.556972 -0.055298
v 0.030455 1.556972 -0.059048
v 0.024723 1.556972 -0.062175
v 0.018754 1.556972 -0.064645
v 0.012604 1.556972 -0.066429
v 0.006332 1.556972 -0.067507
v 0.000000 1.556972 -0.067868
v -0.006332 1.556972 -0.067507
v -0.012604 1.556972 -0.066429
v -0.018754 1.556972 -0.064645
v -0.024723 1.556972 -0.062175
v -0.030455 1.556972 -0.059048
v -0.035893 1.556972 -0.055298
v -0.040985 1.556972 -0.050967
v -0.045683 1.556972 -0.046102
v -0.049941 1.556972 -0.040755
v -0.053718 1.556972 -0.034986
v -0.056977 1.556972 -0.028854
v -0.059688 1.556972 -0.022424
v -0.061824 1.556972 -0.015764
v -0.063364 1.556972 -0.008940
v -0.064294 1.556972 -0.002023
v -0.064606 1.556972 0.004921
v -0.064294 1.556972 0.011824
v -0.063364 1.556972 0.018619
v -0.061824 1.556972 0.025243
v -0.059688 1.556972 0.031636
v -0.056977 1.556972 0.037740
v -0.053718 1.556972 0.043503
v -0.049941 1.556972 0.048877
v -0.045683 1.556972 0.053823
v -0.040985 1.556972 0.058311
v -0.035893 1.556972 0.062328
v -0.030455 1.556972 0.065877
v -0.024723 1.556972 0.068966
v -0.018754 1.556972 0.071562
v -0.012604 1.556972 0.073546
v -0.006332 1.556972 0.074778
v 0.000000 1.560413 0.077185
v 0.006265 1.560413 0.076747
v 0.012470 1.560413 0.075347
v 0.018554 1.560413 0.073055
v 0.024460 1.560413 0.070123
v 0.030130 1.560413 0.066771
v 0.035511 1.560413 0.063051
v 0.040549 1.560413 0.058925
v 0.045196 1.560413 0.054356
v 0.049409 1.560413 0.049341
v 0.053145 1.560413 0.043898
v 0.056370 1.560413 0.038063
v 0.059052 1.560413 0.031881
v 0.061165 1.560413 0.025402
v 0.062689 1.560413 0.018686
v 0.063610 1.560413 0.011791
v 0.063917 1.560413 0.004783
v 0.063610 1.560413 -0.002271
v 0.062689 1.560413 -0.009303
v 0.061165 1.560413 -0.016244
v 0.059052 1.560413 -0.023024
v 0.056370 1.560413 -0.029571
v 0.053145 1.560413 -0.035820
v 0.049409 1.560413 -0.041702
v 0.045196 1.560413 -0.047155
v 0.040549 1.560413 -0.052120
v 0.035511 1.560413 -0.056542
v 0.030130 1.560413 -0.060371
v 0.024460 1.560413 -0.063565
v 0.018554 1.560413 -0.066088
v 0.012470 1.560413 -0.067911
v 0.006265 1.560413 -0.069013
v 0.000000 1.560413 -0.069382
v -0.006265 1.560413 -0.069013
v -0.012470 1.560413 -0.067911
v -0.018554 1.560413 -0.066088
v -0.024460 1.560413 -0.063565
v -0.030130 1.560413 -0.060371
v -0.035511 1.560413 -0.056542
v -0.040549 1.560413 -0.052120
v -0.045196 1.560413 -0.047155
v -0.049409 1.560413 -0.041702
v -0.053145 1.560413 -0.035820
v -0.056370 1.560413 -0.029571
v -0.059052 1.560413 -0.023024
v -0.061165 1.560413 -0.016244
v -0.062689 1.560413 -0.009303
v -0.063610 1.560413 -0.002271
v -0.063917 1.560413 0.004783
v -0.063610 1.560413 0.011791
v -0.062689 1.560413 0.018686
v -0.061165 1.560413 0.025402
v -0.059052 1.560413 0.031881
v -0.056370 1.560413 0.038063
v -0.053145 1.560413 0.043898
v -0.049409 1.560413 0.049341
v -0.045196 1.560413 0.054356
v -0.040549 1.560413 0.058924
v -0.035511 1.560413 0.063048
v -0.030130 1.560413 0.066760
v -0.024460 1.560413 0.070094
v -0.018554 1.560413 0.073001
v -0.012470 1.560413 0.075282
v -0.006265 1.560413 0.076700
v 0.000000 1.563853 0.079802
v 0.006198 1.563853 0.079313
v 0.012335 1.563853 0.077670
v 0.018355 1.563853 0.074943
v 0.024197 1.563853 0.071533
v 0.029806 1.563853 0.067807
v 0.035128 1.563853 0.063846
v 0.040112 1.563853 0.059573
v 0.044710 1.563853 0.054906
v 0.048877 1.563853 0.049813
v 0.052573 1.563853 0.044298
v 0.055763 1.563853 0.038388
v 0.058416 1.563853 0.032126
v 0.060507 1.563853 0.025562
v 0.062014 1.563853 0.018753
v 0.062925 1.563853 0.011759
v 0.063229 1.563853 0.004646
v 0.062925 1.563853 -0.002519
v 0.062014 1.563853 -0.009666
v 0.060507 1.563853 -0.016725
v 0.058416 1.563853 -0.023623
v 0.055763 1.563853 -0.030289
v 0.052573 1.563853 -0.036654
v 0.048877 1.563853 -0.042649
v 0.044710 1.563853 -0.048209
v 0.040112 1.563853 -0.053273
v 0.035128 1.563853 -0.057785
v 0.029806 1.563853 -0.061694
v 0.024197 1.563853 -0.064955
v 0.018355 1.563853 -0.067531
v 0.012335 1.563853 -0.069393
v 0.006198 1.563853 -0.070519
v 0.000000 1.563853 -0.070895
v -0.006198 1.563853 -0.070519
v -0.012335 1.563853 -0.069393
v -0.018355 1.563853 -0.067531
v -0.024197 1.563853 -0.064955
v -0.029806 1.563853 -0.061694
v -0.035128 1.563853 -0.057785
v -0.040112 1.563853 -0.053273
v -0.044710 1.563853 -0.048209
v -0.048877 1.563853 -0.042649
v -0.052573 1.563853 -0.036654
v -0.055763 1.563853 -0.030289
v -0.058416 1.563853 -0.023623
v -0.060507 1.563853 -0.016725
v -0.062014 1.563853 -0.009666
v -0.062925 1.563853 -0.002519
v -0.063229 1.563853 0.004646
v -0.062925 1.563853 0.011759
v -0.062014 1.563853 0.018753
v -0.060507 1.563853 0.025562
v -0.058416 1.563853 0.032126
v -0.055763 1.563853 0.038388
v -0.052573 1.563853 0.044297
v -0.048877 1.563853 0.049813
v -0.044710 1.563853 0.054906
v -0.040112 1.563853 0.059571
v -0.035128 1.563853 0.063839
v -0.029806 1.563853 0.067784
v -0.024197 1.563853 0.071478
v -0.018355 1.563853 0.074843
v -0.012335 1.563853 0.077548
v -0.006198 1.563853 0.079227
v 0.000000 1.567294 0.083135
v 0.006130 1.567294 0.082591
v 0.012201 1.567294 0.080641
v 0.018155 1.567294 0.077334
v 0.023934 1.567294 0.073268
v 0.029482 1.567294 0.069022
v 0.034746 1.567294 0.064731
v 0.039676 1.567294 0.060264
v 0.044223 1.567294 0.055477
v 0.048345 1.567294 0.050294
v 0.052001 1.567294 0.044701
v 0.055156 1.567294 0.038715
v 0.057781 1.567294 0.032373
v 0.059848 1.567294 0.025722
v 0.061340 1.567294 0.018820
v 0.062240 1.567294 0.011727
v 0.062541 1.567294 0.004508
v 0.062240 1.567294 -0.002767
v 0.061340 1.567294 -0.010029
v 0.059848 1.567294 -0.017205
v 0.057781 1.567294 -0.024222
v 0.055156 1.567294 -0.031007
v 0.052001 1.567294 -0.037488
v 0.048345 1.567294 -0.043596
v 0.044223 1.567294 -0.049263
v 0.039676 1.567294 -0.054426
v 0.034746 1.567294 -0.059028
v 0.029482 1.567294 -0.063016
v 0.023934 1.567294 -0.066344
v 0.018155 1.567294 -0.068974
v 0.012201 1.567294 -0.070875
v 0.006130 1.567294 -0.072024
v 0.000000 1.567294 -0.072409
v -0.006130 1.567294 -0.072024
v -0.012201 1.567294 -0.070875
v -0.018155 1.567294 -0.068974
v -0.023934 1.567294 -0.066344
v -0.029482 1.567294 -0.063016
v -0.034746 1.567294 -0.059028
v -0.039676 1.567294 -0.054426
v -0.044223 1.567294 -0.049263
v -0.048345 1.567294 -0.043596
v -0.052001 1.567294 -0.037488
v -0.055156 1.567294 -0.031007
v -0.057781 1.567294 -0.024222
v -0.059848 1.567294 -0.017205
v -0.061340 1.567294 -0.010029
v -0.062240 1.567294 -0.002767
v -0.062541 1.567294 0.004508
v -0.062240 1.567294 0.011727
v -0.061340 1.567294 0.018820
v -0.059848 1.567294 0.025722
v -0.057781 1.567294 0.032373
v -0.055156 1.567294 0.038715
v -0.052001 1.567294 0.044701
v -0.048345 1.567294 0.050294
v -0.044223 1.567294 0.055476
v -0.039676 1.567294 0.060261
v -0.034746 1.567294 0.064719
v -0.029482 1.567294 0.068981
v -0.023934 1.567294 0.073170
v -0.018155 1.567294 0.077162
v -0.012201 1.567294 0.080433
v -0.006130 1.567294 0.082446
v 0.000000 1.570734 0.087154
v 0.006063 1.570734 0.086557
v 0.012067 1.570734 0.084250
v 0.017955 1.570734 0.080233
v 0.023670 1.570734 0.075339
v 0.029157 1.570734 0.070427
v 0.034364 1.570734 0.065714
v 0.039239 1.570734 0.061004
v 0.043737 1.570734 0.056070
v 0.047813 1.570734 0.050787
v 0.051429 1.570734 0.045111
v 0.054550 1.570734 0.039045
v 0.057145 1.570734 0.032621
v 0.059190 1.570734 0.025883
v 0.060665 1.570734 0.018888
v 0.061555 1.570734 0.011695
v 0.061853 1.570734 0.004371
v 0.061555 1.570734 -0.003015
v 0.060665 1.570734 -0.010392
v 0.059190 1.570734 -0.017685
v 0.057145 1.570734 -0.024821
v 0.054550 1.570734 -0.031725
v 0.051429 1.570734 -0.038322
v 0.047813 1.570734 -0.044542
v 0.043737 1.570734 -0.050316
v 0.039239 1.570734 -0.055579
v 0.034364 1.570734 -0.060271
v 0.029157 1.570734 -0.064339
v 0.023670 1.570734 -0.067734
v 0.017955 1.570734 -0.070417
v 0.012067 1.570734 -0.072357
v 0.006063 1.570734 -0.073530
v 0.000000 1.570734 -0.073923
v -0.006063 1.570734 -0.073530
v -0.012067 1.570734 -0.072357
v -0.017955 1.570734 -0.070417
v -0.023670 1.570734 -0.067734
v -0.029157 1.570734 -0.064339
v -0.034364 1.570734 -0.060271
v -0.039239 1.570734 -0.055579
v -0.043737 1.570734 -0.050316
v -0.047813 1.570734 -0.044542
v -0.051429 1.570734 -0.038322
v -0.054550 1.570734 -0.031725
v -0.057145 1.570734 -0.024821
v -0.059190 1.570734 -0.017685
v -0.060665 1.570734 -0.010392
v -0.061555 1.570734 -0.003015
v -0.061853 1.570734 0.004371
v -0.061555 1.570734 0.011695
v -0.060665 1.570734 0.018888
v -0.059190 1.570734 0.025883
v -0.057145 1.570734 0.032621
v -0.054550 1.570734 0.039045
v -0.051429 1.570734 0.045111
v -0.047813 1.570734 0.050787
v -0.043737 1.570734 0.056069
v -0.039239 1.570734 0.060998
v -0.034364 1.570734 0.065692
v -0.029157 1.570734 0.070359
v -0.023670 1.570734 0.075180
v -0.017955 1.570734 0.079958
v -0.012067 1.570734 0.083924
v -0.006063 1.570734 0.086330
v 0.000000 1.574174 0.091647
v 0.005995 1.574174 0.091007
v 0.011933 1.574174 0.088325
v 0.017755 1.574174 0.083522
v 0.023407 1.574174 0.077684
v 0.028833 1.574174 0.071994
v 0.033982 1.574174 0.066781
v 0.038803 1.574174 0.061786
v 0.043250 1.574174 0.056685
v 0.047281 1.574174 0.051291
v 0.050857 1.574174 0.045525
v 0.053943 1.574174 0.039378
v 0.056509 1.574174 0.032870
v 0.058531 1.574174 0.026045
v 0.059990 1.574174 0.018955
v 0.060871 1.574174 0.011663
v 0.061165 1.574174 0.004233
v 0.060871 1.574174 -0.003264
v 0.059990 1.574174 -0.010755
v 0.058531 1.574174 -0.018166
v 0.056509 1.574174 -0.025420
v 0.053943 1.574174 -0.032442
v 0.050857 1.574174 -0.039157
v 0.047281 1.574174 -0.045489
v 0.043250 1.574174 -0.051370
v 0.038803 1.574174 -0.056732
v 0.033982 1.574174 -0.061515
v 0.028833 1.574174 -0.065661
v 0.023407 1.574174 -0.069124
v 0.017755 1.574174 -0.071861
v 0.011933 1.574174 -0.073839
v 0.005995 1.574174 -0.075036
v 0.000000 1.574174 -0.075437
v -0.005995 1.574174 -0.075036
v -0.011933 1.574174 -0.073839
v -0.017755 1.574174 -0.071861
v -0.023407 1.574174 -0.069124
v -0.028833 1.574174 -0.065661
v -0.033982 1.574174 -0.061515
v -0.038803 1.574174 -0.056732
v -0.043250 1.574174 -0.051370
v -0.047281 1.574174 -0.045489
v -0.050857 1.574174 -0.039157
v -0.053943 1.574174 -0.032442
v -0.056509 1.574174 -0.025420
v -0.058531 1.574174 -0.018166
v -0.059990 1.574174 -0.010755
v -0.060871 1.574174 -0.003264
v -0.061165 1.574174 0.004233
v -0.060871 1.574174 0.011663
v -0.059990 1.574174 0.018955
v -0.058531 1.574174 0.026045
v -0.056509 1.574174 0.032870
v -0.053943 1.574174 0.039378
v -0.050857 1.574174 0.045525
v -0.047281 1.574174 0.051290
v -0.043250 1.574174 0.056683
v -0.038803 1.574174 0.061776
v -0.033982 1.574174 0.066747
v -0.028833 1.574174 0.071890
v -0.023407 1.574174 0.077446
v -0.017755 1.574174 0.083119
v -0.011933 1.574174 0.087853
v -0.005995 1.574174 0.090681
v 0.000000 1.577615 0.096212
v 0.005928 1.577615 0.095541
v 0.011798 1.577615 0.092510
v 0.017556 1.577615 0.086938
v 0.023144 1.577615 0.080143
v 0.028509 1.577615 0.073642
v 0.033599 1.577615 0.067897
v 0.038366 1.577615 0.062593
v 0.042764 1.577615 0.057314
v 0.046749 1.577615 0.051801
v 0.050285 1.577615 0.045944
v 0.053336 1.577615 0.039712
v 0.055874 1.577615 0.033120
v 0.057873 1.577615 0.026207
v 0.059315 1.577615 0.019023
v 0.060186 1.577615 0.011631
v 0.060477 1.577615 0.004095
v 0.060186 1.577615 -0.003512
v 0.059315 1.577615 -0.011118
v 0.057873 1.577615 -0.018646
v 0.055874 1.577615 -0.026020
v 0.053336 1.577615 -0.033160
v 0.050285 1.577615 -0.039991
v 0.046749 1.577615 -0.046436
v 0.042764 1.577615 -0.052424
v 0.038366 1.577615 -0.057886
v 0.033599 1.577615 -0.062758
v 0.028509 1.577615 -0.066984
v 0.023144 1.577615 -0.070513
v 0.017556 1.577615 -0.073304
v 0.011798 1.577615 -0.075321
v 0.005928 1.577615 -0.076542
v 0.000000 1.577615 -0.076950
v -0.005928 1.577615 -0.076542
v -0.011798 1.577615 -0.075321
v -0.017556 1.577615 -0.073304
v -0.023144 1.577615 -0.070513
v -0.028509 1.577615 -0.066984
v -0.033599 1.577615 -0.062758
v -0.038366 1.577615 -0.057886
v -0.042764 1.577615 -0.052424
v -0.046749 1.577615 -0.046436
v -0.050285 1.577615 -0.039991
v -0.053336 1.577615 -0.033160
v -0.055874 1.577615 -0.026020
v -0.057873 1.577615 -0.018646
v -0.059315 1.577615 -0.011118
v -0.060186 1.577615 -0.003512
v -0.060477 1.577615 0.004095
v -0.060186 1.577615 0.011631
v -0.059315 1.577615 0.019023
v -0.057873 1.577615 0.026207
v -0.055874 1.577615 0.033120
v -0.053336 1.577615 0.039712
v -0.050285 1.577615 0.045944
v -0.046749 1.577615 0.051801
v -0.042764 1.577615 0.057310
v -0.038366 1.577615 0.062579
v -0.033599 1.577615 0.067846
v -0.028509 1.577615 0.073496
v -0.023144 1.577615 0.079816
v -0.017556 1.577615 0.086395
v -0.011798 1.577615 0.091881
v -0.005928 1.577615 0.095110
v 0.000000 1.581055 0.100080
v 0.005914 1.581055 0.099386
v 0.011771 1.581055 0.096036
v 0.017515 1.581055 0.089756
v 0.023090 1.581055 0.082099
v 0.028443 1.581055 0.074893
v 0.033522 1.581055 0.068703
v 0.038278 1.581055 0.063151
v 0.042665 1.581055 0.057729
v 0.046642 1.581055 0.052123
v 0.050169 1.581055 0.046189
v 0.053213 1.581055 0.039885
v 0.055745 1.581055 0.033219
v 0.057739 1.581055 0.026225
v 0.059178 1.581055 0.018954
v 0.060047 1.581055 0.011468
v 0.060338 1.581055 0.003831
v 0.060047 1.581055 -0.003883
v 0.059178 1.581055 -0.011601
v 0.057739 1.581055 -0.019244
v 0.055745 1.581055 -0.026735
v 0.053213 1.581055 -0.033994
v 0.050169 1.581055 -0.040941
v 0.046642 1.581055 -0.047500
v 0.042665 1.581055 -0.053595
v 0.038278 1.581055 -0.059158
v 0.033522 1.581055 -0.064122
v 0.028443 1.581055 -0.068429
v 0.023090 1.581055 -0.072027
v 0.017515 1.581055 -0.074872
v 0.011771 1.581055 -0.076929
v 0.005914 1.581055 -0.078174
v 0.000000 1.581055 -0.078591
v -0.005914 1.581055 -0.078174
v -0.011771 1.581055 -0.076929
v -0.017515 1.581055 -0.074872
v -0.023090 1.581055 -0.072027
v -0.028443 1.581055 -0.068429
v -0.033522 1.581055 -0.064122
v -0.038278 1.581055 -0.059158
v -0.042665 1.581055 -0.053595
v -0.046642 1.581055 -0.047500
v -0.050169 1.581055 -0.040941
v -0.053213 1.581055 -0.033994
v -0.055745 1.581055 -0.026735
v -0.057739 1.581055 -0.019244
v -0.059178 1.581055 -0.011601
v -0.060047 1.581055 -0.003883
v -0.060338 1.581055 0.003831
v -0.060047 1.581055 0.011468
v -0.059178 1.581055 0.018954
v -0.057739 1.581055 0.026225
v -0.055745 1.581055 0.033219
v -0.053213 1.581055 0.039885
v -0.050169 1.581055 0.046189
v -0.046642 1.581055 0.052122
v -0.042665 1.581055 0.057725
v -0.038278 1.581055 0.063133
v -0.033522 1.581055 0.068640
v -0.028443 1.581055 0.074712
v -0.023090 1.581055 0.081694
v -0.017515 1.581055 0.089086
v -0.011771 1.581055 0.095263
v -0.005914 1.581055 0.098857
v 0.000000 1.584495 0.102389
v 0.006022 1.584495 0.101665
v 0.011986 1.584495 0.097989
v 0.017835 1.584495 0.091046
v 0.023512 1.584495 0.082711
v 0.028962 1.584495 0.075080
v 0.034133 1.584495 0.068704
v 0.038976 1.584495 0.063084
v 0.043444 1.584495 0.057632
v 0.047493 1.584495 0.051999
v 0.051084 1.584495 0.046034
v 0.054184 1.584495 0.039689
v 0.056762 1.584495 0.032972
v 0.058793 1.584495 0.025917
v 0.060258 1.584495 0.018575
v 0.061143 1.584495 0.011007
v 0.061439 1.584495 0.003281
v 0.061143 1.584495 -0.004532
v 0.060258 1.584495 -0.012355
v 0.058793 1.584495 -0.020109
v 0.056762 1.584495 -0.027715
v 0.054184 1.584495 -0.035090
v 0.051084 1.584495 -0.042154
v 0.047493 1.584495 -0.048827
v 0.043444 1.584495 -0.055033
v 0.038976 1.584495 -0.060700
v 0.034133 1.584495 -0.065759
v 0.028962 1.584495 -0.070150
v 0.023512 1.584495 -0.073819
v 0.017835 1.584495 -0.076722
v 0.011986 1.584495 -0.078822
v 0.006022 1.584495 -0.080092
v 0.000000 1.584495 -0.080517
v -0.006022 1.584495 -0.080092
v -0.011986 1.584495 -0.078822
v -0.017835 1.584495 -0.076722
v -0.023512 1.584495 -0.073819
v -0.028962 1.584495 -0.070150
v -0.034133 1.584495 -0.065759
v -0.038976 1.584495 -0.060700
v -0.043444 1.584495 -0.055033
v -0.047493 1.584495 -0.048827
v -0.051084 1.584495 -0.042154
v -0.054184 1.584495 -0.035090
v -0.056762 1.584495 -0.027715
v -0.058793 1.584495 -0.020109
v -0.060258 1.584495 -0.012355
v -0.061143 1.584495 -0.004532
v -0.061439 1.584495 0.003281
v -0.061143 1.584495 0.011007
v -0.060258 1.584495 0.018575
v -0.058793 1.584495 0.025917
v -0.056762 1.584495 0.032972
v -0.054184 1.584495 0.039689
v -0.051084 1.584495 0.046034
v -0.047493 1.584495 0.051998
v -0.043444 1.584495 0.057628
v -0.038976 1.584495 0.063067
v -0.034133 1.584495 0.068641
v -0.028962 1.584495 0.074892
v -0.023512 1.584495 0.082274
v -0.017835 1.584495 0.090300
v -0.011986 1.584495 0.097111
v -0.006022 1.584495 0.101057
v 0.000000 1.587936 0.103100
v 0.006130 1.587936 0.102357
v 0.012201 1.587936 0.098495
v 0.018154 1.587936 0.091203
v 0.023933 1.587936 0.082584
v 0.029481 1.587936 0.074855
v 0.034745 1.587936 0.068496
v 0.039675 1.587936 0.062914
v 0.044222 1.587936 0.057482
v 0.048344 1.587936 0.051850
v 0.052000 1.587936 0.045866
v 0.055155 1.587936 0.039487
v 0.057779 1.587936 0.032722
v 0.059847 1.587936 0.025607
v 0.061338 1.587936 0.018195
v 0.062238 1.587936 0.010547
v 0.062539 1.587936 0.002730
v 0.062238 1.587936 -0.005180
v 0.061338 1.587936 -0.013109
v 0.059847 1.587936 -0.020974
v 0.057779 1.587936 -0.028695
v 0.055155 1.587936 -0.036187
v 0.052000 1.587936 -0.043367
v 0.048344 1.587936 -0.050155
v 0.044222 1.587936 -0.056471
v 0.039675 1.587936 -0.062241
v 0.034745 1.587936 -0.067396
v 0.029481 1.587936 -0.071871
v 0.023933 1.587936 -0.075612
v 0.018154 1.587936 -0.078572
v 0.012201 1.587936 -0.080714
v 0.006130 1.587936 -0.082010
v 0.000000 1.587936 -0.082444
v -0.006130 1.587936 -0.082010
v -0.012201 1.587936 -0.080714
v -0.018154 1.587936 -0.078572
v -0.023933 1.587936 -0.075612
v -0.029481 1.587936 -0.071871
v -0.034745 1.587936 -0.067396
v -0.039675 1.587936 -0.062241
v -0.044222 1.587936 -0.056471
v -0.048344 1.587936 -0.050155
v -0.052000 1.587936 -0.043367
v -0.055155 1.587936 -0.036187
v -0.057779 1.587936 -0.028695
v -0.059847 1.587936 -0.020974
v -0.061338 1.587936 -0.013109
v -0.062238 1.587936 -0.005180
v -0.062539 1.587936 0.002730
v -0.062238 1.587936 0.010547
v -0.061338 1.587936 0.018195
v -0.059847 1.587936 0.025607
v -0.057779 1.587936 0.032722
v -0.055155 1.587936 0.039487
v -0.052000 1.587936 0.045865
v -0.048344 1.587936 0.051849
v -0.044222 1.587936 0.057479
v -0.039675 1.587936 0.062899
v -0.034745 1.587936 0.068439
v -0.029481 1.587936 0.074676
v -0.023933 1.587936 0.082150
v -0.018154 1.587936 0.090439
v -0.012201 1.587936 0.097575
v -0.006130 1.587936 0.101714
v 0.000000 1.591376 0.101880
v 0.006238 1.591376 0.101138
v 0.012416 1.591376 0.097282
v 0.018474 1.591376 0.090056
v 0.024354 1.591376 0.081636
v 0.030000 1.591376 0.074183
v 0.035357 1.591376 0.068060
v 0.040373 1.591376 0.062627
v 0.045001 1.591376 0.057272
v 0.049195 1.591376 0.051668
v 0.052915 1.591376 0.045680
v 0.056126 1.591376 0.039275
v 0.058796 1.591376 0.032467
v 0.060900 1.591376 0.025295
v 0.062418 1.591376 0.017814
v 0.063334 1.591376 0.010086
v 0.063640 1.591376 0.002180
v 0.063334 1.591376 -0.005829
v 0.062418 1.591376 -0.013863
v 0.060900 1.591376 -0.021839
v 0.058796 1.591376 -0.029674
v 0.056126 1.591376 -0.037283
v 0.052915 1.591376 -0.044580
v 0.049195 1.591376 -0.051483
v 0.045001 1.591376 -0.057909
v 0.040373 1.591376 -0.063783
v 0.035357 1.591376 -0.069032
v 0.030000 1.591376 -0.073592
v 0.024354 1.591376 -0.077405
v 0.018474 1.591376 -0.080423
v 0.012416 1.591376 -0.082606
v 0.006238 1.591376 -0.083928
v 0.000000 1.591376 -0.084371
v -0.006238 1.591376 -0.083928
v -0.012416 1.591376 -0.082606
v -0.018474 1.591376 -0.080423
v -0.024354 1.591376 -0.077405
v -0.030000 1.591376 -0.073592
v -0.035357 1.591376 -0.069032
v -0.040373 1.591376 -0.063783
v -0.045001 1.591376 -0.057909
v -0.049195 1.591376 -0.051483
v -0.052915 1.591376 -0.044580
v -0.056126 1.591376 -0.037283
v -0.058796 1.591376 -0.029674
v -0.060900 1.591376 -0.021839
v -0.062418 1.591376 -0.013863
v -0.063334 1.591376 -0.005829
v -0.063640 1.591376 0.002180
v -0.063334 1.591376 0.010086
v -0.062418 1.591376 0.017814
v -0.060900 1.591376 0.025295
v -0.058796 1.591376 0.032467
v -0.056126 1.591376 0.039275
v -0.052915 1.591376 0.045680
v -0.049195 1.591376 0.051667
v -0.045001 1.591376 0.057270
v -0.040373 1.591376 0.062615
v -0.035357 1.591376 0.068013
v -0.030000 1.591376 0.074026
v -0.024354 1.591376 0.081239
v -0.018474 1.591376 0.089335
v -0.012416 1.591376 0.096396
v -0.006238 1.591376 0.100511
v 0.000000 1.594817 0.098695
v 0.006346 1.594817 0.097984
v 0.012630 1.594817 0.094356
v 0.018793 1.594817 0.087638
v 0.024775 1.594817 0.079903
v 0.030519 1.594817 0.073081
v 0.035968 1.594817 0.067396
v 0.041071 1.594817 0.062216
v 0.045779 1.594817 0.056994
v 0.050046 1.594817 0.051448
v 0.053830 1.594817 0.045474
v 0.057097 1.594817 0.039052
v 0.059813 1.594817 0.032206
v 0.061954 1.594817 0.024980
v 0.063497 1.594817 0.017431
v 0.064430 1.594817 0.009624
v 0.064741 1.594817 0.001629
v 0.064430 1.594817 -0.006478
v 0.063497 1.594817 -0.014617
v 0.061954 1.594817 -0.022704
v 0.059813 1.594817 -0.030654
v 0.057097 1.594817 -0.038379
v 0.053830 1.594817 -0.045793
v 0.050046 1.594817 -0.052811
v 0.045779 1.594817 -0.059347
v 0.041071 1.594817 -0.065325
v 0.035968 1.594817 -0.070669
v 0.030519 1.594817 -0.075313
v 0.024775 1.594817 -0.079198
v 0.018793 1.594817 -0.082273
v 0.012630 1.594817 -0.084499
v 0.006346 1.594817 -0.085846
v 0.000000 1.594817 -0.086297
v -0.006346 1.594817 -0.085846
v -0.012630 1.594817 -0.084499
v -0.018793 1.594817 -0.082273
v -0.024775 1.594817 -0.079198
v -0.030519 1.594817 -0.075313
v -0.035968 1.594817 -0.070669
v -0.041071 1.594817 -0.065325
v -0.045779 1.594817 -0.059347
v -0.050046 1.594817 -0.052811
v -0.053830 1.594817 -0.045793
v -0.057097 1.594817 -0.038379
v -0.059813 1.594817 -0.030654
v -0.061954 1.594817 -0.022704
v -0.063497 1.594817 -0.014617
v -0.064430 1.594817 -0.006478
v -0.064741 1.594817 0.001629
v -0.064430 1.594817 0.009624
v -0.063497 1.594817 0.017431
v -0.061954 1.594817 0.024980
v -0.059813 1.594817 0.032206
v -0.057097 1.594817 0.039052
v -0.053830 1.594817 0.045474
v -0.050046 1.594817 0.051448
v -0.045779 1.594817 0.056992
v -0.041071 1.594817 0.062208
v -0.035968 1.594817 0.067359
v -0.030519 1.594817 0.072955
v -0.024775 1.594817 0.079570
v -0.018793 1.594817 0.087012
v -0.012630 1.594817 0.093571
v -0.006346 1.594817 0.097421
v 0.000000 1.598257 0.094025
v 0.006454 1.598257 0.093374
v 0.012845 1.598257 0.090167
v 0.019113 1.598257 0.084311
v 0.025197 1.598257 0.077625
v 0.031038 1.598257 0.071680
v 0.036580 1.598257 0.066566
v 0.041770 1.598257 0.061712
v 0.046557 1.598257 0.056662
v 0.050897 1.598257 0.051199
v 0.054746 1.598257 0.045252
v 0.058068 1.598257 0.038820
v 0.060830 1.598257 0.031940
v 0.063007 1.598257 0.024662
v 0.064577 1.598257 0.017048
v 0.065525 1.598257 0.009163
v 0.065842 1.598257 0.001079
v 0.065525 1.598257 -0.007127
v 0.064577 1.598257 -0.015371
v 0.063007 1.598257 -0.023569
v 0.060830 1.598257 -0.031633
v 0.058068 1.598257 -0.039475
v 0.054746 1.598257 -0.047006
v 0.050897 1.598257 -0.054138
v 0.046557 1.598257 -0.060786
v 0.041770 1.598257 -0.066867
v 0.036580 1.598257 -0.072306
v 0.031038 1.598257 -0.077034
v 0.025197 1.598257 -0.080991
v 0.019113 1.598257 -0.084123
v 0.012845 1.598257 -0.086391
v 0.006454 1.598257 -0.087764
v 0.000000 1.598257 -0.088224
v -0.006454 1.598257 -0.087764
v -0.012845 1.598257 -0.086391
v -0.019113 1.598257 -0.084123
v -0.025197 1.598257 -0.080991
v -0.031038 1.598257 -0.077034
v -0.036580 1.598257 -0.072306
v -0.041770 1.598257 -0.066867
v -0.046557 1.598257 -0.060786
v -0.050897 1.598257 -0.054138
v -0.054746 1.598257 -0.047006
v -0.058068 1.598257 -0.039475
v -0.060830 1.598257 -0.031633
v -0.063007 1.598257 -0.023569
v -0.064577 1.598257 -0.015371
v -0.065525 1.598257 -0.007127
v -0.065842 1.598257 0.001079
v -0.065525 1.598257 0.009163
v -0.064577 1.598257 0.017048
v -0.063007 1.598257 0.024662
v -0.060830 1.598257 0.031940
v -0.058068 1.598257 0.038820
v -0.054746 1.598257 0.045252
v -0.050897 1.598257 0.051199
v -0.046557 1.598257 0.056661
v -0.041770 1.598257 0.061706
v -0.036580 1.598257 0.066540
v -0.031038 1.598257 0.071586
v -0.025197 1.598257 0.077368
v -0.019113 1.598257 0.083812
v -0.012845 1.598257 0.089526
v -0.006454 1.598257 0.092909
v 0.000000 1.601697 0.089092
v 0.006562 1.601697 0.088500
v 0.013060 1.601697 0.085762
v 0.019433 1.601697 0.080877
v 0.025618 1.601697 0.075328
v 0.031557 1.601697 0.070289
v 0.037192 1.601697 0.065742
v 0.042468 1.601697 0.061207
v 0.047336 1.601697 0.056328
v 0.051748 1.601697 0.050949
v 0.055661 1.601697 0.045029
v 0.059039 1.601697 0.038589
v 0.061847 1.601697 0.031675
v 0.064061 1.601697 0.024345
v 0.065657 1.601697 0.016664
v 0.066621 1.601697 0.008701
v 0.066943 1.601697 0.000528
v 0.066621 1.601697 -0.007776
v 0.065657 1.601697 -0.016125
v 0.064061 1.601697 -0.024434
v 0.061847 1.601697 -0.032613
v 0.059039 1.601697 -0.040572
v 0.055661 1.601697 -0.048220
v 0.051748 1.601697 -0.055466
v 0.047336 1.601697 -0.062224
v 0.042468 1.601697 -0.068409
v 0.037192 1.601697 -0.073943
v 0.031557 1.601697 -0.078756
v 0.025618 1.601697 -0.082784
v 0.019433 1.601697 -0.085974
v 0.013060 1.601697 -0.088284
v 0.006562 1.601697 -0.089682
v 0.000000 1.601697 -0.090150
v -0.006562 1.601697 -0.089682
v -0.013060 1.601697 -0.088284
v -0.019433 1.601697 -0.085974
v -0.025618 1.601697 -0.082784
v -0.031557 1.601697 -0.078756
v -0.037192 1.601697 -0.073943
v -0.042468 1.601697 -0.068409
v -0.047336 1.601697 -0.062224
v -0.051748 1.601697 -0.055466
v -0.055661 1.601697 -0.048220
v -0.059039 1.601697 -0.040572
v -0.061847 1.601697 -0.032613
v -0.064061 1.601697 -0.024434
v -0.065657 1.601697 -0.016125
v -0.066621 1.601697 -0.007776
v -0.066943 1.601697 0.000528
v -0.066621 1.601697 0.008701
v -0.065657 1.601697 0.016664
v -0.064061 1.601697 0.024345
v -0.061847 1.601697 0.031675
v -0.059039 1.601697 0.038589
v -0.055661 1.601697 0.045029
v -0.051748 1.601697 0.050948
v -0.047336 1.601697 0.056328
v -0.042468 1.601697 0.061204
v -0.037192 1.601697 0.065726
v -0.031557 1.601697 0.070225
v -0.025618 1.601697 0.075145
v -0.019433 1.601697 0.080510
v -0.013060 1.601697 0.085280
v -0.006562 1.601697 0.088146
v 0.000000 1.605138 0.085640
v 0.006670 1.605138 0.085033
v 0.013275 1.605138 0.082567
v 0.019753 1.605138 0.078376
v 0.026040 1.605138 0.073680
v 0.032077 1.605138 0.069304
v 0.037804 1.605138 0.065147
v 0.043168 1.605138 0.060823
v 0.048116 1.605138 0.056055
v 0.052600 1.605138 0.050727
v 0.056578 1.605138 0.044819
v 0.060011 1.605138 0.038362
v 0.062866 1.605138 0.031409
v 0.065116 1.605138 0.024025
v 0.066738 1.605138 0.016276
v 0.067718 1.605138 0.008234
v 0.068046 1.605138 -0.000028
v 0.067718 1.605138 -0.008430
v 0.066738 1.605138 -0.016883
v 0.065116 1.605138 -0.025302
v 0.062866 1.605138 -0.033595
v 0.060011 1.605138 -0.041670
v 0.056578 1.605138 -0.049434
v 0.052600 1.605138 -0.056794
v 0.048116 1.605138 -0.063661
v 0.043168 1.605138 -0.069949
v 0.037804 1.605138 -0.075578
v 0.032077 1.605138 -0.080474
v 0.026040 1.605138 -0.084574
v 0.019753 1.605138 -0.087821
v 0.013275 1.605138 -0.090173
v 0.006670 1.605138 -0.091597
v 0.000000 1.605138 -0.092073
v -0.006670 1.605138 -0.091597
v -0.013275 1.605138 -0.090173
v -0.019753 1.605138 -0.087821
v -0.026040 1.605138 -0.084574
v -0.032077 1.605138 -0.080474
v -0.037804 1.605138 -0.075578
v -0.043168 1.605138 -0.069949
v -0.048116 1.605138 -0.063661
v -0.052600 1.605138 -0.056794
v -0.056578 1.605138 -0.049434
v -0.060011 1.605138 -0.041670
v -0.062866 1.605138 -0.033595
v -0.065116 1.605138 -0.025302
v -0.066738 1.605138 -0.016883
v -0.067718 1.605138 -0.008430
v -0.068046 1.605138 -0.000028
v -0.067718 1.605138 0.008234
v -0.066738 1.605138 0.016276
v -0.065116 1.605138 0.024025
v -0.062866 1.605138 0.031409
v -0.060011 1.605138 0.038362
v -0.056578 1.605138 0.044819
v -0.052600 1.605138 0.050727
v -0.048116 1.605138 0.056055
v -0.043168 1.605138 0.060821
v -0.037804 1.605138 0.065138
v -0.032077 1.605138 0.069264
v -0.026040 1.605138 0.073560
v -0.019753 1.605138 0.078128
v -0.013275 1.605138 0.082234
v -0.006670 1.605138 0.084785
v 0.000000 1.608578 0.084761
v 0.006782 1.608578 0.083998
v 0.013499 1.608578 0.081357
v 0.020086 1.608578 0.077220
v 0.026479 1.608578 0.072835
v 0.032617 1.608578 0.068736
v 0.038441 1.608578 0.064694
v 0.043895 1.608578 0.060415
v 0.048927 1.608578 0.055674
v 0.053487 1.608578 0.050357
v 0.057532 1.608578 0.044442
v 0.061022 1.608578 0.037961
v 0.063926 1.608578 0.030971
v 0.066213 1.608578 0.023538
v 0.067863 1.608578 0.015730
v 0.068859 1.608578 0.007621
v 0.069193 1.608578 -0.000716
v 0.068859 1.608578 -0.009200
v 0.067863 1.608578 -0.017741
v 0.066213 1.608578 -0.026252
v 0.063926 1.608578 -0.034641
v 0.061022 1.608578 -0.042813
v 0.057532 1.608578 -0.050674
v 0.053487 1.608578 -0.058130
v 0.048927 1.608578 -0.065089
v 0.043895 1.608578 -0.071463
v 0.038441 1.608578 -0.077171
v 0.032617 1.608578 -0.082138
v 0.026479 1.608578 -0.086297
v 0.020086 1.608578 -0.089592
v 0.013499 1.608578 -0.091979
v 0.006782 1.608578 -0.093424
v 0.000000 1.608578 -0.093908
v -0.006782 1.608578 -0.093424
v -0.013499 1.608578 -0.091979
v -0.020086 1.608578 -0.089592
v -0.026479 1.608578 -0.086297
v -0.032617 1.608578 -0.082138
v -0.038441 1.608578 -0.077171
v -0.043895 1.608578 -0.071463
v -0.048927 1.608578 -0.065089
v -0.053487 1.608578 -0.058130
v -0.057532 1.608578 -0.050674
v -0.061022 1.608578 -0.042813
v -0.063926 1.608578 -0.034641
v -0.066213 1.608578 -0.026252
v -0.067863 1.608578 -0.017741
v -0.068859 1.608578 -0.009200
v -0.069193 1.608578 -0.000716
v -0.068859 1.608578 0.007621
v -0.067863 1.608578 0.015730
v -0.066213 1.608578 0.023538
v -0.063926 1.608578 0.030971
v -0.061022 1.608578 0.037961
v -0.057532 1.608578 0.044442
v -0.053487 1.608578 0.050357
v -0.048927 1.608578 0.055674
v -0.043895 1.608578 0.060414
v -0.038441 1.608578 0.064689
v -0.032617 1.608578 0.068713
v -0.026479 1.608578 0.072763
v -0.020086 1.608578 0.077066
v -0.013499 1.608578 0.081145
v -0.006782 1.608578 0.083838
v 0.000000 1.612018 0.086384
v 0.006894 1.612018 0.085320
v 0.013723 1.612018 0.081962
v 0.020418 1.612018 0.077102
v 0.026918 1.612018 0.072617
v 0.033158 1.612018 0.068593
v 0.039079 1.612018 0.064475
v 0.044623 1.612018 0.060123
v 0.049738 1.612018 0.055349
v 0.054373 1.612018 0.050015
v 0.058485 1.612018 0.044080
v 0.062034 1.612018 0.037569
v 0.064985 1.612018 0.030538
v 0.067311 1.612018 0.023053
v 0.068988 1.612018 0.015186
v 0.070001 1.612018 0.007008
v 0.070339 1.612018 -0.001404
v 0.070001 1.612018 -0.009970
v 0.068988 1.612018 -0.018599
v 0.067311 1.612018 -0.027202
v 0.064985 1.612018 -0.035686
v 0.062034 1.612018 -0.043956
v 0.058485 1.612018 -0.051914
v 0.054373 1.612018 -0.059466
v 0.049738 1.612018 -0.066517
v 0.044623 1.612018 -0.072978
v 0.039079 1.612018 -0.078765
v 0.033158 1.612018 -0.083802
v 0.026918 1.612018 -0.088020
v 0.020418 1.612018 -0.091364
v 0.013723 1.612018 -0.093785
v 0.006894 1.612018 -0.095252
v 0.000000 1.612018 -0.095743
v -0.006894 1.612018 -0.095252
v -0.013723 1.612018 -0.093785
v -0.020418 1.612018 -0.091364
v -0.026918 1.612018 -0.088020
v -0.033158 1.612018 -0.083802
v -0.039079 1.612018 -0.078765
v -0.044623 1.612018 -0.072978
v -0.049738 1.612018 -0.066517
v -0.054373 1.612018 -0.059466
v -0.058485 1.612018 -0.051914
v -0.062034 1.612018 -0.043956
v -0.064985 1.612018 -0.035686
v -0.067311 1.612018 -0.027202
v -0.068988 1.612018 -0.018599
v -0.070001 1.612018 -0.009970
v -0.070339 1.612018 -0.001404
v -0.070001 1.612018 0.007008
v -0.068988 1.612018 0.015186
v -0.067311 1.612018 0.023053
v -0.064985 1.612018 0.030538
v -0.062034 1.612018 0.037569
v -0.058485 1.612018 0.044080
v -0.054373 1.612018 0.050015
v -0.049738 1.612018 0.055349
v -0.044623 1.612018 0.060123
v -0.039079 1.612018 0.064472
v -0.033158 1.612018 0.068581
v -0.026918 1.612018 0.072578
v -0.020418 1.612018 0.077014
v -0.013723 1.612018 0.081838
v -0.006894 1.612018 0.085225
v 0.000000 1.615459 0.088522
v 0.007007 1.615459 0.087105
v 0.013946 1.615459 0.082592
v 0.020751 1.615459 0.076435
v 0.027357 1.615459 0.072017
v 0.033698 1.615459 0.068337
v 0.039716 1.615459 0.064191
v 0.045350 1.615459 0.059783
v 0.050548 1.615459 0.054996
v 0.055260 1.615459 0.049660
v 0.059439 1.615459 0.043712
v 0.063045 1.615459 0.037175
v 0.066045 1.615459 0.030104
v 0.068408 1.615459 0.022569
v 0.070113 1.615459 0.014641
v 0.071142 1.615459 0.006396
v 0.071486 1.615459 -0.002092
v 0.071142 1.615459 -0.010740
v 0.070113 1.615459 -0.019457
v 0.068408 1.615459 -0.028152
v 0.066045 1.615459 -0.036732
v 0.063045 1.615459 -0.045099
v 0.059439 1.615459 -0.053154
v 0.055260 1.615459 -0.060801
v 0.050548 1.615459 -0.067944
v 0.045350 1.615459 -0.074492
v 0.039716 1.615459 -0.080358
v 0.033698 1.615459 -0.085465
v 0.027357 1.615459 -0.089744
v 0.020751 1.615459 -0.093135
v 0.013946 1.615459 -0.095592
v 0.007007 1.615459 -0.097080
v 0.000000 1.615459 -0.097578
v -0.007007 1.615459 -0.097080
v -0.013946 1.615459 -0.095592
v -0.020751 1.615459 -0.093135
v -0.027357 1.615459 -0.089744
v -0.033698 1.615459 -0.085465
v -0.039716 1.615459 -0.080358
v -0.045350 1.615459 -0.074492
v -0.050548 1.615459 -0.067944
v -0.055260 1.615459 -0.060801
v -0.059439 1.615459 -0.053154
v -0.063045 1.615459 -0.045099
v -0.066045 1.615459 -0.036732
v -0.068408 1.615459 -0.028152
v -0.070113 1.615459 -0.019457
v -0.071142 1.615459 -0.010740
v -0.071486 1.615459 -0.002092
v -0.071142 1.615459 0.006396
v -0.070113 1.615459 0.014641
v -0.068408 1.615459 0.022569
v -0.066045 1.615459 0.030104
v -0.063045 1.615459 0.037175
v -0.059439 1.615459 0.043712
v -0.055260 1.615459 0.049660
v -0.050548 1.615459 0.054996
v -0.045350 1.615459 0.059783
v -0.039716 1.615459 0.064190
v -0.033698 1.615459 0.068331
v -0.027357 1.615459 0.071998
v -0.020751 1.615459 0.076389
v -0.013946 1.615459 0.082525
v -0.007007 1.615459 0.087053
v 0.000000 1.618899 0.088574
v 0.007119 1.618899 0.086899
v 0.014170 1.618899 0.081053
v 0.021084 1.618899 0.073615
v 0.027795 1.618899 0.070094
v 0.034239 1.618899 0.067388
v 0.040353 1.618899 0.063512
v 0.046078 1.618899 0.059229
v 0.051359 1.618899 0.054536
v 0.056146 1.618899 0.049254
v 0.060392 1.618899 0.043323
v 0.064057 1.618899 0.036772
v 0.067104 1.618899 0.029667
v 0.069505 1.618899 0.022083
v 0.071237 1.618899 0.014097
v 0.072283 1.618899 0.005783
v 0.072633 1.618899 -0.002780
v 0.072283 1.618899 -0.011510
v 0.071237 1.618899 -0.020315
v 0.069505 1.618899 -0.029102
v 0.067104 1.618899 -0.037778
v 0.064057 1.618899 -0.046242
v 0.060392 1.618899 -0.054395
v 0.056146 1.618899 -0.062137
v 0.051359 1.618899 -0.069372
v 0.046078 1.618899 -0.076006
v 0.040353 1.618899 -0.081952
v 0.034239 1.618899 -0.087129
v 0.027795 1.618899 -0.091467
v 0.021084 1.618899 -0.094906
v 0.014170 1.618899 -0.097398
v 0.007119 1.618899 -0.098907
v 0.000000 1.618899 -0.099413
v -0.007119 1.618899 -0.098907
v -0.014170 1.618899 -0.097398
v -0.021084 1.618899 -0.094906
v -0.027795 1.618899 -0.091467
v -0.034239 1.618899 -0.087129
v -0.040353 1.618899 -0.081952
v -0.046078 1.618899 -0.076006
v -0.051359 1.618899 -0.069372
v -0.056146 1.618899 -0.062137
v -0.060392 1.618899 -0.054395
v -0.064057 1.618899 -0.046242
v -0.067104 1.618899 -0.037778
v -0.069505 1.618899 -0.029102
v -0.071237 1.618899 -0.020315
v -0.072283 1.618899 -0.011510
v -0.072633 1.618899 -0.002780
v -0.072283 1.618899 0.005783
v -0.071237 1.618899 0.014097
v -0.069505 1.618899 0.022083
v -0.067104 1.618899 0.029667
v -0.064057 1.618899 0.036772
v -0.060392 1.618899 0.043323
v -0.056146 1.618899 0.049254
v -0.051359 1.618899 0.054536
v -0.046078 1.618899 0.059229
v -0.040353 1.618899 0.063512
v -0.034239 1.618899 0.067386
v -0.027795 1.618899 0.070085
v -0.021084 1.618899 0.073593
v -0.014170 1.618899 0.081020
v -0.007119 1.618899 0.086873
v 0.000000 1.622339 0.085861
v 0.007232 1.622339 0.084100
v 0.014394 1.622339 0.076876
v 0.021417 1.622339 0.068798
v 0.028234 1.622339 0.066963
v 0.034780 1.622339 0.065605
v 0.040990 1.622339 0.062335
v 0.046805 1.622339 0.058422
v 0.052170 1.622339 0.053960
v 0.057033 1.622339 0.048800
v 0.061346 1.622339 0.042916
v 0.065068 1.622339 0.036363
v 0.068164 1.622339 0.029229
v 0.070603 1.622339 0.021598
v 0.072362 1.622339 0.013552
v 0.073425 1.622339 0.005170
v 0.073780 1.622339 -0.003468
v 0.073425 1.622339 -0.012280
v 0.072362 1.622339 -0.021172
v 0.070603 1.622339 -0.030053
v 0.068164 1.622339 -0.038823
v 0.065068 1.622339 -0.047385
v 0.061346 1.622339 -0.055635
v 0.057033 1.622339 -0.063473
v 0.052170 1.622339 -0.070800
v 0.046805 1.622339 -0.077520
v 0.040990 1.622339 -0.083545
v 0.034780 1.622339 -0.088792
v 0.028234 1.622339 -0.093190
v 0.021417 1.622339 -0.096677
v 0.014394 1.622339 -0.099204
v 0.007232 1.622339 -0.100735
v 0.000000 1.622339 -0.101248
v -0.007232 1.622339 -0.100735
v -0.014394 1.622339 -0.099204
v -0.021417 1.622339 -0.096677
v -0.028234 1.622339 -0.093190
v -0.034780 1.622339 -0.088792
v -0.040990 1.622339 -0.083545
v -0.046805 1.622339 -0.077520
v -0.052170 1.622339 -0.070800
v -0.057033 1.622339 -0.063473
v -0.061346 1.622339 -0.055635
v -0.065068 1.622339 -0.047385
v -0.068164 1.622339 -0.038823
v -0.070603 1.622339 -0.030053
v -0.072362 1.622339 -0.021172
v -0.073425 1.622339 -0.012280
v -0.073780 1.622339 -0.003468
v -0.073425 1.622339 0.005170
v -0.072362 1.622339 0.013552
v -0.070603 1.622339 0.021598
v -0.068164 1.622339 0.029229
v -0.065068 1.622339 0.036363
v -0.061346 1.622339 0.042916
v -0.057033 1.622339 0.048800
v -0.052170 1.622339 0.053960
v -0.046805 1.622339 0.058422
v -0.040990 1.622339 0.062334
v -0.034780 1.622339 0.065604
v -0.028234 1.622339 0.066959
v -0.021417 1.622339 0.068788
v -0.014394 1.622339 0.076860
v -0.007232 1.622339 0.084088
v 0.000000 1.625780 0.085890
v 0.007344 1.625780 0.083991
v 0.014617 1.625780 0.074689
v 0.021750 1.625780 0.066021
v 0.028673 1.625780 0.065087
v 0.035320 1.625780 0.064230
v 0.041627 1.625780 0.061343
v 0.047533 1.625780 0.057738
v 0.052981 1.625780 0.053467
v 0.057919 1.625780 0.048401
v 0.062299 1.625780 0.042543
v 0.066079 1.625780 0.035975
v 0.069223 1.625780 0.028801
v 0.071700 1.625780 0.021118
v 0.073487 1.625780 0.013010
v 0.074566 1.625780 0.004559
v 0.074927 1.625780 -0.004156
v 0.074566 1.625780 -0.013050
v 0.073487 1.625780 -0.022030
v 0.071700 1.625780 -0.031003
v 0.069223 1.625780 -0.039869
v 0.066079 1.625780 -0.048528
v 0.062299 1.625780 -0.056875
v 0.057919 1.625780 -0.064809
v 0.052981 1.625780 -0.072228
v 0.047533 1.625780 -0.079034
v 0.041627 1.625780 -0.085138
v 0.035320 1.625780 -0.090456
v 0.028673 1.625780 -0.094914
v 0.021750 1.625780 -0.098449
v 0.014617 1.625780 -0.101011
v 0.007344 1.625780 -0.102563
v 0.000000 1.625780 -0.103083
v -0.007344 1.625780 -0.102563
v -0.014617 1.625780 -0.101011
v -0.021750 1.625780 -0.098449
v -0.028673 1.625780 -0.094914
v -0.035320 1.625780 -0.090456
v -0.041627 1.625780 -0.085138
v -0.047533 1.625780 -0.079034
v -0.052981 1.625780 -0.072228
v -0.057919 1.625780 -0.064809
v -0.062299 1.625780 -0.056875
v -0.066079 1.625780 -0.048528
v -0.069223 1.625780 -0.039869
v -0.071700 1.625780 -0.031003
v -0.073487 1.625780 -0.022030
v -0.074566 1.625780 -0.013050
v -0.074927 1.625780 -0.004156
v -0.074566 1.625780 0.004559
v -0.073487 1.625780 0.013010
v -0.071700 1.625780 0.021118
v -0.069223 1.625780 0.028801
v -0.066079 1.625780 0.035975
v -0.062299 1.625780 0.042543
v -0.057919 1.625780 0.048401
v -0.052981 1.625780 0.053467
v -0.047533 1.625780 0.057738
v -0.041627 1.625780 0.061343
v -0.035320 1.625780 0.064230
v -0.028673 1.625780 0.065085
v -0.021750 1.625780 0.066017
v -0.014617 1.625780 0.074682
v -0.007344 1.625780 0.083985
v 0.000000 1.629220 0.091127
v 0.007456 1.629220 0.089026
v 0.014841 1.629220 0.077037
v 0.022083 1.629220 0.067360
v 0.029112 1.629220 0.065634
v 0.035861 1.629220 0.063987
v 0.042264 1.629220 0.060962
v 0.048260 1.629220 0.057400
v 0.053792 1.629220 0.053171
v 0.058806 1.629220 0.048114
v 0.063253 1.629220 0.042231
v 0.067091 1.629220 0.035620
v 0.070283 1.629220 0.028392
v 0.072798 1.629220 0.020647
v 0.074612 1.629220 0.012472
v 0.075707 1.629220 0.003948
v 0.076073 1.629220 -0.004844
v 0.075707 1.629220 -0.013820
v 0.074612 1.629220 -0.022888
v 0.072798 1.629220 -0.031953
v 0.070283 1.629220 -0.040915
v 0.067091 1.629220 -0.049671
v 0.063253 1.629220 -0.058115
v 0.058806 1.629220 -0.066145
v 0.053792 1.629220 -0.073655
v 0.048260 1.629220 -0.080549
v 0.042264 1.629220 -0.086732
v 0.035861 1.629220 -0.092120
v 0.029112 1.629220 -0.096637
v 0.022083 1.629220 -0.100220
v 0.014841 1.629220 -0.102817
v 0.007456 1.629220 -0.104390
v 0.000000 1.629220 -0.104917
v -0.007456 1.629220 -0.104390
v -0.014841 1.629220 -0.102817
v -0.022083 1.629220 -0.100220
v -0.029112 1.629220 -0.096637
v -0.035861 1.629220 -0.092120
v -0.042264 1.629220 -0.086732
v -0.048260 1.629220 -0.080549
v -0.053792 1.629220 -0.073655
v -0.058806 1.629220 -0.066145
v -0.063253 1.629220 -0.058115
v -0.067091 1.629220 -0.049671
v -0.070283 1.629220 -0.040915
v -0.072798 1.629220 -0.031953
v -0.074612 1.629220 -0.022888
v -0.075707 1.629220 -0.013820
v -0.076073 1.629220 -0.004844
v -0.075707 1.629220 0.003948
v -0.074612 1.629220 0.012472
v -0.072798 1.629220 0.020647
v -0.070283 1.629220 0.028392
v -0.067091 1.629220 0.035620
v -0.063253 1.629220 0.042231
v -0.058806 1.629220 0.048114
v -0.053792 1.629220 0.053171
v -0.048260 1.629220 0.057400
v -0.042264 1.629220 0.060962
v -0.035861 1.629220 0.063987
v -0.029112 1.629220 0.065634
v -0.022083 1.629220 0.067358
v -0.014841 1.629220 0.077034
v -0.007456 1.629220 0.089024
v 0.000000 1.632661 0.094032
v 0.007569 1.632661 0.092199
v 0.015065 1.632661 0.078944
v 0.022416 1.632661 0.069081
v 0.029551 1.632661 0.066285
v 0.036401 1.632661 0.063784
v 0.042901 1.632661 0.060652
v 0.048988 1.632661 0.057140
v 0.054603 1.632661 0.052945
v 0.059692 1.632661 0.047878
v 0.064206 1.632661 0.041955
v 0.068102 1.632661 0.035287
v 0.071342 1.632661 0.027994
v 0.073895 1.632661 0.020182
v 0.075736 1.632661 0.011937
v 0.076848 1.632661 0.003338
v 0.077220 1.632661 -0.005532
v 0.076848 1.632661 -0.014590
v 0.075736 1.632661 -0.023746
v 0.073895 1.632661 -0.032903
v 0.071342 1.632661 -0.041960
v 0.068102 1.632661 -0.050813
v 0.064206 1.632661 -0.059356
v 0.059692 1.632661 -0.067480
v 0.054603 1.632661 -0.075083
v 0.048988 1.632661 -0.082063
v 0.042901 1.632661 -0.088325
v 0.036401 1.632661 -0.093783
v 0.029551 1.632661 -0.098361
v 0.022416 1.632661 -0.101991
v 0.015065 1.632661 -0.104623
v 0.007569 1.632661 -0.106218
v 0.000000 1.632661 -0.106752
v -0.007569 1.632661 -0.106218
v -0.015065 1.632661 -0.104623
v -0.022416 1.632661 -0.101991
v -0.029551 1.632661 -0.098361
v -0.036401 1.632661 -0.093783
v -0.042901 1.632661 -0.088325
v -0.048988 1.632661 -0.082063
v -0.054603 1.632661 -0.075083
v -0.059692 1.632661 -0.067480
v -0.064206 1.632661 -0.059356
v -0.068102 1.632661 -0.050813
v -0.071342 1.632661 -0.041960
v -0.073895 1.632661 -0.032903
v -0.075736 1.632661 -0.023746
v -0.076848 1.632661 -0.014590
v -0.077220 1.632661 -0.005532
v -0.076848 1.632661 0.003338
v -0.075736 1.632661 0.011937
v -0.073895 1.632661 0.020182
v -0.071342 1.632661 0.027994
v -0.068102 1.632661 0.035287
v -0.064206 1.632661 0.041955
v -0.059692 1.632661 0.047878
v -0.054603 1.632661 0.052945
v -0.048988 1.632661 0.057140
v -0.042901 1.632661 0.060652
v -0.036401 1.632661 0.063784
v -0.029551 1.632661 0.066285
v -0.022416 1.632661 0.069080
v -0.015065 1.632661 0.078943
v -0.007569 1.632661 0.092198
v 0.000000 1.636101 0.091961
v 0.007674 1.636101 0.090843
v 0.015274 1.636101 0.078608
v 0.022727 1.636101 0.069617
v 0.029962 1.636101 0.066302
v 0.036907 1.636101 0.063455
v 0.043498 1.636101 0.060402
v 0.049669 1.636101 0.056998
v 0.055362 1.636101 0.052844
v 0.060522 1.636101 0.047753
v 0.065099 1.636101 0.041770
v 0.069049 1.636101 0.035030
v 0.072334 1.636101 0.027665
v 0.074922 1.636101 0.019781
v 0.076789 1.636101 0.011466
v 0.077917 1.636101 0.002796
v 0.078294 1.636101 -0.006147
v 0.077917 1.636101 -0.015279
v 0.076789 1.636101 -0.024513
v 0.074922 1.636101 -0.033752
v 0.072334 1.636101 -0.042894
v 0.069049 1.636101 -0.051832
v 0.065099 1.636101 -0.060459
v 0.060522 1.636101 -0.068667
v 0.055362 1.636101 -0.076349
v 0.049669 1.636101 -0.083403
v 0.043498 1.636101 -0.089733
v 0.036907 1.636101 -0.095252
v 0.029962 1.636101 -0.099880
v 0.022727 1.636101 -0.103552
v 0.015274 1.636101 -0.106214
v 0.007674 1.636101 -0.107827
v 0.000000 1.636101 -0.108367
v -0.007674 1.636101 -0.107827
v -0.015274 1.636101 -0.106214
v -0.022727 1.636101 -0.103552
v -0.029962 1.636101 -0.099880
v -0.036907 1.636101 -0.095252
v -0.043498 1.636101 -0.089733
v -0.049669 1.636101 -0.083403
v -0.055362 1.636101 -0.076349
v -0.060522 1.636101 -0.068667
v -0.065099 1.636101 -0.060459
v -0.069049 1.636101 -0.051832
v -0.072334 1.636101 -0.042894
v -0.074922 1.636101 -0.033752
v -0.076789 1.636101 -0.024513
v -0.077917 1.636101 -0.015279
v -0.078294 1.636101 -0.006147
v -0.077917 1.636101 0.002796
v -0.076789 1.636101 0.011466
v -0.074922 1.636101 0.019781
v -0.072334 1.636101 0.027665
v -0.069049 1.636101 0.035030
v -0.065099 1.636101 0.041770
v -0.060522 1.636101 0.047753
v -0.055362 1.636101 0.052844
v -0.049669 1.636101 0.056998
v -0.043498 1.636101 0.060402
v -0.036907 1.636101 0.063455
v -0.029962 1.636101 0.066302
v -0.022727 1.636101 0.069617
v -0.015274 1.636101 0.078608
v -0.007674 1.636101 0.090842
v 0.000000 1.639541 0.089054
v 0.007764 1.639541 0.088302
v 0.015453 1.639541 0.077927
v 0.022994 1.639541 0.069759
v 0.030313 1.639541 0.066284
v 0.037340 1.639541 0.063415
v 0.044007 1.639541 0.060479
v 0.050251 1.639541 0.057151
v 0.056011 1.639541 0.052989
v 0.061231 1.639541 0.047829
v 0.065862 1.639541 0.041752
v 0.069858 1.639541 0.034917
v 0.073181 1.639541 0.027469
v 0.075800 1.639541 0.019512
v 0.077689 1.639541 0.011130
v 0.078830 1.639541 0.002398
v 0.079211 1.639541 -0.006606
v 0.078830 1.639541 -0.015795
v 0.077689 1.639541 -0.025088
v 0.075800 1.639541 -0.034387
v 0.073181 1.639541 -0.043589
v 0.069858 1.639541 -0.052587
v 0.065862 1.639541 -0.061272
v 0.061231 1.639541 -0.069535
v 0.056011 1.639541 -0.077270
v 0.050251 1.639541 -0.084373
v 0.044007 1.639541 -0.090748
v 0.037340 1.639541 -0.096305
v 0.030313 1.639541 -0.100966
v 0.022994 1.639541 -0.104664
v 0.015453 1.639541 -0.107345
v 0.007764 1.639541 -0.108970
v 0.000000 1.639541 -0.109514
v -0.007764 1.639541 -0.108970
v -0.015453 1.639541 -0.107345
v -0.022994 1.639541 -0.104664
v -0.030313 1.639541 -0.100966
v -0.037340 1.639541 -0.096305
v -0.044007 1.639541 -0.090748
v -0.050251 1.639541 -0.084373
v -0.056011 1.639541 -0.077270
v -0.061231 1.639541 -0.069535
v -0.065862 1.639541 -0.061272
v -0.069858 1.639541 -0.052587
v -0.073181 1.639541 -0.043589
v -0.075800 1.639541 -0.034387
v -0.077689 1.639541 -0.025088
v -0.078830 1.639541 -0.015795
v -0.079211 1.639541 -0.006606
v -0.078830 1.639541 0.002398
v -0.077689 1.639541 0.011130
v -0.075800 1.639541 0.019512
v -0.073181 1.639541 0.027469
v -0.069858 1.639541 0.034917
v -0.065862 1.639541 0.041752
v -0.061231 1.639541 0.047829
v -0.056011 1.639541 0.052989
v -0.050251 1.639541 0.057151
v -0.044007 1.639541 0.060479
v -0.037340 1.639541 0.063415
v -0.030313 1.639541 0.066284
v -0.022994 1.639541 0.069759
v -0.015453 1.639541 0.077927
v -0.007764 1.639541 0.088302
v 0.000000 1.642982 0.089597
v 0.007854 1.642982 0.087993
v 0.015632 1.642982 0.078309
v 0.023260 1.642982 0.069932
v 0.030664 1.642982 0.066398
v 0.037772 1.642982 0.063655
v 0.044517 1.642982 0.060833
v 0.050833 1.642982 0.057529
v 0.056659 1.642982 0.053293
v 0.061940 1.642982 0.048005
v 0.066624 1.642982 0.041791
v 0.070667 1.642982 0.034836
v 0.074029 1.642982 0.027289
v 0.076678 1.642982 0.019251
v 0.078589 1.642982 0.010798
v 0.079743 1.642982 0.002000
v 0.080128 1.642982 -0.007064
v 0.079743 1.642982 -0.016311
v 0.078589 1.642982 -0.025663
v 0.076678 1.642982 -0.035022
v 0.074029 1.642982 -0.044284
v 0.070667 1.642982 -0.053341
v 0.066624 1.642982 -0.062084
v 0.061940 1.642982 -0.070404
v 0.056659 1.642982 -0.078192
v 0.050833 1.642982 -0.085344
v 0.044517 1.642982 -0.091763
v 0.037772 1.642982 -0.097359
v 0.030664 1.642982 -0.102053
v 0.023260 1.642982 -0.105777
v 0.015632 1.642982 -0.108477
v 0.007854 1.642982 -0.110113
v 0.000000 1.642982 -0.110661
v -0.007854 1.642982 -0.110113
v -0.015632 1.642982 -0.108477
v -0.023260 1.642982 -0.105777
v -0.030664 1.642982 -0.102053
v -0.037772 1.642982 -0.097359
v -0.044517 1.642982 -0.091763
v -0.050833 1.642982 -0.085344
v -0.056659 1.642982 -0.078192
v -0.061940 1.642982 -0.070404
v -0.066624 1.642982 -0.062084
v -0.070667 1.642982 -0.053341
v -0.074029 1.642982 -0.044284
v -0.076678 1.642982 -0.035022
v -0.078589 1.642982 -0.025663
v -0.079743 1.642982 -0.016311
v -0.080128 1.642982 -0.007064
v -0.079743 1.642982 0.002000
v -0.078589 1.642982 0.010798
v -0.076678 1.642982 0.019251
v -0.074029 1.642982 0.027289
v -0.070667 1.642982 0.034836
v -0.066624 1.642982 0.041791
v -0.061940 1.642982 0.048005
v -0.056659 1.642982 0.053293
v -0.050833 1.642982 0.057529
v -0.044517 1.642982 0.060833
v -0.037772 1.642982 0.063655
v -0.030664 1.642982 0.066398
v -0.023260 1.642982 0.069932
v -0.015632 1.642982 0.078309
v -0.007854 1.642982 0.087993
v 0.000000 1.646422 0.094434
v 0.007944 1.646422 0.090725
v 0.015811 1.646422 0.079957
v 0.023526 1.646422 0.070332
v 0.031015 1.646422 0.066765
v 0.038205 1.646422 0.064206
v 0.045027 1.646422 0.061479
v 0.051415 1.646422 0.058138
v 0.057308 1.646422 0.053755
v 0.062649 1.646422 0.048277
v 0.067387 1.646422 0.041884
v 0.071476 1.646422 0.034783
v 0.074877 1.646422 0.027123
v 0.077556 1.646422 0.018995
v 0.079489 1.646422 0.010468
v 0.080656 1.646422 0.001603
v 0.081046 1.646422 -0.007523
v 0.080656 1.646422 -0.016827
v 0.079489 1.646422 -0.026238
v 0.077556 1.646422 -0.035656
v 0.074877 1.646422 -0.044979
v 0.071476 1.646422 -0.054096
v 0.067387 1.646422 -0.062897
v 0.062649 1.646422 -0.071273
v 0.057308 1.646422 -0.079113
v 0.051415 1.646422 -0.086314
v 0.045027 1.646422 -0.092778
v 0.038205 1.646422 -0.098413
v 0.031015 1.646422 -0.103139
v 0.023526 1.646422 -0.106889
v 0.015811 1.646422 -0.109608
v 0.007944 1.646422 -0.111255
v 0.000000 1.646422 -0.111807
v -0.007944 1.646422 -0.111255
v -0.015811 1.646422 -0.109608
v -0.023526 1.646422 -0.106889
v -0.031015 1.646422 -0.103139
v -0.038205 1.646422 -0.098413
v -0.045027 1.646422 -0.092778
v -0.051415 1.646422 -0.086314
v -0.057308 1.646422 -0.079113
v -0.062649 1.646422 -0.071273
v -0.067387 1.646422 -0.062897
v -0.071476 1.646422 -0.054096
v -0.074877 1.646422 -0.044979
v -0.077556 1.646422 -0.035656
v -0.079489 1.646422 -0.026238
v -0.080656 1.646422 -0.016827
v -0.081046 1.646422 -0.007523
v -0.080656 1.646422 0.001603
v -0.079489 1.646422 0.010468
v -0.077556 1.646422 0.018995
v -0.074877 1.646422 0.027123
v -0.071476 1.646422 0.034783
v -0.067387 1.646422 0.041884
v -0.062649 1.646422 0.048277
v -0.057308 1.646422 0.053755
v -0.051415 1.646422 0.058138
v -0.045027 1.646422 0.061479
v -0.038205 1.646422 0.064206
v -0.031015 1.646422 0.066765
v -0.023526 1.646422 0.070332
v -0.015811 1.646422 0.079957
v -0.007944 1.646422 0.090725
v 0.000000 1.649862 0.100851
v 0.008034 1.649862 0.094747
v 0.015990 1.649862 0.081921
v 0.023793 1.649862 0.070889
v 0.031366 1.649862 0.067416
v 0.038637 1.649862 0.065065
v 0.045536 1.649862 0.062405
v 0.051997 1.649862 0.058960
v 0.057957 1.649862 0.054357
v 0.063358 1.649862 0.048629
v 0.068150 1.649862 0.042017
v 0.072285 1.649862 0.034748
v 0.075724 1.649862 0.026965
v 0.078434 1.649862 0.018743
v 0.080388 1.649862 0.010139
v 0.081569 1.649862 0.001207
v 0.081963 1.649862 -0.007982
v 0.081569 1.649862 -0.017343
v 0.080388 1.649862 -0.026813
v 0.078434 1.649862 -0.036291
v 0.075724 1.649862 -0.045673
v 0.072285 1.649862 -0.054850
v 0.068150 1.649862 -0.063710
v 0.063358 1.649862 -0.072141
v 0.057957 1.649862 -0.080035
v 0.051997 1.649862 -0.087285
v 0.045536 1.649862 -0.093792
v 0.038637 1.649862 -0.099466
v 0.031366 1.649862 -0.104225
v 0.023793 1.649862 -0.108002
v 0.015990 1.649862 -0.110739
v 0.008034 1.649862 -0.112398
v 0.000000 1.649862 -0.112954
v -0.008034 1.649862 -0.112398
v -0.015990 1.649862 -0.110739
v -0.023793 1.649862 -0.108002
v -0.031366 1.649862 -0.104225
v -0.038637 1.649862 -0.099466
v -0.045536 1.649862 -0.093792
v -0.051997 1.649862 -0.087285
v -0.057957 1.649862 -0.080035
v -0.063358 1.649862 -0.072141
v -0.068150 1.649862 -0.063710
v -0.072285 1.649862 -0.054850
v -0.075724 1.649862 -0.045673
v -0.078434 1.649862 -0.036291
v -0.080388 1.649862 -0.026813
v -0.081569 1.649862 -0.017343
v -0.081963 1.649862 -0.007982
v -0.081569 1.649862 0.001207
v -0.080388 1.649862 0.010139
v -0.078434 1.649862 0.018743
v -0.075724 1.649862 0.026965
v -0.072285 1.649862 0.034748
v -0.068150 1.649862 0.042017
v -0.063358 1.649862 0.048629
v -0.057957 1.649862 0.054357
v -0.051997 1.649862 0.058960
v -0.045536 1.649862 0.062405
v -0.038637 1.649862 0.065065
v -0.031366 1.649862 0.067416
v -0.023793 1.649862 0.070889
v -0.015990 1.649862 0.081921
v -0.008034 1.649862 0.094747
v 0.000000 1.653303 0.105899
v 0.008124 1.653303 0.098013
v 0.016169 1.653303 0.083143
v 0.024059 1.653303 0.071484
v 0.031717 1.653303 0.068324
v 0.039070 1.653303 0.066191
v 0.046046 1.653303 0.063565
v 0.052579 1.653303 0.059951
v 0.058606 1.653303 0.055060
v 0.064068 1.653303 0.049032
v 0.068913 1.653303 0.042172
v 0.073094 1.653303 0.034722
v 0.076572 1.653303 0.026808
v 0.079312 1.653303 0.018491
v 0.081288 1.653303 0.009810
v 0.082482 1.653303 0.000810
v 0.082881 1.653303 -0.008440
v 0.082482 1.653303 -0.017859
v 0.081288 1.653303 -0.027388
v 0.079312 1.653303 -0.036926
v 0.076572 1.653303 -0.046368
v 0.073094 1.653303 -0.055605
v 0.068913 1.653303 -0.064522
v 0.064068 1.653303 -0.073010
v 0.058606 1.653303 -0.080956
v 0.052579 1.653303 -0.088255
v 0.046046 1.653303 -0.094807
v 0.039070 1.653303 -0.100520
v 0.031717 1.653303 -0.105312
v 0.024059 1.653303 -0.109114
v 0.016169 1.653303 -0.111871
v 0.008124 1.653303 -0.113541
v 0.000000 1.653303 -0.114101
v -0.008124 1.653303 -0.113541
v -0.016169 1.653303 -0.111871
v -0.024059 1.653303 -0.109114
v -0.031717 1.653303 -0.105312
v -0.039070 1.653303 -0.100520
v -0.046046 1.653303 -0.094807
v -0.052579 1.653303 -0.088255
v -0.058606 1.653303 -0.080956
v -0.064068 1.653303 -0.073010
v -0.068913 1.653303 -0.064522
v -0.073094 1.653303 -0.055605
v -0.076572 1.653303 -0.046368
v -0.079312 1.653303 -0.036926
v -0.081288 1.653303 -0.027388
v -0.082482 1.653303 -0.017859
v -0.082881 1.653303 -0.008440
v -0.082482 1.653303 0.000810
v -0.081288 1.653303 0.009810
v -0.079312 1.653303 0.018491
v -0.076572 1.653303 0.026808
v -0.073094 1.653303 0.034722
v -0.068913 1.653303 0.042172
v -0.064068 1.653303 0.049032
v -0.058606 1.653303 0.055060
v -0.052579 1.653303 0.059951
v -0.046046 1.653303 0.063565
v -0.039070 1.653303 0.066191
v -0.031717 1.653303 0.068324
v -0.024059 1.653303 0.071484
v -0.016169 1.653303 0.083143
v -0.008124 1.653303 0.098013
v 0.000000 1.656743 0.108803
v 0.008214 1.656743 0.099618
v 0.016348 1.656743 0.083198
v 0.024325 1.656743 0.072071
v 0.032068 1.656743 0.069421
v 0.039502 1.656743 0.067505
v 0.046556 1.656743 0.064880
v 0.053161 1.656743 0.061040
v 0.059254 1.656743 0.055809
v 0.064777 1.656743 0.049449
v 0.069676 1.656743 0.042325
v 0.073903 1.656743 0.034688
v 0.077419 1.656743 0.026645
v 0.080190 1.656743 0.018234
v 0.082188 1.656743 0.009478
v 0.083395 1.656743 0.000412
v 0.083798 1.656743 -0.008899
v 0.083395 1.656743 -0.018375
v 0.082188 1.656743 -0.027963
v 0.080190 1.656743 -0.037561
v 0.077419 1.656743 -0.047063
v 0.073903 1.656743 -0.056359
v 0.069676 1.656743 -0.065335
v 0.064777 1.656743 -0.073878
v 0.059254 1.656743 -0.081878
v 0.053161 1.656743 -0.089226
v 0.046556 1.656743 -0.095822
v 0.039502 1.656743 -0.101573
v 0.032068 1.656743 -0.106398
v 0.024325 1.656743 -0.110226
v 0.016348 1.656743 -0.113002
v 0.008214 1.656743 -0.114684
v 0.000000 1.656743 -0.115248
v -0.008214 1.656743 -0.114684
v -0.016348 1.656743 -0.113002
v -0.024325 1.656743 -0.110226
v -0.032068 1.656743 -0.106398
v -0.039502 1.656743 -0.101573
v -0.046556 1.656743 -0.095822
v -0.053161 1.656743 -0.089226
v -0.059254 1.656743 -0.081878
v -0.064777 1.656743 -0.073878
v -0.069676 1.656743 -0.065335
v -0.073903 1.656743 -0.056359
v -0.077419 1.656743 -0.047063
v -0.080190 1.656743 -0.037561
v -0.082188 1.656743 -0.027963
v -0.083395 1.656743 -0.018375
v -0.083798 1.656743 -0.008899
v -0.083395 1.656743 0.000412
v -0.082188 1.656743 0.009478
v -0.080190 1.656743 0.018234
v -0.077419 1.656743 0.026645
v -0.073903 1.656743 0.034688
v -0.069676 1.656743 0.042325
v -0.064777 1.656743 0.049449
v -0.059254 1.656743 0.055809
v -0.053161 1.656743 0.061040
v -0.046556 1.656743 0.064880
v -0.039502 1.656743 0.067505
v -0.032068 1.656743 0.069421
v -0.024325 1.656743 0.072071
v -0.016348 1.656743 0.083198
v -0.008214 1.656743 0.099618
v 0.000000 1.660183 0.110255
v 0.008304 1.660183 0.099656
v 0.016527 1.660183 0.082332
v 0.024592 1.660183 0.072660
v 0.032419 1.660183 0.070602
v 0.039935 1.660183 0.068893
v 0.047065 1.660183 0.066241
v 0.053743 1.660183 0.062138
v 0.059903 1.660183 0.056539
v 0.065486 1.660183 0.049834
v 0.070438 1.660183 0.042449
v 0.074712 1.660183 0.034632
v 0.078267 1.660183 0.026468
v 0.081068 1.660183 0.017969
v 0.083088 1.660183 0.009142
v 0.084308 1.660183 0.000013
v 0.084716 1.660183 -0.009358
v 0.084308 1.660183 -0.018891
v 0.083088 1.660183 -0.028538
v 0.081068 1.660183 -0.038196
v 0.078267 1.660183 -0.047758
v 0.074712 1.660183 -0.057114
v 0.070438 1.660183 -0.066148
v 0.065486 1.660183 -0.074747
v 0.059903 1.660183 -0.082799
v 0.053743 1.660183 -0.090196
v 0.047065 1.660183 -0.096837
v 0.039935 1.660183 -0.102627
v 0.032419 1.660183 -0.107485
v 0.024592 1.660183 -0.111339
v 0.016527 1.660183 -0.114134
v 0.008304 1.660183 -0.115827
v 0.000000 1.660183 -0.116394
v -0.008304 1.660183 -0.115827
v -0.016527 1.660183 -0.114134
v -0.024592 1.660183 -0.111339
v -0.032419 1.660183 -0.107485
v -0.039935 1.660183 -0.102627
v -0.047065 1.660183 -0.096837
v -0.053743 1.660183 -0.090196
v -0.059903 1.660183 -0.082799
v -0.065486 1.660183 -0.074747
v -0.070438 1.660183 -0.066148
v -0.074712 1.660183 -0.057114
v -0.078267 1.660183 -0.047758
v -0.081068 1.660183 -0.038196
v -0.083088 1.660183 -0.028538
v -0.084308 1.660183 -0.018891
v -0.084716 1.660183 -0.009358
v -0.084308 1.660183 0.000013
v -0.083088 1.660183 0.009142
v -0.081068 1.660183 0.017969
v -0.078267 1.660183 0.026468
v -0.074712 1.660183 0.034632
v -0.070438 1.660183 0.042449
v -0.065486 1.660183 0.049834
v -0.059903 1.660183 0.056539
v -0.053743 1.660183 0.062138
v -0.047065 1.660183 0.066241
v -0.039935 1.660183 0.068893
v -0.032419 1.660183 0.070602
v -0.024592 1.660183 0.072660
v -0.016527 1.660183 0.082332
v -0.008304 1.660183 0.099656
v 0.000000 1.663624 0.110753
v 0.008394 1.663624 0.098539
v 0.016706 1.663624 0.081061
v 0.024858 1.663624 0.073232
v 0.032770 1.663624 0.071717
v 0.040367 1.663624 0.070205
v 0.047575 1.663624 0.067514
v 0.054325 1.663624 0.063139
v 0.060552 1.663624 0.057176
v 0.066195 1.663624 0.050143
v 0.071201 1.663624 0.042517
v 0.075522 1.663624 0.034539
v 0.079115 1.663624 0.026269
v 0.081946 1.663624 0.017693
v 0.083988 1.663624 0.008801
v 0.085221 1.663624 -0.000388
v 0.085633 1.663624 -0.009817
v 0.085221 1.663624 -0.019407
v 0.083988 1.663624 -0.029112
v 0.081946 1.663624 -0.038831
v 0.079115 1.663624 -0.048453
v 0.075522 1.663624 -0.057868
v 0.071201 1.663624 -0.066960
v 0.066195 1.663624 -0.075616
v 0.060552 1.663624 -0.083721
v 0.054325 1.663624 -0.091167
v 0.047575 1.663624 -0.097851
v 0.040367 1.663624 -0.103681
v 0.032770 1.663624 -0.108571
v 0.024858 1.663624 -0.112451
v 0.016706 1.663624 -0.115265
v 0.008394 1.663624 -0.116970
v 0.000000 1.663624 -0.117541
v -0.008394 1.663624 -0.116970
v -0.016706 1.663624 -0.115265
v -0.024858 1.663624 -0.112451
v -0.032770 1.663624 -0.108571
v -0.040367 1.663624 -0.103681
v -0.047575 1.663624 -0.097851
v -0.054325 1.663624 -0.091167
v -0.060552 1.663624 -0.083721
v -0.066195 1.663624 -0.075616
v -0.071201 1.663624 -0.066960
v -0.075522 1.663624 -0.057868
v -0.079115 1.663624 -0.048453
v -0.081946 1.663624 -0.038831
v -0.083988 1.663624 -0.029112
v -0.085221 1.663624 -0.019407
v -0.085633 1.663624 -0.009817
v -0.085221 1.663624 -0.000388
v -0.083988 1.663624 0.008801
v -0.081946 1.663624 0.017693
v -0.079115 1.663624 0.026269
v -0.075522 1.663624 0.034539
v -0.071201 1.663624 0.042517
v -0.066195 1.663624 0.050143
v -0.060552 1.663624 0.057176
v -0.054325 1.663624 0.063139
v -0.047575 1.663624 0.067514
v -0.040367 1.663624 0.070205
v -0.032770 1.663624 0.071717
v -0.024858 1.663624 0.073232
v -0.016706 1.663624 0.081061
v -0.008394 1.663624 0.098539
v 0.000000 1.667064 0.109863
v 0.008416 1.667064 0.096390
v 0.016751 1.667064 0.079512
v 0.024925 1.667064 0.073281
v 0.032858 1.667064 0.072134
v 0.040475 1.667064 0.070820
v 0.047703 1.667064 0.068163
v 0.054471 1.667064 0.063634
v 0.060714 1.667064 0.057432
v 0.066373 1.667064 0.050174
v 0.071392 1.667064 0.042381
v 0.075724 1.667064 0.034294
v 0.079327 1.667064 0.025954
v 0.082165 1.667064 0.017332
v 0.084213 1.667064 0.008405
v 0.085449 1.667064 -0.000815
v 0.085862 1.667064 -0.010275
v 0.085449 1.667064 -0.019897
v 0.084213 1.667064 -0.029639
v 0.082165 1.667064 -0.039397
v 0.079327 1.667064 -0.049063
v 0.075724 1.667064 -0.058523
v 0.071392 1.667064 -0.067663
v 0.066373 1.667064 -0.076365
v 0.060714 1.667064 -0.084516
v 0.054471 1.667064 -0.092007
v 0.047703 1.667064 -0.098732
v 0.040475 1.667064 -0.104598
v 0.032858 1.667064 -0.109520
v 0.024925 1.667064 -0.113426
v 0.016751 1.667064 -0.116259
v 0.008416 1.667064 -0.117975
v 0.000000 1.667064 -0.118550
v -0.008416 1.667064 -0.117975
v -0.016751 1.667064 -0.116259
v -0.024925 1.667064 -0.113426
v -0.032858 1.667064 -0.109520
v -0.040475 1.667064 -0.104598
v -0.047703 1.667064 -0.098732
v -0.054471 1.667064 -0.092007
v -0.060714 1.667064 -0.084516
v -0.066373 1.667064 -0.076365
v -0.071392 1.667064 -0.067663
v -0.075724 1.667064 -0.058523
v -0.079327 1.667064 -0.049063
v -0.082165 1.667064 -0.039397
v -0.084213 1.667064 -0.029639
v -0.085449 1.667064 -0.019897
v -0.085862 1.667064 -0.010275
v -0.085449 1.667064 -0.000815
v -0.084213 1.667064 0.008405
v -0.082165 1.667064 0.017332
v -0.079327 1.667064 0.025954
v -0.075724 1.667064 0.034294
v -0.071392 1.667064 0.042381
v -0.066373 1.667064 0.050174
v -0.060714 1.667064 0.057432
v -0.054471 1.667064 0.063634
v -0.047703 1.667064 0.068163
v -0.040475 1.667064 0.070820
v -0.032858 1.667064 0.072134
v -0.024925 1.667064 0.073281
v -0.016751 1.667064 0.079512
v -0.008416 1.667064 0.096390
v 0.000000 1.670505 0.107699
v 0.008394 1.670505 0.093609
v 0.016706 1.670505 0.077770
v 0.024858 1.670505 0.072708
v 0.032770 1.670505 0.071756
v 0.040367 1.670505 0.070660
v 0.047575 1.670505 0.068162
v 0.054325 1.670505 0.063644
v 0.060552 1.670505 0.057351
v 0.066195 1.670505 0.049978
v 0.071201 1.670505 0.042089
v 0.075522 1.670505 0.033937
v 0.079115 1.670505 0.025558
v 0.081946 1.670505 0.016914
v 0.083988 1.670505 0.007973
v 0.085221 1.670505 -0.001260
v 0.085633 1.670505 -0.010734
v 0.085221 1.670505 -0.020371
v 0.083988 1.670505 -0.030133
v 0.081946 1.670505 -0.039918
v 0.079115 1.670505 -0.049616
v 0.075522 1.670505 -0.059113
v 0.071201 1.670505 -0.068291
v 0.066195 1.670505 -0.077035
v 0.060552 1.670505 -0.085228
v 0.054325 1.670505 -0.092760
v 0.047575 1.670505 -0.099524
v 0.040367 1.670505 -0.105426
v 0.032770 1.670505 -0.110379
v 0.024858 1.670505 -0.114310
v 0.016706 1.670505 -0.117161
v 0.008394 1.670505 -0.118889
v 0.000000 1.670505 -0.119468
v -0.008394 1.670505 -0.118889
v -0.016706 1.670505 -0.117161
v -0.024858 1.670505 -0.114310
v -0.032770 1.670505 -0.110379
v -0.040367 1.670505 -0.105426
v -0.047575 1.670505 -0.099524
v -0.054325 1.670505 -0.092760
v -0.060552 1.670505 -0.085228
v -0.066195 1.670505 -0.077035
v -0.071201 1.670505 -0.068291
v -0.075522 1.670505 -0.059113
v -0.079115 1.670505 -0.049616
v -0.081946 1.670505 -0.039918
v -0.083988 1.670505 -0.030133
v -0.085221 1.670505 -0.020371
v -0.085633 1.670505 -0.010734
v -0.085221 1.670505 -0.001260
v -0.083988 1.670505 0.007973
v -0.081946 1.670505 0.016914
v -0.079115 1.670505 0.025558
v -0.075522 1.670505 0.033937
v -0.071201 1.670505 0.042089
v -0.066195 1.670505 0.049978
v -0.060552 1.670505 0.057351
v -0.054325 1.670505 0.063644
v -0.047575 1.670505 0.068162
v -0.040367 1.670505 0.070660
v -0.032770 1.670505 0.071756
v -0.024858 1.670505 0.072708
v -0.016706 1.670505 0.077770
v -0.008394 1.670505 0.093609
v 0.000000 1.673945 0.104718
v 0.008371 1.673945 0.090594
v 0.016661 1.673945 0.075915
v 0.024791 1.673945 0.071582
v 0.032683 1.673945 0.070666
v 0.040259 1.673945 0.069822
v 0.047448 1.673945 0.067630
v 0.054180 1.673945 0.063284
v 0.060390 1.673945 0.057030
v 0.066018 1.673945 0.049632
v 0.071011 1.673945 0.041708
v 0.075319 1.673945 0.033530
v 0.078903 1.673945 0.025136
v 0.081726 1.673945 0.016482
v 0.083763 1.673945 0.007534
v 0.084992 1.673945 -0.001708
v 0.085404 1.673945 -0.011193
v 0.084992 1.673945 -0.020844
v 0.083763 1.673945 -0.030627
v 0.081726 1.673945 -0.040439
v 0.078903 1.673945 -0.050169
v 0.075319 1.673945 -0.059702
v 0.071011 1.673945 -0.068920
v 0.066018 1.673945 -0.077705
v 0.060390 1.673945 -0.085940
v 0.054180 1.673945 -0.093513
v 0.047448 1.673945 -0.100316
v 0.040259 1.673945 -0.106253
v 0.032683 1.673945 -0.111237
v 0.024791 1.673945 -0.115193
v 0.016661 1.673945 -0.118063
v 0.008371 1.673945 -0.119803
v 0.000000 1.673945 -0.120385
v -0.008371 1.673945 -0.119803
v -0.016661 1.673945 -0.118063
v -0.024791 1.673945 -0.115193
v -0.032683 1.673945 -0.111237
v -0.040259 1.673945 -0.106253
v -0.047448 1.673945 -0.100316
v -0.054180 1.673945 -0.093513
v -0.060390 1.673945 -0.085940
v -0.066018 1.673945 -0.077705
v -0.071011 1.673945 -0.068920
v -0.075319 1.673945 -0.059702
v -0.078903 1.673945 -0.050169
v -0.081726 1.673945 -0.040439
v -0.083763 1.673945 -0.030627
v -0.084992 1.673945 -0.020844
v -0.085404 1.673945 -0.011193
v -0.084992 1.673945 -0.001708
v -0.083763 1.673945 0.007534
v -0.081726 1.673945 0.016482
v -0.078903 1.673945 0.025136
v -0.075319 1.673945 0.033530
v -0.071011 1.673945 0.041708
v -0.066018 1.673945 0.049632
v -0.060390 1.673945 0.057030
v -0.054180 1.673945 0.063284
v -0.047448 1.673945 0.067630
v -0.040259 1.673945 0.069822
v -0.032683 1.673945 0.070666
v -0.024791 1.673945 0.071582
v -0.016661 1.673945 0.075915
v -0.008371 1.673945 0.090594
v 0.000000 1.677385 0.101190
v 0.008349 1.677385 0.087514
v 0.016617 1.677385 0.073887
v 0.024725 1.677385 0.069805
v 0.032595 1.677385 0.068748
v 0.040151 1.677385 0.068197
v 0.047320 1.677385 0.066484
v 0.054034 1.677385 0.062501
v 0.060227 1.677385 0.056434
v 0.065841 1.677385 0.049116
v 0.070820 1.677385 0.041226
v 0.075117 1.677385 0.033066
v 0.078691 1.677385 0.024682
v 0.081507 1.677385 0.016035
v 0.083538 1.677385 0.007088
v 0.084764 1.677385 -0.002157
v 0.085174 1.677385 -0.011651
v 0.084764 1.677385 -0.021317
v 0.083538 1.677385 -0.031121
v 0.081507 1.677385 -0.040960
v 0.078691 1.677385 -0.050722
v 0.075117 1.677385 -0.060291
v 0.070820 1.677385 -0.069549
v 0.065841 1.677385 -0.078375
v 0.060227 1.677385 -0.086652
v 0.054034 1.677385 -0.094266
v 0.047320 1.677385 -0.101108
v 0.040151 1.677385 -0.107081
v 0.032595 1.677385 -0.112095
v 0.024725 1.677385 -0.116077
v 0.016617 1.677385 -0.118965
v 0.008349 1.677385 -0.120716
v 0.000000 1.677385 -0.121303
v -0.008349 1.677385 -0.120716
v -0.016617 1.677385 -0.118965
v -0.024725 1.677385 -0.116077
v -0.032595 1.677385 -0.112095
v -0.040151 1.677385 -0.107081
v -0.047320 1.677385 -0.101108
v -0.054034 1.677385 -0.094266
v -0.060227 1.677385 -0.086652
v -0.065841 1.677385 -0.078375
v -0.070820 1.677385 -0.069549
v -0.075117 1.677385 -0.060291
v -0.078691 1.677385 -0.050722
v -0.081507 1.677385 -0.040960
v -0.083538 1.677385 -0.031121
v -0.084764 1.677385 -0.021317
v -0.085174 1.677385 -0.011651
v -0.084764 1.677385 -0.002157
v -0.083538 1.677385 0.007088
v -0.081507 1.677385 0.016035
v -0.078691 1.677385 0.024682
v -0.075117 1.677385 0.033066
v -0.070820 1.677385 0.041226
v -0.065841 1.677385 0.049116
v -0.060227 1.677385 0.056434
v -0.054034 1.677385 0.062501
v -0.047320 1.677385 0.066484
v -0.040151 1.677385 0.068197
v -0.032595 1.677385 0.068748
v -0.024725 1.677385 0.069805
v -0.016617 1.677385 0.073886
v -0.008349 1.677385 0.087514
v 0.000000 1.680826 0.097338
v 0.008326 1.680826 0.084472
v 0.016572 1.680826 0.071704
v 0.024658 1.680826 0.067451
v 0.032507 1.680826 0.066089
v 0.040043 1.680826 0.065849
v 0.047193 1.680826 0.064761
v 0.053889 1.680826 0.061309
v 0.060065 1.680826 0.055568
v 0.065663 1.680826 0.048429
v 0.070629 1.680826 0.040641
v 0.074915 1.680826 0.032542
v 0.078479 1.680826 0.024196
v 0.081287 1.680826 0.015571
v 0.083313 1.680826 0.006634
v 0.084536 1.680826 -0.002609
v 0.084945 1.680826 -0.012110
v 0.084536 1.680826 -0.021790
v 0.083313 1.680826 -0.031616
v 0.081287 1.680826 -0.041481
v 0.078479 1.680826 -0.051275
v 0.074915 1.680826 -0.060880
v 0.070629 1.680826 -0.070177
v 0.065663 1.680826 -0.079045
v 0.060065 1.680826 -0.087364
v 0.053889 1.680826 -0.095019
v 0.047193 1.680826 -0.101900
v 0.040043 1.680826 -0.107908
v 0.032507 1.680826 -0.112954
v 0.024658 1.680826 -0.116960
v 0.016572 1.680826 -0.119867
v 0.008326 1.680826 -0.121630
v 0.000000 1.680826 -0.122220
v -0.008326 1.680826 -0.121630
v -0.016572 1.680826 -0.119867
v -0.024658 1.680826 -0.116960
v -0.032507 1.680826 -0.112954
v -0.040043 1.680826 -0.107908
v -0.047193 1.680826 -0.101900
v -0.053889 1.680826 -0.095019
v -0.060065 1.680826 -0.087364
v -0.065663 1.680826 -0.079045
v -0.070629 1.680826 -0.070177
v -0.074915 1.680826 -0.060880
v -0.078479 1.680826 -0.051275
v -0.081287 1.680826 -0.041481
v -0.083313 1.680826 -0.031616
v -0.084536 1.680826 -0.021790
v -0.084945 1.680826 -0.012110
v -0.084536 1.680826 -0.002609
v -0.083313 1.680826 0.006634
v -0.081287 1.680826 0.015571
v -0.078479 1.680826 0.024196
v -0.074915 1.680826 0.032542
v -0.070629 1.680826 0.040641
v -0.065663 1.680826 0.048429
v -0.060065 1.680826 0.055568
v -0.053889 1.680826 0.061309
v -0.047193 1.680826 0.064761
v -0.040043 1.680826 0.065849
v -0.032507 1.680826 0.066088
v -0.024658 1.680826 0.067451
v -0.016572 1.680826 0.071703
v -0.008326 1.680826 0.084472
v 0.000000 1.684266 0.093291
v 0.008304 1.684266 0.081503
v 0.016527 1.684266 0.069501
v 0.024592 1.684266 0.064832
v 0.032419 1.684266 0.063054
v 0.039935 1.684266 0.063083
v 0.047065 1.684266 0.062651
v 0.053743 1.684266 0.059809
v 0.059903 1.684266 0.054480
v 0.065486 1.684266 0.047595
v 0.070438 1.684266 0.039965
v 0.074712 1.684266 0.031966
v 0.078267 1.684266 0.023681
v 0.081068 1.684266 0.015092
v 0.083088 1.684266 0.006174
v 0.084308 1.684266 -0.003064
v 0.084716 1.684266 -0.012569
v 0.084308 1.684266 -0.022264
v 0.083088 1.684266 -0.032110
v 0.081068 1.684266 -0.042002
v 0.078267 1.684266 -0.051828
v 0.074712 1.684266 -0.061470
v 0.070438 1.684266 -0.070806
v 0.065486 1.684266 -0.079715
v 0.059903 1.684266 -0.088076
v 0.053743 1.684266 -0.095771
v 0.047065 1.684266 -0.102692
v 0.039935 1.684266 -0.108736
v 0.032419 1.684266 -0.113812
v 0.024592 1.684266 -0.117844
v 0.016527 1.684266 -0.120769
v 0.008304 1.684266 -0.122543
v 0.000000 1.684266 -0.123138
v -0.008304 1.684266 -0.122543
v -0.016527 1.684266 -0.120769
v -0.024592 1.684266 -0.117844
v -0.032419 1.684266 -0.113812
v -0.039935 1.684266 -0.108736
v -0.047065 1.684266 -0.102692
v -0.053743 1.684266 -0.095771
v -0.059903 1.684266 -0.088076
v -0.065486 1.684266 -0.079715
v -0.070438 1.684266 -0.070806
v -0.074712 1.684266 -0.061470
v -0.078267 1.684266 -0.051828
v -0.081068 1.684266 -0.042002
v -0.083088 1.684266 -0.032110
v -0.084308 1.684266 -0.022264
v -0.084716 1.684266 -0.012569
v -0.084308 1.684266 -0.003064
v -0.083088 1.684266 0.006174
v -0.081068 1.684266 0.015092
v -0.078267 1.684266 0.023681
v -0.074712 1.684266 0.031966
v -0.070438 1.684266 0.039965
v -0.065486 1.684266 0.047595
v -0.059903 1.684266 0.054480
v -0.053743 1.684266 0.059808
v -0.047065 1.684266 0.062650
v -0.039935 1.684266 0.063081
v -0.032419 1.684266 0.063051
v -0.024592 1.684266 0.064830
v -0.016527 1.684266 0.069499
v -0.008304 1.684266 0.081502
v 0.000000 1.687706 0.089086
v 0.008281 1.687706 0.078610
v 0.016482 1.687706 0.067507
v 0.024525 1.687706 0.062454
v 0.032331 1.687706 0.060248
v 0.039827 1.687706 0.060412
v 0.046938 1.687706 0.060487
v 0.053598 1.687706 0.058179
v 0.059741 1.687706 0.053259
v 0.065309 1.687706 0.046658
v 0.070248 1.687706 0.039221
v 0.074510 1.687706 0.031347
v 0.078055 1.687706 0.023142
v 0.080848 1.687706 0.014600
v 0.082863 1.687706 0.005708
v 0.084079 1.687706 -0.003520
v 0.084486 1.687706 -0.013028
v 0.084079 1.687706 -0.022737
v 0.082863 1.687706 -0.032604
v 0.080848 1.687706 -0.042523
v 0.078055 1.687706 -0.052381
v 0.074510 1.687706 -0.062059
v 0.070248 1.687706 -0.071434
v 0.065309 1.687706 -0.080385
v 0.059741 1.687706 -0.088787
v 0.053598 1.687706 -0.096524
v 0.046938 1.687706 -0.103484
v 0.039827 1.687706 -0.109563
v 0.032331 1.687706 -0.114670
v 0.024525 1.687706 -0.118727
v 0.016482 1.687706 -0.121672
v 0.008281 1.687706 -0.123457
v 0.000000 1.687706 -0.124055
v -0.008281 1.687706 -0.123457
v -0.016482 1.687706 -0.121672
v -0.024525 1.687706 -0.118727
v -0.032331 1.687706 -0.114670
v -0.039827 1.687706 -0.109563
v -0.046938 1.687706 -0.103484
v -0.053598 1.687706 -0.096524
v -0.059741 1.687706 -0.088787
v -0.065309 1.687706 -0.080385
v -0.070248 1.687706 -0.071434
v -0.074510 1.687706 -0.062059
v -0.078055 1.687706 -0.052381
v -0.080848 1.687706 -0.042523
v -0.082863 1.687706 -0.032604
v -0.084079 1.687706 -0.022737
v -0.084486 1.687706 -0.013028
v -0.084079 1.687706 -0.003520
v -0.082863 1.687706 0.005708
v -0.080848 1.687706 0.014600
v -0.078055 1.687706 0.023141
v -0.074510 1.687706 0.031347
v -0.070248 1.687706 0.039220
v -0.065309 1.687706 0.046658
v -0.059741 1.687706 0.053258
v -0.053598 1.687706 0.058176
v -0.046938 1.687706 0.060483
v -0.039827 1.687706 0.060405
v -0.032331 1.687706 0.060239
v -0.024525 1.687706 0.062446
v -0.016482 1.687706 0.067501
v -0.008281 1.687706 0.078607
v 0.000000 1.691147 0.084791
v 0.008259 1.691147 0.075851
v 0.016438 1.691147 0.066005
v 0.024458 1.691147 0.060872
v 0.032244 1.691147 0.058332
v 0.039718 1.691147 0.058404
v 0.046811 1.691147 0.058649
v 0.053452 1.691147 0.056632
v 0.059579 1.691147 0.052015
v 0.065131 1.691147 0.045675
v 0.070057 1.691147 0.038436
v 0.074308 1.691147 0.030701
v 0.077843 1.691147 0.022586
v 0.080629 1.691147 0.014099
v 0.082638 1.691147 0.005237
v 0.083851 1.691147 -0.003977
v 0.084257 1.691147 -0.013486
v 0.083851 1.691147 -0.023210
v 0.082638 1.691147 -0.033098
v 0.080629 1.691147 -0.043044
v 0.077843 1.691147 -0.052934
v 0.074308 1.691147 -0.062648
v 0.070057 1.691147 -0.072063
v 0.065131 1.691147 -0.081055
v 0.059579 1.691147 -0.089499
v 0.053452 1.691147 -0.097277
v 0.046811 1.691147 -0.104276
v 0.039718 1.691147 -0.110391
v 0.032244 1.691147 -0.115529
v 0.024458 1.691147 -0.119611
v 0.016438 1.691147 -0.122574
v 0.008259 1.691147 -0.124370
v 0.000000 1.691147 -0.124972
v -0.008259 1.691147 -0.124370
v -0.016438 1.691147 -0.122574
v -0.024458 1.691147 -0.119611
v -0.032244 1.691147 -0.115529
v -0.039718 1.691147 -0.110391
v -0.046811 1.691147 -0.104276
v -0.053452 1.691147 -0.097277
v -0.059579 1.691147 -0.089499
v -0.065131 1.691147 -0.081055
v -0.070057 1.691147 -0.072063
v -0.074308 1.691147 -0.062648
v -0.077843 1.691147 -0.052934
v -0.080629 1.691147 -0.043044
v -0.082638 1.691147 -0.033098
v -0.083851 1.691147 -0.023210
v -0.084257 1.691147 -0.013486
v -0.083851 1.691147 -0.003977
v -0.082638 1.691147 0.005237
v -0.080629 1.691147 0.014099
v -0.077843 1.691147 0.022586
v -0.074308 1.691147 0.030701
v -0.070057 1.691147 0.038436
v -0.065131 1.691147 0.045673
v -0.059579 1.691147 0.052011
v -0.053452 1.691147 0.056625
v -0.046811 1.691147 0.058635
v -0.039718 1.691147 0.058383
v -0.032244 1.691147 0.058304
v -0.024458 1.691147 0.060845
v -0.016438 1.691147 0.065984
v -0.008259 1.691147 0.075840
v 0.000000 1.694587 0.080692
v 0.008236 1.694587 0.073451
v 0.016393 1.694587 0.065267
v 0.024392 1.694587 0.060492
v 0.032156 1.694587 0.057777
v 0.039610 1.694587 0.057482
v 0.046683 1.694587 0.057437
v 0.053306 1.694587 0.055352
v 0.059416 1.694587 0.050851
v 0.064954 1.694587 0.044701
v 0.069866 1.694587 0.037643
v 0.074106 1.694587 0.030046
v 0.077631 1.694587 0.022024
v 0.080409 1.694587 0.013594
v 0.082413 1.694587 0.004765
v 0.083623 1.694587 -0.004435
v 0.084028 1.694587 -0.013945
v 0.083623 1.694587 -0.023683
v 0.082413 1.694587 -0.033592
v 0.080409 1.694587 -0.043565
v 0.077631 1.694587 -0.053487
v 0.074106 1.694587 -0.063237
v 0.069866 1.694587 -0.072692
v 0.064954 1.694587 -0.081725
v 0.059416 1.694587 -0.090211
v 0.053306 1.694587 -0.098030
v 0.046683 1.694587 -0.105068
v 0.039610 1.694587 -0.111218
v 0.032156 1.694587 -0.116387
v 0.024392 1.694587 -0.120494
v 0.016393 1.694587 -0.123476
v 0.008236 1.694587 -0.125284
v 0.000000 1.694587 -0.125890
v -0.008236 1.694587 -0.125284
v -0.016393 1.694587 -0.123476
v -0.024392 1.694587 -0.120494
v -0.032156 1.694587 -0.116387
v -0.039610 1.694587 -0.111218
v -0.046683 1.694587 -0.105068
v -0.053306 1.694587 -0.098030
v -0.059416 1.694587 -0.090211
v -0.064954 1.694587 -0.081725
v -0.069866 1.694587 -0.072692
v -0.074106 1.694587 -0.063237
v -0.077631 1.694587 -0.053487
v -0.080409 1.694587 -0.043565
v -0.082413 1.694587 -0.033592
v -0.083623 1.694587 -0.023683
v -0.084028 1.694587 -0.013945
v -0.083623 1.694587 -0.004435
v -0.082413 1.694587 0.004765
v -0.080409 1.694587 0.013594
v -0.077631 1.694587 0.022024
v -0.074106 1.694587 0.030046
v -0.069866 1.694587 0.037642
v -0.064954 1.694587 0.044698
v -0.059416 1.694587 0.050842
v -0.053306 1.694587 0.055333
v -0.046683 1.694587 0.057401
v -0.039610 1.694587 0.057425
v -0.032156 1.694587 0.057704
v -0.024392 1.694587 0.060420
v -0.016393 1.694587 0.065212
v -0.008236 1.694587 0.073423
v 0.000000 1.698028 0.077458
v 0.008208 1.698028 0.071915
v 0.016336 1.698028 0.065584
v 0.024307 1.698028 0.061529
v 0.032045 1.698028 0.058779
v 0.039473 1.698028 0.057840
v 0.046522 1.698028 0.057035
v 0.053122 1.698028 0.054501
v 0.059211 1.698028 0.049904
v 0.064729 1.698028 0.043850
v 0.069625 1.698028 0.036938
v 0.073849 1.698028 0.029469
v 0.077363 1.698028 0.021542
v 0.080131 1.698028 0.013179
v 0.082128 1.698028 0.004395
v 0.083334 1.698028 -0.004774
v 0.083737 1.698028 -0.014263
v 0.083334 1.698028 -0.023992
v 0.082128 1.698028 -0.033894
v 0.080131 1.698028 -0.043864
v 0.077363 1.698028 -0.053785
v 0.073849 1.698028 -0.063538
v 0.069625 1.698028 -0.072998
v 0.064729 1.698028 -0.082038
v 0.059211 1.698028 -0.090532
v 0.053122 1.698028 -0.098361
v 0.046522 1.698028 -0.105408
v 0.039473 1.698028 -0.111567
v 0.032045 1.698028 -0.116744
v 0.024307 1.698028 -0.120858
v 0.016336 1.698028 -0.123845
v 0.008208 1.698028 -0.125656
v 0.000000 1.698028 -0.126263
v -0.008208 1.698028 -0.125656
v -0.016336 1.698028 -0.123845
v -0.024307 1.698028 -0.120858
v -0.032045 1.698028 -0.116744
v -0.039473 1.698028 -0.111567
v -0.046522 1.698028 -0.105408
v -0.053122 1.698028 -0.098361
v -0.059211 1.698028 -0.090532
v -0.064729 1.698028 -0.082038
v -0.069625 1.698028 -0.072998
v -0.073849 1.698028 -0.063538
v -0.077363 1.698028 -0.053785
v -0.080131 1.698028 -0.043864
v -0.082128 1.698028 -0.033894
v -0.083334 1.698028 -0.023992
v -0.083737 1.698028 -0.014263
v -0.083334 1.698028 -0.004774
v -0.082128 1.698028 0.004395
v -0.080131 1.698028 0.013178
v -0.077363 1.698028 0.021542
v -0.073849 1.698028 0.029468
v -0.069625 1.698028 0.036934
v -0.064729 1.698028 0.043841
v -0.059211 1.698028 0.049882
v -0.053122 1.698028 0.054456
v -0.046522 1.698028 0.056950
v -0.039473 1.698028 0.057707
v -0.032045 1.698028 0.058611
v -0.024307 1.698028 0.061362
v -0.016336 1.698028 0.065458
v -0.008208 1.698028 0.071851
v 0.000000 1.701468 0.075673
v 0.008178 1.701468 0.071594
v 0.016278 1.701468 0.066947
v 0.024221 1.701468 0.063749
v 0.031930 1.701468 0.061048
v 0.039332 1.701468 0.059268
v 0.046355 1.701468 0.057349
v 0.052932 1.701468 0.054051
v 0.058999 1.701468 0.049157
v 0.064498 1.701468 0.043096
v 0.069376 1.701468 0.036281
v 0.073585 1.701468 0.028920
v 0.077086 1.701468 0.021079
v 0.079845 1.701468 0.012778
v 0.081834 1.701468 0.004040
v 0.083036 1.701468 -0.005095
v 0.083438 1.701468 -0.014562
v 0.083036 1.701468 -0.024278
v 0.081834 1.701468 -0.034170
v 0.079845 1.701468 -0.044132
v 0.077086 1.701468 -0.054049
v 0.073585 1.701468 -0.063800
v 0.069376 1.701468 -0.073260
v 0.064498 1.701468 -0.082302
v 0.058999 1.701468 -0.090801
v 0.052932 1.701468 -0.098634
v 0.046355 1.701468 -0.105686
v 0.039332 1.701468 -0.111850
v 0.031930 1.701468 -0.117033
v 0.024221 1.701468 -0.121151
v 0.016278 1.701468 -0.124141
v 0.008178 1.701468 -0.125955
v 0.000000 1.701468 -0.126562
v -0.008178 1.701468 -0.125955
v -0.016278 1.701468 -0.124141
v -0.024221 1.701468 -0.121151
v -0.031930 1.701468 -0.117033
v -0.039332 1.701468 -0.111850
v -0.046355 1.701468 -0.105686
v -0.052932 1.701468 -0.098634
v -0.058999 1.701468 -0.090801
v -0.064498 1.701468 -0.082302
v -0.069376 1.701468 -0.073260
v -0.073585 1.701468 -0.063800
v -0.077086 1.701468 -0.054049
v -0.079845 1.701468 -0.044132
v -0.081834 1.701468 -0.034170
v -0.083036 1.701468 -0.024278
v -0.083438 1.701468 -0.014562
v -0.083036 1.701468 -0.005095
v -0.081834 1.701468 0.004040
v -0.079845 1.701468 0.012778
v -0.077086 1.701468 0.021078
v -0.073585 1.701468 0.028917
v -0.069376 1.701468 0.036274
v -0.064498 1.701468 0.043077
v -0.058999 1.701468 0.049114
v -0.052932 1.701468 0.053958
v -0.046355 1.701468 0.057179
v -0.039332 1.701468 0.059002
v -0.031930 1.701468 0.060713
v -0.024221 1.701468 0.063417
v -0.016278 1.701468 0.066697
v -0.008178 1.701468 0.071467
v 0.000000 1.704908 0.075550
v 0.008149 1.704908 0.072554
v 0.016219 1.704908 0.069149
v 0.024134 1.704908 0.066721
v 0.031816 1.704908 0.064075
v 0.039191 1.704908 0.061366
v 0.046189 1.704908 0.058162
v 0.052742 1.704908 0.053920
v 0.058788 1.704908 0.048595
v 0.064267 1.704908 0.042442
v 0.069127 1.704908 0.035677
v 0.073322 1.704908 0.028397
v 0.076810 1.704908 0.020628
v 0.079559 1.704908 0.012384
v 0.081541 1.704908 0.003688
v 0.082738 1.704908 -0.005416
v 0.083138 1.704908 -0.014862
v 0.082738 1.704908 -0.024564
v 0.081541 1.704908 -0.034446
v 0.079559 1.704908 -0.044400
v 0.076810 1.704908 -0.054313
v 0.073322 1.704908 -0.064062
v 0.069127 1.704908 -0.073522
v 0.064267 1.704908 -0.082567
v 0.058788 1.704908 -0.091069
v 0.052742 1.704908 -0.098907
v 0.046189 1.704908 -0.105964
v 0.039191 1.704908 -0.112134
v 0.031816 1.704908 -0.117321
v 0.024134 1.704908 -0.121444
v 0.016219 1.704908 -0.124438
v 0.008149 1.704908 -0.126253
v 0.000000 1.704908 -0.126862
v -0.008149 1.704908 -0.126253
v -0.016219 1.704908 -0.124438
v -0.024134 1.704908 -0.121444
v -0.031816 1.704908 -0.117321
v -0.039191 1.704908 -0.112134
v -0.046189 1.704908 -0.105964
v -0.052742 1.704908 -0.098907
v -0.058788 1.704908 -0.091069
v -0.064267 1.704908 -0.082567
v -0.069127 1.704908 -0.073522
v -0.073322 1.704908 -0.064062
v -0.076810 1.704908 -0.054313
v -0.079559 1.704908 -0.044400
v -0.081541 1.704908 -0.034446
v -0.082738 1.704908 -0.024564
v -0.083138 1.704908 -0.014862
v -0.082738 1.704908 -0.005417
v -0.081541 1.704908 0.003688
v -0.079559 1.704908 0.012383
v -0.076810 1.704908 0.020626
v -0.073322 1.704908 0.028391
v -0.069127 1.704908 0.035663
v -0.064267 1.704908 0.042408
v -0.058788 1.704908 0.048518
v -0.052742 1.704908 0.053757
v -0.046189 1.704908 0.057864
v -0.039191 1.704908 0.060906
v -0.031816 1.704908 0.063498
v -0.024134 1.704908 0.066149
v -0.016219 1.704908 0.068719
v -0.008149 1.704908 0.072336
v 0.000000 1.708349 0.076569
v 0.008120 1.708349 0.074290
v 0.016161 1.708349 0.071661
v 0.024047 1.708349 0.069807
v 0.031701 1.708349 0.067184
v 0.039050 1.708349 0.063591
v 0.046023 1.708349 0.059144
v 0.052553 1.708349 0.053955
v 0.058576 1.708349 0.048162
v 0.064036 1.708349 0.041872
v 0.068878 1.708349 0.035122
v 0.073058 1.708349 0.027901
v 0.076533 1.708349 0.020193
v 0.079272 1.708349 0.011998
v 0.081248 1.708349 0.003339
v 0.082440 1.708349 -0.005737
v 0.082839 1.708349 -0.015161
v 0.082440 1.708349 -0.024850
v 0.081248 1.708349 -0.034721
v 0.079272 1.708349 -0.044669
v 0.076533 1.708349 -0.054577
v 0.073058 1.708349 -0.064324
v 0.068878 1.708349 -0.073785
v 0.064036 1.708349 -0.082831
v 0.058576 1.708349 -0.091337
v 0.052553 1.708349 -0.099180
v 0.046023 1.708349 -0.106242
v 0.039050 1.708349 -0.112418
v 0.031701 1.708349 -0.117610
v 0.024047 1.708349 -0.121737
v 0.016161 1.708349 -0.124734
v 0.008120 1.708349 -0.126552
v 0.000000 1.708349 -0.127161
v -0.008120 1.708349 -0.126552
v -0.016161 1.708349 -0.124734
v -0.024047 1.708349 -0.121737
v -0.031701 1.708349 -0.117610
v -0.039050 1.708349 -0.112418
v -0.046023 1.708349 -0.106242
v -0.052553 1.708349 -0.099180
v -0.058576 1.708349 -0.091337
v -0.064036 1.708349 -0.082831
v -0.068878 1.708349 -0.073785
v -0.073058 1.708349 -0.064324
v -0.076533 1.708349 -0.054577
v -0.079272 1.708349 -0.044669
v -0.081248 1.708349 -0.034721
v -0.082440 1.708349 -0.024850
v -0.082839 1.708349 -0.015161
v -0.082440 1.708349 -0.005737
v -0.081248 1.708349 0.003339
v -0.079272 1.708349 0.011996
v -0.076533 1.708349 0.020190
v -0.073058 1.708349 0.027893
v -0.068878 1.708349 0.035101
v -0.064036 1.708349 0.041821
v -0.058576 1.708349 0.048044
v -0.052553 1.708349 0.053709
v -0.046023 1.708349 0.058696
v -0.039050 1.708349 0.062903
v -0.031701 1.708349 0.066323
v -0.024047 1.708349 0.068958
v -0.016161 1.708349 0.071024
v -0.008120 1.708349 0.073967
v 0.000000 1.711789 0.077671
v 0.008090 1.711789 0.075875
v 0.016103 1.711789 0.073727
v 0.023960 1.711789 0.072253
v 0.031587 1.711789 0.069626
v 0.038909 1.711789 0.065337
v 0.045857 1.711789 0.059904
v 0.052363 1.711789 0.053949
v 0.058365 1.711789 0.047763
v 0.063804 1.711789 0.041350
v 0.068630 1.711789 0.034604
v 0.072794 1.711789 0.027429
v 0.076257 1.711789 0.019771
v 0.078986 1.711789 0.011618
v 0.080954 1.711789 0.002993
v 0.082143 1.711789 -0.006056
v 0.082540 1.711789 -0.015460
v 0.082143 1.711789 -0.025136
v 0.080954 1.711789 -0.034997
v 0.078986 1.711789 -0.044937
v 0.076257 1.711789 -0.054841
v 0.072794 1.711789 -0.064586
v 0.068630 1.711789 -0.074047
v 0.063804 1.711789 -0.083096
v 0.058365 1.711789 -0.091605
v 0.052363 1.711789 -0.099452
v 0.045857 1.711789 -0.106520
v 0.038909 1.711789 -0.112701
v 0.031587 1.711789 -0.117899
v 0.023960 1.711789 -0.122030
v 0.016103 1.711789 -0.125030
v 0.008090 1.711789 -0.126850
v 0.000000 1.711789 -0.127460
v -0.008090 1.711789 -0.126850
v -0.016103 1.711789 -0.125030
v -0.023960 1.711789 -0.122030
v -0.031587 1.711789 -0.117899
v -0.038909 1.711789 -0.112701
v -0.045857 1.711789 -0.106520
v -0.052363 1.711789 -0.099452
v -0.058365 1.711789 -0.091605
v -0.063804 1.711789 -0.083096
v -0.068630 1.711789 -0.074047
v -0.072794 1.711789 -0.064586
v -0.076257 1.711789 -0.054841
v -0.078986 1.711789 -0.044937
v -0.080954 1.711789 -0.034997
v -0.082143 1.711789 -0.025136
v -0.082540 1.711789 -0.015460
v -0.082143 1.711789 -0.006056
v -0.080954 1.711789 0.002993
v -0.078986 1.711789 0.011616
v -0.076257 1.711789 0.019766
v -0.072794 1.711789 0.027418
v -0.068630 1.711789 0.034576
v -0.063804 1.711789 0.041281
v -0.058365 1.711789 0.047608
v -0.052363 1.711789 0.053628
v -0.045857 1.711789 0.059322
v -0.038909 1.711789 0.064447
v -0.031587 1.711789 0.068518
v -0.023960 1.711789 0.071163
v -0.016103 1.711789 0.072911
v -0.008090 1.711789 0.075460
v 0.000000 1.715229 0.077860
v 0.008061 1.715229 0.076445
v 0.016044 1.715229 0.074661
v 0.023873 1.715229 0.073412
v 0.031472 1.715229 0.070783
v 0.038768 1.715229 0.066096
v 0.045691 1.715229 0.060096
v 0.052173 1.715229 0.053702
v 0.058153 1.715229 0.047297
v 0.063573 1.715229 0.040827
v 0.068381 1.715229 0.034103
v 0.072530 1.715229 0.026972
v 0.075981 1.715229 0.019358
v 0.078700 1.715229 0.011244
v 0.080661 1.715229 0.002650
v 0.081845 1.715229 -0.006374
v 0.082241 1.715229 -0.015759
v 0.081845 1.715229 -0.025421
v 0.080661 1.715229 -0.035273
v 0.078700 1.715229 -0.045205
v 0.075981 1.715229 -0.055105
v 0.072530 1.715229 -0.064848
v 0.068381 1.715229 -0.074309
v 0.063573 1.715229 -0.083360
v 0.058153 1.715229 -0.091873
v 0.052173 1.715229 -0.099725
v 0.045691 1.715229 -0.106799
v 0.038768 1.715229 -0.112985
v 0.031472 1.715229 -0.118187
v 0.023873 1.715229 -0.122323
v 0.016044 1.715229 -0.125327
v 0.008061 1.715229 -0.127148
v 0.000000 1.715229 -0.127759
v -0.008061 1.715229 -0.127148
v -0.016044 1.715229 -0.125327
v -0.023873 1.715229 -0.122323
v -0.031472 1.715229 -0.118187
v -0.038768 1.715229 -0.112985
v -0.045691 1.715229 -0.106799
v -0.052173 1.715229 -0.099725
v -0.058153 1.715229 -0.091873
v -0.063573 1.715229 -0.083360
v -0.068381 1.715229 -0.074309
v -0.072530 1.715229 -0.064848
v -0.075981 1.715229 -0.055105
v -0.078700 1.715229 -0.045205
v -0.080661 1.715229 -0.035273
v -0.081845 1.715229 -0.025421
v -0.082241 1.715229 -0.015759
v -0.081845 1.715229 -0.006374
v -0.080661 1.715229 0.002649
v -0.078700 1.715229 0.011242
v -0.075981 1.715229 0.019353
v -0.072530 1.715229 0.026959
v -0.068381 1.715229 0.034071
v -0.063573 1.715229 0.040749
v -0.058153 1.715229 0.047120
v -0.052173 1.715229 0.053339
v -0.045691 1.715229 0.059443
v -0.038768 1.715229 0.065102
v -0.031472 1.715229 0.069551
v -0.023873 1.715229 0.072203
v -0.016044 1.715229 0.073756
v -0.008061 1.715229 0.075986
v 0.000000 1.718670 0.076697
v 0.008033 1.718670 0.075620
v 0.015988 1.718670 0.074155
v 0.023789 1.718670 0.073004
v 0.031361 1.718670 0.070392
v 0.038631 1.718670 0.065633
v 0.045529 1.718670 0.059531
v 0.051989 1.718670 0.053076
v 0.057948 1.718670 0.046673
v 0.063349 1.718670 0.040247
v 0.068139 1.718670 0.033580
v 0.072274 1.718670 0.026504
v 0.075712 1.718670 0.018938
v 0.078422 1.718670 0.010864
v 0.080376 1.718670 0.002305
v 0.081556 1.718670 -0.006689
v 0.081950 1.718670 -0.016050
v 0.081556 1.718670 -0.025692
v 0.080376 1.718670 -0.035525
v 0.078422 1.718670 -0.045442
v 0.075712 1.718670 -0.055329
v 0.072274 1.718670 -0.065062
v 0.068139 1.718670 -0.074515
v 0.063349 1.718670 -0.083560
v 0.057948 1.718670 -0.092069
v 0.051989 1.718670 -0.099918
v 0.045529 1.718670 -0.106990
v 0.038631 1.718670 -0.113175
v 0.031361 1.718670 -0.118378
v 0.023789 1.718670 -0.122514
v 0.015988 1.718670 -0.125518
v 0.008033 1.718670 -0.127340
v 0.000000 1.718670 -0.127950
v -0.008033 1.718670 -0.127340
v -0.015988 1.718670 -0.125518
v -0.023789 1.718670 -0.122514
v -0.031361 1.718670 -0.118378
v -0.038631 1.718670 -0.113175
v -0.045529 1.718670 -0.106990
v -0.051989 1.718670 -0.099918
v -0.057948 1.718670 -0.092069
v -0.063349 1.718670 -0.083560
v -0.068139 1.718670 -0.074515
v -0.072274 1.718670 -0.065062
v -0.075712 1.718670 -0.055329
v -0.078422 1.718670 -0.045442
v -0.080376 1.718670 -0.035525
v -0.081556 1.718670 -0.025692
v -0.081950 1.718670 -0.016050
v -0.081556 1.718670 -0.006689
v -0.080376 1.718670 0.002304
v -0.078422 1.718670 0.010862
v -0.075712 1.718670 0.018933
v -0.072274 1.718670 0.026491
v -0.068139 1.718670 0.033547
v -0.063349 1.718670 0.040170
v -0.057948 1.718670 0.046500
v -0.051989 1.718670 0.052722
v -0.045529 1.718670 0.058897
v -0.038631 1.718670 0.064674
v -0.031361 1.718670 0.069207
v -0.023789 1.718670 0.071845
v -0.015988 1.718670 0.073289
v -0.008033 1.718670 0.075180
v 0.000000 1.722110 0.074353
v 0.008008 1.722110 0.073567
v 0.015938 1.722110 0.072375
v 0.023715 1.722110 0.071220
v 0.031264 1.722110 0.068638
v 0.038511 1.722110 0.064062
v 0.045388 1.722110 0.058227
v 0.051827 1.722110 0.052024
v 0.057767 1.722110 0.045816
v 0.063152 1.722110 0.039529
v 0.067927 1.722110 0.032963
v 0.072049 1.722110 0.025965
v 0.075477 1.722110 0.018465
v 0.078178 1.722110 0.010449
v 0.080126 1.722110 0.001945
v 0.081302 1.722110 -0.006996
v 0.081696 1.722110 -0.016304
v 0.081302 1.722110 -0.025897
v 0.080126 1.722110 -0.035680
v 0.078178 1.722110 -0.045549
v 0.075477 1.722110 -0.055388
v 0.072049 1.722110 -0.065076
v 0.067927 1.722110 -0.074486
v 0.063152 1.722110 -0.083491
v 0.057767 1.722110 -0.091963
v 0.051827 1.722110 -0.099779
v 0.045388 1.722110 -0.106821
v 0.038511 1.722110 -0.112981
v 0.031264 1.722110 -0.118162
v 0.023715 1.722110 -0.122281
v 0.015938 1.722110 -0.125273
v 0.008008 1.722110 -0.127087
v 0.000000 1.722110 -0.127696
v -0.008008 1.722110 -0.127087
v -0.015938 1.722110 -0.125273
v -0.023715 1.722110 -0.122281
v -0.031264 1.722110 -0.118162
v -0.038511 1.722110 -0.112981
v -0.045388 1.722110 -0.106821
v -0.051827 1.722110 -0.099779
v -0.057767 1.722110 -0.091963
v -0.063152 1.722110 -0.083491
v -0.067927 1.722110 -0.074486
v -0.072049 1.722110 -0.065076
v -0.075477 1.722110 -0.055388
v -0.078178 1.722110 -0.045549
v -0.080126 1.722110 -0.035680
v -0.081302 1.722110 -0.025897
v -0.081696 1.722110 -0.016304
v -0.081302 1.722110 -0.006996
v -0.080126 1.722110 0.001945
v -0.078178 1.722110 0.010447
v -0.075477 1.722110 0.018460
v -0.072049 1.722110 0.025954
v -0.067927 1.722110 0.032935
v -0.063152 1.722110 0.039463
v -0.057767 1.722110 0.045669
v -0.051827 1.722110 0.051726
v -0.045388 1.722110 0.057696
v -0.038511 1.722110 0.063263
v -0.031264 1.722110 0.067654
v -0.023715 1.722110 0.070260
v -0.015938 1.722110 0.071659
v -0.008008 1.722110 0.073204
v 0.000000 1.725550 0.071607
v 0.007983 1.725550 0.071054
v 0.015888 1.725550 0.070077
v 0.023641 1.725550 0.068859
v 0.031166 1.725550 0.066305
v 0.038391 1.725550 0.062029
v 0.045246 1.725550 0.056634
v 0.051665 1.725550 0.050832
v 0.057587 1.725550 0.044908
v 0.062955 1.725550 0.038800
v 0.067715 1.725550 0.032349
v 0.071824 1.725550 0.025431
v 0.075241 1.725550 0.017995
v 0.077934 1.725550 0.010037
v 0.079876 1.725550 0.001587
v 0.081049 1.725550 -0.007302
v 0.081441 1.725550 -0.016559
v 0.081049 1.725550 -0.026101
v 0.079876 1.725550 -0.035836
v 0.077934 1.725550 -0.045656
v 0.075241 1.725550 -0.055448
v 0.071824 1.725550 -0.065091
v 0.067715 1.725550 -0.074458
v 0.062955 1.725550 -0.083423
v 0.057587 1.725550 -0.091858
v 0.051665 1.725550 -0.099640
v 0.045246 1.725550 -0.106652
v 0.038391 1.725550 -0.112786
v 0.031166 1.725550 -0.117945
v 0.023641 1.725550 -0.122048
v 0.015888 1.725550 -0.125027
v 0.007983 1.725550 -0.126835
v 0.000000 1.725550 -0.127441
v -0.007983 1.725550 -0.126835
v -0.015888 1.725550 -0.125027
v -0.023641 1.725550 -0.122048
v -0.031166 1.725550 -0.117945
v -0.038391 1.725550 -0.112786
v -0.045246 1.725550 -0.106652
v -0.051665 1.725550 -0.099640
v -0.057587 1.725550 -0.091858
v -0.062955 1.725550 -0.083423
v -0.067715 1.725550 -0.074458
v -0.071824 1.725550 -0.065091
v -0.075241 1.725550 -0.055448
v -0.077934 1.725550 -0.045656
v -0.079876 1.725550 -0.035836
v -0.081049 1.725550 -0.026101
v -0.081441 1.725550 -0.016559
v -0.081049 1.725550 -0.007302
v -0.079876 1.725550 0.001586
v -0.077934 1.725550 0.010035
v -0.075241 1.725550 0.017992
v -0.071824 1.725550 0.025423
v -0.067715 1.725550 0.032328
v -0.062955 1.725550 0.038752
v -0.057587 1.725550 0.044801
v -0.051665 1.725550 0.050615
v -0.045246 1.725550 0.056250
v -0.038391 1.725550 0.061454
v -0.031166 1.725550 0.065600
v -0.023641 1.725550 0.068172
v -0.015888 1.725550 0.069565
v -0.007983 1.725550 0.070794
v 0.000000 1.728991 0.069069
v 0.007958 1.728991 0.068693
v 0.015839 1.728991 0.067884
v 0.023567 1.728991 0.066597
v 0.031068 1.728991 0.064061
v 0.038271 1.728991 0.060068
v 0.045104 1.728991 0.055099
v 0.051504 1.728991 0.049684
v 0.057407 1.728991 0.044032
v 0.062758 1.728991 0.038095
v 0.067504 1.728991 0.031749
v 0.071600 1.728991 0.024907
v 0.075006 1.728991 0.017531
v 0.077690 1.728991 0.009627
v 0.079626 1.728991 0.001230
v 0.080795 1.728991 -0.007608
v 0.081186 1.728991 -0.016814
v 0.080795 1.728991 -0.026306
v 0.079626 1.728991 -0.035991
v 0.077690 1.728991 -0.045763
v 0.075006 1.728991 -0.055508
v 0.071600 1.728991 -0.065105
v 0.067504 1.728991 -0.074430
v 0.062758 1.728991 -0.083354
v 0.057407 1.728991 -0.091752
v 0.051504 1.728991 -0.099501
v 0.045104 1.728991 -0.106483
v 0.038271 1.728991 -0.112591
v 0.031068 1.728991 -0.117729
v 0.023567 1.728991 -0.121815
v 0.015839 1.728991 -0.124782
v 0.007958 1.728991 -0.126583
v 0.000000 1.728991 -0.127186
v -0.007958 1.728991 -0.126583
v -0.015839 1.728991 -0.124782
v -0.023567 1.728991 -0.121815
v -0.031068 1.728991 -0.117729
v -0.038271 1.728991 -0.112591
v -0.045104 1.728991 -0.106483
v -0.051504 1.728991 -0.099501
v -0.057407 1.728991 -0.091752
v -0.062758 1.728991 -0.083354
v -0.067504 1.728991 -0.074430
v -0.071600 1.728991 -0.065105
v -0.075006 1.728991 -0.055508
v -0.077690 1.728991 -0.045763
v -0.079626 1.728991 -0.035991
v -0.080795 1.728991 -0.026306
v -0.081186 1.728991 -0.016814
v -0.080795 1.728991 -0.007608
v -0.079626 1.728991 0.001229
v -0.077690 1.728991 0.009626
v -0.075006 1.728991 0.017529
v -0.071600 1.728991 0.024901
v -0.067504 1.728991 0.031736
v -0.062758 1.728991 0.038064
v -0.057407 1.728991 0.043965
v -0.051504 1.728991 0.049548
v -0.045104 1.728991 0.054859
v -0.038271 1.728991 0.059710
v -0.031068 1.728991 0.063624
v -0.023567 1.728991 0.066172
v -0.015839 1.728991 0.067568
v -0.007958 1.728991 0.068533
v 0.000000 1.732431 0.067060
v 0.007933 1.732431 0.066813
v 0.015789 1.732431 0.066141
v 0.023493 1.732431 0.064813
v 0.030971 1.732431 0.062286
v 0.038151 1.732431 0.058489
v 0.044963 1.732431 0.053823
v 0.051342 1.732431 0.048690
v 0.057227 1.732431 0.043240
v 0.062561 1.732431 0.037431
v 0.067292 1.732431 0.031171
v 0.071375 1.732431 0.024393
v 0.074771 1.732431 0.017072
v 0.077446 1.732431 0.009220
v 0.079376 1.732431 0.000873
v 0.080541 1.732431 -0.007913
v 0.080931 1.732431 -0.017069
v 0.080541 1.732431 -0.026511
v 0.079376 1.732431 -0.036147
v 0.077446 1.732431 -0.045870
v 0.074771 1.732431 -0.055568
v 0.071375 1.732431 -0.065120
v 0.067292 1.732431 -0.074401
v 0.062561 1.732431 -0.083286
v 0.057227 1.732431 -0.091647
v 0.051342 1.732431 -0.099362
v 0.044963 1.732431 -0.106314
v 0.038151 1.732431 -0.112397
v 0.030971 1.732431 -0.117513
v 0.023493 1.732431 -0.121582
v 0.015789 1.732431 -0.124537
v 0.007933 1.732431 -0.126330
v 0.000000 1.732431 -0.126931
v -0.007933 1.732431 -0.126330
v -0.015789 1.732431 -0.124537
v -0.023493 1.732431 -0.121582
v -0.030971 1.732431 -0.117513
v -0.038151 1.732431 -0.112397
v -0.044963 1.732431 -0.106314
v -0.051342 1.732431 -0.099362
v -0.057227 1.732431 -0.091647
v -0.062561 1.732431 -0.083286
v -0.067292 1.732431 -0.074401
v -0.071375 1.732431 -0.065120
v -0.074771 1.732431 -0.055568
v -0.077446 1.732431 -0.045870
v -0.079376 1.732431 -0.036147
v -0.080541 1.732431 -0.026511
v -0.080931 1.732431 -0.017069
v -0.080541 1.732431 -0.007913
v -0.079376 1.732431 0.000873
v -0.077446 1.732431 0.009220
v -0.074771 1.732431 0.017071
v -0.071375 1.732431 0.024390
v -0.067292 1.732431 0.031164
v -0.062561 1.732431 0.037414
v -0.057227 1.732431 0.043203
v -0.051342 1.732431 0.048616
v -0.044963 1.732431 0.053694
v -0.038151 1.732431 0.058297
v -0.030971 1.732431 0.062052
v -0.023493 1.732431 0.064586
v -0.015789 1.732431 0.065972
v -0.007933 1.732431 0.066727
v 0.000000 1.735872 0.065585
v 0.007908 1.735872 0.065427
v 0.015739 1.735872 0.064866
v 0.023419 1.735872 0.063532
v 0.030873 1.735872 0.061009
v 0.038030 1.735872 0.057320
v 0.044821 1.735872 0.052827
v 0.051180 1.735872 0.047859
v 0.057047 1.735872 0.042532
v 0.062364 1.735872 0.036809
v 0.067080 1.735872 0.030613
v 0.071150 1.735872 0.023888
v 0.074535 1.735872 0.016618
v 0.077202 1.735872 0.008815
v 0.079126 1.735872 0.000518
v 0.080288 1.735872 -0.008218
v 0.080676 1.735872 -0.017324
v 0.080288 1.735872 -0.026716
v 0.079126 1.735872 -0.036302
v 0.077202 1.735872 -0.045977
v 0.074535 1.735872 -0.055628
v 0.071150 1.735872 -0.065134
v 0.067080 1.735872 -0.074373
v 0.062364 1.735872 -0.083217
v 0.057047 1.735872 -0.091541
v 0.051180 1.735872 -0.099222
v 0.044821 1.735872 -0.106145
v 0.038030 1.735872 -0.112202
v 0.030873 1.735872 -0.117297
v 0.023419 1.735872 -0.121349
v 0.015739 1.735872 -0.124292
v 0.007908 1.735872 -0.126078
v 0.000000 1.735872 -0.126676
v -0.007908 1.735872 -0.126078
v -0.015739 1.735872 -0.124292
v -0.023419 1.735872 -0.121349
v -0.030873 1.735872 -0.117297
v -0.038030 1.735872 -0.112202
v -0.044821 1.735872 -0.106145
v -0.051180 1.735872 -0.099222
v -0.057047 1.735872 -0.091541
v -0.062364 1.735872 -0.083217
v -0.067080 1.735872 -0.074373
v -0.071150 1.735872 -0.065134
v -0.074535 1.735872 -0.055628
v -0.077202 1.735872 -0.045977
v -0.079126 1.735872 -0.036302
v -0.080288 1.735872 -0.026716
v -0.080676 1.735872 -0.017324
v -0.080288 1.735872 -0.008218
v -0.079126 1.735872 0.000518
v -0.077202 1.735872 0.008815
v -0.074535 1.735872 0.016617
v -0.071150 1.735872 0.023887
v -0.067080 1.735872 0.030610
v -0.062364 1.735872 0.036801
v -0.057047 1.735872 0.042514
v -0.051180 1.735872 0.047824
v -0.044821 1.735872 0.052767
v -0.038030 1.735872 0.057231
v -0.030873 1.735872 0.060901
v -0.023419 1.735872 0.063427
v -0.015739 1.735872 0.064788
v -0.007908 1.735872 0.065388
v 0.000000 1.739312 0.064462
v 0.007883 1.739312 0.064361
v 0.015689 1.739312 0.063876
v 0.023345 1.739312 0.062555
v 0.030776 1.739312 0.060044
v 0.037910 1.739312 0.056413
v 0.044680 1.739312 0.052011
v 0.051019 1.739312 0.047132
v 0.056866 1.739312 0.041878
v 0.062167 1.739312 0.036214
v 0.066868 1.739312 0.030067
v 0.070925 1.739312 0.023390
v 0.074300 1.739312 0.016166
v 0.076958 1.739312 0.008411
v 0.078876 1.739312 0.000164
v 0.080034 1.739312 -0.008523
v 0.080421 1.739312 -0.017579
v 0.080034 1.739312 -0.026921
v 0.078876 1.739312 -0.036457
v 0.076958 1.739312 -0.046084
v 0.074300 1.739312 -0.055687
v 0.070925 1.739312 -0.065149
v 0.066868 1.739312 -0.074345
v 0.062167 1.739312 -0.083149
v 0.056866 1.739312 -0.091435
v 0.051019 1.739312 -0.099083
v 0.044680 1.739312 -0.105976
v 0.037910 1.739312 -0.112007
v 0.030776 1.739312 -0.117081
v 0.023345 1.739312 -0.121117
v 0.015689 1.739312 -0.124047
v 0.007883 1.739312 -0.125825
v 0.000000 1.739312 -0.126421
v -0.007883 1.739312 -0.125825
v -0.015689 1.739312 -0.124047
v -0.023345 1.739312 -0.121117
v -0.030776 1.739312 -0.117081
v -0.037910 1.739312 -0.112007
v -0.044680 1.739312 -0.105976
v -0.051019 1.739312 -0.099083
v -0.056866 1.739312 -0.091435
v -0.062167 1.739312 -0.083149
v -0.066868 1.739312 -0.074345
v -0.070925 1.739312 -0.065149
v -0.074300 1.739312 -0.055687
v -0.076958 1.739312 -0.046084
v -0.078876 1.739312 -0.036457
v -0.080034 1.739312 -0.026921
v -0.080421 1.739312 -0.017579
v -0.080034 1.739312 -0.008523
v -0.078876 1.739312 0.000164
v -0.076958 1.739312 0.008411
v -0.074300 1.739312 0.016166
v -0.070925 1.739312 0.023389
v -0.066868 1.739312 0.030066
v -0.062167 1.739312 0.036210
v -0.056866 1.739312 0.041871
v -0.051019 1.739312 0.047118
v -0.044680 1.739312 0.051987
v -0.037910 1.739312 0.056378
v -0.030776 1.739312 0.060000
v -0.023345 1.739312 0.062513
v -0.015689 1.739312 0.063845
v -0.007883 1.739312 0.064345
v 0.000000 1.742752 0.063480
v 0.007858 1.742752 0.063405
v 0.015640 1.742752 0.062957
v 0.023271 1.742752 0.061651
v 0.030678 1.742752 0.059163
v 0.037790 1.742752 0.055586
v 0.044538 1.742752 0.051253
v 0.050857 1.742752 0.046440
v 0.056686 1.742752 0.041242
v 0.061970 1.742752 0.035626
v 0.066656 1.742752 0.029525
v 0.070701 1.742752 0.022893
v 0.074064 1.742752 0.015715
v 0.076715 1.742752 0.008008
v 0.078626 1.742752 -0.000191
v 0.079780 1.742752 -0.008828
v 0.080166 1.742752 -0.017834
v 0.079780 1.742752 -0.027126
v 0.078626 1.742752 -0.036613
v 0.076715 1.742752 -0.046191
v 0.074064 1.742752 -0.055747
v 0.070701 1.742752 -0.065164
v 0.066656 1.742752 -0.074316
v 0.061970 1.742752 -0.083080
v 0.056686 1.742752 -0.091330
v 0.050857 1.742752 -0.098944
v 0.044538 1.742752 -0.105807
v 0.037790 1.742752 -0.111813
v 0.030678 1.742752 -0.116865
v 0.023271 1.742752 -0.120884
v 0.015640 1.742752 -0.123802
v 0.007858 1.742752 -0.125573
v 0.000000 1.742752 -0.126166
v -0.007858 1.742752 -0.125573
v -0.015640 1.742752 -0.123802
v -0.023271 1.742752 -0.120884
v -0.030678 1.742752 -0.116865
v -0.037790 1.742752 -0.111813
v -0.044538 1.742752 -0.105807
v -0.050857 1.742752 -0.098944
v -0.056686 1.742752 -0.091330
v -0.061970 1.742752 -0.083080
v -0.066656 1.742752 -0.074316
v -0.070701 1.742752 -0.065164
v -0.074064 1.742752 -0.055747
v -0.076715 1.742752 -0.046191
v -0.078626 1.742752 -0.036613
v -0.079780 1.742752 -0.027126
v -0.080166 1.742752 -0.017834
v -0.079780 1.742752 -0.008828
v -0.078626 1.742752 -0.000191
v -0.076715 1.742752 0.008008
v -0.074064 1.742752 0.015715
v -0.070701 1.742752 0.022892
v -0.066656 1.742752 0.029525
v -0.061970 1.742752 0.035625
v -0.056686 1.742752 0.041240
v -0.050857 1.742752 0.046435
v -0.044538 1.742752 0.051244
v -0.037790 1.742752 0.055573
v -0.030678 1.742752 0.059148
v -0.023271 1.742752 0.061636
v -0.015640 1.742752 0.062946
v -0.007858 1.742752 0.063399
v 0.000000 1.746193 0.062310
v 0.007815 1.746193 0.062236
v 0.015556 1.746193 0.061788
v 0.023146 1.746193 0.060496
v 0.030513 1.746193 0.058061
v 0.037587 1.746193 0.054574
v 0.044298 1.746193 0.050342
v 0.050583 1.746193 0.045623
v 0.056381 1.746193 0.040504
v 0.061636 1.746193 0.034958
v 0.066297 1.746193 0.028924
v 0.070320 1.746193 0.022360
v 0.073666 1.746193 0.015252
v 0.076302 1.746193 0.007617
v 0.078203 1.746193 -0.000509
v 0.079351 1.746193 -0.009070
v 0.079735 1.746193 -0.018000
v 0.079351 1.746193 -0.027216
v 0.078203 1.746193 -0.036628
v 0.076302 1.746193 -0.046132
v 0.073666 1.746193 -0.055617
v 0.070320 1.746193 -0.064965
v 0.066297 1.746193 -0.074052
v 0.061636 1.746193 -0.082755
v 0.056381 1.746193 -0.090949
v 0.050583 1.746193 -0.098512
v 0.044298 1.746193 -0.105330
v 0.037587 1.746193 -0.111296
v 0.030513 1.746193 -0.116316
v 0.023146 1.746193 -0.120309
v 0.015556 1.746193 -0.123209
v 0.007815 1.746193 -0.124968
v 0.000000 1.746193 -0.125558
v -0.007815 1.746193 -0.124968
v -0.015556 1.746193 -0.123209
v -0.023146 1.746193 -0.120309
v -0.030513 1.746193 -0.116316
v -0.037587 1.746193 -0.111296
v -0.044298 1.746193 -0.105330
v -0.050583 1.746193 -0.098512
v -0.056381 1.746193 -0.090949
v -0.061636 1.746193 -0.082755
v -0.066297 1.746193 -0.074052
v -0.070320 1.746193 -0.064965
v -0.073666 1.746193 -0.055617
v -0.076302 1.746193 -0.046132
v -0.078203 1.746193 -0.036628
v -0.079351 1.746193 -0.027216
v -0.079735 1.746193 -0.018000
v -0.079351 1.746193 -0.009070
v -0.078203 1.746193 -0.000509
v -0.076302 1.746193 0.007617
v -0.073666 1.746193 0.015252
v -0.070320 1.746193 0.022359
v -0.066297 1.746193 0.028924
v -0.061636 1.746193 0.034958
v -0.056381 1.746193 0.040503
v -0.050583 1.746193 0.045621
v -0.044298 1.746193 0.050340
v -0.037587 1.746193 0.054570
v -0.030513 1.746193 0.058057
v -0.023146 1.746193 0.060491
v -0.015556 1.746193 0.061785
v -0.007815 1.746193 0.062235
v 0.000000 1.749633 0.060731
v 0.007740 1.749633 0.060640
v 0.015406 1.749633 0.060166
v 0.022924 1.749633 0.058888
v 0.030221 1.749633 0.056544
v 0.037226 1.749633 0.053204
v 0.043874 1.749633 0.049134
v 0.050098 1.749633 0.044561
v 0.055841 1.749633 0.039569
v 0.061045 1.749633 0.034137
v 0.065662 1.749633 0.028212
v 0.069646 1.749633 0.021757
v 0.072959 1.749633 0.014764
v 0.075570 1.749633 0.007247
v 0.077453 1.749633 -0.000757
v 0.078590 1.749633 -0.009195
v 0.078970 1.749633 -0.018000
v 0.078590 1.749633 -0.027092
v 0.077453 1.749633 -0.036380
v 0.075570 1.749633 -0.045762
v 0.072959 1.749633 -0.055130
v 0.069646 1.749633 -0.064364
v 0.065662 1.749633 -0.073345
v 0.061045 1.749633 -0.081947
v 0.055841 1.749633 -0.090048
v 0.050098 1.749633 -0.097527
v 0.043874 1.749633 -0.104270
v 0.037226 1.749633 -0.110172
v 0.030221 1.749633 -0.115139
v 0.022924 1.749633 -0.119089
v 0.015406 1.749633 -0.121959
v 0.007740 1.749633 -0.123700
v 0.000000 1.749633 -0.124284
v -0.007740 1.749633 -0.123700
v -0.015406 1.749633 -0.121959
v -0.022924 1.749633 -0.119089
v -0.030221 1.749633 -0.115139
v -0.037226 1.749633 -0.110172
v -0.043874 1.749633 -0.104270
v -0.050098 1.749633 -0.097527
v -0.055841 1.749633 -0.090048
v -0.061045 1.749633 -0.081947
v -0.065662 1.749633 -0.073345
v -0.069646 1.749633 -0.064364
v -0.072959 1.749633 -0.055130
v -0.075570 1.749633 -0.045762
v -0.077453 1.749633 -0.036380
v -0.078590 1.749633 -0.027092
v -0.078970 1.749633 -0.018000
v -0.078590 1.749633 -0.009195
v -0.077453 1.749633 -0.000757
v -0.075570 1.749633 0.007247
v -0.072959 1.749633 0.014764
v -0.069646 1.749633 0.021757
v -0.065662 1.749633 0.028212
v -0.061045 1.749633 0.034137
v -0.055841 1.749633 0.039569
v -0.050098 1.749633 0.044561
v -0.043874 1.749633 0.049133
v -0.037226 1.749633 0.053203
v -0.030221 1.749633 0.056543
v -0.022924 1.749633 0.058887
v -0.015406 1.749633 0.060165
v -0.007740 1.749633 0.060640
v 0.000000 1.753073 0.059076
v 0.007666 1.753073 0.058959
v 0.015257 1.753073 0.058438
v 0.022702 1.753073 0.057164
v 0.029928 1.753073 0.054915
v 0.036866 1.753073 0.051742
v 0.043449 1.753073 0.047860
v 0.049613 1.753073 0.043458
v 0.055300 1.753073 0.038610
v 0.060454 1.753073 0.033302
v 0.065026 1.753073 0.027493
v 0.068971 1.753073 0.021152
v 0.072253 1.753073 0.014274
v 0.074838 1.753073 0.006876
v 0.076703 1.753073 -0.001006
v 0.077829 1.753073 -0.009320
v 0.078206 1.753073 -0.018000
v 0.077829 1.753073 -0.026967
v 0.076703 1.753073 -0.036131
v 0.074838 1.753073 -0.045392
v 0.072253 1.753073 -0.054642
v 0.068971 1.753073 -0.063764
v 0.065026 1.753073 -0.072637
v 0.060454 1.753073 -0.081138
v 0.055300 1.753073 -0.089147
v 0.049613 1.753073 -0.096542
v 0.043449 1.753073 -0.103211
v 0.036866 1.753073 -0.109048
v 0.029928 1.753073 -0.113962
v 0.022702 1.753073 -0.117870
v 0.015257 1.753073 -0.120709
v 0.007666 1.753073 -0.122432
v 0.000000 1.753073 -0.123010
v -0.007666 1.753073 -0.122432
v -0.015257 1.753073 -0.120709
v -0.022702 1.753073 -0.117870
v -0.029928 1.753073 -0.113962
v -0.036866 1.753073 -0.109048
v -0.043449 1.753073 -0.103211
v -0.049613 1.753073 -0.096542
v -0.055300 1.753073 -0.089147
v -0.060454 1.753073 -0.081138
v -0.065026 1.753073 -0.072637
v -0.068971 1.753073 -0.063764
v -0.072253 1.753073 -0.054642
v -0.074838 1.753073 -0.045392
v -0.076703 1.753073 -0.036131
v -0.077829 1.753073 -0.026967
v -0.078206 1.753073 -0.018000
v -0.077829 1.753073 -0.009320
v -0.076703 1.753073 -0.001006
v -0.074838 1.753073 0.006876
v -0.072253 1.753073 0.014274
v -0.068971 1.753073 0.021152
v -0.065026 1.753073 0.027493
v -0.060454 1.753073 0.033302
v -0.055300 1.753073 0.038610
v -0.049613 1.753073 0.043458
v -0.043449 1.753073 0.047860
v -0.036866 1.753073 0.051742
v -0.029928 1.753073 0.054915
v -0.022702 1.753073 0.057164
v -0.015257 1.753073 0.058437
v -0.007666 1.753073 0.058959
v 0.000000 1.756514 0.057384
v 0.007591 1.756514 0.057236
v 0.015108 1.756514 0.056660
v 0.022480 1.756514 0.055384
v 0.029636 1.756514 0.053229
v 0.036506 1.756514 0.050229
v 0.043024 1.756514 0.046545
v 0.049128 1.756514 0.042327
v 0.054759 1.756514 0.037634
v 0.059863 1.756514 0.032458
v 0.064390 1.756514 0.026769
v 0.068297 1.756514 0.020544
v 0.071547 1.756514 0.013784
v 0.074107 1.756514 0.006505
v 0.075953 1.756514 -0.001255
v 0.077068 1.756514 -0.009445
v 0.077441 1.756514 -0.018000
v 0.077068 1.756514 -0.026842
v 0.075953 1.756514 -0.035882
v 0.074107 1.756514 -0.045023
v 0.071547 1.756514 -0.054154
v 0.068297 1.756514 -0.063163
v 0.064390 1.756514 -0.071929
v 0.059863 1.756514 -0.080330
v 0.054759 1.756514 -0.088246
v 0.049128 1.756514 -0.095557
v 0.043024 1.756514 -0.102151
v 0.036506 1.756514 -0.107925
v 0.029636 1.756514 -0.112784
v 0.022480 1.756514 -0.116651
v 0.015108 1.756514 -0.119460
v 0.007591 1.756514 -0.121164
v 0.000000 1.756514 -0.121736
v -0.007591 1.756514 -0.121164
v -0.015108 1.756514 -0.119460
v -0.022480 1.756514 -0.116651
v -0.029636 1.756514 -0.112784
v -0.036506 1.756514 -0.107925
v -0.043024 1.756514 -0.102151
v -0.049128 1.756514 -0.095557
v -0.054759 1.756514 -0.088246
v -0.059863 1.756514 -0.080330
v -0.064390 1.756514 -0.071929
v -0.068297 1.756514 -0.063163
v -0.071547 1.756514 -0.054154
v -0.074107 1.756514 -0.045023
v -0.075953 1.756514 -0.035882
v -0.077068 1.756514 -0.026842
v -0.077441 1.756514 -0.018000
v -0.077068 1.756514 -0.009445
v -0.075953 1.756514 -0.001255
v -0.074107 1.756514 0.006505
v -0.071547 1.756514 0.013784
v -0.068297 1.756514 0.020544
v -0.064390 1.756514 0.026769
v -0.059863 1.756514 0.032458
v -0.054759 1.756514 0.037634
v -0.049128 1.756514 0.042327
v -0.043024 1.756514 0.046545
v -0.036506 1.756514 0.050229
v -0.029636 1.756514 0.053229
v -0.022480 1.756514 0.055384
v -0.015108 1.756514 0.056660
v -0.007591 1.756514 0.057236
v 0.000000 1.759954 0.055700
v 0.007516 1.759954 0.055523
v 0.014959 1.759954 0.054895
v 0.022258 1.759954 0.053615
v 0.029343 1.759954 0.051549
v 0.036145 1.759954 0.048713
v 0.042599 1.759954 0.045224
v 0.048643 1.759954 0.041187
v 0.054219 1.759954 0.036651
v 0.059272 1.759954 0.031609
v 0.063754 1.759954 0.026042
v 0.067623 1.759954 0.019935
v 0.070840 1.759954 0.013292
v 0.073375 1.759954 0.006133
v 0.075204 1.759954 -0.001504
v 0.076308 1.759954 -0.009570
v 0.076677 1.759954 -0.018000
v 0.076308 1.759954 -0.026717
v 0.075204 1.759954 -0.035634
v 0.073375 1.759954 -0.044653
v 0.070840 1.759954 -0.053667
v 0.067623 1.759954 -0.062562
v 0.063754 1.759954 -0.071221
v 0.059272 1.759954 -0.079522
v 0.054219 1.759954 -0.087345
v 0.048643 1.759954 -0.094572
v 0.042599 1.759954 -0.101092
v 0.036145 1.759954 -0.106801
v 0.029343 1.759954 -0.111607
v 0.022258 1.759954 -0.115431
v 0.014959 1.759954 -0.118210
v 0.007516 1.759954 -0.119896
v 0.000000 1.759954 -0.120461
v -0.007516 1.759954 -0.119896
v -0.014959 1.759954 -0.118210
v -0.022258 1.759954 -0.115431
v -0.029343 1.759954 -0.111607
v -0.036145 1.759954 -0.106801
v -0.042599 1.759954 -0.101092
v -0.048643 1.759954 -0.094572
v -0.054219 1.759954 -0.087345
v -0.059272 1.759954 -0.079522
v -0.063754 1.759954 -0.071221
v -0.067623 1.759954 -0.062562
v -0.070840 1.759954 -0.053667
v -0.073375 1.759954 -0.044653
v -0.075204 1.759954 -0.035634
v -0.076308 1.759954 -0.026717
v -0.076677 1.759954 -0.018000
v -0.076308 1.759954 -0.009570
v -0.075204 1.759954 -0.001504
v -0.073375 1.759954 0.006133
v -0.070840 1.759954 0.013292
v -0.067623 1.759954 0.019935
v -0.063754 1.759954 0.026042
v -0.059272 1.759954 0.031609
v -0.054219 1.759954 0.036651
v -0.048643 1.759954 0.041187
v -0.042599 1.759954 0.045223
v -0.036145 1.759954 0.048713
v -0.029343 1.759954 0.051549
v -0.022258 1.759954 0.053615
v -0.014959 1.759954 0.054895
v -0.007516 1.759954 0.055523
v 0.000000 1.763394 0.054064
v 0.007441 1.763394 0.053862
v 0.014810 1.763394 0.053191
v 0.022036 1.763394 0.051910
v 0.029050 1.763394 0.049923
v 0.035785 1.763394 0.047236
v 0.042175 1.763394 0.043923
v 0.048158 1.763394 0.040057
v 0.053678 1.763394 0.035671
v 0.058681 1.763394 0.030761
v 0.063119 1.763394 0.025315
v 0.066949 1.763394 0.019325
v 0.070134 1.763394 0.012800
v 0.072644 1.763394 0.005762
v 0.074454 1.763394 -0.001754
v 0.075547 1.763394 -0.009695
v 0.075912 1.763394 -0.018000
v 0.075547 1.763394 -0.026592
v 0.074454 1.763394 -0.035385
v 0.072644 1.763394 -0.044283
v 0.070134 1.763394 -0.053179
v 0.066949 1.763394 -0.061962
v 0.063119 1.763394 -0.070513
v 0.058681 1.763394 -0.078713
v 0.053678 1.763394 -0.086444
v 0.048158 1.763394 -0.093587
v 0.042175 1.763394 -0.100032
v 0.035785 1.763394 -0.105677
v 0.029050 1.763394 -0.110430
v 0.022036 1.763394 -0.114212
v 0.014810 1.763394 -0.116960
v 0.007441 1.763394 -0.118628
v 0.000000 1.763394 -0.119187
v -0.007441 1.763394 -0.118628
v -0.014810 1.763394 -0.116960
v -0.022036 1.763394 -0.114212
v -0.029050 1.763394 -0.110430
v -0.035785 1.763394 -0.105677
v -0.042175 1.763394 -0.100032
v -0.048158 1.763394 -0.093587
v -0.053678 1.763394 -0.086444
v -0.058681 1.763394 -0.078713
v -0.063119 1.763394 -0.070513
v -0.066949 1.763394 -0.061962
v -0.070134 1.763394 -0.053179
v -0.072644 1.763394 -0.044283
v -0.074454 1.763394 -0.035385
v -0.075547 1.763394 -0.026592
v -0.075912 1.763394 -0.018000
v -0.075547 1.763394 -0.009695
v -0.074454 1.763394 -0.001754
v -0.072644 1.763394 0.005762
v -0.070134 1.763394 0.012800
v -0.066949 1.763394 0.019325
v -0.063119 1.763394 0.025315
v -0.058681 1.763394 0.030761
v -0.053678 1.763394 0.035671
v -0.048158 1.763394 0.040057
v -0.042175 1.763394 0.043923
v -0.035785 1.763394 0.047236
v -0.029050 1.763394 0.049923
v -0.022036 1.763394 0.051910
v -0.014810 1.763394 0.053191
v -0.007441 1.763394 0.053862
v 0.000000 1.766835 0.052497
v 0.007366 1.766835 0.052278
v 0.014661 1.766835 0.051576
v 0.021814 1.766835 0.050299
v 0.028758 1.766835 0.048381
v 0.035424 1.766835 0.045821
v 0.041750 1.766835 0.042662
v 0.047673 1.766835 0.038949
v 0.053138 1.766835 0.034701
v 0.058090 1.766835 0.029917
v 0.062483 1.766835 0.024589
v 0.066274 1.766835 0.018716
v 0.069428 1.766835 0.012309
v 0.071912 1.766835 0.005390
v 0.073704 1.766835 -0.002003
v 0.074786 1.766835 -0.009821
v 0.075148 1.766835 -0.018000
v 0.074786 1.766835 -0.026467
v 0.073704 1.766835 -0.035137
v 0.071912 1.766835 -0.043913
v 0.069428 1.766835 -0.052692
v 0.066274 1.766835 -0.061361
v 0.062483 1.766835 -0.069805
v 0.058090 1.766835 -0.077905
v 0.053138 1.766835 -0.085543
v 0.047673 1.766835 -0.092602
v 0.041750 1.766835 -0.098973
v 0.035424 1.766835 -0.104553
v 0.028758 1.766835 -0.109253
v 0.021814 1.766835 -0.112993
v 0.014661 1.766835 -0.115711
v 0.007366 1.766835 -0.117360
v 0.000000 1.766835 -0.117913
v -0.007366 1.766835 -0.117360
v -0.014661 1.766835 -0.115711
v -0.021814 1.766835 -0.112993
v -0.028758 1.766835 -0.109253
v -0.035424 1.766835 -0.104553
v -0.041750 1.766835 -0.098973
v -0.047673 1.766835 -0.092602
v -0.053138 1.766835 -0.085543
v -0.058090 1.766835 -0.077905
v -0.062483 1.766835 -0.069805
v -0.066274 1.766835 -0.061361
v -0.069428 1.766835 -0.052692
v -0.071912 1.766835 -0.043913
v -0.073704 1.766835 -0.035137
v -0.074786 1.766835 -0.026467
v -0.075148 1.766835 -0.018000
v -0.074786 1.766835 -0.009821
v -0.073704 1.766835 -0.002003
v -0.071912 1.766835 0.005390
v -0.069428 1.766835 0.012309
v -0.066274 1.766835 0.018716
v -0.062483 1.766835 0.024589
v -0.058090 1.766835 0.029917
v -0.053138 1.766835 0.034701
v -0.047673 1.766835 0.038949
v -0.041750 1.766835 0.042662
v -0.035424 1.766835 0.045821
v -0.028758 1.766835 0.048381
v -0.021814 1.766835 0.050299
v -0.014661 1.766835 0.051576
v -0.007366 1.766835 0.052278
v 0.000000 1.770275 0.051005
v 0.007291 1.770275 0.050775
v 0.014511 1.770275 0.050055
v 0.021592 1.770275 0.048789
v 0.028465 1.770275 0.046931
v 0.035064 1.770275 0.044477
v 0.041325 1.770275 0.041448
v 0.047188 1.770275 0.037867
v 0.052597 1.770275 0.033745
v 0.057499 1.770275 0.029080
v 0.061847 1.770275 0.023867
v 0.065600 1.770275 0.018109
v 0.068721 1.770275 0.011818
v 0.071180 1.770275 0.005019
v 0.072954 1.770275 -0.002252
v 0.074025 1.770275 -0.009946
v 0.074383 1.770275 -0.018000
v 0.074025 1.770275 -0.026342
v 0.072954 1.770275 -0.034888
v 0.071180 1.770275 -0.043543
v 0.068721 1.770275 -0.052204
v 0.065600 1.770275 -0.060760
v 0.061847 1.770275 -0.069097
v 0.057499 1.770275 -0.077097
v 0.052597 1.770275 -0.084642
v 0.047188 1.770275 -0.091617
v 0.041325 1.770275 -0.097913
v 0.035064 1.770275 -0.103430
v 0.028465 1.770275 -0.108075
v 0.021592 1.770275 -0.111773
v 0.014511 1.770275 -0.114461
v 0.007291 1.770275 -0.116092
v 0.000000 1.770275 -0.116639
v -0.007291 1.770275 -0.116092
v -0.014511 1.770275 -0.114461
v -0.021592 1.770275 -0.111773
v -0.028465 1.770275 -0.108075
v -0.035064 1.770275 -0.103430
v -0.041325 1.770275 -0.097913
v -0.047188 1.770275 -0.091617
v -0.052597 1.770275 -0.084642
v -0.057499 1.770275 -0.077097
v -0.061847 1.770275 -0.069097
v -0.065600 1.770275 -0.060760
v -0.068721 1.770275 -0.052204
v -0.071180 1.770275 -0.043543
v -0.072954 1.770275 -0.034888
v -0.074025 1.770275 -0.026342
v -0.074383 1.770275 -0.018000
v -0.074025 1.770275 -0.009946
v -0.072954 1.770275 -0.002252
v -0.071180 1.770275 0.005019
v -0.068721 1.770275 0.011818
v -0.065600 1.770275 0.018109
v -0.061847 1.770275 0.023867
v -0.057499 1.770275 0.029080
v -0.052597 1.770275 0.033745
v -0.047188 1.770275 0.037867
v -0.041325 1.770275 0.041448
v -0.035064 1.770275 0.044477
v -0.028465 1.770275 0.046931
v -0.021592 1.770275 0.048789
v -0.014511 1.770275 0.050055
v -0.007291 1.770275 0.050775
v 0.000000 1.773716 0.049187
v 0.007152 1.773716 0.048952
v 0.014236 1.773716 0.048229
v 0.021182 1.773716 0.046985
v 0.027925 1.773716 0.045190
v 0.034398 1.773716 0.042836
v 0.040540 1.773716 0.039930
v 0.046292 1.773716 0.036482
v 0.051598 1.773716 0.032493
v 0.056407 1.773716 0.027962
v 0.060673 1.773716 0.022888
v 0.064354 1.773716 0.017275
v 0.067416 1.773716 0.011137
v 0.069829 1.773716 0.004498
v 0.071569 1.773716 -0.002605
v 0.072619 1.773716 -0.010124
v 0.072971 1.773716 -0.018000
v 0.072619 1.773716 -0.026160
v 0.071569 1.773716 -0.034523
v 0.069829 1.773716 -0.042995
v 0.067416 1.773716 -0.051475
v 0.064354 1.773716 -0.059855
v 0.060673 1.773716 -0.068022
v 0.056407 1.773716 -0.075861
v 0.051598 1.773716 -0.083255
v 0.046292 1.773716 -0.090092
v 0.040540 1.773716 -0.096265
v 0.034398 1.773716 -0.101674
v 0.027925 1.773716 -0.106229
v 0.021182 1.773716 -0.109856
v 0.014236 1.773716 -0.112491
v 0.007152 1.773716 -0.114091
v 0.000000 1.773716 -0.114628
v -0.007152 1.773716 -0.114091
v -0.014236 1.773716 -0.112491
v -0.021182 1.773716 -0.109856
v -0.027925 1.773716 -0.106229
v -0.034398 1.773716 -0.101674
v -0.040540 1.773716 -0.096265
v -0.046292 1.773716 -0.090092
v -0.051598 1.773716 -0.083255
v -0.056407 1.773716 -0.075861
v -0.060673 1.773716 -0.068022
v -0.064354 1.773716 -0.059855
v -0.067416 1.773716 -0.051475
v -0.069829 1.773716 -0.042995
v -0.071569 1.773716 -0.034523
v -0.072619 1.773716 -0.026160
v -0.072971 1.773716 -0.018000
v -0.072619 1.773716 -0.010124
v -0.071569 1.773716 -0.002605
v -0.069829 1.773716 0.004498
v -0.067416 1.773716 0.011137
v -0.064354 1.773716 0.017275
v -0.060673 1.773716 0.022888
v -0.056407 1.773716 0.027962
v -0.051598 1.773716 0.032493
v -0.046292 1.773716 0.036482
v -0.040540 1.773716 0.039930
v -0.034398 1.773716 0.042836
v -0.027925 1.773716 0.045190
v -0.021182 1.773716 0.046985
v -0.014236 1.773716 0.048229
v -0.007152 1.773716 0.048952
v 0.000000 1.777156 0.047027
v 0.006950 1.777156 0.046792
v 0.013833 1.777156 0.046079
v 0.020583 1.777156 0.044867
v 0.027135 1.777156 0.043138
v 0.033425 1.777156 0.040881
v 0.039393 1.777156 0.038096
v 0.044983 1.777156 0.034782
v 0.050138 1.777156 0.030937
v 0.054811 1.777156 0.026560
v 0.058957 1.777156 0.021650
v 0.062534 1.777156 0.016213
v 0.065509 1.777156 0.010264
v 0.067853 1.777156 0.003827
v 0.069544 1.777156 -0.003062
v 0.070565 1.777156 -0.010357
v 0.070906 1.777156 -0.018000
v 0.070565 1.777156 -0.025921
v 0.069544 1.777156 -0.034040
v 0.067853 1.777156 -0.042266
v 0.065509 1.777156 -0.050503
v 0.062534 1.777156 -0.058643
v 0.058957 1.777156 -0.066578
v 0.054811 1.777156 -0.074194
v 0.050138 1.777156 -0.081380
v 0.044983 1.777156 -0.088025
v 0.039393 1.777156 -0.094025
v 0.033425 1.777156 -0.099282
v 0.027135 1.777156 -0.103711
v 0.020583 1.777156 -0.107236
v 0.013833 1.777156 -0.109798
v 0.006950 1.777156 -0.111354
v 0.000000 1.777156 -0.111875
v -0.006950 1.777156 -0.111354
v -0.013833 1.777156 -0.109798
v -0.020583 1.777156 -0.107236
v -0.027135 1.777156 -0.103711
v -0.033425 1.777156 -0.099282
v -0.039393 1.777156 -0.094025
v -0.044983 1.777156 -0.088025
v -0.050138 1.777156 -0.081380
v -0.054811 1.777156 -0.074194
v -0.058957 1.777156 -0.066578
v -0.062534 1.777156 -0.058643
v -0.065509 1.777156 -0.050503
v -0.067853 1.777156 -0.042266
v -0.069544 1.777156 -0.034040
v -0.070565 1.777156 -0.025921
v -0.070906 1.777156 -0.018000
v -0.070565 1.777156 -0.010357
v -0.069544 1.777156 -0.003062
v -0.067853 1.777156 0.003827
v -0.065509 1.777156 0.010264
v -0.062534 1.777156 0.016213
v -0.058957 1.777156 0.021650
v -0.054811 1.777156 0.026560
v -0.050138 1.777156 0.030937
v -0.044983 1.777156 0.034782
v -0.039393 1.777156 0.038096
v -0.033425 1.777156 0.040881
v -0.027135 1.777156 0.043138
v -0.020583 1.777156 0.044867
v -0.013833 1.777156 0.046079
v -0.006950 1.777156 0.046792
v 0.000000 1.780596 0.044905
v 0.006748 1.780596 0.044674
v 0.013430 1.780596 0.043977
v 0.019984 1.780596 0.042801
v 0.026345 1.780596 0.041134
v 0.032452 1.780596 0.038964
v 0.038247 1.780596 0.036287
v 0.043673 1.780596 0.033096
v 0.048679 1.780596 0.029389
v 0.053216 1.780596 0.025161
v 0.057240 1.780596 0.020413
v 0.060713 1.780596 0.015152
v 0.063602 1.780596 0.009392
v 0.065878 1.780596 0.003157
v 0.067519 1.780596 -0.003519
v 0.068511 1.780596 -0.010590
v 0.068842 1.780596 -0.018000
v 0.068511 1.780596 -0.025681
v 0.067519 1.780596 -0.033557
v 0.065878 1.780596 -0.041538
v 0.063602 1.780596 -0.049531
v 0.060713 1.780596 -0.057432
v 0.057240 1.780596 -0.065134
v 0.053216 1.780596 -0.072528
v 0.048679 1.780596 -0.079505
v 0.043673 1.780596 -0.085958
v 0.038247 1.780596 -0.091784
v 0.032452 1.780596 -0.096891
v 0.026345 1.780596 -0.101192
v 0.019984 1.780596 -0.104617
v 0.013430 1.780596 -0.107106
v 0.006748 1.780596 -0.108616
v 0.000000 1.780596 -0.109123
v -0.006748 1.780596 -0.108616
v -0.013430 1.780596 -0.107106
v -0.019984 1.780596 -0.104617
v -0.026345 1.780596 -0.101192
v -0.032452 1.780596 -0.096891
v -0.038247 1.780596 -0.091784
v -0.043673 1.780596 -0.085958
v -0.048679 1.780596 -0.079505
v -0.053216 1.780596 -0.072528
v -0.057240 1.780596 -0.065134
v -0.060713 1.780596 -0.057432
v -0.063602 1.780596 -0.049531
v -0.065878 1.780596 -0.041538
v -0.067519 1.780596 -0.033557
v -0.068511 1.780596 -0.025681
v -0.068842 1.780596 -0.018000
v -0.068511 1.780596 -0.010590
v -0.067519 1.780596 -0.003519
v -0.065878 1.780596 0.003157
v -0.063602 1.780596 0.009392
v -0.060713 1.780596 0.015152
v -0.057240 1.780596 0.020413
v -0.053216 1.780596 0.025161
v -0.048679 1.780596 0.029389
v -0.043673 1.780596 0.033096
v -0.038247 1.780596 0.036287
v -0.032452 1.780596 0.038964
v -0.026345 1.780596 0.041134
v -0.019984 1.780596 0.042801
v -0.013430 1.780596 0.043977
v -0.006748 1.780596 0.044674
v 0.000000 1.784037 0.042809
v 0.006545 1.784037 0.042584
v 0.013028 1.784037 0.041907
v 0.019385 1.784037 0.040770
v 0.025555 1.784037 0.039162
v 0.031479 1.784037 0.037073
v 0.037100 1.784037 0.034496
v 0.042364 1.784037 0.031423
v 0.047219 1.784037 0.027847
v 0.051620 1.784037 0.023765
v 0.055524 1.784037 0.019178
v 0.058893 1.784037 0.014091
v 0.061695 1.784037 0.008519
v 0.063903 1.784037 0.002486
v 0.065495 1.784037 -0.003976
v 0.066456 1.784037 -0.010823
v 0.066778 1.784037 -0.018000
v 0.066456 1.784037 -0.025442
v 0.065495 1.784037 -0.033074
v 0.063903 1.784037 -0.040810
v 0.061695 1.784037 -0.048559
v 0.058893 1.784037 -0.056220
v 0.055524 1.784037 -0.063690
v 0.051620 1.784037 -0.070862
v 0.047219 1.784037 -0.077630
v 0.042364 1.784037 -0.083891
v 0.037100 1.784037 -0.089544
v 0.031479 1.784037 -0.094499
v 0.025555 1.784037 -0.098674
v 0.019385 1.784037 -0.101997
v 0.013028 1.784037 -0.104413
v 0.006545 1.784037 -0.105879
v 0.000000 1.784037 -0.106371
v -0.006545 1.784037 -0.105879
v -0.013028 1.784037 -0.104413
v -0.019385 1.784037 -0.101997
v -0.025555 1.784037 -0.098674
v -0.031479 1.784037 -0.094499
v -0.037100 1.784037 -0.089544
v -0.042364 1.784037 -0.083891
v -0.047219 1.784037 -0.077630
v -0.051620 1.784037 -0.070862
v -0.055524 1.784037 -0.063690
v -0.058893 1.784037 -0.056220
v -0.061695 1.784037 -0.048559
v -0.063903 1.784037 -0.040810
v -0.065495 1.784037 -0.033074
v -0.066456 1.784037 -0.025442
v -0.066778 1.784037 -0.018000
v -0.066456 1.784037 -0.010823
v -0.065495 1.784037 -0.003976
v -0.063903 1.784037 0.002486
v -0.061695 1.784037 0.008519
v -0.058893 1.784037 0.014091
v -0.055524 1.784037 0.019178
v -0.051620 1.784037 0.023765
v -0.047219 1.784037 0.027847
v -0.042364 1.784037 0.031423
v -0.037100 1.784037 0.034496
v -0.031479 1.784037 0.037073
v -0.025555 1.784037 0.039162
v -0.019385 1.784037 0.040770
v -0.013028 1.784037 0.041907
v -0.006545 1.784037 0.042584
v 0.000000 1.787477 0.040728
v 0.006343 1.787477 0.040511
v 0.012625 1.787477 0.039856
v 0.018785 1.787477 0.038758
v 0.024765 1.787477 0.037209
v 0.030506 1.787477 0.035198
v 0.035953 1.787477 0.032717
v 0.041054 1.787477 0.029757
v 0.045760 1.787477 0.026310
v 0.050024 1.787477 0.022372
v 0.053808 1.787477 0.017944
v 0.057072 1.787477 0.013031
v 0.059788 1.787477 0.007648
v 0.061927 1.787477 0.001816
v 0.063470 1.787477 -0.004433
v 0.064402 1.787477 -0.011056
v 0.064714 1.787477 -0.018000
v 0.064402 1.787477 -0.025203
v 0.063470 1.787477 -0.032591
v 0.061927 1.787477 -0.040082
v 0.059788 1.787477 -0.047587
v 0.057072 1.787477 -0.055008
v 0.053808 1.787477 -0.062245
v 0.050024 1.787477 -0.069196
v 0.045760 1.787477 -0.075755
v 0.041054 1.787477 -0.081823
v 0.035953 1.787477 -0.087304
v 0.030506 1.787477 -0.092108
v 0.024765 1.787477 -0.096155
v 0.018785 1.787477 -0.099377
v 0.012625 1.787477 -0.101720
v 0.006343 1.787477 -0.103142
v 0.000000 1.787477 -0.103618
v -0.006343 1.787477 -0.103142
v -0.012625 1.787477 -0.101720
v -0.018785 1.787477 -0.099377
v -0.024765 1.787477 -0.096155
v -0.030506 1.787477 -0.092108
v -0.035953 1.787477 -0.087304
v -0.041054 1.787477 -0.081823
v -0.045760 1.787477 -0.075755
v -0.050024 1.787477 -0.069196
v -0.053808 1.787477 -0.062245
v -0.057072 1.787477 -0.055008
v -0.059788 1.787477 -0.047587
v -0.061927 1.787477 -0.040082
v -0.063470 1.787477 -0.032591
v -0.064402 1.787477 -0.025203
v -0.064714 1.787477 -0.018000
v -0.064402 1.787477 -0.011056
v -0.063470 1.787477 -0.004433
v -0.061927 1.787477 0.001816
v -0.059788 1.787477 0.007648
v -0.057072 1.787477 0.013031
v -0.053808 1.787477 0.017944
v -0.050024 1.787477 0.022372
v -0.045760 1.787477 0.026310
v -0.041054 1.787477 0.029757
v -0.035953 1.787477 0.032717
v -0.030506 1.787477 0.035198
v -0.024765 1.787477 0.037209
v -0.018785 1.787477 0.038758
v -0.012625 1.787477 0.039856
v -0.006343 1.787477 0.040511
v 0.000000 1.790917 0.038656
v 0.006141 1.790917 0.038446
v 0.012222 1.790917 0.037815
v 0.018186 1.790917 0.036758
v 0.023975 1.790917 0.035267
v 0.029533 1.790917 0.033333
v 0.034806 1.790917 0.030945
v 0.039744 1.790917 0.028095
v 0.044300 1.790917 0.024775
v 0.048429 1.790917 0.020980
v 0.052091 1.790917 0.016711
v 0.055252 1.790917 0.011972
v 0.057881 1.790917 0.006776
v 0.059952 1.790917 0.001145
v 0.061446 1.790917 -0.004890
v 0.062348 1.790917 -0.011288
v 0.062650 1.790917 -0.018000
v 0.062348 1.790917 -0.024963
v 0.061446 1.790917 -0.032108
v 0.059952 1.790917 -0.039354
v 0.057881 1.790917 -0.046615
v 0.055252 1.790917 -0.053796
v 0.052091 1.790917 -0.060801
v 0.048429 1.790917 -0.067529
v 0.044300 1.790917 -0.073880
v 0.039744 1.790917 -0.079756
v 0.034806 1.790917 -0.085064
v 0.029533 1.790917 -0.089716
v 0.023975 1.790917 -0.093636
v 0.018186 1.790917 -0.096758
v 0.012222 1.790917 -0.099027
v 0.006141 1.790917 -0.100404
v 0.000000 1.790917 -0.100866
v -0.006141 1.790917 -0.100404
v -0.012222 1.790917 -0.099027
v -0.018186 1.790917 -0.096758
v -0.023975 1.790917 -0.093636
v -0.029533 1.790917 -0.089716
v -0.034806 1.790917 -0.085064
v -0.039744 1.790917 -0.079756
v -0.044300 1.790917 -0.073880
v -0.048429 1.790917 -0.067529
v -0.052091 1.790917 -0.060801
v -0.055252 1.790917 -0.053796
v -0.057881 1.790917 -0.046615
v -0.059952 1.790917 -0.039354
v -0.061446 1.790917 -0.032108
v -0.062348 1.790917 -0.024963
v -0.062650 1.790917 -0.018000
v -0.062348 1.790917 -0.011288
v -0.061446 1.790917 -0.004890
v -0.059952 1.790917 0.001145
v -0.057881 1.790917 0.006776
v -0.055252 1.790917 0.011972
v -0.052091 1.790917 0.016711
v -0.048429 1.790917 0.020980
v -0.044300 1.790917 0.024775
v -0.039744 1.790917 0.028095
v -0.034806 1.790917 0.030945
v -0.029533 1.790917 0.033333
v -0.023975 1.790917 0.035267
v -0.018186 1.790917 0.036758
v -0.012222 1.790917 0.037815
v -0.006141 1.790917 0.038446
v 0.000000 1.794358 0.034908
v 0.005730 1.794358 0.034712
v 0.011406 1.794358 0.034124
v 0.016971 1.794358 0.033139
v 0.022373 1.794358 0.031749
v 0.027559 1.794358 0.029946
v 0.032480 1.794358 0.027721
v 0.037089 1.794358 0.025063
v 0.041340 1.794358 0.021966
v 0.045193 1.794358 0.018425
v 0.048610 1.794358 0.014439
v 0.051560 1.794358 0.010014
v 0.054013 1.794358 0.005161
v 0.055946 1.794358 -0.000101
v 0.057340 1.794358 -0.005741
v 0.058182 1.794358 -0.011724
v 0.058463 1.794358 -0.018000
v 0.058182 1.794358 -0.024513
v 0.057340 1.794358 -0.031198
v 0.055946 1.794358 -0.037978
v 0.054013 1.794358 -0.044774
v 0.051560 1.794358 -0.051496
v 0.048610 1.794358 -0.058055
v 0.045193 1.794358 -0.064354
v 0.041340 1.794358 -0.070302
v 0.037089 1.794358 -0.075805
v 0.032480 1.794358 -0.080776
v 0.027559 1.794358 -0.085134
v 0.022373 1.794358 -0.088806
v 0.016971 1.794358 -0.091730
v 0.011406 1.794358 -0.093856
v 0.005730 1.794358 -0.095146
v 0.000000 1.794358 -0.095579
v -0.005730 1.794358 -0.095146
v -0.011406 1.794358 -0.093856
v -0.016971 1.794358 -0.091730
v -0.022373 1.794358 -0.088806
v -0.027559 1.794358 -0.085134
v -0.032480 1.794358 -0.080776
v -0.037089 1.794358 -0.075805
v -0.041340 1.794358 -0.070302
v -0.045193 1.794358 -0.064354
v -0.048610 1.794358 -0.058055
v -0.051560 1.794358 -0.051496
v -0.054013 1.794358 -0.044774
v -0.055946 1.794358 -0.037978
v -0.057340 1.794358 -0.031198
v -0.058182 1.794358 -0.024513
v -0.058463 1.794358 -0.018000
v -0.058182 1.794358 -0.011724
v -0.057340 1.794358 -0.005741
v -0.055946 1.794358 -0.000101
v -0.054013 1.794358 0.005161
v -0.051560 1.794358 0.010014
v -0.048610 1.794358 0.014439
v -0.045193 1.794358 0.018425
v -0.041340 1.794358 0.021966
v -0.037089 1.794358 0.025063
v -0.032480 1.794358 0.027721
v -0.027559 1.794358 0.029946
v -0.022373 1.794358 0.031749
v -0.016971 1.794358 0.033139
v -0.011406 1.794358 0.034124
v -0.005730 1.794358 0.034712
v 0.000000 1.797798 0.030391
v 0.005225 1.797798 0.030212
v 0.010399 1.797798 0.029675
v 0.015473 1.797798 0.028776
v 0.020398 1.797798 0.027507
v 0.025127 1.797798 0.025861
v 0.029613 1.797798 0.023829
v 0.033815 1.797798 0.021402
v 0.037691 1.797798 0.018572
v 0.041204 1.797798 0.015336
v 0.044320 1.797798 0.011692
v 0.047009 1.797798 0.007644
v 0.049245 1.797798 0.003204
v 0.051008 1.797798 -0.001611
v 0.052279 1.797798 -0.006774
v 0.053046 1.797798 -0.012252
v 0.053303 1.797798 -0.018000
v 0.053046 1.797798 -0.023967
v 0.052279 1.797798 -0.030091
v 0.051008 1.797798 -0.036305
v 0.049245 1.797798 -0.042534
v 0.047009 1.797798 -0.048697
v 0.044320 1.797798 -0.054710
v 0.041204 1.797798 -0.060486
v 0.037691 1.797798 -0.065941
v 0.033815 1.797798 -0.070988
v 0.029613 1.797798 -0.075548
v 0.025127 1.797798 -0.079546
v 0.020398 1.797798 -0.082915
v 0.015473 1.797798 -0.085597
v 0.010399 1.797798 -0.087547
v 0.005225 1.797798 -0.088731
v 0.000000 1.797798 -0.089128
v -0.005225 1.797798 -0.088731
v -0.010399 1.797798 -0.087547
v -0.015473 1.797798 -0.085597
v -0.020398 1.797798 -0.082915
v -0.025127 1.797798 -0.079546
v -0.029613 1.797798 -0.075548
v -0.033815 1.797798 -0.070988
v -0.037691 1.797798 -0.065941
v -0.041204 1.797798 -0.060486
v -0.044320 1.797798 -0.054710
v -0.047009 1.797798 -0.048697
v -0.049245 1.797798 -0.042534
v -0.051008 1.797798 -0.036305
v -0.052279 1.797798 -0.030091
v -0.053046 1.797798 -0.023967
v -0.053303 1.797798 -0.018000
v -0.053046 1.797798 -0.012252
v -0.052279 1.797798 -0.006774
v -0.051008 1.797798 -0.001611
v -0.049245 1.797798 0.003204
v -0.047009 1.797798 0.007644
v -0.044320 1.797798 0.011692
v -0.041204 1.797798 0.015336
v -0.037691 1.797798 0.018572
v -0.033815 1.797798 0.021402
v -0.029613 1.797798 0.023829
v -0.025127 1.797798 0.025861
v -0.020398 1.797798 0.027507
v -0.015473 1.797798 0.028776
v -0.010399 1.797798 0.029675
v -0.005225 1.797798 0.030212
v 0.000000 1.801239 0.025875
v 0.004719 1.801239 0.025713
v 0.009392 1.801239 0.025228
v 0.013975 1.801239 0.024414
v 0.018423 1.801239 0.023267
v 0.022694 1.801239 0.021777
v 0.026746 1.801239 0.019938
v 0.030541 1.801239 0.017741
v 0.034042 1.801239 0.015178
v 0.037214 1.801239 0.012246
v 0.040029 1.801239 0.008944
v 0.042458 1.801239 0.005274
v 0.044478 1.801239 0.001247
v 0.046069 1.801239 -0.003121
v 0.047217 1.801239 -0.007807
v 0.047910 1.801239 -0.012780
v 0.048142 1.801239 -0.018000
v 0.047910 1.801239 -0.023420
v 0.047217 1.801239 -0.028985
v 0.046069 1.801239 -0.034632
v 0.044478 1.801239 -0.040294
v 0.042458 1.801239 -0.045897
v 0.040029 1.801239 -0.051365
v 0.037214 1.801239 -0.056619
v 0.034042 1.801239 -0.061580
v 0.030541 1.801239 -0.066171
v 0.026746 1.801239 -0.070320
v 0.022694 1.801239 -0.073957
v 0.018423 1.801239 -0.077023
v 0.013975 1.801239 -0.079464
v 0.009392 1.801239 -0.081239
v 0.004719 1.801239 -0.082316
v 0.000000 1.801239 -0.082678
v -0.004719 1.801239 -0.082316
v -0.009392 1.801239 -0.081239
v -0.013975 1.801239 -0.079464
v -0.018423 1.801239 -0.077023
v -0.022694 1.801239 -0.073957
v -0.026746 1.801239 -0.070320
v -0.030541 1.801239 -0.066171
v -0.034042 1.801239 -0.061580
v -0.037214 1.801239 -0.056619
v -0.040029 1.801239 -0.051365
v -0.042458 1.801239 -0.045897
v -0.044478 1.801239 -0.040294
v -0.046069 1.801239 -0.034632
v -0.047217 1.801239 -0.028985
v -0.047910 1.801239 -0.023420
v -0.048142 1.801239 -0.018000
v -0.047910 1.801239 -0.012780
v -0.047217 1.801239 -0.007807
v -0.046069 1.801239 -0.003121
v -0.044478 1.801239 0.001247
v -0.042458 1.801239 0.005274
v -0.040029 1.801239 0.008944
v -0.037214 1.801239 0.012246
v -0.034042 1.801239 0.015178
v -0.030541 1.801239 0.017741
v -0.026746 1.801239 0.019938
v -0.022694 1.801239 0.021777
v -0.018423 1.801239 0.023267
v -0.013975 1.801239 0.024414
v -0.009392 1.801239 0.025228
v -0.004719 1.801239 0.025713
v 0.000000 1.804679 0.021359
v 0.004213 1.804679 0.021215
v 0.008385 1.804679 0.020781
v 0.012477 1.804679 0.020053
v 0.016448 1.804679 0.019027
v 0.020261 1.804679 0.017694
v 0.023879 1.804679 0.016048
v 0.027267 1.804679 0.014080
v 0.030393 1.804679 0.011785
v 0.033225 1.804679 0.009157
v 0.035738 1.804679 0.006196
v 0.037906 1.804679 0.002905
v 0.039710 1.804679 -0.000709
v 0.041131 1.804679 -0.004631
v 0.042156 1.804679 -0.008840
v 0.042775 1.804679 -0.013308
v 0.042982 1.804679 -0.018000
v 0.042775 1.804679 -0.022873
v 0.042156 1.804679 -0.027878
v 0.041131 1.804679 -0.032959
v 0.039710 1.804679 -0.038054
v 0.037906 1.804679 -0.043097
v 0.035738 1.804679 -0.048020
v 0.033225 1.804679 -0.052751
v 0.030393 1.804679 -0.057219
v 0.027267 1.804679 -0.061355
v 0.023879 1.804679 -0.065092
v 0.020261 1.804679 -0.068369
v 0.016448 1.804679 -0.071131
v 0.012477 1.804679 -0.073331
v 0.008385 1.804679 -0.074930
v 0.004213 1.804679 -0.075901
v 0.000000 1.804679 -0.076227
v -0.004213 1.804679 -0.075901
v -0.008385 1.804679 -0.074930
v -0.012477 1.804679 -0.073331
v -0.016448 1.804679 -0.071131
v -0.020261 1.804679 -0.068369
v -0.023879 1.804679 -0.065092
v -0.027267 1.804679 -0.061355
v -0.030393 1.804679 -0.057219
v -0.033225 1.804679 -0.052751
v -0.035738 1.804679 -0.048020
v -0.037906 1.804679 -0.043097
v -0.039710 1.804679 -0.038054
v -0.041131 1.804679 -0.032959
v -0.042156 1.804679 -0.027878
v -0.042775 1.804679 -0.022873
v -0.042982 1.804679 -0.018000
v -0.042775 1.804679 -0.013308
v -0.042156 1.804679 -0.008840
v -0.041131 1.804679 -0.004631
v -0.039710 1.804679 -0.000709
v -0.037906 1.804679 0.002905
v -0.035738 1.804679 0.006196
v -0.033225 1.804679 0.009157
v -0.030393 1.804679 0.011785
v -0.027267 1.804679 0.014080
v -0.023879 1.804679 0.016048
v -0.020261 1.804679 0.017694
v -0.016448 1.804679 0.019027
v -0.012477 1.804679 0.020053
v -0.008385 1.804679 0.020781
v -0.004213 1.804679 0.021215
v 0.000000 1.808119 0.016506
v 0.003671 1.808119 0.016380
v 0.007307 1.808119 0.016001
v 0.010873 1.808119 0.015366
v 0.014333 1.808119 0.014469
v 0.017656 1.808119 0.013305
v 0.020809 1.808119 0.011866
v 0.023761 1.808119 0.010145
v 0.026485 1.808119 0.008137
v 0.028953 1.808119 0.005836
v 0.031143 1.808119 0.003242
v 0.033032 1.808119 0.000356
v 0.034604 1.808119 -0.002813
v 0.035842 1.808119 -0.006255
v 0.036735 1.808119 -0.009951
v 0.037274 1.808119 -0.013876
v 0.037455 1.808119 -0.018000
v 0.037274 1.808119 -0.022285
v 0.036735 1.808119 -0.026688
v 0.035842 1.808119 -0.031159
v 0.034604 1.808119 -0.035644
v 0.033032 1.808119 -0.040085
v 0.031143 1.808119 -0.044421
v 0.028953 1.808119 -0.048589
v 0.026485 1.808119 -0.052526
v 0.023761 1.808119 -0.056171
v 0.020809 1.808119 -0.059466
v 0.017656 1.808119 -0.062355
v 0.014333 1.808119 -0.064791
v 0.010873 1.808119 -0.066730
v 0.007307 1.808119 -0.068141
v 0.003671 1.808119 -0.068997
v 0.000000 1.808119 -0.069284
v -0.003671 1.808119 -0.068997
v -0.007307 1.808119 -0.068141
v -0.010873 1.808119 -0.066730
v -0.014333 1.808119 -0.064791
v -0.017656 1.808119 -0.062355
v -0.020809 1.808119 -0.059466
v -0.023761 1.808119 -0.056171
v -0.026485 1.808119 -0.052526
v -0.028953 1.808119 -0.048589
v -0.031143 1.808119 -0.044421
v -0.033032 1.808119 -0.040085
v -0.034604 1.808119 -0.035644
v -0.035842 1.808119 -0.031159
v -0.036735 1.808119 -0.026688
v -0.037274 1.808119 -0.022285
v -0.037455 1.808119 -0.018000
v -0.037274 1.808119 -0.013876
v -0.036735 1.808119 -0.009951
v -0.035842 1.808119 -0.006255
v -0.034604 1.808119 -0.002813
v -0.033032 1.808119 0.000356
v -0.031143 1.808119 0.003242
v -0.028953 1.808119 0.005836
v -0.026485 1.808119 0.008137
v -0.023761 1.808119 0.010145
v -0.020809 1.808119 0.011866
v -0.017656 1.808119 0.013305
v -0.014333 1.808119 0.014469
v -0.010873 1.808119 0.015366
v -0.007307 1.808119 0.016001
v -0.003671 1.808119 0.016380
v 0.000000 1.811560 0.002253
v 0.002130 1.811560 0.002180
v 0.004239 1.811560 0.001962
v 0.006307 1.811560 0.001595
v 0.008315 1.811560 0.001077
v 0.010242 1.811560 0.000402
v 0.012071 1.811560 -0.000432
v 0.013784 1.811560 -0.001433
v 0.015364 1.811560 -0.002603
v 0.016796 1.811560 -0.003947
v 0.018066 1.811560 -0.005465
v 0.019162 1.811560 -0.007158
v 0.020073 1.811560 -0.009022
v 0.020792 1.811560 -0.011051
v 0.021310 1.811560 -0.013233
v 0.021623 1.811560 -0.015556
v 0.021727 1.811560 -0.018000
v 0.021623 1.811560 -0.020544
v 0.021310 1.811560 -0.023162
v 0.020792 1.811560 -0.025825
v 0.020073 1.811560 -0.028499
v 0.019162 1.811560 -0.031150
v 0.018066 1.811560 -0.033741
v 0.016796 1.811560 -0.036234
v 0.015364 1.811560 -0.038591
v 0.013784 1.811560 -0.040775
v 0.012071 1.811560 -0.042750
v 0.010242 1.811560 -0.044483
v 0.008315 1.811560 -0.045944
v 0.006307 1.811560 -0.047109
v 0.004239 1.811560 -0.047956
v 0.002130 1.811560 -0.048470
v 0.000000 1.811560 -0.048642
v -0.002130 1.811560 -0.048470
v -0.004239 1.811560 -0.047956
v -0.006307 1.811560 -0.047109
v -0.008315 1.811560 -0.045944
v -0.010242 1.811560 -0.044483
v -0.012071 1.811560 -0.042750
v -0.013784 1.811560 -0.040775
v -0.015364 1.811560 -0.038591
v -0.016796 1.811560 -0.036234
v -0.018066 1.811560 -0.033741
v -0.019162 1.811560 -0.031150
v -0.020073 1.811560 -0.028499
v -0.020792 1.811560 -0.025825
v -0.021310 1.811560 -0.023162
v -0.021623 1.811560 -0.020544
v -0.021727 1.811560 -0.018000
v -0.021623 1.811560 -0.015556
v -0.021310 1.811560 -0.013233
v -0.020792 1.811560 -0.011051
v -0.020073 1.811560 -0.009022
v -0.019162 1.811560 -0.007158
v -0.018066 1.811560 -0.005465
v -0.016796 1.811560 -0.003947
v -0.015364 1.811560 -0.002603
v -0.013784 1.811560 -0.001433
v -0.012071 1.811560 -0.000432
v -0.010242 1.811560 0.000402
v -0.008315 1.811560 0.001077
v -0.006307 1.811560 0.001595
v -0.004239 1.811560 0.001962
v -0.002130 1.811560 0.002180
v 0.000000 1.815000 -0.012000
v 0.000588 1.815000 -0.012019
v 0.001171 1.815000 -0.012078
v 0.001742 1.815000 -0.012176
v 0.002296 1.815000 -0.012316
v 0.002828 1.815000 -0.012500
v 0.003333 1.815000 -0.012731
v 0.003806 1.815000 -0.013011
v 0.004243 1.815000 -0.013343
v 0.004638 1.815000 -0.013730
v 0.004989 1.815000 -0.014173
v 0.005292 1.815000 -0.014673
v 0.005543 1.815000 -0.015231
v 0.005742 1.815000 -0.015846
v 0.005885 1.815000 -0.016515
v 0.005971 1.815000 -0.017235
v 0.006000 1.815000 -0.018000
v 0.005971 1.815000 -0.018803
v 0.005885 1.815000 -0.019637
v 0.005742 1.815000 -0.020491
v 0.005543 1.815000 -0.021354
v 0.005292 1.815000 -0.022216
v 0.004989 1.815000 -0.023062
v 0.004638 1.815000 -0.023880
v 0.004243 1.815000 -0.024657
v 0.003806 1.815000 -0.025379
v 0.003333 1.815000 -0.026034
v 0.002828 1.815000 -0.026611
v 0.002296 1.815000 -0.027098
v 0.001742 1.815000 -0.027487
v 0.001171 1.815000 -0.027770
v 0.000588 1.815000 -0.027942
v 0.000000 1.815000 -0.028000
v -0.000588 1.815000 -0.027942
v -0.001171 1.815000 -0.027770
v -0.001742 1.815000 -0.027487
v -0.002296 1.815000 -0.027098
v -0.002828 1.815000 -0.026611
v -0.003333 1.815000 -0.026034
v -0.003806 1.815000 -0.025379
v -0.004243 1.815000 -0.024657
v -0.004638 1.815000 -0.023880
v -0.004989 1.815000 -0.023062
v -0.005292 1.815000 -0.022216
v -0.005543 1.815000 -0.021354
v -0.005742 1.815000 -0.020491
v -0.005885 1.815000 -0.019637
v -0.005971 1.815000 -0.018803
v -0.006000 1.815000 -0.018000
v -0.005971 1.815000 -0.017235
v -0.005885 1.815000 -0.016515
v -0.005742 1.815000 -0.015846
v -0.005543 1.815000 -0.015231
v -0.005292 1.815000 -0.014673
v -0.004989 1.815000 -0.014173
v -0.004638 1.815000 -0.013730
v -0.004243 1.815000 -0.013343
v -0.003806 1.815000 -0.013011
v -0.003333 1.815000 -0.012731
v -0.002828 1.815000 -0.012500
v -0.002296 1.815000 -0.012316
v -0.001742 1.815000 -0.012176
v -0.001171 1.815000 -0.012078
v -0.000588 1.815000 -0.012019
v 0.000000 1.815000 -0.018000
v 0.084000 1.683166 -0.021264
v 0.086495 1.679322 -0.024706
v 0.088881 1.674161 -0.027419
v 0.091053 1.668034 -0.029217
v 0.092918 1.661361 -0.029978
v 0.094392 1.654594 -0.029650
v 0.095413 1.648196 -0.028256
v 0.095934 1.642603 -0.025890
v 0.095934 1.638195 -0.022714
v 0.095413 1.635273 -0.018944
v 0.094392 1.634036 -0.014837
v 0.092918 1.634568 -0.010673
v 0.091053 1.636834 -0.006736
v 0.088881 1.640678 -0.003294
v 0.086495 1.645839 -0.000581
v 0.084000 1.651966 0.001217
v 0.082000 1.676216 -0.018722
v 0.083455 1.673525 -0.020959
v 0.084847 1.669912 -0.022722
v 0.086114 1.665624 -0.023891
v 0.087202 1.660953 -0.024386
v 0.088062 1.656216 -0.024173
v 0.088657 1.651737 -0.023266
v 0.088962 1.647822 -0.021729
v 0.088962 1.644736 -0.019664
v 0.088657 1.642691 -0.017214
v 0.088062 1.641825 -0.014544
v 0.087202 1.642198 -0.011838
v 0.086114 1.643784 -0.009278
v 0.084847 1.646475 -0.007041
v 0.083455 1.650088 -0.005278
v 0.082000 1.654376 -0.004109
v 0.081000 1.665108 -0.016179
v 0.081000 1.663763 -0.017212
v 0.081000 1.661956 -0.018026
v 0.081000 1.659812 -0.018565
v 0.081000 1.657476 -0.018793
v 0.081000 1.655108 -0.018695
v 0.081000 1.652869 -0.018277
v 0.081000 1.650911 -0.017567
v 0.081000 1.649368 -0.016614
v 0.081000 1.648345 -0.015483
v 0.081000 1.647912 -0.014251
v 0.081000 1.648099 -0.013002
v 0.081000 1.648892 -0.011821
v 0.081000 1.650237 -0.010788
v 0.081000 1.652044 -0.009974
v 0.081000 1.654188 -0.009435
v 0.088000 1.658000 -0.008000
v 0.086000 1.632000 -0.022000
v -0.084000 1.683166 -0.021264
v -0.086495 1.679322 -0.024706
v -0.088881 1.674161 -0.027419
v -0.091053 1.668034 -0.029217
v -0.092918 1.661361 -0.029978
v -0.094392 1.654594 -0.029650
v -0.095413 1.648196 -0.028256
v -0.095934 1.642603 -0.025890
v -0.095934 1.638195 -0.022714
v -0.095413 1.635273 -0.018944
v -0.094392 1.634036 -0.014837
v -0.092918 1.634568 -0.010673
v -0.091053 1.636834 -0.006736
v -0.088881 1.640678 -0.003294
v -0.086495 1.645839 -0.000581
v -0.084000 1.651966 0.001217
v -0.082000 1.676216 -0.018722
v -0.083455 1.673525 -0.020959
v -0.084847 1.669912 -0.022722
v -0.086114 1.665624 -0.023891
v -0.087202 1.660953 -0.024386
v -0.088062 1.656216 -0.024173
v -0.088657 1.651737 -0.023266
v -0.088962 1.647822 -0.021729
v -0.088962 1.644736 -0.019664
v -0.088657 1.642691 -0.017214
v -0.088062 1.641825 -0.014544
v -0.087202 1.642198 -0.011838
v -0.086114 1.643784 -0.009278
v -0.084847 1.646475 -0.007041
v -0.083455 1.650088 -0.005278
v -0.082000 1.654376 -0.004109
v -0.081000 1.665108 -0.016179
v -0.081000 1.663763 -0.017212
v -0.081000 1.661956 -0.018026
v -0.081000 1.659812 -0.018565
v -0.081000 1.657476 -0.018793
v -0.081000 1.655108 -0.018695
v -0.081000 1.652869 -0.018277
v -0.081000 1.650911 -0.017567
v -0.081000 1.649368 -0.016614
v -0.081000 1.648345 -0.015483
v -0.081000 1.647912 -0.014251
v -0.081000 1.648099 -0.013002
v -0.081000 1.648892 -0.011821
v -0.081000 1.650237 -0.010788
v -0.081000 1.652044 -0.009974
v -0.081000 1.654188 -0.009435
v -0.088000 1.658000 -0.008000
v -0.086000 1.632000 -0.022000
v 0.180000 1.000000 0.000000
v 0.155885 1.000000 0.052500
v 0.090000 1.000000 0.090933
v 0.000000 1.000000 0.105000
v -0.090000 1.000000 0.090933
v -0.155885 1.000000 0.052500
v -0.180000 1.000000 0.000000
v -0.155885 1.000000 -0.052500
v -0.090000 1.000000 -0.090933
v -0.000000 1.000000 -0.105000
v 0.090000 1.000000 -0.090933
v 0.155885 1.000000 -0.052500
v 0.205000 1.100000 0.000000
v 0.177535 1.100000 0.057500
v 0.102500 1.100000 0.099593
v 0.000000 1.100000 0.115000
v -0.102500 1.100000 0.099593
v -0.177535 1.100000 0.057500
v -0.205000 1.100000 0.000000
v -0.177535 1.100000 -0.057500
v -0.102500 1.100000 -0.099593
v -0.000000 1.100000 -0.115000
v 0.102500 1.100000 -0.099593
v 0.177535 1.100000 -0.057500
v 0.250000 1.250000 0.000000
v 0.216506 1.250000 0.065000
v 0.125000 1.250000 0.112583
v 0.000000 1.250000 0.130000
v -0.125000 1.250000 0.112583
v -0.216506 1.250000 0.065000
v -0.250000 1.250000 0.000000
v -0.216506 1.250000 -0.065000
v -0.125000 1.250000 -0.112583
v -0.000000 1.250000 -0.130000
v 0.125000 1.250000 -0.112583
v 0.216506 1.250000 -0.065000
v 0.290000 1.390000 0.000000
v 0.251147 1.390000 0.067500
v 0.145000 1.390000 0.116913
v 0.000000 1.390000 0.135000
v -0.145000 1.390000 0.116913
v -0.251147 1.390000 0.067500
v -0.290000 1.390000 0.000000
v -0.251147 1.390000 -0.067500
v -0.145000 1.390000 -0.116913
v -0.000000 1.390000 -0.135000
v 0.145000 1.390000 -0.116913
v 0.251147 1.390000 -0.067500
v 0.255000 1.490000 0.000000
v 0.220836 1.490000 0.057500
v 0.127500 1.490000 0.099593
v 0.000000 1.490000 0.115000
v -0.127500 1.490000 0.099593
v -0.220836 1.490000 0.057500
v -0.255000 1.490000 0.000000
v -0.220836 1.490000 -0.057500
v -0.127500 1.490000 -0.099593
v -0.000000 1.490000 -0.115000
v 0.127500 1.490000 -0.099593
v 0.220836 1.490000 -0.057500
v -0.200620 1.241598 0.007172
v -0.226742 1.256763 0.064821
v -0.285439 1.281895 0.077423
v -0.332509 1.298071 0.035490
v -0.332509 1.293108 -0.029403
v -0.285439 1.270745 -0.068390
v -0.226742 1.247821 -0.052112
v -0.278005 1.080563 0.019944
v -0.301347 1.092938 0.069779
v -0.353795 1.110631 0.080623
v -0.395856 1.120319 0.044311
v -0.395856 1.114706 -0.011814
v -0.353795 1.098020 -0.045488
v -0.301347 1.082824 -0.031355
v -0.313472 0.963043 0.035696
v -0.332873 0.969708 0.075887
v -0.376466 0.976593 0.085290
v -0.411425 0.978513 0.056823
v -0.411425 0.974023 0.011923
v -0.376466 0.966504 -0.015599
v -0.332873 0.961617 -0.005020
v -0.323072 0.877401 0.040144
v -0.340741 0.880548 0.079121
v -0.380442 0.883282 0.088639
v -0.412281 0.883545 0.061531
v -0.412281 0.881138 0.018209
v -0.380442 0.877874 -0.008703
v -0.340741 0.876211 0.001059
v -0.270000 1.270000 0.005000
v -0.370000 0.880000 0.040000
v 0.339380 1.298402 0.002828
v 0.313258 1.292179 0.062112
v 0.254561 1.269255 0.078390
v 0.207491 1.246892 0.039403
v 0.207491 1.241929 -0.025490
v 0.254561 1.258105 -0.067423
v 0.313258 1.283237 -0.054821
v 0.401995 1.119437 0.016056
v 0.378653 1.117176 0.067355
v 0.326205 1.101980 0.081488
v 0.284144 1.085294 0.047814
v 0.284144 1.079681 -0.008311
v 0.326205 1.089369 -0.044623
v 0.378653 1.107062 -0.033779
v 0.416528 0.976957 0.034304
v 0.397127 0.978383 0.075020
v 0.353534 0.973496 0.085599
v 0.318575 0.965977 0.058077
v 0.318575 0.961487 0.013177
v 0.353534 0.963407 -0.015290
v 0.397127 0.970292 -0.005887
v 0.416928 0.882599 0.039856
v 0.399259 0.883789 0.078941
v 0.359558 0.882126 0.088703
v 0.327719 0.878862 0.061791
v 0.327719 0.876455 0.018469
v 0.359558 0.876718 -0.008639
v 0.399259 0.879452 0.000879
v 0.270000 1.270000 0.005000
v 0.370000 0.880000 0.040000
usemtl Skin
f 3080 3081 3144
f 3081 3145 3144
f 3081 3082 3145
f 3082 3146 3145
f 3082 3083 3146
f 3083 3147 3146
f 3083 3084 3147
f 3084 3148 3147
f 3084 3085 3148
f 3085 3149 3148
f 3085 3086 3149
f 3086 3150 3149
f 3086 3087 3150
f 3087 3151 3150
f 3087 3088 3151
f 3088 3152 3151
f 3088 3089 3152
f 3089 3153 3152
f 3089 3090 3153
f 3090 3154 3153
f 3090 3091 3154
f 3091 3155 3154
f 3091 3092 3155
f 3092 3156 3155
f 3092 3093 3156
f 3093 3157 3156
f 3093 3094 3157
f 3094 3158 3157
f 3094 3095 3158
f 3095 3159 3158
f 3095 3096 3159
f 3096 3160 3159
f 3096 3097 3160
f 3097 3161 3160
f 3097 3098 3161
f 3098 3162 3161
f 3098 3099 3162
f 3099 3163 3162
f 3099 3100 3163
f 3100 3164 3163
f 3100 3101 3164
f 3101 3165 3164
f 3101 3102 3165
f 3102 3166 3165
f 3102 3103 3166
f 3103 3167 3166
f 3103 3104 3167
f 3104 3168 3167
f 3104 3105 3168
f 3105 3169 3168
f 3105 3106 3169
f 3106 3170 3169
f 3106 3107 3170
f 3107 3171 3170
f 3107 3108 3171
f 3108 3172 3171
f 3108 3109 3172
f 3109 3173 3172
f 3109 3110 3173
f 3110 3174 3173
f 3110 3111 3174
f 3111 3175 3174
f 3111 3112 3175
f 3112 3176 3175
f 3112 3113 3176
f 3113 3177 3176
f 3113 3114 3177
f 3114 3178 3177
f 3114 3115 3178
f 3115 3179 3178
f 3115 3116 3179
f 3116 3180 3179
f 3116 3117 3180
f 3117 3181 3180
f 3117 3118 3181
f 3118 3182 3181
f 3118 3119 3182
f 3119 3183 3182
f 3119 3120 3183
f 3120 3184 3183
f 3120 3121 3184
f 3121 3185 3184
f 3121 3122 3185
f 3122 3186 3185
f 3122 3123 3186
f 3123 3187 3186
f 3123 3124 3187
f 3124 3188 3187
f 3124 3125 3188
f 3125 3189 3188
f 3125 3126 3189
f 3126 3190 3189
f 3126 3127 3190
f 3127 3191 3190
f 3127 3128 3191
f 3128 3192 3191
f 3128 3129 3192
f 3129 3193 3192
f 3129 3130 3193
f 3130 3194 3193
f 3130 3131 3194
f 3131 3195 3194
f 3131 3132 3195
f 3132 3196 3195
f 3132 3133 3196
f 3133 3197 3196
f 3133 3134 3197
f 3134 3198 3197
f 3134 3135 3198
f 3135 3199 3198
f 3135 3136 3199
f 3136 3200 3199
f 3136 3137 3200
f 3137 3201 3200
f 3137 3138 3201
f 3138 3202 3201
f 3138 3139 3202
f 3139 3203 3202
f 3139 3140 3203
f 3140 3204 3203
f 3140 3141 3204
f 3141 3205 3204
f 3141 3142 3205
f 3142 3206 3205
f 3142 3143 3206
f 3143 3207 3206
f 3143 3080 3207
f 3080 3144 3207
f 3144 3145 3208
f 3145 3209 3208
f 3145 3146 3209
f 3146 3210 3209
f 3146 3147 3210
f 3147 3211 3210
f 3147 3148 3211
f 3148 3212 3211
f 3148 3149 3212
f 3149 3213 3212
f 3149 3150 3213
f 3150 3214 3213
f 3150 3151 3214
f 3151 3215 3214
f 3151 3152 3215
f 3152 3216 3215
f 3152 3153 3216
f 3153 3217 3216
f 3153 3154 3217
f 3154 3218 3217
f 3154 3155 3218
f 3155 3219 3218
f 3155 3156 3219
f 3156 3220 3219
f 3156 3157 3220
f 3157 3221 3220
f 3157 3158 3221
f 3158 3222 3221
f 3158 3159 3222
f 3159 3223 3222
f 3159 3160 3223
f 3160 3224 3223
f 3160 3161 3224
f 3161 3225 3224
f 3161 3162 3225
f 3162 3226 3225
f 3162 3163 3226
f 3163 3227 3226
f 3163 3164 3227
f 3164 3228 3227
f 3164 3165 3228
f 3165 3229 3228
f 3165 3166 3229
f 3166 3230 3229
f 3166 3167 3230
f 3167 3231 3230
f 3167 3168 3231
f 3168 3232 3231
f 3168 3169 3232
f 3169 3233 3232
f 3169 3170 3233
f 3170 3234 3233
f 3170 3171 3234
f 3171 3235 3234
f 3171 3172 3235
f 3172 3236 3235
f 3172 3173 3236
f 3173 3237 3236
f 3173 3174 3237
f 3174 3238 3237
f 3174 3175 3238
f 3175 3239 3238
f 3175 3176 3239
f 3176 3240 3239
f 3176 3177 3240
f 3177 3241 3240
f 3177 3178 3241
f 3178 3242 3241
f 3178 3179 3242
f 3179 3243 3242
f 3179 3180 3243
f 3180 3244 3243
f 3180 3181 3244
f 3181 3245 3244
f 3181 3182 3245
f 3182 3246 3245
f 3182 3183 3246
f 3183 3247 3246
f 3183 3184 3247
f 3184 3248 3247
f 3184 3185 3248
f 3185 3249 3248
f 3185 3186 3249
f 3186 3250 3249
f 3186 3187 3250
f 3187 3251 3250
f 3187 3188 3251
f 3188 3252 3251
f 3188 3189 3252
f 3189 3253 3252
f 3189 3190 3253
f 3190 3254 3253
f 3190 3191 3254
f 3191 3255 3254
f 3191 3192 3255
f 3192 3256 3255
f 3192 3193 3256
f 3193 3257 3256
f 3193 3194 3257
f 3194 3258 3257
f 3194 3195 3258
f 3195 3259 3258
f 3195 3196 3259
f 3196 3260 3259
f 3196 3197 3260
f 3197 3261 3260
f 3197 3198 3261
f 3198 3262 3261
f 3198 3199 3262
f 3199 3263 3262
f 3199 3200 3263
f 3200 3264 3263
f 3200 3201 3264
f 3201 3265 3264
f 3201 3202 3265
f 3202 3266 3265
f 3202 3203 3266
f 3203 3267 3266
f 3203 3204 3267
f 3204 3268 3267
f 3204 3205 3268
f 3205 3269 3268
f 3205 3206 3269
f 3206 3270 3269
f 3206 3207 3270
f 3207 3271 3270
f 3207 3144 3271
f 3144 3208 3271
f 3208 3209 3272
f 3209 3273 3272
f 3209 3210 3273
f 3210 3274 3273
f 3210 3211 3274
f 3211 3275 3274
f 3211 3212 3275
f 3212 3276 3275
f 3212 3213 3276
f 3213 3277 3276
f 3213 3214 3277
f 3214 3278 3277
f 3214 3215 3278
f 3215 3279 3278
f 3215 3216 3279
f 3216 3280 3279
f 3216 3217 3280
f 3217 3281 3280
f 3217 3218 3281
f 3218 3282 3281
f 3218 3219 3282
f 3219 3283 3282
f 3219 3220 3283
f 3220 3284 3283
f 3220 3221 3284
f 3221 3285 3284
f 3221 3222 3285
f 3222 3286 3285
f 3222 3223 3286
f 3223 3287 3286
f 3223 3224 3287
f 3224 3288 3287
f 3224 3225 3288
f 3225 3289 3288
f 3225 3226 3289
f 3226 3290 3289
f 3226 3227 3290
f 3227 3291 3290
f 3227 3228 3291
f 3228 3292 3291
f 3228 3229 3292
f 3229 3293 3292
f 3229 3230 3293
f 3230 3294 3293
f 3230 3231 3294
f 3231 3295 3294
f 3231 3232 3295
f 3232 3296 3295
f 3232 3233 3296
f 3233 3297 3296
f 3233 3234 3297
f 3234 3298 3297
f 3234 3235 3298
f 3235 3299 3298
f 3235 3236 3299
f 3236 3300 3299
f 3236 3237 3300
f 3237 3301 3300
f 3237 3238 3301
f 3238 3302 3301
f 3238 3239 3302
f 3239 3303 3302
f 3239 3240 3303
f 3240 3304 3303
f 3240 3241 3304
f 3241 3305 3304
f 3241 3242 3305
f 3242 3306 3305
f 3242 3243 3306
f 3243 3307 3306
f 3243 3244 3307
f 3244 3308 3307
f 3244 3245 3308
f 3245 3309 3308
f 3245 3246 3309
f 3246 3310 3309
f 3246 3247 3310
f 3247 3311 3310
f 3247 3248 3311
f 3248 3312 3311
f 3248 3249 3312
f 3249 3313 3312
f 3249 3250 3313
f 3250 3314 3313
f 3250 3251 3314
f 3251 3315 3314
f 3251 3252 3315
f 3252 3316 3315
f 3252 3253 3316
f 3253 3317 3316
f 3253 3254 3317
f 3254 3318 3317
f 3254 3255 3318
f 3255 3319 3318
f 3255 3256 3319
f 3256 3320 3319
f 3256 3257 3320
f 3257 3321 3320
f 3257 3258 3321
f 3258 3322 3321
f 3258 3259 3322
f 3259 3323 3322
f 3259 3260 3323
f 3260 3324 3323
f 3260 3261 3324
f 3261 3325 3324
f 3261 3262 3325
f 3262 3326 3325
f 3262 3263 3326
f 3263 3327 3326
f 3263 3264 3327
f 3264 3328 3327
f 3264 3265 3328
f 3265 3329 3328
f 3265 3266 3329
f 3266 3330 3329
f 3266 3267 3330
f 3267 3331 3330
f 3267 3268 3331
f 3268 3332 3331
f 3268 3269 3332
f 3269 3333 3332
f 3269 3270 3333
f 3270 3334 3333
f 3270 3271 3334
f 3271 3335 3334
f 3271 3208 3335
f 3208 3272 3335
f 3272 3273 3336
f 3273 3337 3336
f 3273 3274 3337
f 3274 3338 3337
f 3274 3275 3338
f 3275 3339 3338
f 3275 3276 3339
f 3276 3340 3339
f 3276 3277 3340
f 3277 3341 3340
f 3277 3278 3341
f 3278 3342 3341
f 3278 3279 3342
f 3279 3343 3342
f 3279 3280 3343
f 3280 3344 3343
f 3280 3281 3344
f 3281 3345 3344
f 3281 3282 3345
f 3282 3346 3345
f 3282 3283 3346
f 3283 3347 3346
f 3283 3284 3347
f 3284 3348 3347
f 3284 3285 3348
f 3285 3349 3348
f 3285 3286 3349
f 3286 3350 3349
f 3286 3287 3350
f 3287 3351 3350
f 3287 3288 3351
f 3288 3352 3351
f 3288 3289 3352
f 3289 3353 3352
f 3289 3290 3353
f 3290 3354 3353
f 3290 3291 3354
f 3291 3355 3354
f 3291 3292 3355
f 3292 3356 3355
f 3292 3293 3356
f 3293 3357 3356
f 3293 3294 3357
f 3294 3358 3357
f 3294 3295 3358
f 3295 3359 3358
f 3295 3296 3359
f 3296 3360 3359
f 3296 3297 3360
f 3297 3361 3360
f 3297 3298 3361
f 3298 3362 3361
f 3298 3299 3362
f 3299 3363 3362
f 3299 3300 3363
f 3300 3364 3363
f 3300 3301 3364
f 3301 3365 3364
f 3301 3302 3365
f 3302 3366 3365
f 3302 3303 3366
f 3303 3367 3366
f 3303 3304 3367
f 3304 3368 3367
f 3304 3305 3368
f 3305 3369 3368
f 3305 3306 3369
f 3306 3370 3369
f 3306 3307 3370
f 3307 3371 3370
f 3307 3308 3371
f 3308 3372 3371
f 3308 3309 3372
f 3309 3373 3372
f 3309 3310 3373
f 3310 3374 3373
f 3310 3311 3374
f 3311 3375 3374
f 3311 3312 3375
f 3312 3376 3375
f 3312 3313 3376
f 3313 3377 3376
f 3313 3314 3377
f 3314 3378 3377
f 3314 3315 3378
f 3315 3379 3378
f 3315 3316 3379
f 3316 3380 3379
f 3316 3317 3380
f 3317 3381 3380
f 3317 3318 3381
f 3318 3382 3381
f 3318 3319 3382
f 3319 3383 3382
f 3319 3320 3383
f 3320 3384 3383
f 3320 3321 3384
f 3321 3385 3384
f 3321 3322 3385
f 3322 3386 3385
f 3322 3323 3386
f 3323 3387 3386
f 3323 3324 3387
f 3324 3388 3387
f 3324 3325 3388
f 3325 3389 3388
f 3325 3326 3389
f 3326 3390 3389
f 3326 3327 3390
f 3327 3391 3390
f 3327 3328 3391
f 3328 3392 3391
f 3328 3329 3392
f 3329 3393 3392
f 3329 3330 3393
f 3330 3394 3393
f 3330 3331 3394
f 3331 3395 3394
f 3331 3332 3395
f 3332 3396 3395
f 3332 3333 3396
f 3333 3397 3396
f 3333 3334 3397
f 3334 3398 3397
f 3334 3335 3398
f 3335 3399 3398
f 3335 3272 3399
f 3272 3336 3399
f 3336 3337 3400
f 3337 3401 3400
f 3337 3338 3401
f 3338 3402 3401
f 3338 3339 3402
f 3339 3403 3402
f 3339 3340 3403
f 3340 3404 3403
f 3340 3341 3404
f 3341 3405 3404
f 3341 3342 3405
f 3342 3406 3405
f 3342 3343 3406
f 3343 3407 3406
f 3343 3344 3407
f 3344 3408 3407
f 3344 3345 3408
f 3345 3409 3408
f 3345 3346 3409
f 3346 3410 3409
f 3346 3347 3410
f 3347 3411 3410
f 3347 3348 3411
f 3348 3412 3411
f 3348 3349 3412
f 3349 3413 3412
f 3349 3350 3413
f 3350 3414 3413
f 3350 3351 3414
f 3351 3415 3414
f 3351 3352 3415
f 3352 3416 3415
f 3352 3353 3416
f 3353 3417 3416
f 3353 3354 3417
f 3354 3418 3417
f 3354 3355 3418
f 3355 3419 3418
f 3355 3356 3419
f 3356 3420 3419
f 3356 3357 3420
f 3357 3421 3420
f 3357 3358 3421
f 3358 3422 3421
f 3358 3359 3422
f 3359 3423 3422
f 3359 3360 3423
f 3360 3424 3423
f 3360 3361 3424
f 3361 3425 3424
f 3361 3362 3425
f 3362 3426 3425
f 3362 3363 3426
f 3363 3427 3426
f 3363 3364 3427
f 3364 3428 3427
f 3364 3365 3428
f 3365 3429 3428
f 3365 3366 3429
f 3366 3430 3429
f 3366 3367 3430
f 3367 3431 3430
f 3367 3368 3431
f 3368 3432 3431
f 3368 3369 3432
f 3369 3433 3432
f 3369 3370 3433
f 3370 3434 3433
f 3370 3371 3434
f 3371 3435 3434
f 3371 3372 3435
f 3372 3436 3435
f 3372 3373 3436
f 3373 3437 3436
f 3373 3374 3437
f 3374 3438 3437
f 3374 3375 3438
f 3375 3439 3438
f 3375 3376 3439
f 3376 3440 3439
f 3376 3377 3440
f 3377 3441 3440
f 3377 3378 3441
f 3378 3442 3441
f 3378 3379 3442
f 3379 3443 3442
f 3379 3380 3443
f 3380 3444 3443
f 3380 3381 3444
f 3381 3445 3444
f 3381 3382 3445
f 3382 3446 3445
f 3382 3383 3446
f 3383 3447 3446
f 3383 3384 3447
f 3384 3448 3447
f 3384 3385 3448
f 3385 3449 3448
f 3385 3386 3449
f 3386 3450 3449
f 3386 3387 3450
f 3387 3451 3450
f 3387 3388 3451
f 3388 3452 3451
f 3388 3389 3452
f 3389 3453 3452
f 3389 3390 3453
f 3390 3454 3453
f 3390 3391 3454
f 3391 3455 3454
f 3391 3392 3455
f 3392 3456 3455
f 3392 3393 3456
f 3393 3457 3456
f 3393 3394 3457
f 3394 3458 3457
f 3394 3395 3458
f 3395 3459 3458
f 3395 3396 3459
f 3396 3460 3459
f 3396 3397 3460
f 3397 3461 3460
f 3397 3398 3461
f 3398 3462 3461
f 3398 3399 3462
f 3399 3463 3462
f 3399 3336 3463
f 3336 3400 3463
f 3400 3401 3464
f 3401 3465 3464
f 3401 3402 3465
f 3402 3466 3465
f 3402 3403 3466
f 3403 3467 3466
f 3403 3404 3467
f 3404 3468 3467
f 3404 3405 3468
f 3405 3469 3468
f 3405 3406 3469
f 3406 3470 3469
f 3406 3407 3470
f 3407 3471 3470
f 3407 3408 3471
f 3408 3472 3471
f 3408 3409 3472
f 3409 3473 3472
f 3409 3410 3473
f 3410 3474 3473
f 3410 3411 3474
f 3411 3475 3474
f 3411 3412 3475
f 3412 3476 3475
f 3412 3413 3476
f 3413 3477 3476
f 3413 3414 3477
f 3414 3478 3477
f 3414 3415 3478
f 3415 3479 3478
f 3415 3416 3479
f 3416 3480 3479
f 3416 3417 3480
f 3417 3481 3480
f 3417 3418 3481
f 3418 3482 3481
f 3418 3419 3482
f 3419 3483 3482
f 3419 3420 3483
f 3420 3484 3483
f 3420 3421 3484
f 3421 3485 3484
f 3421 3422 3485
f 3422 3486 3485
f 3422 3423 3486
f 3423 3487 3486
f 3423 3424 3487
f 3424 3488 3487
f 3424 3425 3488
f 3425 3489 3488
f 3425 3426 3489
f 3426 3490 3489
f 3426 3427 3490
f 3427 3491 3490
f 3427 3428 3491
f 3428 3492 3491
f 3428 3429 3492
f 3429 3493 3492
f 3429 3430 3493
f 3430 3494 3493
f 3430 3431 3494
f 3431 3495 3494
f 3431 3432 3495
f 3432 3496 3495
f 3432 3433 3496
f 3433 3497 3496
f 3433 3434 3497
f 3434 3498 3497
f 3434 3435 3498
f 3435 3499 3498
f 3435 3436 3499
f 3436 3500 3499
f 3436 3437 3500
f 3437 3501 3500
f 3437 3438 3501
f 3438 3502 3501
f 3438 3439 3502
f 3439 3503 3502
f 3439 3440 3503
f 3440 3504 3503
f 3440 3441 3504
f 3441 3505 3504
f 3441 3442 3505
f 3442 3506 3505
f 3442 3443 3506
f 3443 3507 3506
f 3443 3444 3507
f 3444 3508 3507
f 3444 3445 3508
f 3445 3509 3508
f 3445 3446 3509
f 3446 3510 3509
f 3446 3447 3510
f 3447 3511 3510
f 3447 3448 3511
f 3448 3512 3511
f 3448 3449 3512
f 3449 3513 3512
f 3449 3450 3513
f 3450 3514 3513
f 3450 3451 3514
f 3451 3515 3514
f 3451 3452 3515
f 3452 3516 3515
f 3452 3453 3516
f 3453 3517 3516
f 3453 3454 3517
f 3454 3518 3517
f 3454 3455 3518
f 3455 3519 3518
f 3455 3456 3519
f 3456 3520 3519
f 3456 3457 3520
f 3457 3521 3520
f 3457 3458 3521
f 3458 3522 3521
f 3458 3459 3522
f 3459 3523 3522
f 3459 3460 3523
f 3460 3524 3523
f 3460 3461 3524
f 3461 3525 3524
f 3461 3462 3525
f 3462 3526 3525
f 3462 3463 3526
f 3463 3527 3526
f 3463 3400 3527
f 3400 3464 3527
f 3464 3465 3528
f 3465 3529 3528
f 3465 3466 3529
f 3466 3530 3529
f 3466 3467 3530
f 3467 3531 3530
f 3467 3468 3531
f 3468 3532 3531
f 3468 3469 3532
f 3469 3533 3532
f 3469 3470 3533
f 3470 3534 3533
f 3470 3471 3534
f 3471 3535 3534
f 3471 3472 3535
f 3472 3536 3535
f 3472 3473 3536
f 3473 3537 3536
f 3473 3474 3537
f 3474 3538 3537
f 3474 3475 3538
f 3475 3539 3538
f 3475 3476 3539
f 3476 3540 3539
f 3476 3477 3540
f 3477 3541 3540
f 3477 3478 3541
f 3478 3542 3541
f 3478 3479 3542
f 3479 3543 3542
f 3479 3480 3543
f 3480 3544 3543
f 3480 3481 3544
f 3481 3545 3544
f 3481 3482 3545
f 3482 3546 3545
f 3482 3483 3546
f 3483 3547 3546
f 3483 3484 3547
f 3484 3548 3547
f 3484 3485 3548
f 3485 3549 3548
f 3485 3486 3549
f 3486 3550 3549
f 3486 3487 3550
f 3487 3551 3550
f 3487 3488 3551
f 3488 3552 3551
f 3488 3489 3552
f 3489 3553 3552
f 3489 3490 3553
f 3490 3554 3553
f 3490 3491 3554
f 3491 3555 3554
f 3491 3492 3555
f 3492 3556 3555
f 3492 3493 3556
f 3493 3557 3556
f 3493 3494 3557
f 3494 3558 3557
f 3494 3495 3558
f 3495 3559 3558
f 3495 3496 3559
f 3496 3560 3559
f 3496 3497 3560
f 3497 3561 3560
f 3497 3498 3561
f 3498 3562 3561
f 3498 3499 3562
f 3499 3563 3562
f 3499 3500 3563
f 3500 3564 3563
f 3500 3501 3564
f 3501 3565 3564
f 3501 3502 3565
f 3502 3566 3565
f 3502 3503 3566
f 3503 3567 3566
f 3503 3504 3567
f 3504 3568 3567
f 3504 3505 3568
f 3505 3569 3568
f 3505 3506 3569
f 3506 3570 3569
f 3506 3507 3570
f 3507 3571 3570
f 3507 3508 3571
f 3508 3572 3571
f 3508 3509 3572
f 3509 3573 3572
f 3509 3510 3573
f 3510 3574 3573
f 3510 3511 3574
f 3511 3575 3574
f 3511 3512 3575
f 3512 3576 3575
f 3512 3513 3576
f 3513 3577 3576
f 3513 3514 3577
f 3514 3578 3577
f 3514 3515 3578
f 3515 3579 3578
f 3515 3516 3579
f 3516 3580 3579
f 3516 3517 3580
f 3517 3581 3580
f 3517 3518 3581
f 3518 3582 3581
f 3518 3519 3582
f 3519 3583 3582
f 3519 3520 3583
f 3520 3584 3583
f 3520 3521 3584
f 3521 3585 3584
f 3521 3522 3585
f 3522 3586 3585
f 3522 3523 3586
f 3523 3587 3586
f 3523 3524 3587
f 3524 3588 3587
f 3524 3525 3588
f 3525 3589 3588
f 3525 3526 3589
f 3526 3590 3589
f 3526 3527 3590
f 3527 3591 3590
f 3527 3464 3591
f 3464 3528 3591
f 3528 3529 3592
f 3529 3593 3592
f 3529 3530 3593
f 3530 3594 3593
f 3530 3531 3594
f 3531 3595 3594
f 3531 3532 3595
f 3532 3596 3595
f 3532 3533 3596
f 3533 3597 3596
f 3533 3534 3597
f 3534 3598 3597
f 3534 3535 3598
f 3535 3599 3598
f 3535 3536 3599
f 3536 3600 3599
f 3536 3537 3600
f 3537 3601 3600
f 3537 3538 3601
f 3538 3602 3601
f 3538 3539 3602
f 3539 3603 3602
f 3539 3540 3603
f 3540 3604 3603
f 3540 3541 3604
f 3541 3605 3604
f 3541 3542 3605
f 3542 3606 3605
f 3542 3543 3606
f 3543 3607 3606
f 3543 3544 3607
f 3544 3608 3607
f 3544 3545 3608
f 3545 3609 3608
f 3545 3546 3609
f 3546 3610 3609
f 3546 3547 3610
f 3547 3611 3610
f 3547 3548 3611
f 3548 3612 3611
f 3548 3549 3612
f 3549 3613 3612
f 3549 3550 3613
f 3550 3614 3613
f 3550 3551 3614
f 3551 3615 3614
f 3551 3552 3615
f 3552 3616 3615
f 3552 3553 3616
f 3553 3617 3616
f 3553 3554 3617
f 3554 3618 3617
f 3554 3555 3618
f 3555 3619 3618
f 3555 3556 3619
f 3556 3620 3619
f 3556 3557 3620
f 3557 3621 3620
f 3557 3558 3621
f 3558 3622 3621
f 3558 3559 3622
f 3559 3623 3622
f 3559 3560 3623
f 3560 3624 3623
f 3560 3561 3624
f 3561 3625 3624
f 3561 3562 3625
f 3562 3626 3625
f 3562 3563 3626
f 3563 3627 3626
f 3563 3564 3627
f 3564 3628 3627
f 3564 3565 3628
f 3565 3629 3628
f 3565 3566 3629
f 3566 3630 3629
f 3566 3567 3630
f 3567 3631 3630
f 3567 3568 3631
f 3568 3632 3631
f 3568 3569 3632
f 3569 3633 3632
f 3569 3570 3633
f 3570 3634 3633
f 3570 3571 3634
f 3571 3635 3634
f 3571 3572 3635
f 3572 3636 3635
f 3572 3573 3636
f 3573 3637 3636
f 3573 3574 3637
f 3574 3638 3637
f 3574 3575 3638
f 3575 3639 3638
f 3575 3576 3639
f 3576 3640 3639
f 3576 3577 3640
f 3577 3641 3640
f 3577 3578 3641
f 3578 3642 3641
f 3578 3579 3642
f 3579 3643 3642
f 3579 3580 3643
f 3580 3644 3643
f 3580 3581 3644
f 3581 3645 3644
f 3581 3582 3645
f 3582 3646 3645
f 3582 3583 3646
f 3583 3647 3646
f 3583 3584 3647
f 3584 3648 3647
f 3584 3585 3648
f 3585 3649 3648
f 3585 3586 3649
f 3586 3650 3649
f 3586 3587 3650
f 3587 3651 3650
f 3587 3588 3651
f 3588 3652 3651
f 3588 3589 3652
f 3589 3653 3652
f 3589 3590 3653
f 3590 3654 3653
f 3590 3591 3654
f 3591 3655 3654
f 3591 3528 3655
f 3528 3592 3655
f 3592 3593 3656
f 3593 3657 3656
f 3593 3594 3657
f 3594 3658 3657
f 3594 3595 3658
f 3595 3659 3658
f 3595 3596 3659
f 3596 3660 3659
f 3596 3597 3660
f 3597 3661 3660
f 3597 3598 3661
f 3598 3662 3661
f 3598 3599 3662
f 3599 3663 3662
f 3599 3600 3663
f 3600 3664 3663
f 3600 3601 3664
f 3601 3665 3664
f 3601 3602 3665
f 3602 3666 3665
f 3602 3603 3666
f 3603 3667 3666
f 3603 3604 3667
f 3604 3668 3667
f 3604 3605 3668
f 3605 3669 3668
f 3605 3606 3669
f 3606 3670 3669
f 3606 3607 3670
f 3607 3671 3670
f 3607 3608 3671
f 3608 3672 3671
f 3608 3609 3672
f 3609 3673 3672
f 3609 3610 3673
f 3610 3674 3673
f 3610 3611 3674
f 3611 3675 3674
f 3611 3612 3675
f 3612 3676 3675
f 3612 3613 3676
f 3613 3677 3676
f 3613 3614 3677
f 3614 3678 3677
f 3614 3615 3678
f 3615 3679 3678
f 3615 3616 3679
f 3616 3680 3679
f 3616 3617 3680
f 3617 3681 3680
f 3617 3618 3681
f 3618 3682 3681
f 3618 3619 3682
f 3619 3683 3682
f 3619 3620 3683
f 3620 3684 3683
f 3620 3621 3684
f 3621 3685 3684
f 3621 3622 3685
f 3622 3686 3685
f 3622 3623 3686
f 3623 3687 3686
f 3623 3624 3687
f 3624 3688 3687
f 3624 3625 3688
f 3625 3689 3688
f 3625 3626 3689
f 3626 3690 3689
f 3626 3627 3690
f 3627 3691 3690
f 3627 3628 3691
f 3628 3692 3691
f 3628 3629 3692
f 3629 3693 3692
f 3629 3630 3693
f 3630 3694 3693
f 3630 3631 3694
f 3631 3695 3694
f 3631 3632 3695
f 3632 3696 3695
f 3632 3633 3696
f 3633 3697 3696
f 3633 3634 3697
f 3634 3698 3697
f 3634 3635 3698
f 3635 3699 3698
f 3635 3636 3699
f 3636 3700 3699
f 3636 3637 3700
f 3637 3701 3700
f 3637 3638 3701
f 3638 3702 3701
f 3638 3639 3702
f 3639 3703 3702
f 3639 3640 3703
f 3640 3704 3703
f 3640 3641 3704
f 3641 3705 3704
f 3641 3642 3705
f 3642 3706 3705
f 3642 3643 3706
f 3643 3707 3706
f 3643 3644 3707
f 3644 3708 3707
f 3644 3645 3708
f 3645 3709 3708
f 3645 3646 3709
f 3646 3710 3709
f 3646 3647 3710
f 3647 3711 3710
f 3647 3648 3711
f 3648 3712 3711
f 3648 3649 3712
f 3649 3713 3712
f 3649 3650 3713
f 3650 3714 3713
f 3650 3651 3714
f 3651 3715 3714
f 3651 3652 3715
f 3652 3716 3715
f 3652 3653 3716
f 3653 3717 3716
f 3653 3654 3717
f 3654 3718 3717
f 3654 3655 3718
f 3655 3719 3718
f 3655 3592 3719
f 3592 3656 3719
f 3656 3657 3720
f 3657 3721 3720
f 3657 3658 3721
f 3658 3722 3721
f 3658 3659 3722
f 3659 3723 3722
f 3659 3660 3723
f 3660 3724 3723
f 3660 3661 3724
f 3661 3725 3724
f 3661 3662 3725
f 3662 3726 3725
f 3662 3663 3726
f 3663 3727 3726
f 3663 3664 3727
f 3664 3728 3727
f 3664 3665 3728
f 3665 3729 3728
f 3665 3666 3729
f 3666 3730 3729
f 3666 3667 3730
f 3667 3731 3730
f 3667 3668 3731
f 3668 3732 3731
f 3668 3669 3732
f 3669 3733 3732
f 3669 3670 3733
f 3670 3734 3733
f 3670 3671 3734
f 3671 3735 3734
f 3671 3672 3735
f 3672 3736 3735
f 3672 3673 3736
f 3673 3737 3736
f 3673 3674 3737
f 3674 3738 3737
f 3674 3675 3738
f 3675 3739 3738
f 3675 3676 3739
f 3676 3740 3739
f 3676 3677 3740
f 3677 3741 3740
f 3677 3678 3741
f 3678 3742 3741
f 3678 3679 3742
f 3679 3743 3742
f 3679 3680 3743
f 3680 3744 3743
f 3680 3681 3744
f 3681 3745 3744
f 3681 3682 3745
f 3682 3746 3745
f 3682 3683 3746
f 3683 3747 3746
f 3683 3684 3747
f 3684 3748 3747
f 3684 3685 3748
f 3685 3749 3748
f 3685 3686 3749
f 3686 3750 3749
f 3686 3687 3750
f 3687 3751 3750
f 3687 3688 3751
f 3688 3752 3751
f 3688 3689 3752
f 3689 3753 3752
f 3689 3690 3753
f 3690 3754 3753
f 3690 3691 3754
f 3691 3755 3754
f 3691 3692 3755
f 3692 3756 3755
f 3692 3693 3756
f 3693 3757 3756
f 3693 3694 3757
f 3694 3758 3757
f 3694 3695 3758
f 3695 3759 3758
f 3695 3696 3759
f 3696 3760 3759
f 3696 3697 3760
f 3697 3761 3760
f 3697 3698 3761
f 3698 3762 3761
f 3698 3699 3762
f 3699 3763 3762
f 3699 3700 3763
f 3700 3764 3763
f 3700 3701 3764
f 3701 3765 3764
f 3701 3702 3765
f 3702 3766 3765
f 3702 3703 3766
f 3703 3767 3766
f 3703 3704 3767
f 3704 3768 3767
f 3704 3705 3768
f 3705 3769 3768
f 3705 3706 3769
f 3706 3770 3769
f 3706 3707 3770
f 3707 3771 3770
f 3707 3708 3771
f 3708 3772 3771
f 3708 3709 3772
f 3709 3773 3772
f 3709 3710 3773
f 3710 3774 3773
f 3710 3711 3774
f 3711 3775 3774
f 3711 3712 3775
f 3712 3776 3775
f 3712 3713 3776
f 3713 3777 3776
f 3713 3714 3777
f 3714 3778 3777
f 3714 3715 3778
f 3715 3779 3778
f 3715 3716 3779
f 3716 3780 3779
f 3716 3717 3780
f 3717 3781 3780
f 3717 3718 3781
f 3718 3782 3781
f 3718 3719 3782
f 3719 3783 3782
f 3719 3656 3783
f 3656 3720 3783
f 3720 3721 3784
f 3721 3785 3784
f 3721 3722 3785
f 3722 3786 3785
f 3722 3723 3786
f 3723 3787 3786
f 3723 3724 3787
f 3724 3788 3787
f 3724 3725 3788
f 3725 3789 3788
f 3725 3726 3789
f 3726 3790 3789
f 3726 3727 3790
f 3727 3791 3790
f 3727 3728 3791
f 3728 3792 3791
f 3728 3729 3792
f 3729 3793 3792
f 3729 3730 3793
f 3730 3794 3793
f 3730 3731 3794
f 3731 3795 3794
f 3731 3732 3795
f 3732 3796 3795
f 3732 3733 3796
f 3733 3797 3796
f 3733 3734 3797
f 3734 3798 3797
f 3734 3735 3798
f 3735 3799 3798
f 3735 3736 3799
f 3736 3800 3799
f 3736 3737 3800
f 3737 3801 3800
f 3737 3738 3801
f 3738 3802 3801
f 3738 3739 3802
f 3739 3803 3802
f 3739 3740 3803
f 3740 3804 3803
f 3740 3741 3804
f 3741 3805 3804
f 3741 3742 3805
f 3742 3806 3805
f 3742 3743 3806
f 3743 3807 3806
f 3743 3744 3807
f 3744 3808 3807
f 3744 3745 3808
f 3745 3809 3808
f 3745 3746 3809
f 3746 3810 3809
f 3746 3747 3810
f 3747 3811 3810
f 3747 3748 3811
f 3748 3812 3811
f 3748 3749 3812
f 3749 3813 3812
f 3749 3750 3813
f 3750 3814 3813
f 3750 3751 3814
f 3751 3815 3814
f 3751 3752 3815
f 3752 3816 3815
f 3752 3753 3816
f 3753 3817 3816
f 3753 3754 3817
f 3754 3818 3817
f 3754 3755 3818
f 3755 3819 3818
f 3755 3756 3819
f 3756 3820 3819
f 3756 3757 3820
f 3757 3821 3820
f 3757 3758 3821
f 3758 3822 3821
f 3758 3759 3822
f 3759 3823 3822
f 3759 3760 3823
f 3760 3824 3823
f 3760 3761 3824
f 3761 3825 3824
f 3761 3762 3825
f 3762 3826 3825
f 3762 3763 3826
f 3763 3827 3826
f 3763 3764 3827
f 3764 3828 3827
f 3764 3765 3828
f 3765 3829 3828
f 3765 3766 3829
f 3766 3830 3829
f 3766 3767 3830
f 3767 3831 3830
f 3767 3768 3831
f 3768 3832 3831
f 3768 3769 3832
f 3769 3833 3832
f 3769 3770 3833
f 3770 3834 3833
f 3770 3771 3834
f 3771 3835 3834
f 3771 3772 3835
f 3772 3836 3835
f 3772 3773 3836
f 3773 3837 3836
f 3773 3774 3837
f 3774 3838 3837
f 3774 3775 3838
f 3775 3839 3838
f 3775 3776 3839
f 3776 3840 3839
f 3776 3777 3840
f 3777 3841 3840
f 3777 3778 3841
f 3778 3842 3841
f 3778 3779 3842
f 3779 3843 3842
f 3779 3780 3843
f 3780 3844 3843
f 3780 3781 3844
f 3781 3845 3844
f 3781 3782 3845
f 3782 3846 3845
f 3782 3783 3846
f 3783 3847 3846
f 3783 3720 3847
f 3720 3784 3847
f 3784 3785 3848
f 3785 3849 3848
f 3785 3786 3849
f 3786 3850 3849
f 3786 3787 3850
f 3787 3851 3850
f 3787 3788 3851
f 3788 3852 3851
f 3788 3789 3852
f 3789 3853 3852
f 3789 3790 3853
f 3790 3854 3853
f 3790 3791 3854
f 3791 3855 3854
f 3791 3792 3855
f 3792 3856 3855
f 3792 3793 3856
f 3793 3857 3856
f 3793 3794 3857
f 3794 3858 3857
f 3794 3795 3858
f 3795 3859 3858
f 3795 3796 3859
f 3796 3860 3859
f 3796 3797 3860
f 3797 3861 3860
f 3797 3798 3861
f 3798 3862 3861
f 3798 3799 3862
f 3799 3863 3862
f 3799 3800 3863
f 3800 3864 3863
f 3800 3801 3864
f 3801 3865 3864
f 3801 3802 3865
f 3802 3866 3865
f 3802 3803 3866
f 3803 3867 3866
f 3803 3804 3867
f 3804 3868 3867
f 3804 3805 3868
f 3805 3869 3868
f 3805 3806 3869
f 3806 3870 3869
f 3806 3807 3870
f 3807 3871 3870
f 3807 3808 3871
f 3808 3872 3871
f 3808 3809 3872
f 3809 3873 3872
f 3809 3810 3873
f 3810 3874 3873
f 3810 3811 3874
f 3811 3875 3874
f 3811 3812 3875
f 3812 3876 3875
f 3812 3813 3876
f 3813 3877 3876
f 3813 3814 3877
f 3814 3878 3877
f 3814 3815 3878
f 3815 3879 3878
f 3815 3816 3879
f 3816 3880 3879
f 3816 3817 3880
f 3817 3881 3880
f 3817 3818 3881
f 3818 3882 3881
f 3818 3819 3882
f 3819 3883 3882
f 3819 3820 3883
f 3820 3884 3883
f 3820 3821 3884
f 3821 3885 3884
f 3821 3822 3885
f 3822 3886 3885
f 3822 3823 3886
f 3823 3887 3886
f 3823 3824 3887
f 3824 3888 3887
f 3824 3825 3888
f 3825 3889 3888
f 3825 3826 3889
f 3826 3890 3889
f 3826 3827 3890
f 3827 3891 3890
f 3827 3828 3891
f 3828 3892 3891
f 3828 3829 3892
f 3829 3893 3892
f 3829 3830 3893
f 3830 3894 3893
f 3830 3831 3894
f 3831 3895 3894
f 3831 3832 3895
f 3832 3896 3895
f 3832 3833 3896
f 3833 3897 3896
f 3833 3834 3897
f 3834 3898 3897
f 3834 3835 3898
f 3835 3899 3898
f 3835 3836 3899
f 3836 3900 3899
f 3836 3837 3900
f 3837 3901 3900
f 3837 3838 3901
f 3838 3902 3901
f 3838 3839 3902
f 3839 3903 3902
f 3839 3840 3903
f 3840 3904 3903
f 3840 3841 3904
f 3841 3905 3904
f 3841 3842 3905
f 3842 3906 3905
f 3842 3843 3906
f 3843 3907 3906
f 3843 3844 3907
f 3844 3908 3907
f 3844 3845 3908
f 3845 3909 3908
f 3845 3846 3909
f 3846 3910 3909
f 3846 3847 3910
f 3847 3911 3910
f 3847 3784 3911
f 3784 3848 3911
f 3848 3849 3912
f 3849 3913 3912
f 3849 3850 3913
f 3850 3914 3913
f 3850 3851 3914
f 3851 3915 3914
f 3851 3852 3915
f 3852 3916 3915
f 3852 3853 3916
f 3853 3917 3916
f 3853 3854 3917
f 3854 3918 3917
f 3854 3855 3918
f 3855 3919 3918
f 3855 3856 3919
f 3856 3920 3919
f 3856 3857 3920
f 3857 3921 3920
f 3857 3858 3921
f 3858 3922 3921
f 3858 3859 3922
f 3859 3923 3922
f 3859 3860 3923
f 3860 3924 3923
f 3860 3861 3924
f 3861 3925 3924
f 3861 3862 3925
f 3862 3926 3925
f 3862 3863 3926
f 3863 3927 3926
f 3863 3864 3927
f 3864 3928 3927
f 3864 3865 3928
f 3865 3929 3928
f 3865 3866 3929
f 3866 3930 3929
f 3866 3867 3930
f 3867 3931 3930
f 3867 3868 3931
f 3868 3932 3931
f 3868 3869 3932
f 3869 3933 3932
f 3869 3870 3933
f 3870 3934 3933
f 3870 3871 3934
f 3871 3935 3934
f 3871 3872 3935
f 3872 3936 3935
f 3872 3873 3936
f 3873 3937 3936
f 3873 3874 3937
f 3874 3938 3937
f 3874 3875 3938
f 3875 3939 3938
f 3875 3876 3939
f 3876 3940 3939
f 3876 3877 3940
f 3877 3941 3940
f 3877 3878 3941
f 3878 3942 3941
f 3878 3879 3942
f 3879 3943 3942
f 3879 3880 3943
f 3880 3944 3943
f 3880 3881 3944
f 3881 3945 3944
f 3881 3882 3945
f 3882 3946 3945
f 3882 3883 3946
f 3883 3947 3946
f 3883 3884 3947
f 3884 3948 3947
f 3884 3885 3948
f 3885 3949 3948
f 3885 3886 3949
f 3886 3950 3949
f 3886 3887 3950
f 3887 3951 3950
f 3887 3888 3951
f 3888 3952 3951
f 3888 3889 3952
f 3889 3953 3952
f 3889 3890 3953
f 3890 3954 3953
f 3890 3891 3954
f 3891 3955 3954
f 3891 3892 3955
f 3892 3956 3955
f 3892 3893 3956
f 3893 3957 3956
f 3893 3894 3957
f 3894 3958 3957
f 3894 3895 3958
f 3895 3959 3958
f 3895 3896 3959
f 3896 3960 3959
f 3896 3897 3960
f 3897 3961 3960
f 3897 3898 3961
f 3898 3962 3961
f 3898 3899 3962
f 3899 3963 3962
f 3899 3900 3963
f 3900 3964 3963
f 3900 3901 3964
f 3901 3965 3964
f 3901 3902 3965
f 3902 3966 3965
f 3902 3903 3966
f 3903 3967 3966
f 3903 3904 3967
f 3904 3968 3967
f 3904 3905 3968
f 3905 3969 3968
f 3905 3906 3969
f 3906 3970 3969
f 3906 3907 3970
f 3907 3971 3970
f 3907 3908 3971
f 3908 3972 3971
f 3908 3909 3972
f 3909 3973 3972
f 3909 3910 3973
f 3910 3974 3973
f 3910 3911 3974
f 3911 3975 3974
f 3911 3848 3975
f 3848 3912 3975
f 3912 3913 3976
f 3913 3977 3976
f 3913 3914 3977
f 3914 3978 3977
f 3914 3915 3978
f 3915 3979 3978
f 3915 3916 3979
f 3916 3980 3979
f 3916 3917 3980
f 3917 3981 3980
f 3917 3918 3981
f 3918 3982 3981
f 3918 3919 3982
f 3919 3983 3982
f 3919 3920 3983
f 3920 3984 3983
f 3920 3921 3984
f 3921 3985 3984
f 3921 3922 3985
f 3922 3986 3985
f 3922 3923 3986
f 3923 3987 3986
f 3923 3924 3987
f 3924 3988 3987
f 3924 3925 3988
f 3925 3989 3988
f 3925 3926 3989
f 3926 3990 3989
f 3926 3927 3990
f 3927 3991 3990
f 3927 3928 3991
f 3928 3992 3991
f 3928 3929 3992
f 3929 3993 3992
f 3929 3930 3993
f 3930 3994 3993
f 3930 3931 3994
f 3931 3995 3994
f 3931 3932 3995
f 3932 3996 3995
f 3932 3933 3996
f 3933 3997 3996
f 3933 3934 3997
f 3934 3998 3997
f 3934 3935 3998
f 3935 3999 3998
f 3935 3936 3999
f 3936 4000 3999
f 3936 3937 4000
f 3937 4001 4000
f 3937 3938 4001
f 3938 4002 4001
f 3938 3939 4002
f 3939 4003 4002
f 3939 3940 4003
f 3940 4004 4003
f 3940 3941 4004
f 3941 4005 4004
f 3941 3942 4005
f 3942 4006 4005
f 3942 3943 4006
f 3943 4007 4006
f 3943 3944 4007
f 3944 4008 4007
f 3944 3945 4008
f 3945 4009 4008
f 3945 3946 4009
f 3946 4010 4009
f 3946 3947 4010
f 3947 4011 4010
f 3947 3948 4011
f 3948 4012 4011
f 3948 3949 4012
f 3949 4013 4012
f 3949 3950 4013
f 3950 4014 4013
f 3950 3951 4014
f 3951 4015 4014
f 3951 3952 4015
f 3952 4016 4015
f 3952 3953 4016
f 3953 4017 4016
f 3953 3954 4017
f 3954 4018 4017
f 3954 3955 4018
f 3955 4019 4018
f 3955 3956 4019
f 3956 4020 4019
f 3956 3957 4020
f 3957 4021 4020
f 3957 3958 4021
f 3958 4022 4021
f 3958 3959 4022
f 3959 4023 4022
f 3959 3960 4023
f 3960 4024 4023
f 3960 3961 4024
f 3961 4025 4024
f 3961 3962 4025
f 3962 4026 4025
f 3962 3963 4026
f 3963 4027 4026
f 3963 3964 4027
f 3964 4028 4027
f 3964 3965 4028
f 3965 4029 4028
f 3965 3966 4029
f 3966 4030 4029
f 3966 3967 4030
f 3967 4031 4030
f 3967 3968 4031
f 3968 4032 4031
f 3968 3969 4032
f 3969 4033 4032
f 3969 3970 4033
f 3970 4034 4033
f 3970 3971 4034
f 3971 4035 4034
f 3971 3972 4035
f 3972 4036 4035
f 3972 3973 4036
f 3973 4037 4036
f 3973 3974 4037
f 3974 4038 4037
f 3974 3975 4038
f 3975 4039 4038
f 3975 3912 4039
f 3912 3976 4039
f 3976 3977 4040
f 3977 4041 4040
f 3977 3978 4041
f 3978 4042 4041
f 3978 3979 4042
f 3979 4043 4042
f 3979 3980 4043
f 3980 4044 4043
f 3980 3981 4044
f 3981 4045 4044
f 3981 3982 4045
f 3982 4046 4045
f 3982 3983 4046
f 3983 4047 4046
f 3983 3984 4047
f 3984 4048 4047
f 3984 3985 4048
f 3985 4049 4048
f 3985 3986 4049
f 3986 4050 4049
f 3986 3987 4050
f 3987 4051 4050
f 3987 3988 4051
f 3988 4052 4051
f 3988 3989 4052
f 3989 4053 4052
f 3989 3990 4053
f 3990 4054 4053
f 3990 3991 4054
f 3991 4055 4054
f 3991 3992 4055
f 3992 4056 4055
f 3992 3993 4056
f 3993 4057 4056
f 3993 3994 4057
f 3994 4058 4057
f 3994 3995 4058
f 3995 4059 4058
f 3995 3996 4059
f 3996 4060 4059
f 3996 3997 4060
f 3997 4061 4060
f 3997 3998 4061
f 3998 4062 4061
f 3998 3999 4062
f 3999 4063 4062
f 3999 4000 4063
f 4000 4064 4063
f 4000 4001 4064
f 4001 4065 4064
f 4001 4002 4065
f 4002 4066 4065
f 4002 4003 4066
f 4003 4067 4066
f 4003 4004 4067
f 4004 4068 4067
f 4004 4005 4068
f 4005 4069 4068
f 4005 4006 4069
f 4006 4070 4069
f 4006 4007 4070
f 4007 4071 4070
f 4007 4008 4071
f 4008 4072 4071
f 4008 4009 4072
f 4009 4073 4072
f 4009 4010 4073
f 4010 4074 4073
f 4010 4011 4074
f 4011 4075 4074
f 4011 4012 4075
f 4012 4076 4075
f 4012 4013 4076
f 4013 4077 4076
f 4013 4014 4077
f 4014 4078 4077
f 4014 4015 4078
f 4015 4079 4078
f 4015 4016 4079
f 4016 4080 4079
f 4016 4017 4080
f 4017 4081 4080
f 4017 4018 4081
f 4018 4082 4081
f 4018 4019 4082
f 4019 4083 4082
f 4019 4020 4083
f 4020 4084 4083
f 4020 4021 4084
f 4021 4085 4084
f 4021 4022 4085
f 4022 4086 4085
f 4022 4023 4086
f 4023 4087 4086
f 4023 4024 4087
f 4024 4088 4087
f 4024 4025 4088
f 4025 4089 4088
f 4025 4026 4089
f 4026 4090 4089
f 4026 4027 4090
f 4027 4091 4090
f 4027 4028 4091
f 4028 4092 4091
f 4028 4029 4092
f 4029 4093 4092
f 4029 4030 4093
f 4030 4094 4093
f 4030 4031 4094
f 4031 4095 4094
f 4031 4032 4095
f 4032 4096 4095
f 4032 4033 4096
f 4033 4097 4096
f 4033 4034 4097
f 4034 4098 4097
f 4034 4035 4098
f 4035 4099 4098
f 4035 4036 4099
f 4036 4100 4099
f 4036 4037 4100
f 4037 4101 4100
f 4037 4038 4101
f 4038 4102 4101
f 4038 4039 4102
f 4039 4103 4102
f 4039 3976 4103
f 3976 4040 4103
f 4040 4041 4104
f 4041 4105 4104
f 4041 4042 4105
f 4042 4106 4105
f 4042 4043 4106
f 4043 4107 4106
f 4043 4044 4107
f 4044 4108 4107
f 4044 4045 4108
f 4045 4109 4108
f 4045 4046 4109
f 4046 4110 4109
f 4046 4047 4110
f 4047 4111 4110
f 4047 4048 4111
f 4048 4112 4111
f 4048 4049 4112
f 4049 4113 4112
f 4049 4050 4113
f 4050 4114 4113
f 4050 4051 4114
f 4051 4115 4114
f 4051 4052 4115
f 4052 4116 4115
f 4052 4053 4116
f 4053 4117 4116
f 4053 4054 4117
f 4054 4118 4117
f 4054 4055 4118
f 4055 4119 4118
f 4055 4056 4119
f 4056 4120 4119
f 4056 4057 4120
f 4057 4121 4120
f 4057 4058 4121
f 4058 4122 4121
f 4058 4059 4122
f 4059 4123 4122
f 4059 4060 4123
f 4060 4124 4123
f 4060 4061 4124
f 4061 4125 4124
f 4061 4062 4125
f 4062 4126 4125
f 4062 4063 4126
f 4063 4127 4126
f 4063 4064 4127
f 4064 4128 4127
f 4064 4065 4128
f 4065 4129 4128
f 4065 4066 4129
f 4066 4130 4129
f 4066 4067 4130
f 4067 4131 4130
f 4067 4068 4131
f 4068 4132 4131
f 4068 4069 4132
f 4069 4133 4132
f 4069 4070 4133
f 4070 4134 4133
f 4070 4071 4134
f 4071 4135 4134
f 4071 4072 4135
f 4072 4136 4135
f 4072 4073 4136
f 4073 4137 4136
f 4073 4074 4137
f 4074 4138 4137
f 4074 4075 4138
f 4075 4139 4138
f 4075 4076 4139
f 4076 4140 4139
f 4076 4077 4140
f 4077 4141 4140
f 4077 4078 4141
f 4078 4142 4141
f 4078 4079 4142
f 4079 4143 4142
f 4079 4080 4143
f 4080 4144 4143
f 4080 4081 4144
f 4081 4145 4144
f 4081 4082 4145
f 4082 4146 4145
f 4082 4083 4146
f 4083 4147 4146
f 4083 4084 4147
f 4084 4148 4147
f 4084 4085 4148
f 4085 4149 4148
f 4085 4086 4149
f 4086 4150 4149
f 4086 4087 4150
f 4087 4151 4150
f 4087 4088 4151
f 4088 4152 4151
f 4088 4089 4152
f 4089 4153 4152
f 4089 4090 4153
f 4090 4154 4153
f 4090 4091 4154
f 4091 4155 4154
f 4091 4092 4155
f 4092 4156 4155
f 4092 4093 4156
f 4093 4157 4156
f 4093 4094 4157
f 4094 4158 4157
f 4094 4095 4158
f 4095 4159 4158
f 4095 4096 4159
f 4096 4160 4159
f 4096 4097 4160
f 4097 4161 4160
f 4097 4098 4161
f 4098 4162 4161
f 4098 4099 4162
f 4099 4163 4162
f 4099 4100 4163
f 4100 4164 4163
f 4100 4101 4164
f 4101 4165 4164
f 4101 4102 4165
f 4102 4166 4165
f 4102 4103 4166
f 4103 4167 4166
f 4103 4040 4167
f 4040 4104 4167
f 4104 4105 4168
f 4105 4169 4168
f 4105 4106 4169
f 4106 4170 4169
f 4106 4107 4170
f 4107 4171 4170
f 4107 4108 4171
f 4108 4172 4171
f 4108 4109 4172
f 4109 4173 4172
f 4109 4110 4173
f 4110 4174 4173
f 4110 4111 4174
f 4111 4175 4174
f 4111 4112 4175
f 4112 4176 4175
f 4112 4113 4176
f 4113 4177 4176
f 4113 4114 4177
f 4114 4178 4177
f 4114 4115 4178
f 4115 4179 4178
f 4115 4116 4179
f 4116 4180 4179
f 4116 4117 4180
f 4117 4181 4180
f 4117 4118 4181
f 4118 4182 4181
f 4118 4119 4182
f 4119 4183 4182
f 4119 4120 4183
f 4120 4184 4183
f 4120 4121 4184
f 4121 4185 4184
f 4121 4122 4185
f 4122 4186 4185
f 4122 4123 4186
f 4123 4187 4186
f 4123 4124 4187
f 4124 4188 4187
f 4124 4125 4188
f 4125 4189 4188
f 4125 4126 4189
f 4126 4190 4189
f 4126 4127 4190
f 4127 4191 4190
f 4127 4128 4191
f 4128 4192 4191
f 4128 4129 4192
f 4129 4193 4192
f 4129 4130 4193
f 4130 4194 4193
f 4130 4131 4194
f 4131 4195 4194
f 4131 4132 4195
f 4132 4196 4195
f 4132 4133 4196
f 4133 4197 4196
f 4133 4134 4197
f 4134 4198 4197
f 4134 4135 4198
f 4135 4199 4198
f 4135 4136 4199
f 4136 4200 4199
f 4136 4137 4200
f 4137 4201 4200
f 4137 4138 4201
f 4138 4202 4201
f 4138 4139 4202
f 4139 4203 4202
f 4139 4140 4203
f 4140 4204 4203
f 4140 4141 4204
f 4141 4205 4204
f 4141 4142 4205
f 4142 4206 4205
f 4142 4143 4206
f 4143 4207 4206
f 4143 4144 4207
f 4144 4208 4207
f 4144 4145 4208
f 4145 4209 4208
f 4145 4146 4209
f 4146 4210 4209
f 4146 4147 4210
f 4147 4211 4210
f 4147 4148 4211
f 4148 4212 4211
f 4148 4149 4212
f 4149 4213 4212
f 4149 4150 4213
f 4150 4214 4213
f 4150 4151 4214
f 4151 4215 4214
f 4151 4152 4215
f 4152 4216 4215
f 4152 4153 4216
f 4153 4217 4216
f 4153 4154 4217
f 4154 4218 4217
f 4154 4155 4218
f 4155 4219 4218
f 4155 4156 4219
f 4156 4220 4219
f 4156 4157 4220
f 4157 4221 4220
f 4157 4158 4221
f 4158 4222 4221
f 4158 4159 4222
f 4159 4223 4222
f 4159 4160 4223
f 4160 4224 4223
f 4160 4161 4224
f 4161 4225 4224
f 4161 4162 4225
f 4162 4226 4225
f 4162 4163 4226
f 4163 4227 4226
f 4163 4164 4227
f 4164 4228 4227
f 4164 4165 4228
f 4165 4229 4228
f 4165 4166 4229
f 4166 4230 4229
f 4166 4167 4230
f 4167 4231 4230
f 4167 4104 4231
f 4104 4168 4231
f 4168 4169 4232
f 4169 4233 4232
f 4169 4170 4233
f 4170 4234 4233
f 4170 4171 4234
f 4171 4235 4234
f 4171 4172 4235
f 4172 4236 4235
f 4172 4173 4236
f 4173 4237 4236
f 4173 4174 4237
f 4174 4238 4237
f 4174 4175 4238
f 4175 4239 4238
f 4175 4176 4239
f 4176 4240 4239
f 4176 4177 4240
f 4177 4241 4240
f 4177 4178 4241
f 4178 4242 4241
f 4178 4179 4242
f 4179 4243 4242
f 4179 4180 4243
f 4180 4244 4243
f 4180 4181 4244
f 4181 4245 4244
f 4181 4182 4245
f 4182 4246 4245
f 4182 4183 4246
f 4183 4247 4246
f 4183 4184 4247
f 4184 4248 4247
f 4184 4185 4248
f 4185 4249 4248
f 4185 4186 4249
f 4186 4250 4249
f 4186 4187 4250
f 4187 4251 4250
f 4187 4188 4251
f 4188 4252 4251
f 4188 4189 4252
f 4189 4253 4252
f 4189 4190 4253
f 4190 4254 4253
f 4190 4191 4254
f 4191 4255 4254
f 4191 4192 4255
f 4192 4256 4255
f 4192 4193 4256
f 4193 4257 4256
f 4193 4194 4257
f 4194 4258 4257
f 4194 4195 4258
f 4195 4259 4258
f 4195 4196 4259
f 4196 4260 4259
f 4196 4197 4260
f 4197 4261 4260
f 4197 4198 4261
f 4198 4262 4261
f 4198 4199 4262
f 4199 4263 4262
f 4199 4200 4263
f 4200 4264 4263
f 4200 4201 4264
f 4201 4265 4264
f 4201 4202 4265
f 4202 4266 4265
f 4202 4203 4266
f 4203 4267 4266
f 4203 4204 4267
f 4204 4268 4267
f 4204 4205 4268
f 4205 4269 4268
f 4205 4206 4269
f 4206 4270 4269
f 4206 4207 4270
f 4207 4271 4270
f 4207 4208 4271
f 4208 4272 4271
f 4208 4209 4272
f 4209 4273 4272
f 4209 4210 4273
f 4210 4274 4273
f 4210 4211 4274
f 4211 4275 4274
f 4211 4212 4275
f 4212 4276 4275
f 4212 4213 4276
f 4213 4277 4276
f 4213 4214 4277
f 4214 4278 4277
f 4214 4215 4278
f 4215 4279 4278
f 4215 4216 4279
f 4216 4280 4279
f 4216 4217 4280
f 4217 4281 4280
f 4217 4218 4281
f 4218 4282 4281
f 4218 4219 4282
f 4219 4283 4282
f 4219 4220 4283
f 4220 4284 4283
f 4220 4221 4284
f 4221 4285 4284
f 4221 4222 4285
f 4222 4286 4285
f 4222 4223 4286
f 4223 4287 4286
f 4223 4224 4287
f 4224 4288 4287
f 4224 4225 4288
f 4225 4289 4288
f 4225 4226 4289
f 4226 4290 4289
f 4226 4227 4290
f 4227 4291 4290
f 4227 4228 4291
f 4228 4292 4291
f 4228 4229 4292
f 4229 4293 4292
f 4229 4230 4293
f 4230 4294 4293
f 4230 4231 4294
f 4231 4295 4294
f 4231 4168 4295
f 4168 4232 4295
f 4232 4233 4296
f 4233 4297 4296
f 4233 4234 4297
f 4234 4298 4297
f 4234 4235 4298
f 4235 4299 4298
f 4235 4236 4299
f 4236 4300 4299
f 4236 4237 4300
f 4237 4301 4300
f 4237 4238 4301
f 4238 4302 4301
f 4238 4239 4302
f 4239 4303 4302
f 4239 4240 4303
f 4240 4304 4303
f 4240 4241 4304
f 4241 4305 4304
f 4241 4242 4305
f 4242 4306 4305
f 4242 4243 4306
f 4243 4307 4306
f 4243 4244 4307
f 4244 4308 4307
f 4244 4245 4308
f 4245 4309 4308
f 4245 4246 4309
f 4246 4310 4309
f 4246 4247 4310
f 4247 4311 4310
f 4247 4248 4311
f 4248 4312 4311
f 4248 4249 4312
f 4249 4313 4312
f 4249 4250 4313
f 4250 4314 4313
f 4250 4251 4314
f 4251 4315 4314
f 4251 4252 4315
f 4252 4316 4315
f 4252 4253 4316
f 4253 4317 4316
f 4253 4254 4317
f 4254 4318 4317
f 4254 4255 4318
f 4255 4319 4318
f 4255 4256 4319
f 4256 4320 4319
f 4256 4257 4320
f 4257 4321 4320
f 4257 4258 4321
f 4258 4322 4321
f 4258 4259 4322
f 4259 4323 4322
f 4259 4260 4323
f 4260 4324 4323
f 4260 4261 4324
f 4261 4325 4324
f 4261 4262 4325
f 4262 4326 4325
f 4262 4263 4326
f 4263 4327 4326
f 4263 4264 4327
f 4264 4328 4327
f 4264 4265 4328
f 4265 4329 4328
f 4265 4266 4329
f 4266 4330 4329
f 4266 4267 4330
f 4267 4331 4330
f 4267 4268 4331
f 4268 4332 4331
f 4268 4269 4332
f 4269 4333 4332
f 4269 4270 4333
f 4270 4334 4333
f 4270 4271 4334
f 4271 4335 4334
f 4271 4272 4335
f 4272 4336 4335
f 4272 4273 4336
f 4273 4337 4336
f 4273 4274 4337
f 4274 4338 4337
f 4274 4275 4338
f 4275 4339 4338
f 4275 4276 4339
f 4276 4340 4339
f 4276 4277 4340
f 4277 4341 4340
f 4277 4278 4341
f 4278 4342 4341
f 4278 4279 4342
f 4279 4343 4342
f 4279 4280 4343
f 4280 4344 4343
f 4280 4281 4344
f 4281 4345 4344
f 4281 4282 4345
f 4282 4346 4345
f 4282 4283 4346
f 4283 4347 4346
f 4283 4284 4347
f 4284 4348 4347
f 4284 4285 4348
f 4285 4349 4348
f 4285 4286 4349
f 4286 4350 4349
f 4286 4287 4350
f 4287 4351 4350
f 4287 4288 4351
f 4288 4352 4351
f 4288 4289 4352
f 4289 4353 4352
f 4289 4290 4353
f 4290 4354 4353
f 4290 4291 4354
f 4291 4355 4354
f 4291 4292 4355
f 4292 4356 4355
f 4292 4293 4356
f 4293 4357 4356
f 4293 4294 4357
f 4294 4358 4357
f 4294 4295 4358
f 4295 4359 4358
f 4295 4232 4359
f 4232 4296 4359
f 4296 4297 4360
f 4297 4361 4360
f 4297 4298 4361
f 4298 4362 4361
f 4298 4299 4362
f 4299 4363 4362
f 4299 4300 4363
f 4300 4364 4363
f 4300 4301 4364
f 4301 4365 4364
f 4301 4302 4365
f 4302 4366 4365
f 4302 4303 4366
f 4303 4367 4366
f 4303 4304 4367
f 4304 4368 4367
f 4304 4305 4368
f 4305 4369 4368
f 4305 4306 4369
f 4306 4370 4369
f 4306 4307 4370
f 4307 4371 4370
f 4307 4308 4371
f 4308 4372 4371
f 4308 4309 4372
f 4309 4373 4372
f 4309 4310 4373
f 4310 4374 4373
f 4310 4311 4374
f 4311 4375 4374
f 4311 4312 4375
f 4312 4376 4375
f 4312 4313 4376
f 4313 4377 4376
f 4313 4314 4377
f 4314 4378 4377
f 4314 4315 4378
f 4315 4379 4378
f 4315 4316 4379
f 4316 4380 4379
f 4316 4317 4380
f 4317 4381 4380
f 4317 4318 4381
f 4318 4382 4381
f 4318 4319 4382
f 4319 4383 4382
f 4319 4320 4383
f 4320 4384 4383
f 4320 4321 4384
f 4321 4385 4384
f 4321 4322 4385
f 4322 4386 4385
f 4322 4323 4386
f 4323 4387 4386
f 4323 4324 4387
f 4324 4388 4387
f 4324 4325 4388
f 4325 4389 4388
f 4325 4326 4389
f 4326 4390 4389
f 4326 4327 4390
f 4327 4391 4390
f 4327 4328 4391
f 4328 4392 4391
f 4328 4329 4392
f 4329 4393 4392
f 4329 4330 4393
f 4330 4394 4393
f 4330 4331 4394
f 4331 4395 4394
f 4331 4332 4395
f 4332 4396 4395
f 4332 4333 4396
f 4333 4397 4396
f 4333 4334 4397
f 4334 4398 4397
f 4334 4335 4398
f 4335 4399 4398
f 4335 4336 4399
f 4336 4400 4399
f 4336 4337 4400
f 4337 4401 4400
f 4337 4338 4401
f 4338 4402 4401
f 4338 4339 4402
f 4339 4403 4402
f 4339 4340 4403
f 4340 4404 4403
f 4340 4341 4404
f 4341 4405 4404
f 4341 4342 4405
f 4342 4406 4405
f 4342 4343 4406
f 4343 4407 4406
f 4343 4344 4407
f 4344 4408 4407
f 4344 4345 4408
f 4345 4409 4408
f 4345 4346 4409
f 4346 4410 4409
f 4346 4347 4410
f 4347 4411 4410
f 4347 4348 4411
f 4348 4412 4411
f 4348 4349 4412
f 4349 4413 4412
f 4349 4350 4413
f 4350 4414 4413
f 4350 4351 4414
f 4351 4415 4414
f 4351 4352 4415
f 4352 4416 4415
f 4352 4353 4416
f 4353 4417 4416
f 4353 4354 4417
f 4354 4418 4417
f 4354 4355 4418
f 4355 4419 4418
f 4355 4356 4419
f 4356 4420 4419
f 4356 4357 4420
f 4357 4421 4420
f 4357 4358 4421
f 4358 4422 4421
f 4358 4359 4422
f 4359 4423 4422
f 4359 4296 4423
f 4296 4360 4423
f 4360 4361 4424
f 4361 4425 4424
f 4361 4362 4425
f 4362 4426 4425
f 4362 4363 4426
f 4363 4427 4426
f 4363 4364 4427
f 4364 4428 4427
f 4364 4365 4428
f 4365 4429 4428
f 4365 4366 4429
f 4366 4430 4429
f 4366 4367 4430
f 4367 4431 4430
f 4367 4368 4431
f 4368 4432 4431
f 4368 4369 4432
f 4369 4433 4432
f 4369 4370 4433
f 4370 4434 4433
f 4370 4371 4434
f 4371 4435 4434
f 4371 4372 4435
f 4372 4436 4435
f 4372 4373 4436
f 4373 4437 4436
f 4373 4374 4437
f 4374 4438 4437
f 4374 4375 4438
f 4375 4439 4438
f 4375 4376 4439
f 4376 4440 4439
f 4376 4377 4440
f 4377 4441 4440
f 4377 4378 4441
f 4378 4442 4441
f 4378 4379 4442
f 4379 4443 4442
f 4379 4380 4443
f 4380 4444 4443
f 4380 4381 4444
f 4381 4445 4444
f 4381 4382 4445
f 4382 4446 4445
f 4382 4383 4446
f 4383 4447 4446
f 4383 4384 4447
f 4384 4448 4447
f 4384 4385 4448
f 4385 4449 4448
f 4385 4386 4449
f 4386 4450 4449
f 4386 4387 4450
f 4387 4451 4450
f 4387 4388 4451
f 4388 4452 4451
f 4388 4389 4452
f 4389 4453 4452
f 4389 4390 4453
f 4390 4454 4453
f 4390 4391 4454
f 4391 4455 4454
f 4391 4392 4455
f 4392 4456 4455
f 4392 4393 4456
f 4393 4457 4456
f 4393 4394 4457
f 4394 4458 4457
f 4394 4395 4458
f 4395 4459 4458
f 4395 4396 4459
f 4396 4460 4459
f 4396 4397 4460
f 4397 4461 4460
f 4397 4398 4461
f 4398 4462 4461
f 4398 4399 4462
f 4399 4463 4462
f 4399 4400 4463
f 4400 4464 4463
f 4400 4401 4464
f 4401 4465 4464
f 4401 4402 4465
f 4402 4466 4465
f 4402 4403 4466
f 4403 4467 4466
f 4403 4404 4467
f 4404 4468 4467
f 4404 4405 4468
f 4405 4469 4468
f 4405 4406 4469
f 4406 4470 4469
f 4406 4407 4470
f 4407 4471 4470
f 4407 4408 4471
f 4408 4472 4471
f 4408 4409 4472
f 4409 4473 4472
f 4409 4410 4473
f 4410 4474 4473
f 4410 4411 4474
f 4411 4475 4474
f 4411 4412 4475
f 4412 4476 4475
f 4412 4413 4476
f 4413 4477 4476
f 4413 4414 4477
f 4414 4478 4477
f 4414 4415 4478
f 4415 4479 4478
f 4415 4416 4479
f 4416 4480 4479
f 4416 4417 4480
f 4417 4481 4480
f 4417 4418 4481
f 4418 4482 4481
f 4418 4419 4482
f 4419 4483 4482
f 4419 4420 4483
f 4420 4484 4483
f 4420 4421 4484
f 4421 4485 4484
f 4421 4422 4485
f 4422 4486 4485
f 4422 4423 4486
f 4423 4487 4486
f 4423 4360 4487
f 4360 4424 4487
f 4424 4425 4488
f 4425 4489 4488
f 4425 4426 4489
f 4426 4490 4489
f 4426 4427 4490
f 4427 4491 4490
f 4427 4428 4491
f 4428 4492 4491
f 4428 4429 4492
f 4429 4493 4492
f 4429 4430 4493
f 4430 4494 4493
f 4430 4431 4494
f 4431 4495 4494
f 4431 4432 4495
f 4432 4496 4495
f 4432 4433 4496
f 4433 4497 4496
f 4433 4434 4497
f 4434 4498 4497
f 4434 4435 4498
f 4435 4499 4498
f 4435 4436 4499
f 4436 4500 4499
f 4436 4437 4500
f 4437 4501 4500
f 4437 4438 4501
f 4438 4502 4501
f 4438 4439 4502
f 4439 4503 4502
f 4439 4440 4503
f 4440 4504 4503
f 4440 4441 4504
f 4441 4505 4504
f 4441 4442 4505
f 4442 4506 4505
f 4442 4443 4506
f 4443 4507 4506
f 4443 4444 4507
f 4444 4508 4507
f 4444 4445 4508
f 4445 4509 4508
f 4445 4446 4509
f 4446 4510 4509
f 4446 4447 4510
f 4447 4511 4510
f 4447 4448 4511
f 4448 4512 4511
f 4448 4449 4512
f 4449 4513 4512
f 4449 4450 4513
f 4450 4514 4513
f 4450 4451 4514
f 4451 4515 4514
f 4451 4452 4515
f 4452 4516 4515
f 4452 4453 4516
f 4453 4517 4516
f 4453 4454 4517
f 4454 4518 4517
f 4454 4455 4518
f 4455 4519 4518
f 4455 4456 4519
f 4456 4520 4519
f 4456 4457 4520
f 4457 4521 4520
f 4457 4458 4521
f 4458 4522 4521
f 4458 4459 4522
f 4459 4523 4522
f 4459 4460 4523
f 4460 4524 4523
f 4460 4461 4524
f 4461 4525 4524
f 4461 4462 4525
f 4462 4526 4525
f 4462 4463 4526
f 4463 4527 4526
f 4463 4464 4527
f 4464 4528 4527
f 4464 4465 4528
f 4465 4529 4528
f 4465 4466 4529
f 4466 4530 4529
f 4466 4467 4530
f 4467 4531 4530
f 4467 4468 4531
f 4468 4532 4531
f 4468 4469 4532
f 4469 4533 4532
f 4469 4470 4533
f 4470 4534 4533
f 4470 4471 4534
f 4471 4535 4534
f 4471 4472 4535
f 4472 4536 4535
f 4472 4473 4536
f 4473 4537 4536
f 4473 4474 4537
f 4474 4538 4537
f 4474 4475 4538
f 4475 4539 4538
f 4475 4476 4539
f 4476 4540 4539
f 4476 4477 4540
f 4477 4541 4540
f 4477 4478 4541
f 4478 4542 4541
f 4478 4479 4542
f 4479 4543 4542
f 4479 4480 4543
f 4480 4544 4543
f 4480 4481 4544
f 4481 4545 4544
f 4481 4482 4545
f 4482 4546 4545
f 4482 4483 4546
f 4483 4547 4546
f 4483 4484 4547
f 4484 4548 4547
f 4484 4485 4548
f 4485 4549 4548
f 4485 4486 4549
f 4486 4550 4549
f 4486 4487 4550
f 4487 4551 4550
f 4487 4424 4551
f 4424 4488 4551
f 4488 4489 4552
f 4489 4553 4552
f 4489 4490 4553
f 4490 4554 4553
f 4490 4491 4554
f 4491 4555 4554
f 4491 4492 4555
f 4492 4556 4555
f 4492 4493 4556
f 4493 4557 4556
f 4493 4494 4557
f 4494 4558 4557
f 4494 4495 4558
f 4495 4559 4558
f 4495 4496 4559
f 4496 4560 4559
f 4496 4497 4560
f 4497 4561 4560
f 4497 4498 4561
f 4498 4562 4561
f 4498 4499 4562
f 4499 4563 4562
f 4499 4500 4563
f 4500 4564 4563
f 4500 4501 4564
f 4501 4565 4564
f 4501 4502 4565
f 4502 4566 4565
f 4502 4503 4566
f 4503 4567 4566
f 4503 4504 4567
f 4504 4568 4567
f 4504 4505 4568
f 4505 4569 4568
f 4505 4506 4569
f 4506 4570 4569
f 4506 4507 4570
f 4507 4571 4570
f 4507 4508 4571
f 4508 4572 4571
f 4508 4509 4572
f 4509 4573 4572
f 4509 4510 4573
f 4510 4574 4573
f 4510 4511 4574
f 4511 4575 4574
f 4511 4512 4575
f 4512 4576 4575
f 4512 4513 4576
f 4513 4577 4576
f 4513 4514 4577
f 4514 4578 4577
f 4514 4515 4578
f 4515 4579 4578
f 4515 4516 4579
f 4516 4580 4579
f 4516 4517 4580
f 4517 4581 4580
f 4517 4518 4581
f 4518 4582 4581
f 4518 4519 4582
f 4519 4583 4582
f 4519 4520 4583
f 4520 4584 4583
f 4520 4521 4584
f 4521 4585 4584
f 4521 4522 4585
f 4522 4586 4585
f 4522 4523 4586
f 4523 4587 4586
f 4523 4524 4587
f 4524 4588 4587
f 4524 4525 4588
f 4525 4589 4588
f 4525 4526 4589
f 4526 4590 4589
f 4526 4527 4590
f 4527 4591 4590
f 4527 4528 4591
f 4528 4592 4591
f 4528 4529 4592
f 4529 4593 4592
f 4529 4530 4593
f 4530 4594 4593
f 4530 4531 4594
f 4531 4595 4594
f 4531 4532 4595
f 4532 4596 4595
f 4532 4533 4596
f 4533 4597 4596
f 4533 4534 4597
f 4534 4598 4597
f 4534 4535 4598
f 4535 4599 4598
f 4535 4536 4599
f 4536 4600 4599
f 4536 4537 4600
f 4537 4601 4600
f 4537 4538 4601
f 4538 4602 4601
f 4538 4539 4602
f 4539 4603 4602
f 4539 4540 4603
f 4540 4604 4603
f 4540 4541 4604
f 4541 4605 4604
f 4541 4542 4605
f 4542 4606 4605
f 4542 4543 4606
f 4543 4607 4606
f 4543 4544 4607
f 4544 4608 4607
f 4544 4545 4608
f 4545 4609 4608
f 4545 4546 4609
f 4546 4610 4609
f 4546 4547 4610
f 4547 4611 4610
f 4547 4548 4611
f 4548 4612 4611
f 4548 4549 4612
f 4549 4613 4612
f 4549 4550 4613
f 4550 4614 4613
f 4550 4551 4614
f 4551 4615 4614
f 4551 4488 4615
f 4488 4552 4615
f 4552 4553 4616
f 4553 4617 4616
f 4553 4554 4617
f 4554 4618 4617
f 4554 4555 4618
f 4555 4619 4618
f 4555 4556 4619
f 4556 4620 4619
f 4556 4557 4620
f 4557 4621 4620
f 4557 4558 4621
f 4558 4622 4621
f 4558 4559 4622
f 4559 4623 4622
f 4559 4560 4623
f 4560 4624 4623
f 4560 4561 4624
f 4561 4625 4624
f 4561 4562 4625
f 4562 4626 4625
f 4562 4563 4626
f 4563 4627 4626
f 4563 4564 4627
f 4564 4628 4627
f 4564 4565 4628
f 4565 4629 4628
f 4565 4566 4629
f 4566 4630 4629
f 4566 4567 4630
f 4567 4631 4630
f 4567 4568 4631
f 4568 4632 4631
f 4568 4569 4632
f 4569 4633 4632
f 4569 4570 4633
f 4570 4634 4633
f 4570 4571 4634
f 4571 4635 4634
f 4571 4572 4635
f 4572 4636 4635
f 4572 4573 4636
f 4573 4637 4636
f 4573 4574 4637
f 4574 4638 4637
f 4574 4575 4638
f 4575 4639 4638
f 4575 4576 4639
f 4576 4640 4639
f 4576 4577 4640
f 4577 4641 4640
f 4577 4578 4641
f 4578 4642 4641
f 4578 4579 4642
f 4579 4643 4642
f 4579 4580 4643
f 4580 4644 4643
f 4580 4581 4644
f 4581 4645 4644
f 4581 4582 4645
f 4582 4646 4645
f 4582 4583 4646
f 4583 4647 4646
f 4583 4584 4647
f 4584 4648 4647
f 4584 4585 4648
f 4585 4649 4648
f 4585 4586 4649
f 4586 4650 4649
f 4586 4587 4650
f 4587 4651 4650
f 4587 4588 4651
f 4588 4652 4651
f 4588 4589 4652
f 4589 4653 4652
f 4589 4590 4653
f 4590 4654 4653
f 4590 4591 4654
f 4591 4655 4654
f 4591 4592 4655
f 4592 4656 4655
f 4592 4593 4656
f 4593 4657 4656
f 4593 4594 4657
f 4594 4658 4657
f 4594 4595 4658
f 4595 4659 4658
f 4595 4596 4659
f 4596 4660 4659
f 4596 4597 4660
f 4597 4661 4660
f 4597 4598 4661
f 4598 4662 4661
f 4598 4599 4662
f 4599 4663 4662
f 4599 4600 4663
f 4600 4664 4663
f 4600 4601 4664
f 4601 4665 4664
f 4601 4602 4665
f 4602 4666 4665
f 4602 4603 4666
f 4603 4667 4666
f 4603 4604 4667
f 4604 4668 4667
f 4604 4605 4668
f 4605 4669 4668
f 4605 4606 4669
f 4606 4670 4669
f 4606 4607 4670
f 4607 4671 4670
f 4607 4608 4671
f 4608 4672 4671
f 4608 4609 4672
f 4609 4673 4672
f 4609 4610 4673
f 4610 4674 4673
f 4610 4611 4674
f 4611 4675 4674
f 4611 4612 4675
f 4612 4676 4675
f 4612 4613 4676
f 4613 4677 4676
f 4613 4614 4677
f 4614 4678 4677
f 4614 4615 4678
f 4615 4679 4678
f 4615 4552 4679
f 4552 4616 4679
f 4616 4617 4680
f 4617 4681 4680
f 4617 4618 4681
f 4618 4682 4681
f 4618 4619 4682
f 4619 4683 4682
f 4619 4620 4683
f 4620 4684 4683
f 4620 4621 4684
f 4621 4685 4684
f 4621 4622 4685
f 4622 4686 4685
f 4622 4623 4686
f 4623 4687 4686
f 4623 4624 4687
f 4624 4688 4687
f 4624 4625 4688
f 4625 4689 4688
f 4625 4626 4689
f 4626 4690 4689
f 4626 4627 4690
f 4627 4691 4690
f 4627 4628 4691
f 4628 4692 4691
f 4628 4629 4692
f 4629 4693 4692
f 4629 4630 4693
f 4630 4694 4693
f 4630 4631 4694
f 4631 4695 4694
f 4631 4632 4695
f 4632 4696 4695
f 4632 4633 4696
f 4633 4697 4696
f 4633 4634 4697
f 4634 4698 4697
f 4634 4635 4698
f 4635 4699 4698
f 4635 4636 4699
f 4636 4700 4699
f 4636 4637 4700
f 4637 4701 4700
f 4637 4638 4701
f 4638 4702 4701
f 4638 4639 4702
f 4639 4703 4702
f 4639 4640 4703
f 4640 4704 4703
f 4640 4641 4704
f 4641 4705 4704
f 4641 4642 4705
f 4642 4706 4705
f 4642 4643 4706
f 4643 4707 4706
f 4643 4644 4707
f 4644 4708 4707
f 4644 4645 4708
f 4645 4709 4708
f 4645 4646 4709
f 4646 4710 4709
f 4646 4647 4710
f 4647 4711 4710
f 4647 4648 4711
f 4648 4712 4711
f 4648 4649 4712
f 4649 4713 4712
f 4649 4650 4713
f 4650 4714 4713
f 4650 4651 4714
f 4651 4715 4714
f 4651 4652 4715
f 4652 4716 4715
f 4652 4653 4716
f 4653 4717 4716
f 4653 4654 4717
f 4654 4718 4717
f 4654 4655 4718
f 4655 4719 4718
f 4655 4656 4719
f 4656 4720 4719
f 4656 4657 4720
f 4657 4721 4720
f 4657 4658 4721
f 4658 4722 4721
f 4658 4659 4722
f 4659 4723 4722
f 4659 4660 4723
f 4660 4724 4723
f 4660 4661 4724
f 4661 4725 4724
f 4661 4662 4725
f 4662 4726 4725
f 4662 4663 4726
f 4663 4727 4726
f 4663 4664 4727
f 4664 4728 4727
f 4664 4665 4728
f 4665 4729 4728
f 4665 4666 4729
f 4666 4730 4729
f 4666 4667 4730
f 4667 4731 4730
f 4667 4668 4731
f 4668 4732 4731
f 4668 4669 4732
f 4669 4733 4732
f 4669 4670 4733
f 4670 4734 4733
f 4670 4671 4734
f 4671 4735 4734
f 4671 4672 4735
f 4672 4736 4735
f 4672 4673 4736
f 4673 4737 4736
f 4673 4674 4737
f 4674 4738 4737
f 4674 4675 4738
f 4675 4739 4738
f 4675 4676 4739
f 4676 4740 4739
f 4676 4677 4740
f 4677 4741 4740
f 4677 4678 4741
f 4678 4742 4741
f 4678 4679 4742
f 4679 4743 4742
f 4679 4616 4743
f 4616 4680 4743
f 4680 4681 4744
f 4681 4745 4744
f 4681 4682 4745
f 4682 4746 4745
f 4682 4683 4746
f 4683 4747 4746
f 4683 4684 4747
f 4684 4748 4747
f 4684 4685 4748
f 4685 4749 4748
f 4685 4686 4749
f 4686 4750 4749
f 4686 4687 4750
f 4687 4751 4750
f 4687 4688 4751
f 4688 4752 4751
f 4688 4689 4752
f 4689 4753 4752
f 4689 4690 4753
f 4690 4754 4753
f 4690 4691 4754
f 4691 4755 4754
f 4691 4692 4755
f 4692 4756 4755
f 4692 4693 4756
f 4693 4757 4756
f 4693 4694 4757
f 4694 4758 4757
f 4694 4695 4758
f 4695 4759 4758
f 4695 4696 4759
f 4696 4760 4759
f 4696 4697 4760
f 4697 4761 4760
f 4697 4698 4761
f 4698 4762 4761
f 4698 4699 4762
f 4699 4763 4762
f 4699 4700 4763
f 4700 4764 4763
f 4700 4701 4764
f 4701 4765 4764
f 4701 4702 4765
f 4702 4766 4765
f 4702 4703 4766
f 4703 4767 4766
f 4703 4704 4767
f 4704 4768 4767
f 4704 4705 4768
f 4705 4769 4768
f 4705 4706 4769
f 4706 4770 4769
f 4706 4707 4770
f 4707 4771 4770
f 4707 4708 4771
f 4708 4772 4771
f 4708 4709 4772
f 4709 4773 4772
f 4709 4710 4773
f 4710 4774 4773
f 4710 4711 4774
f 4711 4775 4774
f 4711 4712 4775
f 4712 4776 4775
f 4712 4713 4776
f 4713 4777 4776
f 4713 4714 4777
f 4714 4778 4777
f 4714 4715 4778
f 4715 4779 4778
f 4715 4716 4779
f 4716 4780 4779
f 4716 4717 4780
f 4717 4781 4780
f 4717 4718 4781
f 4718 4782 4781
f 4718 4719 4782
f 4719 4783 4782
f 4719 4720 4783
f 4720 4784 4783
f 4720 4721 4784
f 4721 4785 4784
f 4721 4722 4785
f 4722 4786 4785
f 4722 4723 4786
f 4723 4787 4786
f 4723 4724 4787
f 4724 4788 4787
f 4724 4725 4788
f 4725 4789 4788
f 4725 4726 4789
f 4726 4790 4789
f 4726 4727 4790
f 4727 4791 4790
f 4727 4728 4791
f 4728 4792 4791
f 4728 4729 4792
f 4729 4793 4792
f 4729 4730 4793
f 4730 4794 4793
f 4730 4731 4794
f 4731 4795 4794
f 4731 4732 4795
f 4732 4796 4795
f 4732 4733 4796
f 4733 4797 4796
f 4733 4734 4797
f 4734 4798 4797
f 4734 4735 4798
f 4735 4799 4798
f 4735 4736 4799
f 4736 4800 4799
f 4736 4737 4800
f 4737 4801 4800
f 4737 4738 4801
f 4738 4802 4801
f 4738 4739 4802
f 4739 4803 4802
f 4739 4740 4803
f 4740 4804 4803
f 4740 4741 4804
f 4741 4805 4804
f 4741 4742 4805
f 4742 4806 4805
f 4742 4743 4806
f 4743 4807 4806
f 4743 4680 4807
f 4680 4744 4807
f 4744 4745 4808
f 4745 4809 4808
f 4745 4746 4809
f 4746 4810 4809
f 4746 4747 4810
f 4747 4811 4810
f 4747 4748 4811
f 4748 4812 4811
f 4748 4749 4812
f 4749 4813 4812
f 4749 4750 4813
f 4750 4814 4813
f 4750 4751 4814
f 4751 4815 4814
f 4751 4752 4815
f 4752 4816 4815
f 4752 4753 4816
f 4753 4817 4816
f 4753 4754 4817
f 4754 4818 4817
f 4754 4755 4818
f 4755 4819 4818
f 4755 4756 4819
f 4756 4820 4819
f 4756 4757 4820
f 4757 4821 4820
f 4757 4758 4821
f 4758 4822 4821
f 4758 4759 4822
f 4759 4823 4822
f 4759 4760 4823
f 4760 4824 4823
f 4760 4761 4824
f 4761 4825 4824
f 4761 4762 4825
f 4762 4826 4825
f 4762 4763 4826
f 4763 4827 4826
f 4763 4764 4827
f 4764 4828 4827
f 4764 4765 4828
f 4765 4829 4828
f 4765 4766 4829
f 4766 4830 4829
f 4766 4767 4830
f 4767 4831 4830
f 4767 4768 4831
f 4768 4832 4831
f 4768 4769 4832
f 4769 4833 4832
f 4769 4770 4833
f 4770 4834 4833
f 4770 4771 4834
f 4771 4835 4834
f 4771 4772 4835
f 4772 4836 4835
f 4772 4773 4836
f 4773 4837 4836
f 4773 4774 4837
f 4774 4838 4837
f 4774 4775 4838
f 4775 4839 4838
f 4775 4776 4839
f 4776 4840 4839
f 4776 4777 4840
f 4777 4841 4840
f 4777 4778 4841
f 4778 4842 4841
f 4778 4779 4842
f 4779 4843 4842
f 4779 4780 4843
f 4780 4844 4843
f 4780 4781 4844
f 4781 4845 4844
f 4781 4782 4845
f 4782 4846 4845
f 4782 4783 4846
f 4783 4847 4846
f 4783 4784 4847
f 4784 4848 4847
f 4784 4785 4848
f 4785 4849 4848
f 4785 4786 4849
f 4786 4850 4849
f 4786 4787 4850
f 4787 4851 4850
f 4787 4788 4851
f 4788 4852 4851
f 4788 4789 4852
f 4789 4853 4852
f 4789 4790 4853
f 4790 4854 4853
f 4790 4791 4854
f 4791 4855 4854
f 4791 4792 4855
f 4792 4856 4855
f 4792 4793 4856
f 4793 4857 4856
f 4793 4794 4857
f 4794 4858 4857
f 4794 4795 4858
f 4795 4859 4858
f 4795 4796 4859
f 4796 4860 4859
f 4796 4797 4860
f 4797 4861 4860
f 4797 4798 4861
f 4798 4862 4861
f 4798 4799 4862
f 4799 4863 4862
f 4799 4800 4863
f 4800 4864 4863
f 4800 4801 4864
f 4801 4865 4864
f 4801 4802 4865
f 4802 4866 4865
f 4802 4803 4866
f 4803 4867 4866
f 4803 4804 4867
f 4804 4868 4867
f 4804 4805 4868
f 4805 4869 4868
f 4805 4806 4869
f 4806 4870 4869
f 4806 4807 4870
f 4807 4871 4870
f 4807 4744 4871
f 4744 4808 4871
f 4808 4809 4872
f 4809 4873 4872
f 4809 4810 4873
f 4810 4874 4873
f 4810 4811 4874
f 4811 4875 4874
f 4811 4812 4875
f 4812 4876 4875
f 4812 4813 4876
f 4813 4877 4876
f 4813 4814 4877
f 4814 4878 4877
f 4814 4815 4878
f 4815 4879 4878
f 4815 4816 4879
f 4816 4880 4879
f 4816 4817 4880
f 4817 4881 4880
f 4817 4818 4881
f 4818 4882 4881
f 4818 4819 4882
f 4819 4883 4882
f 4819 4820 4883
f 4820 4884 4883
f 4820 4821 4884
f 4821 4885 4884
f 4821 4822 4885
f 4822 4886 4885
f 4822 4823 4886
f 4823 4887 4886
f 4823 4824 4887
f 4824 4888 4887
f 4824 4825 4888
f 4825 4889 4888
f 4825 4826 4889
f 4826 4890 4889
f 4826 4827 4890
f 4827 4891 4890
f 4827 4828 4891
f 4828 4892 4891
f 4828 4829 4892
f 4829 4893 4892
f 4829 4830 4893
f 4830 4894 4893
f 4830 4831 4894
f 4831 4895 4894
f 4831 4832 4895
f 4832 4896 4895
f 4832 4833 4896
f 4833 4897 4896
f 4833 4834 4897
f 4834 4898 4897
f 4834 4835 4898
f 4835 4899 4898
f 4835 4836 4899
f 4836 4900 4899
f 4836 4837 4900
f 4837 4901 4900
f 4837 4838 4901
f 4838 4902 4901
f 4838 4839 4902
f 4839 4903 4902
f 4839 4840 4903
f 4840 4904 4903
f 4840 4841 4904
f 4841 4905 4904
f 4841 4842 4905
f 4842 4906 4905
f 4842 4843 4906
f 4843 4907 4906
f 4843 4844 4907
f 4844 4908 4907
f 4844 4845 4908
f 4845 4909 4908
f 4845 4846 4909
f 4846 4910 4909
f 4846 4847 4910
f 4847 4911 4910
f 4847 4848 4911
f 4848 4912 4911
f 4848 4849 4912
f 4849 4913 4912
f 4849 4850 4913
f 4850 4914 4913
f 4850 4851 4914
f 4851 4915 4914
f 4851 4852 4915
f 4852 4916 4915
f 4852 4853 4916
f 4853 4917 4916
f 4853 4854 4917
f 4854 4918 4917
f 4854 4855 4918
f 4855 4919 4918
f 4855 4856 4919
f 4856 4920 4919
f 4856 4857 4920
f 4857 4921 4920
f 4857 4858 4921
f 4858 4922 4921
f 4858 4859 4922
f 4859 4923 4922
f 4859 4860 4923
f 4860 4924 4923
f 4860 4861 4924
f 4861 4925 4924
f 4861 4862 4925
f 4862 4926 4925
f 4862 4863 4926
f 4863 4927 4926
f 4863 4864 4927
f 4864 4928 4927
f 4864 4865 4928
f 4865 4929 4928
f 4865 4866 4929
f 4866 4930 4929
f 4866 4867 4930
f 4867 4931 4930
f 4867 4868 4931
f 4868 4932 4931
f 4868 4869 4932
f 4869 4933 4932
f 4869 4870 4933
f 4870 4934 4933
f 4870 4871 4934
f 4871 4935 4934
f 4871 4808 4935
f 4808 4872 4935
f 4872 4873 4936
f 4873 4937 4936
f 4873 4874 4937
f 4874 4938 4937
f 4874 4875 4938
f 4875 4939 4938
f 4875 4876 4939
f 4876 4940 4939
f 4876 4877 4940
f 4877 4941 4940
f 4877 4878 4941
f 4878 4942 4941
f 4878 4879 4942
f 4879 4943 4942
f 4879 4880 4943
f 4880 4944 4943
f 4880 4881 4944
f 4881 4945 4944
f 4881 4882 4945
f 4882 4946 4945
f 4882 4883 4946
f 4883 4947 4946
f 4883 4884 4947
f 4884 4948 4947
f 4884 4885 4948
f 4885 4949 4948
f 4885 4886 4949
f 4886 4950 4949
f 4886 4887 4950
f 4887 4951 4950
f 4887 4888 4951
f 4888 4952 4951
f 4888 4889 4952
f 4889 4953 4952
f 4889 4890 4953
f 4890 4954 4953
f 4890 4891 4954
f 4891 4955 4954
f 4891 4892 4955
f 4892 4956 4955
f 4892 4893 4956
f 4893 4957 4956
f 4893 4894 4957
f 4894 4958 4957
f 4894 4895 4958
f 4895 4959 4958
f 4895 4896 4959
f 4896 4960 4959
f 4896 4897 4960
f 4897 4961 4960
f 4897 4898 4961
f 4898 4962 4961
f 4898 4899 4962
f 4899 4963 4962
f 4899 4900 4963
f 4900 4964 4963
f 4900 4901 4964
f 4901 4965 4964
f 4901 4902 4965
f 4902 4966 4965
f 4902 4903 4966
f 4903 4967 4966
f 4903 4904 4967
f 4904 4968 4967
f 4904 4905 4968
f 4905 4969 4968
f 4905 4906 4969
f 4906 4970 4969
f 4906 4907 4970
f 4907 4971 4970
f 4907 4908 4971
f 4908 4972 4971
f 4908 4909 4972
f 4909 4973 4972
f 4909 4910 4973
f 4910 4974 4973
f 4910 4911 4974
f 4911 4975 4974
f 4911 4912 4975
f 4912 4976 4975
f 4912 4913 4976
f 4913 4977 4976
f 4913 4914 4977
f 4914 4978 4977
f 4914 4915 4978
f 4915 4979 4978
f 4915 4916 4979
f 4916 4980 4979
f 4916 4917 4980
f 4917 4981 4980
f 4917 4918 4981
f 4918 4982 4981
f 4918 4919 4982
f 4919 4983 4982
f 4919 4920 4983
f 4920 4984 4983
f 4920 4921 4984
f 4921 4985 4984
f 4921 4922 4985
f 4922 4986 4985
f 4922 4923 4986
f 4923 4987 4986
f 4923 4924 4987
f 4924 4988 4987
f 4924 4925 4988
f 4925 4989 4988
f 4925 4926 4989
f 4926 4990 4989
f 4926 4927 4990
f 4927 4991 4990
f 4927 4928 4991
f 4928 4992 4991
f 4928 4929 4992
f 4929 4993 4992
f 4929 4930 4993
f 4930 4994 4993
f 4930 4931 4994
f 4931 4995 4994
f 4931 4932 4995
f 4932 4996 4995
f 4932 4933 4996
f 4933 4997 4996
f 4933 4934 4997
f 4934 4998 4997
f 4934 4935 4998
f 4935 4999 4998
f 4935 4872 4999
f 4872 4936 4999
f 4936 4937 5000
f 4937 5001 5000
f 4937 4938 5001
f 4938 5002 5001
f 4938 4939 5002
f 4939 5003 5002
f 4939 4940 5003
f 4940 5004 5003
f 4940 4941 5004
f 4941 5005 5004
f 4941 4942 5005
f 4942 5006 5005
f 4942 4943 5006
f 4943 5007 5006
f 4943 4944 5007
f 4944 5008 5007
f 4944 4945 5008
f 4945 5009 5008
f 4945 4946 5009
f 4946 5010 5009
f 4946 4947 5010
f 4947 5011 5010
f 4947 4948 5011
f 4948 5012 5011
f 4948 4949 5012
f 4949 5013 5012
f 4949 4950 5013
f 4950 5014 5013
f 4950 4951 5014
f 4951 5015 5014
f 4951 4952 5015
f 4952 5016 5015
f 4952 4953 5016
f 4953 5017 5016
f 4953 4954 5017
f 4954 5018 5017
f 4954 4955 5018
f 4955 5019 5018
f 4955 4956 5019
f 4956 5020 5019
f 4956 4957 5020
f 4957 5021 5020
f 4957 4958 5021
f 4958 5022 5021
f 4958 4959 5022
f 4959 5023 5022
f 4959 4960 5023
f 4960 5024 5023
f 4960 4961 5024
f 4961 5025 5024
f 4961 4962 5025
f 4962 5026 5025
f 4962 4963 5026
f 4963 5027 5026
f 4963 4964 5027
f 4964 5028 5027
f 4964 4965 5028
f 4965 5029 5028
f 4965 4966 5029
f 4966 5030 5029
f 4966 4967 5030
f 4967 5031 5030
f 4967 4968 5031
f 4968 5032 5031
f 4968 4969 5032
f 4969 5033 5032
f 4969 4970 5033
f 4970 5034 5033
f 4970 4971 5034
f 4971 5035 5034
f 4971 4972 5035
f 4972 5036 5035
f 4972 4973 5036
f 4973 5037 5036
f 4973 4974 5037
f 4974 5038 5037
f 4974 4975 5038
f 4975 5039 5038
f 4975 4976 5039
f 4976 5040 5039
f 4976 4977 5040
f 4977 5041 5040
f 4977 4978 5041
f 4978 5042 5041
f 4978 4979 5042
f 4979 5043 5042
f 4979 4980 5043
f 4980 5044 5043
f 4980 4981 5044
f 4981 5045 5044
f 4981 4982 5045
f 4982 5046 5045
f 4982 4983 5046
f 4983 5047 5046
f 4983 4984 5047
f 4984 5048 5047
f 4984 4985 5048
f 4985 5049 5048
f 4985 4986 5049
f 4986 5050 5049
f 4986 4987 5050
f 4987 5051 5050
f 4987 4988 5051
f 4988 5052 5051
f 4988 4989 5052
f 4989 5053 5052
f 4989 4990 5053
f 4990 5054 5053
f 4990 4991 5054
f 4991 5055 5054
f 4991 4992 5055
f 4992 5056 5055
f 4992 4993 5056
f 4993 5057 5056
f 4993 4994 5057
f 4994 5058 5057
f 4994 4995 5058
f 4995 5059 5058
f 4995 4996 5059
f 4996 5060 5059
f 4996 4997 5060
f 4997 5061 5060
f 4997 4998 5061
f 4998 5062 5061
f 4998 4999 5062
f 4999 5063 5062
f 4999 4936 5063
f 4936 5000 5063
f 5000 5001 5064
f 5001 5065 5064
f 5001 5002 5065
f 5002 5066 5065
f 5002 5003 5066
f 5003 5067 5066
f 5003 5004 5067
f 5004 5068 5067
f 5004 5005 5068
f 5005 5069 5068
f 5005 5006 5069
f 5006 5070 5069
f 5006 5007 5070
f 5007 5071 5070
f 5007 5008 5071
f 5008 5072 5071
f 5008 5009 5072
f 5009 5073 5072
f 5009 5010 5073
f 5010 5074 5073
f 5010 5011 5074
f 5011 5075 5074
f 5011 5012 5075
f 5012 5076 5075
f 5012 5013 5076
f 5013 5077 5076
f 5013 5014 5077
f 5014 5078 5077
f 5014 5015 5078
f 5015 5079 5078
f 5015 5016 5079
f 5016 5080 5079
f 5016 5017 5080
f 5017 5081 5080
f 5017 5018 5081
f 5018 5082 5081
f 5018 5019 5082
f 5019 5083 5082
f 5019 5020 5083
f 5020 5084 5083
f 5020 5021 5084
f 5021 5085 5084
f 5021 5022 5085
f 5022 5086 5085
f 5022 5023 5086
f 5023 5087 5086
f 5023 5024 5087
f 5024 5088 5087
f 5024 5025 5088
f 5025 5089 5088
f 5025 5026 5089
f 5026 5090 5089
f 5026 5027 5090
f 5027 5091 5090
f 5027 5028 5091
f 5028 5092 5091
f 5028 5029 5092
f 5029 5093 5092
f 5029 5030 5093
f 5030 5094 5093
f 5030 5031 5094
f 5031 5095 5094
f 5031 5032 5095
f 5032 5096 5095
f 5032 5033 5096
f 5033 5097 5096
f 5033 5034 5097
f 5034 5098 5097
f 5034 5035 5098
f 5035 5099 5098
f 5035 5036 5099
f 5036 5100 5099
f 5036 5037 5100
f 5037 5101 5100
f 5037 5038 5101
f 5038 5102 5101
f 5038 5039 5102
f 5039 5103 5102
f 5039 5040 5103
f 5040 5104 5103
f 5040 5041 5104
f 5041 5105 5104
f 5041 5042 5105
f 5042 5106 5105
f 5042 5043 5106
f 5043 5107 5106
f 5043 5044 5107
f 5044 5108 5107
f 5044 5045 5108
f 5045 5109 5108
f 5045 5046 5109
f 5046 5110 5109
f 5046 5047 5110
f 5047 5111 5110
f 5047 5048 5111
f 5048 5112 5111
f 5048 5049 5112
f 5049 5113 5112
f 5049 5050 5113
f 5050 5114 5113
f 5050 5051 5114
f 5051 5115 5114
f 5051 5052 5115
f 5052 5116 5115
f 5052 5053 5116
f 5053 5117 5116
f 5053 5054 5117
f 5054 5118 5117
f 5054 5055 5118
f 5055 5119 5118
f 5055 5056 5119
f 5056 5120 5119
f 5056 5057 5120
f 5057 5121 5120
f 5057 5058 5121
f 5058 5122 5121
f 5058 5059 5122
f 5059 5123 5122
f 5059 5060 5123
f 5060 5124 5123
f 5060 5061 5124
f 5061 5125 5124
f 5061 5062 5125
f 5062 5126 5125
f 5062 5063 5126
f 5063 5127 5126
f 5063 5000 5127
f 5000 5064 5127
f 5064 5065 5128
f 5065 5129 5128
f 5065 5066 5129
f 5066 5130 5129
f 5066 5067 5130
f 5067 5131 5130
f 5067 5068 5131
f 5068 5132 5131
f 5068 5069 5132
f 5069 5133 5132
f 5069 5070 5133
f 5070 5134 5133
f 5070 5071 5134
f 5071 5135 5134
f 5071 5072 5135
f 5072 5136 5135
f 5072 5073 5136
f 5073 5137 5136
f 5073 5074 5137
f 5074 5138 5137
f 5074 5075 5138
f 5075 5139 5138
f 5075 5076 5139
f 5076 5140 5139
f 5076 5077 5140
f 5077 5141 5140
f 5077 5078 5141
f 5078 5142 5141
f 5078 5079 5142
f 5079 5143 5142
f 5079 5080 5143
f 5080 5144 5143
f 5080 5081 5144
f 5081 5145 5144
f 5081 5082 5145
f 5082 5146 5145
f 5082 5083 5146
f 5083 5147 5146
f 5083 5084 5147
f 5084 5148 5147
f 5084 5085 5148
f 5085 5149 5148
f 5085 5086 5149
f 5086 5150 5149
f 5086 5087 5150
f 5087 5151 5150
f 5087 5088 5151
f 5088 5152 5151
f 5088 5089 5152
f 5089 5153 5152
f 5089 5090 5153
f 5090 5154 5153
f 5090 5091 5154
f 5091 5155 5154
f 5091 5092 5155
f 5092 5156 5155
f 5092 5093 5156
f 5093 5157 5156
f 5093 5094 5157
f 5094 5158 5157
f 5094 5095 5158
f 5095 5159 5158
f 5095 5096 5159
f 5096 5160 5159
f 5096 5097 5160
f 5097 5161 5160
f 5097 5098 5161
f 5098 5162 5161
f 5098 5099 5162
f 5099 5163 5162
f 5099 5100 5163
f 5100 5164 5163
f 5100 5101 5164
f 5101 5165 5164
f 5101 5102 5165
f 5102 5166 5165
f 5102 5103 5166
f 5103 5167 5166
f 5103 5104 5167
f 5104 5168 5167
f 5104 5105 5168
f 5105 5169 5168
f 5105 5106 5169
f 5106 5170 5169
f 5106 5107 5170
f 5107 5171 5170
f 5107 5108 5171
f 5108 5172 5171
f 5108 5109 5172
f 5109 5173 5172
f 5109 5110 5173
f 5110 5174 5173
f 5110 5111 5174
f 5111 5175 5174
f 5111 5112 5175
f 5112 5176 5175
f 5112 5113 5176
f 5113 5177 5176
f 5113 5114 5177
f 5114 5178 5177
f 5114 5115 5178
f 5115 5179 5178
f 5115 5116 5179
f 5116 5180 5179
f 5116 5117 5180
f 5117 5181 5180
f 5117 5118 5181
f 5118 5182 5181
f 5118 5119 5182
f 5119 5183 5182
f 5119 5120 5183
f 5120 5184 5183
f 5120 5121 5184
f 5121 5185 5184
f 5121 5122 5185
f 5122 5186 5185
f 5122 5123 5186
f 5123 5187 5186
f 5123 5124 5187
f 5124 5188 5187
f 5124 5125 5188
f 5125 5189 5188
f 5125 5126 5189
f 5126 5190 5189
f 5126 5127 5190
f 5127 5191 5190
f 5127 5064 5191
f 5064 5128 5191
f 5128 5129 5192
f 5129 5193 5192
f 5129 5130 5193
f 5130 5194 5193
f 5130 5131 5194
f 5131 5195 5194
f 5131 5132 5195
f 5132 5196 5195
f 5132 5133 5196
f 5133 5197 5196
f 5133 5134 5197
f 5134 5198 5197
f 5134 5135 5198
f 5135 5199 5198
f 5135 5136 5199
f 5136 5200 5199
f 5136 5137 5200
f 5137 5201 5200
f 5137 5138 5201
f 5138 5202 5201
f 5138 5139 5202
f 5139 5203 5202
f 5139 5140 5203
f 5140 5204 5203
f 5140 5141 5204
f 5141 5205 5204
f 5141 5142 5205
f 5142 5206 5205
f 5142 5143 5206
f 5143 5207 5206
f 5143 5144 5207
f 5144 5208 5207
f 5144 5145 5208
f 5145 5209 5208
f 5145 5146 5209
f 5146 5210 5209
f 5146 5147 5210
f 5147 5211 5210
f 5147 5148 5211
f 5148 5212 5211
f 5148 5149 5212
f 5149 5213 5212
f 5149 5150 5213
f 5150 5214 5213
f 5150 5151 5214
f 5151 5215 5214
f 5151 5152 5215
f 5152 5216 5215
f 5152 5153 5216
f 5153 5217 5216
f 5153 5154 5217
f 5154 5218 5217
f 5154 5155 5218
f 5155 5219 5218
f 5155 5156 5219
f 5156 5220 5219
f 5156 5157 5220
f 5157 5221 5220
f 5157 5158 5221
f 5158 5222 5221
f 5158 5159 5222
f 5159 5223 5222
f 5159 5160 5223
f 5160 5224 5223
f 5160 5161 5224
f 5161 5225 5224
f 5161 5162 5225
f 5162 5226 5225
f 5162 5163 5226
f 5163 5227 5226
f 5163 5164 5227
f 5164 5228 5227
f 5164 5165 5228
f 5165 5229 5228
f 5165 5166 5229
f 5166 5230 5229
f 5166 5167 5230
f 5167 5231 5230
f 5167 5168 5231
f 5168 5232 5231
f 5168 5169 5232
f 5169 5233 5232
f 5169 5170 5233
f 5170 5234 5233
f 5170 5171 5234
f 5171 5235 5234
f 5171 5172 5235
f 5172 5236 5235
f 5172 5173 5236
f 5173 5237 5236
f 5173 5174 5237
f 5174 5238 5237
f 5174 5175 5238
f 5175 5239 5238
f 5175 5176 5239
f 5176 5240 5239
f 5176 5177 5240
f 5177 5241 5240
f 5177 5178 5241
f 5178 5242 5241
f 5178 5179 5242
f 5179 5243 5242
f 5179 5180 5243
f 5180 5244 5243
f 5180 5181 5244
f 5181 5245 5244
f 5181 5182 5245
f 5182 5246 5245
f 5182 5183 5246
f 5183 5247 5246
f 5183 5184 5247
f 5184 5248 5247
f 5184 5185 5248
f 5185 5249 5248
f 5185 5186 5249
f 5186 5250 5249
f 5186 5187 5250
f 5187 5251 5250
f 5187 5188 5251
f 5188 5252 5251
f 5188 5189 5252
f 5189 5253 5252
f 5189 5190 5253
f 5190 5254 5253
f 5190 5191 5254
f 5191 5255 5254
f 5191 5128 5255
f 5128 5192 5255
f 5192 5193 5256
f 5193 5257 5256
f 5193 5194 5257
f 5194 5258 5257
f 5194 5195 5258
f 5195 5259 5258
f 5195 5196 5259
f 5196 5260 5259
f 5196 5197 5260
f 5197 5261 5260
f 5197 5198 5261
f 5198 5262 5261
f 5198 5199 5262
f 5199 5263 5262
f 5199 5200 5263
f 5200 5264 5263
f 5200 5201 5264
f 5201 5265 5264
f 5201 5202 5265
f 5202 5266 5265
f 5202 5203 5266
f 5203 5267 5266
f 5203 5204 5267
f 5204 5268 5267
f 5204 5205 5268
f 5205 5269 5268
f 5205 5206 5269
f 5206 5270 5269
f 5206 5207 5270
f 5207 5271 5270
f 5207 5208 5271
f 5208 5272 5271
f 5208 5209 5272
f 5209 5273 5272
f 5209 5210 5273
f 5210 5274 5273
f 5210 5211 5274
f 5211 5275 5274
f 5211 5212 5275
f 5212 5276 5275
f 5212 5213 5276
f 5213 5277 5276
f 5213 5214 5277
f 5214 5278 5277
f 5214 5215 5278
f 5215 5279 5278
f 5215 5216 5279
f 5216 5280 5279
f 5216 5217 5280
f 5217 5281 5280
f 5217 5218 5281
f 5218 5282 5281
f 5218 5219 5282
f 5219 5283 5282
f 5219 5220 5283
f 5220 5284 5283
f 5220 5221 5284
f 5221 5285 5284
f 5221 5222 5285
f 5222 5286 5285
f 5222 5223 5286
f 5223 5287 5286
f 5223 5224 5287
f 5224 5288 5287
f 5224 5225 5288
f 5225 5289 5288
f 5225 5226 5289
f 5226 5290 5289
f 5226 5227 5290
f 5227 5291 5290
f 5227 5228 5291
f 5228 5292 5291
f 5228 5229 5292
f 5229 5293 5292
f 5229 5230 5293
f 5230 5294 5293
f 5230 5231 5294
f 5231 5295 5294
f 5231 5232 5295
f 5232 5296 5295
f 5232 5233 5296
f 5233 5297 5296
f 5233 5234 5297
f 5234 5298 5297
f 5234 5235 5298
f 5235 5299 5298
f 5235 5236 5299
f 5236 5300 5299
f 5236 5237 5300
f 5237 5301 5300
f 5237 5238 5301
f 5238 5302 5301
f 5238 5239 5302
f 5239 5303 5302
f 5239 5240 5303
f 5240 5304 5303
f 5240 5241 5304
f 5241 5305 5304
f 5241 5242 5305
f 5242 5306 5305
f 5242 5243 5306
f 5243 5307 5306
f 5243 5244 5307
f 5244 5308 5307
f 5244 5245 5308
f 5245 5309 5308
f 5245 5246 5309
f 5246 5310 5309
f 5246 5247 5310
f 5247 5311 5310
f 5247 5248 5311
f 5248 5312 5311
f 5248 5249 5312
f 5249 5313 5312
f 5249 5250 5313
f 5250 5314 5313
f 5250 5251 5314
f 5251 5315 5314
f 5251 5252 5315
f 5252 5316 5315
f 5252 5253 5316
f 5253 5317 5316
f 5253 5254 5317
f 5254 5318 5317
f 5254 5255 5318
f 5255 5319 5318
f 5255 5192 5319
f 5192 5256 5319
f 5256 5257 5320
f 5257 5321 5320
f 5257 5258 5321
f 5258 5322 5321
f 5258 5259 5322
f 5259 5323 5322
f 5259 5260 5323
f 5260 5324 5323
f 5260 5261 5324
f 5261 5325 5324
f 5261 5262 5325
f 5262 5326 5325
f 5262 5263 5326
f 5263 5327 5326
f 5263 5264 5327
f 5264 5328 5327
f 5264 5265 5328
f 5265 5329 5328
f 5265 5266 5329
f 5266 5330 5329
f 5266 5267 5330
f 5267 5331 5330
f 5267 5268 5331
f 5268 5332 5331
f 5268 5269 5332
f 5269 5333 5332
f 5269 5270 5333
f 5270 5334 5333
f 5270 5271 5334
f 5271 5335 5334
f 5271 5272 5335
f 5272 5336 5335
f 5272 5273 5336
f 5273 5337 5336
f 5273 5274 5337
f 5274 5338 5337
f 5274 5275 5338
f 5275 5339 5338
f 5275 5276 5339
f 5276 5340 5339
f 5276 5277 5340
f 5277 5341 5340
f 5277 5278 5341
f 5278 5342 5341
f 5278 5279 5342
f 5279 5343 5342
f 5279 5280 5343
f 5280 5344 5343
f 5280 5281 5344
f 5281 5345 5344
f 5281 5282 5345
f 5282 5346 5345
f 5282 5283 5346
f 5283 5347 5346
f 5283 5284 5347
f 5284 5348 5347
f 5284 5285 5348
f 5285 5349 5348
f 5285 5286 5349
f 5286 5350 5349
f 5286 5287 5350
f 5287 5351 5350
f 5287 5288 5351
f 5288 5352 5351
f 5288 5289 5352
f 5289 5353 5352
f 5289 5290 5353
f 5290 5354 5353
f 5290 5291 5354
f 5291 5355 5354
f 5291 5292 5355
f 5292 5356 5355
f 5292 5293 5356
f 5293 5357 5356
f 5293 5294 5357
f 5294 5358 5357
f 5294 5295 5358
f 5295 5359 5358
f 5295 5296 5359
f 5296 5360 5359
f 5296 5297 5360
f 5297 5361 5360
f 5297 5298 5361
f 5298 5362 5361
f 5298 5299 5362
f 5299 5363 5362
f 5299 5300 5363
f 5300 5364 5363
f 5300 5301 5364
f 5301 5365 5364
f 5301 5302 5365
f 5302 5366 5365
f 5302 5303 5366
f 5303 5367 5366
f 5303 5304 5367
f 5304 5368 5367
f 5304 5305 5368
f 5305 5369 5368
f 5305 5306 5369
f 5306 5370 5369
f 5306 5307 5370
f 5307 5371 5370
f 5307 5308 5371
f 5308 5372 5371
f 5308 5309 5372
f 5309 5373 5372
f 5309 5310 5373
f 5310 5374 5373
f 5310 5311 5374
f 5311 5375 5374
f 5311 5312 5375
f 5312 5376 5375
f 5312 5313 5376
f 5313 5377 5376
f 5313 5314 5377
f 5314 5378 5377
f 5314 5315 5378
f 5315 5379 5378
f 5315 5316 5379
f 5316 5380 5379
f 5316 5317 5380
f 5317 5381 5380
f 5317 5318 5381
f 5318 5382 5381
f 5318 5319 5382
f 5319 5383 5382
f 5319 5256 5383
f 5256 5320 5383
f 5320 5321 5384
f 5321 5385 5384
f 5321 5322 5385
f 5322 5386 5385
f 5322 5323 5386
f 5323 5387 5386
f 5323 5324 5387
f 5324 5388 5387
f 5324 5325 5388
f 5325 5389 5388
f 5325 5326 5389
f 5326 5390 5389
f 5326 5327 5390
f 5327 5391 5390
f 5327 5328 5391
f 5328 5392 5391
f 5328 5329 5392
f 5329 5393 5392
f 5329 5330 5393
f 5330 5394 5393
f 5330 5331 5394
f 5331 5395 5394
f 5331 5332 5395
f 5332 5396 5395
f 5332 5333 5396
f 5333 5397 5396
f 5333 5334 5397
f 5334 5398 5397
f 5334 5335 5398
f 5335 5399 5398
f 5335 5336 5399
f 5336 5400 5399
f 5336 5337 5400
f 5337 5401 5400
f 5337 5338 5401
f 5338 5402 5401
f 5338 5339 5402
f 5339 5403 5402
f 5339 5340 5403
f 5340 5404 5403
f 5340 5341 5404
f 5341 5405 5404
f 5341 5342 5405
f 5342 5406 5405
f 5342 5343 5406
f 5343 5407 5406
f 5343 5344 5407
f 5344 5408 5407
f 5344 5345 5408
f 5345 5409 5408
f 5345 5346 5409
f 5346 5410 5409
f 5346 5347 5410
f 5347 5411 5410
f 5347 5348 5411
f 5348 5412 5411
f 5348 5349 5412
f 5349 5413 5412
f 5349 5350 5413
f 5350 5414 5413
f 5350 5351 5414
f 5351 5415 5414
f 5351 5352 5415
f 5352 5416 5415
f 5352 5353 5416
f 5353 5417 5416
f 5353 5354 5417
f 5354 5418 5417
f 5354 5355 5418
f 5355 5419 5418
f 5355 5356 5419
f 5356 5420 5419
f 5356 5357 5420
f 5357 5421 5420
f 5357 5358 5421
f 5358 5422 5421
f 5358 5359 5422
f 5359 5423 5422
f 5359 5360 5423
f 5360 5424 5423
f 5360 5361 5424
f 5361 5425 5424
f 5361 5362 5425
f 5362 5426 5425
f 5362 5363 5426
f 5363 5427 5426
f 5363 5364 5427
f 5364 5428 5427
f 5364 5365 5428
f 5365 5429 5428
f 5365 5366 5429
f 5366 5430 5429
f 5366 5367 5430
f 5367 5431 5430
f 5367 5368 5431
f 5368 5432 5431
f 5368 5369 5432
f 5369 5433 5432
f 5369 5370 5433
f 5370 5434 5433
f 5370 5371 5434
f 5371 5435 5434
f 5371 5372 5435
f 5372 5436 5435
f 5372 5373 5436
f 5373 5437 5436
f 5373 5374 5437
f 5374 5438 5437
f 5374 5375 5438
f 5375 5439 5438
f 5375 5376 5439
f 5376 5440 5439
f 5376 5377 5440
f 5377 5441 5440
f 5377 5378 5441
f 5378 5442 5441
f 5378 5379 5442
f 5379 5443 5442
f 5379 5380 5443
f 5380 5444 5443
f 5380 5381 5444
f 5381 5445 5444
f 5381 5382 5445
f 5382 5446 5445
f 5382 5383 5446
f 5383 5447 5446
f 5383 5320 5447
f 5320 5384 5447
f 5384 5385 5448
f 5385 5449 5448
f 5385 5386 5449
f 5386 5450 5449
f 5386 5387 5450
f 5387 5451 5450
f 5387 5388 5451
f 5388 5452 5451
f 5388 5389 5452
f 5389 5453 5452
f 5389 5390 5453
f 5390 5454 5453
f 5390 5391 5454
f 5391 5455 5454
f 5391 5392 5455
f 5392 5456 5455
f 5392 5393 5456
f 5393 5457 5456
f 5393 5394 5457
f 5394 5458 5457
f 5394 5395 5458
f 5395 5459 5458
f 5395 5396 5459
f 5396 5460 5459
f 5396 5397 5460
f 5397 5461 5460
f 5397 5398 5461
f 5398 5462 5461
f 5398 5399 5462
f 5399 5463 5462
f 5399 5400 5463
f 5400 5464 5463
f 5400 5401 5464
f 5401 5465 5464
f 5401 5402 5465
f 5402 5466 5465
f 5402 5403 5466
f 5403 5467 5466
f 5403 5404 5467
f 5404 5468 5467
f 5404 5405 5468
f 5405 5469 5468
f 5405 5406 5469
f 5406 5470 5469
f 5406 5407 5470
f 5407 5471 5470
f 5407 5408 5471
f 5408 5472 5471
f 5408 5409 5472
f 5409 5473 5472
f 5409 5410 5473
f 5410 5474 5473
f 5410 5411 5474
f 5411 5475 5474
f 5411 5412 5475
f 5412 5476 5475
f 5412 5413 5476
f 5413 5477 5476
f 5413 5414 5477
f 5414 5478 5477
f 5414 5415 5478
f 5415 5479 5478
f 5415 5416 5479
f 5416 5480 5479
f 5416 5417 5480
f 5417 5481 5480
f 5417 5418 5481
f 5418 5482 5481
f 5418 5419 5482
f 5419 5483 5482
f 5419 5420 5483
f 5420 5484 5483
f 5420 5421 5484
f 5421 5485 5484
f 5421 5422 5485
f 5422 5486 5485
f 5422 5423 5486
f 5423 5487 5486
f 5423 5424 5487
f 5424 5488 5487
f 5424 5425 5488
f 5425 5489 5488
f 5425 5426 5489
f 5426 5490 5489
f 5426 5427 5490
f 5427 5491 5490
f 5427 5428 5491
f 5428 5492 5491
f 5428 5429 5492
f 5429 5493 5492
f 5429 5430 5493
f 5430 5494 5493
f 5430 5431 5494
f 5431 5495 5494
f 5431 5432 5495
f 5432 5496 5495
f 5432 5433 5496
f 5433 5497 5496
f 5433 5434 5497
f 5434 5498 5497
f 5434 5435 5498
f 5435 5499 5498
f 5435 5436 5499
f 5436 5500 5499
f 5436 5437 5500
f 5437 5501 5500
f 5437 5438 5501
f 5438 5502 5501
f 5438 5439 5502
f 5439 5503 5502
f 5439 5440 5503
f 5440 5504 5503
f 5440 5441 5504
f 5441 5505 5504
f 5441 5442 5505
f 5442 5506 5505
f 5442 5443 5506
f 5443 5507 5506
f 5443 5444 5507
f 5444 5508 5507
f 5444 5445 5508
f 5445 5509 5508
f 5445 5446 5509
f 5446 5510 5509
f 5446 5447 5510
f 5447 5511 5510
f 5447 5384 5511
f 5384 5448 5511
f 5448 5449 5512
f 5449 5513 5512
f 5449 5450 5513
f 5450 5514 5513
f 5450 5451 5514
f 5451 5515 5514
f 5451 5452 5515
f 5452 5516 5515
f 5452 5453 5516
f 5453 5517 5516
f 5453 5454 5517
f 5454 5518 5517
f 5454 5455 5518
f 5455 5519 5518
f 5455 5456 5519
f 5456 5520 5519
f 5456 5457 5520
f 5457 5521 5520
f 5457 5458 5521
f 5458 5522 5521
f 5458 5459 5522
f 5459 5523 5522
f 5459 5460 5523
f 5460 5524 5523
f 5460 5461 5524
f 5461 5525 5524
f 5461 5462 5525
f 5462 5526 5525
f 5462 5463 5526
f 5463 5527 5526
f 5463 5464 5527
f 5464 5528 5527
f 5464 5465 5528
f 5465 5529 5528
f 5465 5466 5529
f 5466 5530 5529
f 5466 5467 5530
f 5467 5531 5530
f 5467 5468 5531
f 5468 5532 5531
f 5468 5469 5532
f 5469 5533 5532
f 5469 5470 5533
f 5470 5534 5533
f 5470 5471 5534
f 5471 5535 5534
f 5471 5472 5535
f 5472 5536 5535
f 5472 5473 5536
f 5473 5537 5536
f 5473 5474 5537
f 5474 5538 5537
f 5474 5475 5538
f 5475 5539 5538
f 5475 5476 5539
f 5476 5540 5539
f 5476 5477 5540
f 5477 5541 5540
f 5477 5478 5541
f 5478 5542 5541
f 5478 5479 5542
f 5479 5543 5542
f 5479 5480 5543
f 5480 5544 5543
f 5480 5481 5544
f 5481 5545 5544
f 5481 5482 5545
f 5482 5546 5545
f 5482 5483 5546
f 5483 5547 5546
f 5483 5484 5547
f 5484 5548 5547
f 5484 5485 5548
f 5485 5549 5548
f 5485 5486 5549
f 5486 5550 5549
f 5486 5487 5550
f 5487 5551 5550
f 5487 5488 5551
f 5488 5552 5551
f 5488 5489 5552
f 5489 5553 5552
f 5489 5490 5553
f 5490 5554 5553
f 5490 5491 5554
f 5491 5555 5554
f 5491 5492 5555
f 5492 5556 5555
f 5492 5493 5556
f 5493 5557 5556
f 5493 5494 5557
f 5494 5558 5557
f 5494 5495 5558
f 5495 5559 5558
f 5495 5496 5559
f 5496 5560 5559
f 5496 5497 5560
f 5497 5561 5560
f 5497 5498 5561
f 5498 5562 5561
f 5498 5499 5562
f 5499 5563 5562
f 5499 5500 5563
f 5500 5564 5563
f 5500 5501 5564
f 5501 5565 5564
f 5501 5502 5565
f 5502 5566 5565
f 5502 5503 5566
f 5503 5567 5566
f 5503 5504 5567
f 5504 5568 5567
f 5504 5505 5568
f 5505 5569 5568
f 5505 5506 5569
f 5506 5570 5569
f 5506 5507 5570
f 5507 5571 5570
f 5507 5508 5571
f 5508 5572 5571
f 5508 5509 5572
f 5509 5573 5572
f 5509 5510 5573
f 5510 5574 5573
f 5510 5511 5574
f 5511 5575 5574
f 5511 5448 5575
f 5448 5512 5575
f 5512 5513 5576
f 5513 5577 5576
f 5513 5514 5577
f 5514 5578 5577
f 5514 5515 5578
f 5515 5579 5578
f 5515 5516 5579
f 5516 5580 5579
f 5516 5517 5580
f 5517 5581 5580
f 5517 5518 5581
f 5518 5582 5581
f 5518 5519 5582
f 5519 5583 5582
f 5519 5520 5583
f 5520 5584 5583
f 5520 5521 5584
f 5521 5585 5584
f 5521 5522 5585
f 5522 5586 5585
f 5522 5523 5586
f 5523 5587 5586
f 5523 5524 5587
f 5524 5588 5587
f 5524 5525 5588
f 5525 5589 5588
f 5525 5526 5589
f 5526 5590 5589
f 5526 5527 5590
f 5527 5591 5590
f 5527 5528 5591
f 5528 5592 5591
f 5528 5529 5592
f 5529 5593 5592
f 5529 5530 5593
f 5530 5594 5593
f 5530 5531 5594
f 5531 5595 5594
f 5531 5532 5595
f 5532 5596 5595
f 5532 5533 5596
f 5533 5597 5596
f 5533 5534 5597
f 5534 5598 5597
f 5534 5535 5598
f 5535 5599 5598
f 5535 5536 5599
f 5536 5600 5599
f 5536 5537 5600
f 5537 5601 5600
f 5537 5538 5601
f 5538 5602 5601
f 5538 5539 5602
f 5539 5603 5602
f 5539 5540 5603
f 5540 5604 5603
f 5540 5541 5604
f 5541 5605 5604
f 5541 5542 5605
f 5542 5606 5605
f 5542 5543 5606
f 5543 5607 5606
f 5543 5544 5607
f 5544 5608 5607
f 5544 5545 5608
f 5545 5609 5608
f 5545 5546 5609
f 5546 5610 5609
f 5546 5547 5610
f 5547 5611 5610
f 5547 5548 5611
f 5548 5612 5611
f 5548 5549 5612
f 5549 5613 5612
f 5549 5550 5613
f 5550 5614 5613
f 5550 5551 5614
f 5551 5615 5614
f 5551 5552 5615
f 5552 5616 5615
f 5552 5553 5616
f 5553 5617 5616
f 5553 5554 5617
f 5554 5618 5617
f 5554 5555 5618
f 5555 5619 5618
f 5555 5556 5619
f 5556 5620 5619
f 5556 5557 5620
f 5557 5621 5620
f 5557 5558 5621
f 5558 5622 5621
f 5558 5559 5622
f 5559 5623 5622
f 5559 5560 5623
f 5560 5624 5623
f 5560 5561 5624
f 5561 5625 5624
f 5561 5562 5625
f 5562 5626 5625
f 5562 5563 5626
f 5563 5627 5626
f 5563 5564 5627
f 5564 5628 5627
f 5564 5565 5628
f 5565 5629 5628
f 5565 5566 5629
f 5566 5630 5629
f 5566 5567 5630
f 5567 5631 5630
f 5567 5568 5631
f 5568 5632 5631
f 5568 5569 5632
f 5569 5633 5632
f 5569 5570 5633
f 5570 5634 5633
f 5570 5571 5634
f 5571 5635 5634
f 5571 5572 5635
f 5572 5636 5635
f 5572 5573 5636
f 5573 5637 5636
f 5573 5574 5637
f 5574 5638 5637
f 5574 5575 5638
f 5575 5639 5638
f 5575 5512 5639
f 5512 5576 5639
f 5576 5577 5640
f 5577 5641 5640
f 5577 5578 5641
f 5578 5642 5641
f 5578 5579 5642
f 5579 5643 5642
f 5579 5580 5643
f 5580 5644 5643
f 5580 5581 5644
f 5581 5645 5644
f 5581 5582 5645
f 5582 5646 5645
f 5582 5583 5646
f 5583 5647 5646
f 5583 5584 5647
f 5584 5648 5647
f 5584 5585 5648
f 5585 5649 5648
f 5585 5586 5649
f 5586 5650 5649
f 5586 5587 5650
f 5587 5651 5650
f 5587 5588 5651
f 5588 5652 5651
f 5588 5589 5652
f 5589 5653 5652
f 5589 5590 5653
f 5590 5654 5653
f 5590 5591 5654
f 5591 5655 5654
f 5591 5592 5655
f 5592 5656 5655
f 5592 5593 5656
f 5593 5657 5656
f 5593 5594 5657
f 5594 5658 5657
f 5594 5595 5658
f 5595 5659 5658
f 5595 5596 5659
f 5596 5660 5659
f 5596 5597 5660
f 5597 5661 5660
f 5597 5598 5661
f 5598 5662 5661
f 5598 5599 5662
f 5599 5663 5662
f 5599 5600 5663
f 5600 5664 5663
f 5600 5601 5664
f 5601 5665 5664
f 5601 5602 5665
f 5602 5666 5665
f 5602 5603 5666
f 5603 5667 5666
f 5603 5604 5667
f 5604 5668 5667
f 5604 5605 5668
f 5605 5669 5668
f 5605 5606 5669
f 5606 5670 5669
f 5606 5607 5670
f 5607 5671 5670
f 5607 5608 5671
f 5608 5672 5671
f 5608 5609 5672
f 5609 5673 5672
f 5609 5610 5673
f 5610 5674 5673
f 5610 5611 5674
f 5611 5675 5674
f 5611 5612 5675
f 5612 5676 5675
f 5612 5613 5676
f 5613 5677 5676
f 5613 5614 5677
f 5614 5678 5677
f 5614 5615 5678
f 5615 5679 5678
f 5615 5616 5679
f 5616 5680 5679
f 5616 5617 5680
f 5617 5681 5680
f 5617 5618 5681
f 5618 5682 5681
f 5618 5619 5682
f 5619 5683 5682
f 5619 5620 5683
f 5620 5684 5683
f 5620 5621 5684
f 5621 5685 5684
f 5621 5622 5685
f 5622 5686 5685
f 5622 5623 5686
f 5623 5687 5686
f 5623 5624 5687
f 5624 5688 5687
f 5624 5625 5688
f 5625 5689 5688
f 5625 5626 5689
f 5626 5690 5689
f 5626 5627 5690
f 5627 5691 5690
f 5627 5628 5691
f 5628 5692 5691
f 5628 5629 5692
f 5629 5693 5692
f 5629 5630 5693
f 5630 5694 5693
f 5630 5631 5694
f 5631 5695 5694
f 5631 5632 5695
f 5632 5696 5695
f 5632 5633 5696
f 5633 5697 5696
f 5633 5634 5697
f 5634 5698 5697
f 5634 5635 5698
f 5635 5699 5698
f 5635 5636 5699
f 5636 5700 5699
f 5636 5637 5700
f 5637 5701 5700
f 5637 5638 5701
f 5638 5702 5701
f 5638 5639 5702
f 5639 5703 5702
f 5639 5576 5703
f 5576 5640 5703
f 5640 5641 5704
f 5641 5705 5704
f 5641 5642 5705
f 5642 5706 5705
f 5642 5643 5706
f 5643 5707 5706
f 5643 5644 5707
f 5644 5708 5707
f 5644 5645 5708
f 5645 5709 5708
f 5645 5646 5709
f 5646 5710 5709
f 5646 5647 5710
f 5647 5711 5710
f 5647 5648 5711
f 5648 5712 5711
f 5648 5649 5712
f 5649 5713 5712
f 5649 5650 5713
f 5650 5714 5713
f 5650 5651 5714
f 5651 5715 5714
f 5651 5652 5715
f 5652 5716 5715
f 5652 5653 5716
f 5653 5717 5716
f 5653 5654 5717
f 5654 5718 5717
f 5654 5655 5718
f 5655 5719 5718
f 5655 5656 5719
f 5656 5720 5719
f 5656 5657 5720
f 5657 5721 5720
f 5657 5658 5721
f 5658 5722 5721
f 5658 5659 5722
f 5659 5723 5722
f 5659 5660 5723
f 5660 5724 5723
f 5660 5661 5724
f 5661 5725 5724
f 5661 5662 5725
f 5662 5726 5725
f 5662 5663 5726
f 5663 5727 5726
f 5663 5664 5727
f 5664 5728 5727
f 5664 5665 5728
f 5665 5729 5728
f 5665 5666 5729
f 5666 5730 5729
f 5666 5667 5730
f 5667 5731 5730
f 5667 5668 5731
f 5668 5732 5731
f 5668 5669 5732
f 5669 5733 5732
f 5669 5670 5733
f 5670 5734 5733
f 5670 5671 5734
f 5671 5735 5734
f 5671 5672 5735
f 5672 5736 5735
f 5672 5673 5736
f 5673 5737 5736
f 5673 5674 5737
f 5674 5738 5737
f 5674 5675 5738
f 5675 5739 5738
f 5675 5676 5739
f 5676 5740 5739
f 5676 5677 5740
f 5677 5741 5740
f 5677 5678 5741
f 5678 5742 5741
f 5678 5679 5742
f 5679 5743 5742
f 5679 5680 5743
f 5680 5744 5743
f 5680 5681 5744
f 5681 5745 5744
f 5681 5682 5745
f 5682 5746 5745
f 5682 5683 5746
f 5683 5747 5746
f 5683 5684 5747
f 5684 5748 5747
f 5684 5685 5748
f 5685 5749 5748
f 5685 5686 5749
f 5686 5750 5749
f 5686 5687 5750
f 5687 5751 5750
f 5687 5688 5751
f 5688 5752 5751
f 5688 5689 5752
f 5689 5753 5752
f 5689 5690 5753
f 5690 5754 5753
f 5690 5691 5754
f 5691 5755 5754
f 5691 5692 5755
f 5692 5756 5755
f 5692 5693 5756
f 5693 5757 5756
f 5693 5694 5757
f 5694 5758 5757
f 5694 5695 5758
f 5695 5759 5758
f 5695 5696 5759
f 5696 5760 5759
f 5696 5697 5760
f 5697 5761 5760
f 5697 5698 5761
f 5698 5762 5761
f 5698 5699 5762
f 5699 5763 5762
f 5699 5700 5763
f 5700 5764 5763
f 5700 5701 5764
f 5701 5765 5764
f 5701 5702 5765
f 5702 5766 5765
f 5702 5703 5766
f 5703 5767 5766
f 5703 5640 5767
f 5640 5704 5767
f 5704 5705 5768
f 5705 5769 5768
f 5705 5706 5769
f 5706 5770 5769
f 5706 5707 5770
f 5707 5771 5770
f 5707 5708 5771
f 5708 5772 5771
f 5708 5709 5772
f 5709 5773 5772
f 5709 5710 5773
f 5710 5774 5773
f 5710 5711 5774
f 5711 5775 5774
f 5711 5712 5775
f 5712 5776 5775
f 5712 5713 5776
f 5713 5777 5776
f 5713 5714 5777
f 5714 5778 5777
f 5714 5715 5778
f 5715 5779 5778
f 5715 5716 5779
f 5716 5780 5779
f 5716 5717 5780
f 5717 5781 5780
f 5717 5718 5781
f 5718 5782 5781
f 5718 5719 5782
f 5719 5783 5782
f 5719 5720 5783
f 5720 5784 5783
f 5720 5721 5784
f 5721 5785 5784
f 5721 5722 5785
f 5722 5786 5785
f 5722 5723 5786
f 5723 5787 5786
f 5723 5724 5787
f 5724 5788 5787
f 5724 5725 5788
f 5725 5789 5788
f 5725 5726 5789
f 5726 5790 5789
f 5726 5727 5790
f 5727 5791 5790
f 5727 5728 5791
f 5728 5792 5791
f 5728 5729 5792
f 5729 5793 5792
f 5729 5730 5793
f 5730 5794 5793
f 5730 5731 5794
f 5731 5795 5794
f 5731 5732 5795
f 5732 5796 5795
f 5732 5733 5796
f 5733 5797 5796
f 5733 5734 5797
f 5734 5798 5797
f 5734 5735 5798
f 5735 5799 5798
f 5735 5736 5799
f 5736 5800 5799
f 5736 5737 5800
f 5737 5801 5800
f 5737 5738 5801
f 5738 5802 5801
f 5738 5739 5802
f 5739 5803 5802
f 5739 5740 5803
f 5740 5804 5803
f 5740 5741 5804
f 5741 5805 5804
f 5741 5742 5805
f 5742 5806 5805
f 5742 5743 5806
f 5743 5807 5806
f 5743 5744 5807
f 5744 5808 5807
f 5744 5745 5808
f 5745 5809 5808
f 5745 5746 5809
f 5746 5810 5809
f 5746 5747 5810
f 5747 5811 5810
f 5747 5748 5811
f 5748 5812 5811
f 5748 5749 5812
f 5749 5813 5812
f 5749 5750 5813
f 5750 5814 5813
f 5750 5751 5814
f 5751 5815 5814
f 5751 5752 5815
f 5752 5816 5815
f 5752 5753 5816
f 5753 5817 5816
f 5753 5754 5817
f 5754 5818 5817
f 5754 5755 5818
f 5755 5819 5818
f 5755 5756 5819
f 5756 5820 5819
f 5756 5757 5820
f 5757 5821 5820
f 5757 5758 5821
f 5758 5822 5821
f 5758 5759 5822
f 5759 5823 5822
f 5759 5760 5823
f 5760 5824 5823
f 5760 5761 5824
f 5761 5825 5824
f 5761 5762 5825
f 5762 5826 5825
f 5762 5763 5826
f 5763 5827 5826
f 5763 5764 5827
f 5764 5828 5827
f 5764 5765 5828
f 5765 5829 5828
f 5765 5766 5829
f 5766 5830 5829
f 5766 5767 5830
f 5767 5831 5830
f 5767 5704 5831
f 5704 5768 5831
f 5768 5769 5832
f 5769 5833 5832
f 5769 5770 5833
f 5770 5834 5833
f 5770 5771 5834
f 5771 5835 5834
f 5771 5772 5835
f 5772 5836 5835
f 5772 5773 5836
f 5773 5837 5836
f 5773 5774 5837
f 5774 5838 5837
f 5774 5775 5838
f 5775 5839 5838
f 5775 5776 5839
f 5776 5840 5839
f 5776 5777 5840
f 5777 5841 5840
f 5777 5778 5841
f 5778 5842 5841
f 5778 5779 5842
f 5779 5843 5842
f 5779 5780 5843
f 5780 5844 5843
f 5780 5781 5844
f 5781 5845 5844
f 5781 5782 5845
f 5782 5846 5845
f 5782 5783 5846
f 5783 5847 5846
f 5783 5784 5847
f 5784 5848 5847
f 5784 5785 5848
f 5785 5849 5848
f 5785 5786 5849
f 5786 5850 5849
f 5786 5787 5850
f 5787 5851 5850
f 5787 5788 5851
f 5788 5852 5851
f 5788 5789 5852
f 5789 5853 5852
f 5789 5790 5853
f 5790 5854 5853
f 5790 5791 5854
f 5791 5855 5854
f 5791 5792 5855
f 5792 5856 5855
f 5792 5793 5856
f 5793 5857 5856
f 5793 5794 5857
f 5794 5858 5857
f 5794 5795 5858
f 5795 5859 5858
f 5795 5796 5859
f 5796 5860 5859
f 5796 5797 5860
f 5797 5861 5860
f 5797 5798 5861
f 5798 5862 5861
f 5798 5799 5862
f 5799 5863 5862
f 5799 5800 5863
f 5800 5864 5863
f 5800 5801 5864
f 5801 5865 5864
f 5801 5802 5865
f 5802 5866 5865
f 5802 5803 5866
f 5803 5867 5866
f 5803 5804 5867
f 5804 5868 5867
f 5804 5805 5868
f 5805 5869 5868
f 5805 5806 5869
f 5806 5870 5869
f 5806 5807 5870
f 5807 5871 5870
f 5807 5808 5871
f 5808 5872 5871
f 5808 5809 5872
f 5809 5873 5872
f 5809 5810 5873
f 5810 5874 5873
f 5810 5811 5874
f 5811 5875 5874
f 5811 5812 5875
f 5812 5876 5875
f 5812 5813 5876
f 5813 5877 5876
f 5813 5814 5877
f 5814 5878 5877
f 5814 5815 5878
f 5815 5879 5878
f 5815 5816 5879
f 5816 5880 5879
f 5816 5817 5880
f 5817 5881 5880
f 5817 5818 5881
f 5818 5882 5881
f 5818 5819 5882
f 5819 5883 5882
f 5819 5820 5883
f 5820 5884 5883
f 5820 5821 5884
f 5821 5885 5884
f 5821 5822 5885
f 5822 5886 5885
f 5822 5823 5886
f 5823 5887 5886
f 5823 5824 5887
f 5824 5888 5887
f 5824 5825 5888
f 5825 5889 5888
f 5825 5826 5889
f 5826 5890 5889
f 5826 5827 5890
f 5827 5891 5890
f 5827 5828 5891
f 5828 5892 5891
f 5828 5829 5892
f 5829 5893 5892
f 5829 5830 5893
f 5830 5894 5893
f 5830 5831 5894
f 5831 5895 5894
f 5831 5768 5895
f 5768 5832 5895
f 5832 5833 5896
f 5833 5897 5896
f 5833 5834 5897
f 5834 5898 5897
f 5834 5835 5898
f 5835 5899 5898
f 5835 5836 5899
f 5836 5900 5899
f 5836 5837 5900
f 5837 5901 5900
f 5837 5838 5901
f 5838 5902 5901
f 5838 5839 5902
f 5839 5903 5902
f 5839 5840 5903
f 5840 5904 5903
f 5840 5841 5904
f 5841 5905 5904
f 5841 5842 5905
f 5842 5906 5905
f 5842 5843 5906
f 5843 5907 5906
f 5843 5844 5907
f 5844 5908 5907
f 5844 5845 5908
f 5845 5909 5908
f 5845 5846 5909
f 5846 5910 5909
f 5846 5847 5910
f 5847 5911 5910
f 5847 5848 5911
f 5848 5912 5911
f 5848 5849 5912
f 5849 5913 5912
f 5849 5850 5913
f 5850 5914 5913
f 5850 5851 5914
f 5851 5915 5914
f 5851 5852 5915
f 5852 5916 5915
f 5852 5853 5916
f 5853 5917 5916
f 5853 5854 5917
f 5854 5918 5917
f 5854 5855 5918
f 5855 5919 5918
f 5855 5856 5919
f 5856 5920 5919
f 5856 5857 5920
f 5857 5921 5920
f 5857 5858 5921
f 5858 5922 5921
f 5858 5859 5922
f 5859 5923 5922
f 5859 5860 5923
f 5860 5924 5923
f 5860 5861 5924
f 5861 5925 5924
f 5861 5862 5925
f 5862 5926 5925
f 5862 5863 5926
f 5863 5927 5926
f 5863 5864 5927
f 5864 5928 5927
f 5864 5865 5928
f 5865 5929 5928
f 5865 5866 5929
f 5866 5930 5929
f 5866 5867 5930
f 5867 5931 5930
f 5867 5868 5931
f 5868 5932 5931
f 5868 5869 5932
f 5869 5933 5932
f 5869 5870 5933
f 5870 5934 5933
f 5870 5871 5934
f 5871 5935 5934
f 5871 5872 5935
f 5872 5936 5935
f 5872 5873 5936
f 5873 5937 5936
f 5873 5874 5937
f 5874 5938 5937
f 5874 5875 5938
f 5875 5939 5938
f 5875 5876 5939
f 5876 5940 5939
f 5876 5877 5940
f 5877 5941 5940
f 5877 5878 5941
f 5878 5942 5941
f 5878 5879 5942
f 5879 5943 5942
f 5879 5880 5943
f 5880 5944 5943
f 5880 5881 5944
f 5881 5945 5944
f 5881 5882 5945
f 5882 5946 5945
f 5882 5883 5946
f 5883 5947 5946
f 5883 5884 5947
f 5884 5948 5947
f 5884 5885 5948
f 5885 5949 5948
f 5885 5886 5949
f 5886 5950 5949
f 5886 5887 5950
f 5887 5951 5950
f 5887 5888 5951
f 5888 5952 5951
f 5888 5889 5952
f 5889 5953 5952
f 5889 5890 5953
f 5890 5954 5953
f 5890 5891 5954
f 5891 5955 5954
f 5891 5892 5955
f 5892 5956 5955
f 5892 5893 5956
f 5893 5957 5956
f 5893 5894 5957
f 5894 5958 5957
f 5894 5895 5958
f 5895 5959 5958
f 5895 5832 5959
f 5832 5896 5959
f 5896 5897 5960
f 5897 5961 5960
f 5897 5898 5961
f 5898 5962 5961
f 5898 5899 5962
f 5899 5963 5962
f 5899 5900 5963
f 5900 5964 5963
f 5900 5901 5964
f 5901 5965 5964
f 5901 5902 5965
f 5902 5966 5965
f 5902 5903 5966
f 5903 5967 5966
f 5903 5904 5967
f 5904 5968 5967
f 5904 5905 5968
f 5905 5969 5968
f 5905 5906 5969
f 5906 5970 5969
f 5906 5907 5970
f 5907 5971 5970
f 5907 5908 5971
f 5908 5972 5971
f 5908 5909 5972
f 5909 5973 5972
f 5909 5910 5973
f 5910 5974 5973
f 5910 5911 5974
f 5911 5975 5974
f 5911 5912 5975
f 5912 5976 5975
f 5912 5913 5976
f 5913 5977 5976
f 5913 5914 5977
f 5914 5978 5977
f 5914 5915 5978
f 5915 5979 5978
f 5915 5916 5979
f 5916 5980 5979
f 5916 5917 5980
f 5917 5981 5980
f 5917 5918 5981
f 5918 5982 5981
f 5918 5919 5982
f 5919 5983 5982
f 5919 5920 5983
f 5920 5984 5983
f 5920 5921 5984
f 5921 5985 5984
f 5921 5922 5985
f 5922 5986 5985
f 5922 5923 5986
f 5923 5987 5986
f 5923 5924 5987
f 5924 5988 5987
f 5924 5925 5988
f 5925 5989 5988
f 5925 5926 5989
f 5926 5990 5989
f 5926 5927 5990
f 5927 5991 5990
f 5927 5928 5991
f 5928 5992 5991
f 5928 5929 5992
f 5929 5993 5992
f 5929 5930 5993
f 5930 5994 5993
f 5930 5931 5994
f 5931 5995 5994
f 5931 5932 5995
f 5932 5996 5995
f 5932 5933 5996
f 5933 5997 5996
f 5933 5934 5997
f 5934 5998 5997
f 5934 5935 5998
f 5935 5999 5998
f 5935 5936 5999
f 5936 6000 5999
f 5936 5937 6000
f 5937 6001 6000
f 5937 5938 6001
f 5938 6002 6001
f 5938 5939 6002
f 5939 6003 6002
f 5939 5940 6003
f 5940 6004 6003
f 5940 5941 6004
f 5941 6005 6004
f 5941 5942 6005
f 5942 6006 6005
f 5942 5943 6006
f 5943 6007 6006
f 5943 5944 6007
f 5944 6008 6007
f 5944 5945 6008
f 5945 6009 6008
f 5945 5946 6009
f 5946 6010 6009
f 5946 5947 6010
f 5947 6011 6010
f 5947 5948 6011
f 5948 6012 6011
f 5948 5949 6012
f 5949 6013 6012
f 5949 5950 6013
f 5950 6014 6013
f 5950 5951 6014
f 5951 6015 6014
f 5951 5952 6015
f 5952 6016 6015
f 5952 5953 6016
f 5953 6017 6016
f 5953 5954 6017
f 5954 6018 6017
f 5954 5955 6018
f 5955 6019 6018
f 5955 5956 6019
f 5956 6020 6019
f 5956 5957 6020
f 5957 6021 6020
f 5957 5958 6021
f 5958 6022 6021
f 5958 5959 6022
f 5959 6023 6022
f 5959 5896 6023
f 5896 5960 6023
f 5960 5961 6024
f 5961 6025 6024
f 5961 5962 6025
f 5962 6026 6025
f 5962 5963 6026
f 5963 6027 6026
f 5963 5964 6027
f 5964 6028 6027
f 5964 5965 6028
f 5965 6029 6028
f 5965 5966 6029
f 5966 6030 6029
f 5966 5967 6030
f 5967 6031 6030
f 5967 5968 6031
f 5968 6032 6031
f 5968 5969 6032
f 5969 6033 6032
f 5969 5970 6033
f 5970 6034 6033
f 5970 5971 6034
f 5971 6035 6034
f 5971 5972 6035
f 5972 6036 6035
f 5972 5973 6036
f 5973 6037 6036
f 5973 5974 6037
f 5974 6038 6037
f 5974 5975 6038
f 5975 6039 6038
f 5975 5976 6039
f 5976 6040 6039
f 5976 5977 6040
f 5977 6041 6040
f 5977 5978 6041
f 5978 6042 6041
f 5978 5979 6042
f 5979 6043 6042
f 5979 5980 6043
f 5980 6044 6043
f 5980 5981 6044
f 5981 6045 6044
f 5981 5982 6045
f 5982 6046 6045
f 5982 5983 6046
f 5983 6047 6046
f 5983 5984 6047
f 5984 6048 6047
f 5984 5985 6048
f 5985 6049 6048
f 5985 5986 6049
f 5986 6050 6049
f 5986 5987 6050
f 5987 6051 6050
f 5987 5988 6051
f 5988 6052 6051
f 5988 5989 6052
f 5989 6053 6052
f 5989 5990 6053
f 5990 6054 6053
f 5990 5991 6054
f 5991 6055 6054
f 5991 5992 6055
f 5992 6056 6055
f 5992 5993 6056
f 5993 6057 6056
f 5993 5994 6057
f 5994 6058 6057
f 5994 5995 6058
f 5995 6059 6058
f 5995 5996 6059
f 5996 6060 6059
f 5996 5997 6060
f 5997 6061 6060
f 5997 5998 6061
f 5998 6062 6061
f 5998 5999 6062
f 5999 6063 6062
f 5999 6000 6063
f 6000 6064 6063
f 6000 6001 6064
f 6001 6065 6064
f 6001 6002 6065
f 6002 6066 6065
f 6002 6003 6066
f 6003 6067 6066
f 6003 6004 6067
f 6004 6068 6067
f 6004 6005 6068
f 6005 6069 6068
f 6005 6006 6069
f 6006 6070 6069
f 6006 6007 6070
f 6007 6071 6070
f 6007 6008 6071
f 6008 6072 6071
f 6008 6009 6072
f 6009 6073 6072
f 6009 6010 6073
f 6010 6074 6073
f 6010 6011 6074
f 6011 6075 6074
f 6011 6012 6075
f 6012 6076 6075
f 6012 6013 6076
f 6013 6077 6076
f 6013 6014 6077
f 6014 6078 6077
f 6014 6015 6078
f 6015 6079 6078
f 6015 6016 6079
f 6016 6080 6079
f 6016 6017 6080
f 6017 6081 6080
f 6017 6018 6081
f 6018 6082 6081
f 6018 6019 6082
f 6019 6083 6082
f 6019 6020 6083
f 6020 6084 6083
f 6020 6021 6084
f 6021 6085 6084
f 6021 6022 6085
f 6022 6086 6085
f 6022 6023 6086
f 6023 6087 6086
f 6023 5960 6087
f 5960 6024 6087
f 6024 6025 6088
f 6025 6089 6088
f 6025 6026 6089
f 6026 6090 6089
f 6026 6027 6090
f 6027 6091 6090
f 6027 6028 6091
f 6028 6092 6091
f 6028 6029 6092
f 6029 6093 6092
f 6029 6030 6093
f 6030 6094 6093
f 6030 6031 6094
f 6031 6095 6094
f 6031 6032 6095
f 6032 6096 6095
f 6032 6033 6096
f 6033 6097 6096
f 6033 6034 6097
f 6034 6098 6097
f 6034 6035 6098
f 6035 6099 6098
f 6035 6036 6099
f 6036 6100 6099
f 6036 6037 6100
f 6037 6101 6100
f 6037 6038 6101
f 6038 6102 6101
f 6038 6039 6102
f 6039 6103 6102
f 6039 6040 6103
f 6040 6104 6103
f 6040 6041 6104
f 6041 6105 6104
f 6041 6042 6105
f 6042 6106 6105
f 6042 6043 6106
f 6043 6107 6106
f 6043 6044 6107
f 6044 6108 6107
f 6044 6045 6108
f 6045 6109 6108
f 6045 6046 6109
f 6046 6110 6109
f 6046 6047 6110
f 6047 6111 6110
f 6047 6048 6111
f 6048 6112 6111
f 6048 6049 6112
f 6049 6113 6112
f 6049 6050 6113
f 6050 6114 6113
f 6050 6051 6114
f 6051 6115 6114
f 6051 6052 6115
f 6052 6116 6115
f 6052 6053 6116
f 6053 6117 6116
f 6053 6054 6117
f 6054 6118 6117
f 6054 6055 6118
f 6055 6119 6118
f 6055 6056 6119
f 6056 6120 6119
f 6056 6057 6120
f 6057 6121 6120
f 6057 6058 6121
f 6058 6122 6121
f 6058 6059 6122
f 6059 6123 6122
f 6059 6060 6123
f 6060 6124 6123
f 6060 6061 6124
f 6061 6125 6124
f 6061 6062 6125
f 6062 6126 6125
f 6062 6063 6126
f 6063 6127 6126
f 6063 6064 6127
f 6064 6128 6127
f 6064 6065 6128
f 6065 6129 6128
f 6065 6066 6129
f 6066 6130 6129
f 6066 6067 6130
f 6067 6131 6130
f 6067 6068 6131
f 6068 6132 6131
f 6068 6069 6132
f 6069 6133 6132
f 6069 6070 6133
f 6070 6134 6133
f 6070 6071 6134
f 6071 6135 6134
f 6071 6072 6135
f 6072 6136 6135
f 6072 6073 6136
f 6073 6137 6136
f 6073 6074 6137
f 6074 6138 6137
f 6074 6075 6138
f 6075 6139 6138
f 6075 6076 6139
f 6076 6140 6139
f 6076 6077 6140
f 6077 6141 6140
f 6077 6078 6141
f 6078 6142 6141
f 6078 6079 6142
f 6079 6143 6142
f 6079 6080 6143
f 6080 6144 6143
f 6080 6081 6144
f 6081 6145 6144
f 6081 6082 6145
f 6082 6146 6145
f 6082 6083 6146
f 6083 6147 6146
f 6083 6084 6147
f 6084 6148 6147
f 6084 6085 6148
f 6085 6149 6148
f 6085 6086 6149
f 6086 6150 6149
f 6086 6087 6150
f 6087 6151 6150
f 6087 6024 6151
f 6024 6088 6151
f 6088 6089 6152
f 6089 6153 6152
f 6089 6090 6153
f 6090 6154 6153
f 6090 6091 6154
f 6091 6155 6154
f 6091 6092 6155
f 6092 6156 6155
f 6092 6093 6156
f 6093 6157 6156
f 6093 6094 6157
f 6094 6158 6157
f 6094 6095 6158
f 6095 6159 6158
f 6095 6096 6159
f 6096 6160 6159
f 6096 6097 6160
f 6097 6161 6160
f 6097 6098 6161
f 6098 6162 6161
f 6098 6099 6162
f 6099 6163 6162
f 6099 6100 6163
f 6100 6164 6163
f 6100 6101 6164
f 6101 6165 6164
f 6101 6102 6165
f 6102 6166 6165
f 6102 6103 6166
f 6103 6167 6166
f 6103 6104 6167
f 6104 6168 6167
f 6104 6105 6168
f 6105 6169 6168
f 6105 6106 6169
f 6106 6170 6169
f 6106 6107 6170
f 6107 6171 6170
f 6107 6108 6171
f 6108 6172 6171
f 6108 6109 6172
f 6109 6173 6172
f 6109 6110 6173
f 6110 6174 6173
f 6110 6111 6174
f 6111 6175 6174
f 6111 6112 6175
f 6112 6176 6175
f 6112 6113 6176
f 6113 6177 6176
f 6113 6114 6177
f 6114 6178 6177
f 6114 6115 6178
f 6115 6179 6178
f 6115 6116 6179
f 6116 6180 6179
f 6116 6117 6180
f 6117 6181 6180
f 6117 6118 6181
f 6118 6182 6181
f 6118 6119 6182
f 6119 6183 6182
f 6119 6120 6183
f 6120 6184 6183
f 6120 6121 6184
f 6121 6185 6184
f 6121 6122 6185
f 6122 6186 6185
f 6122 6123 6186
f 6123 6187 6186
f 6123 6124 6187
f 6124 6188 6187
f 6124 6125 6188
f 6125 6189 6188
f 6125 6126 6189
f 6126 6190 6189
f 6126 6127 6190
f 6127 6191 6190
f 6127 6128 6191
f 6128 6192 6191
f 6128 6129 6192
f 6129 6193 6192
f 6129 6130 6193
f 6130 6194 6193
f 6130 6131 6194
f 6131 6195 6194
f 6131 6132 6195
f 6132 6196 6195
f 6132 6133 6196
f 6133 6197 6196
f 6133 6134 6197
f 6134 6198 6197
f 6134 6135 6198
f 6135 6199 6198
f 6135 6136 6199
f 6136 6200 6199
f 6136 6137 6200
f 6137 6201 6200
f 6137 6138 6201
f 6138 6202 6201
f 6138 6139 6202
f 6139 6203 6202
f 6139 6140 6203
f 6140 6204 6203
f 6140 6141 6204
f 6141 6205 6204
f 6141 6142 6205
f 6142 6206 6205
f 6142 6143 6206
f 6143 6207 6206
f 6143 6144 6207
f 6144 6208 6207
f 6144 6145 6208
f 6145 6209 6208
f 6145 6146 6209
f 6146 6210 6209
f 6146 6147 6210
f 6147 6211 6210
f 6147 6148 6211
f 6148 6212 6211
f 6148 6149 6212
f 6149 6213 6212
f 6149 6150 6213
f 6150 6214 6213
f 6150 6151 6214
f 6151 6215 6214
f 6151 6088 6215
f 6088 6152 6215
f 6152 6153 6216
f 6153 6217 6216
f 6153 6154 6217
f 6154 6218 6217
f 6154 6155 6218
f 6155 6219 6218
f 6155 6156 6219
f 6156 6220 6219
f 6156 6157 6220
f 6157 6221 6220
f 6157 6158 6221
f 6158 6222 6221
f 6158 6159 6222
f 6159 6223 6222
f 6159 6160 6223
f 6160 6224 6223
f 6160 6161 6224
f 6161 6225 6224
f 6161 6162 6225
f 6162 6226 6225
f 6162 6163 6226
f 6163 6227 6226
f 6163 6164 6227
f 6164 6228 6227
f 6164 6165 6228
f 6165 6229 6228
f 6165 6166 6229
f 6166 6230 6229
f 6166 6167 6230
f 6167 6231 6230
f 6167 6168 6231
f 6168 6232 6231
f 6168 6169 6232
f 6169 6233 6232
f 6169 6170 6233
f 6170 6234 6233
f 6170 6171 6234
f 6171 6235 6234
f 6171 6172 6235
f 6172 6236 6235
f 6172 6173 6236
f 6173 6237 6236
f 6173 6174 6237
f 6174 6238 6237
f 6174 6175 6238
f 6175 6239 6238
f 6175 6176 6239
f 6176 6240 6239
f 6176 6177 6240
f 6177 6241 6240
f 6177 6178 6241
f 6178 6242 6241
f 6178 6179 6242
f 6179 6243 6242
f 6179 6180 6243
f 6180 6244 6243
f 6180 6181 6244
f 6181 6245 6244
f 6181 6182 6245
f 6182 6246 6245
f 6182 6183 6246
f 6183 6247 6246
f 6183 6184 6247
f 6184 6248 6247
f 6184 6185 6248
f 6185 6249 6248
f 6185 6186 6249
f 6186 6250 6249
f 6186 6187 6250
f 6187 6251 6250
f 6187 6188 6251
f 6188 6252 6251
f 6188 6189 6252
f 6189 6253 6252
f 6189 6190 6253
f 6190 6254 6253
f 6190 6191 6254
f 6191 6255 6254
f 6191 6192 6255
f 6192 6256 6255
f 6192 6193 6256
f 6193 6257 6256
f 6193 6194 6257
f 6194 6258 6257
f 6194 6195 6258
f 6195 6259 6258
f 6195 6196 6259
f 6196 6260 6259
f 6196 6197 6260
f 6197 6261 6260
f 6197 6198 6261
f 6198 6262 6261
f 6198 6199 6262
f 6199 6263 6262
f 6199 6200 6263
f 6200 6264 6263
f 6200 6201 6264
f 6201 6265 6264
f 6201 6202 6265
f 6202 6266 6265
f 6202 6203 6266
f 6203 6267 6266
f 6203 6204 6267
f 6204 6268 6267
f 6204 6205 6268
f 6205 6269 6268
f 6205 6206 6269
f 6206 6270 6269
f 6206 6207 6270
f 6207 6271 6270
f 6207 6208 6271
f 6208 6272 6271
f 6208 6209 6272
f 6209 6273 6272
f 6209 6210 6273
f 6210 6274 6273
f 6210 6211 6274
f 6211 6275 6274
f 6211 6212 6275
f 6212 6276 6275
f 6212 6213 6276
f 6213 6277 6276
f 6213 6214 6277
f 6214 6278 6277
f 6214 6215 6278
f 6215 6279 6278
f 6215 6152 6279
f 6152 6216 6279
f 6216 6217 6280
f 6217 6281 6280
f 6217 6218 6281
f 6218 6282 6281
f 6218 6219 6282
f 6219 6283 6282
f 6219 6220 6283
f 6220 6284 6283
f 6220 6221 6284
f 6221 6285 6284
f 6221 6222 6285
f 6222 6286 6285
f 6222 6223 6286
f 6223 6287 6286
f 6223 6224 6287
f 6224 6288 6287
f 6224 6225 6288
f 6225 6289 6288
f 6225 6226 6289
f 6226 6290 6289
f 6226 6227 6290
f 6227 6291 6290
f 6227 6228 6291
f 6228 6292 6291
f 6228 6229 6292
f 6229 6293 6292
f 6229 6230 6293
f 6230 6294 6293
f 6230 6231 6294
f 6231 6295 6294
f 6231 6232 6295
f 6232 6296 6295
f 6232 6233 6296
f 6233 6297 6296
f 6233 6234 6297
f 6234 6298 6297
f 6234 6235 6298
f 6235 6299 6298
f 6235 6236 6299
f 6236 6300 6299
f 6236 6237 6300
f 6237 6301 6300
f 6237 6238 6301
f 6238 6302 6301
f 6238 6239 6302
f 6239 6303 6302
f 6239 6240 6303
f 6240 6304 6303
f 6240 6241 6304
f 6241 6305 6304
f 6241 6242 6305
f 6242 6306 6305
f 6242 6243 6306
f 6243 6307 6306
f 6243 6244 6307
f 6244 6308 6307
f 6244 6245 6308
f 6245 6309 6308
f 6245 6246 6309
f 6246 6310 6309
f 6246 6247 6310
f 6247 6311 6310
f 6247 6248 6311
f 6248 6312 6311
f 6248 6249 6312
f 6249 6313 6312
f 6249 6250 6313
f 6250 6314 6313
f 6250 6251 6314
f 6251 6315 6314
f 6251 6252 6315
f 6252 6316 6315
f 6252 6253 6316
f 6253 6317 6316
f 6253 6254 6317
f 6254 6318 6317
f 6254 6255 6318
f 6255 6319 6318
f 6255 6256 6319
f 6256 6320 6319
f 6256 6257 6320
f 6257 6321 6320
f 6257 6258 6321
f 6258 6322 6321
f 6258 6259 6322
f 6259 6323 6322
f 6259 6260 6323
f 6260 6324 6323
f 6260 6261 6324
f 6261 6325 6324
f 6261 6262 6325
f 6262 6326 6325
f 6262 6263 6326
f 6263 6327 6326
f 6263 6264 6327
f 6264 6328 6327
f 6264 6265 6328
f 6265 6329 6328
f 6265 6266 6329
f 6266 6330 6329
f 6266 6267 6330
f 6267 6331 6330
f 6267 6268 6331
f 6268 6332 6331
f 6268 6269 6332
f 6269 6333 6332
f 6269 6270 6333
f 6270 6334 6333
f 6270 6271 6334
f 6271 6335 6334
f 6271 6272 6335
f 6272 6336 6335
f 6272 6273 6336
f 6273 6337 6336
f 6273 6274 6337
f 6274 6338 6337
f 6274 6275 6338
f 6275 6339 6338
f 6275 6276 6339
f 6276 6340 6339
f 6276 6277 6340
f 6277 6341 6340
f 6277 6278 6341
f 6278 6342 6341
f 6278 6279 6342
f 6279 6343 6342
f 6279 6216 6343
f 6216 6280 6343
f 6280 6281 6344
f 6281 6345 6344
f 6281 6282 6345
f 6282 6346 6345
f 6282 6283 6346
f 6283 6347 6346
f 6283 6284 6347
f 6284 6348 6347
f 6284 6285 6348
f 6285 6349 6348
f 6285 6286 6349
f 6286 6350 6349
f 6286 6287 6350
f 6287 6351 6350
f 6287 6288 6351
f 6288 6352 6351
f 6288 6289 6352
f 6289 6353 6352
f 6289 6290 6353
f 6290 6354 6353
f 6290 6291 6354
f 6291 6355 6354
f 6291 6292 6355
f 6292 6356 6355
f 6292 6293 6356
f 6293 6357 6356
f 6293 6294 6357
f 6294 6358 6357
f 6294 6295 6358
f 6295 6359 6358
f 6295 6296 6359
f 6296 6360 6359
f 6296 6297 6360
f 6297 6361 6360
f 6297 6298 6361
f 6298 6362 6361
f 6298 6299 6362
f 6299 6363 6362
f 6299 6300 6363
f 6300 6364 6363
f 6300 6301 6364
f 6301 6365 6364
f 6301 6302 6365
f 6302 6366 6365
f 6302 6303 6366
f 6303 6367 6366
f 6303 6304 6367
f 6304 6368 6367
f 6304 6305 6368
f 6305 6369 6368
f 6305 6306 6369
f 6306 6370 6369
f 6306 6307 6370
f 6307 6371 6370
f 6307 6308 6371
f 6308 6372 6371
f 6308 6309 6372
f 6309 6373 6372
f 6309 6310 6373
f 6310 6374 6373
f 6310 6311 6374
f 6311 6375 6374
f 6311 6312 6375
f 6312 6376 6375
f 6312 6313 6376
f 6313 6377 6376
f 6313 6314 6377
f 6314 6378 6377
f 6314 6315 6378
f 6315 6379 6378
f 6315 6316 6379
f 6316 6380 6379
f 6316 6317 6380
f 6317 6381 6380
f 6317 6318 6381
f 6318 6382 6381
f 6318 6319 6382
f 6319 6383 6382
f 6319 6320 6383
f 6320 6384 6383
f 6320 6321 6384
f 6321 6385 6384
f 6321 6322 6385
f 6322 6386 6385
f 6322 6323 6386
f 6323 6387 6386
f 6323 6324 6387
f 6324 6388 6387
f 6324 6325 6388
f 6325 6389 6388
f 6325 6326 6389
f 6326 6390 6389
f 6326 6327 6390
f 6327 6391 6390
f 6327 6328 6391
f 6328 6392 6391
f 6328 6329 6392
f 6329 6393 6392
f 6329 6330 6393
f 6330 6394 6393
f 6330 6331 6394
f 6331 6395 6394
f 6331 6332 6395
f 6332 6396 6395
f 6332 6333 6396
f 6333 6397 6396
f 6333 6334 6397
f 6334 6398 6397
f 6334 6335 6398
f 6335 6399 6398
f 6335 6336 6399
f 6336 6400 6399
f 6336 6337 6400
f 6337 6401 6400
f 6337 6338 6401
f 6338 6402 6401
f 6338 6339 6402
f 6339 6403 6402
f 6339 6340 6403
f 6340 6404 6403
f 6340 6341 6404
f 6341 6405 6404
f 6341 6342 6405
f 6342 6406 6405
f 6342 6343 6406
f 6343 6407 6406
f 6343 6280 6407
f 6280 6344 6407
f 6344 6345 6408
f 6345 6409 6408
f 6345 6346 6409
f 6346 6410 6409
f 6346 6347 6410
f 6347 6411 6410
f 6347 6348 6411
f 6348 6412 6411
f 6348 6349 6412
f 6349 6413 6412
f 6349 6350 6413
f 6350 6414 6413
f 6350 6351 6414
f 6351 6415 6414
f 6351 6352 6415
f 6352 6416 6415
f 6352 6353 6416
f 6353 6417 6416
f 6353 6354 6417
f 6354 6418 6417
f 6354 6355 6418
f 6355 6419 6418
f 6355 6356 6419
f 6356 6420 6419
f 6356 6357 6420
f 6357 6421 6420
f 6357 6358 6421
f 6358 6422 6421
f 6358 6359 6422
f 6359 6423 6422
f 6359 6360 6423
f 6360 6424 6423
f 6360 6361 6424
f 6361 6425 6424
f 6361 6362 6425
f 6362 6426 6425
f 6362 6363 6426
f 6363 6427 6426
f 6363 6364 6427
f 6364 6428 6427
f 6364 6365 6428
f 6365 6429 6428
f 6365 6366 6429
f 6366 6430 6429
f 6366 6367 6430
f 6367 6431 6430
f 6367 6368 6431
f 6368 6432 6431
f 6368 6369 6432
f 6369 6433 6432
f 6369 6370 6433
f 6370 6434 6433
f 6370 6371 6434
f 6371 6435 6434
f 6371 6372 6435
f 6372 6436 6435
f 6372 6373 6436
f 6373 6437 6436
f 6373 6374 6437
f 6374 6438 6437
f 6374 6375 6438
f 6375 6439 6438
f 6375 6376 6439
f 6376 6440 6439
f 6376 6377 6440
f 6377 6441 6440
f 6377 6378 6441
f 6378 6442 6441
f 6378 6379 6442
f 6379 6443 6442
f 6379 6380 6443
f 6380 6444 6443
f 6380 6381 6444
f 6381 6445 6444
f 6381 6382 6445
f 6382 6446 6445
f 6382 6383 6446
f 6383 6447 6446
f 6383 6384 6447
f 6384 6448 6447
f 6384 6385 6448
f 6385 6449 6448
f 6385 6386 6449
f 6386 6450 6449
f 6386 6387 6450
f 6387 6451 6450
f 6387 6388 6451
f 6388 6452 6451
f 6388 6389 6452
f 6389 6453 6452
f 6389 6390 6453
f 6390 6454 6453
f 6390 6391 6454
f 6391 6455 6454
f 6391 6392 6455
f 6392 6456 6455
f 6392 6393 6456
f 6393 6457 6456
f 6393 6394 6457
f 6394 6458 6457
f 6394 6395 6458
f 6395 6459 6458
f 6395 6396 6459
f 6396 6460 6459
f 6396 6397 6460
f 6397 6461 6460
f 6397 6398 6461
f 6398 6462 6461
f 6398 6399 6462
f 6399 6463 6462
f 6399 6400 6463
f 6400 6464 6463
f 6400 6401 6464
f 6401 6465 6464
f 6401 6402 6465
f 6402 6466 6465
f 6402 6403 6466
f 6403 6467 6466
f 6403 6404 6467
f 6404 6468 6467
f 6404 6405 6468
f 6405 6469 6468
f 6405 6406 6469
f 6406 6470 6469
f 6406 6407 6470
f 6407 6471 6470
f 6407 6344 6471
f 6344 6408 6471
f 6408 6409 6472
f 6409 6473 6472
f 6409 6410 6473
f 6410 6474 6473
f 6410 6411 6474
f 6411 6475 6474
f 6411 6412 6475
f 6412 6476 6475
f 6412 6413 6476
f 6413 6477 6476
f 6413 6414 6477
f 6414 6478 6477
f 6414 6415 6478
f 6415 6479 6478
f 6415 6416 6479
f 6416 6480 6479
f 6416 6417 6480
f 6417 6481 6480
f 6417 6418 6481
f 6418 6482 6481
f 6418 6419 6482
f 6419 6483 6482
f 6419 6420 6483
f 6420 6484 6483
f 6420 6421 6484
f 6421 6485 6484
f 6421 6422 6485
f 6422 6486 6485
f 6422 6423 6486
f 6423 6487 6486
f 6423 6424 6487
f 6424 6488 6487
f 6424 6425 6488
f 6425 6489 6488
f 6425 6426 6489
f 6426 6490 6489
f 6426 6427 6490
f 6427 6491 6490
f 6427 6428 6491
f 6428 6492 6491
f 6428 6429 6492
f 6429 6493 6492
f 6429 6430 6493
f 6430 6494 6493
f 6430 6431 6494
f 6431 6495 6494
f 6431 6432 6495
f 6432 6496 6495
f 6432 6433 6496
f 6433 6497 6496
f 6433 6434 6497
f 6434 6498 6497
f 6434 6435 6498
f 6435 6499 6498
f 6435 6436 6499
f 6436 6500 6499
f 6436 6437 6500
f 6437 6501 6500
f 6437 6438 6501
f 6438 6502 6501
f 6438 6439 6502
f 6439 6503 6502
f 6439 6440 6503
f 6440 6504 6503
f 6440 6441 6504
f 6441 6505 6504
f 6441 6442 6505
f 6442 6506 6505
f 6442 6443 6506
f 6443 6507 6506
f 6443 6444 6507
f 6444 6508 6507
f 6444 6445 6508
f 6445 6509 6508
f 6445 6446 6509
f 6446 6510 6509
f 6446 6447 6510
f 6447 6511 6510
f 6447 6448 6511
f 6448 6512 6511
f 6448 6449 6512
f 6449 6513 6512
f 6449 6450 6513
f 6450 6514 6513
f 6450 6451 6514
f 6451 6515 6514
f 6451 6452 6515
f 6452 6516 6515
f 6452 6453 6516
f 6453 6517 6516
f 6453 6454 6517
f 6454 6518 6517
f 6454 6455 6518
f 6455 6519 6518
f 6455 6456 6519
f 6456 6520 6519
f 6456 6457 6520
f 6457 6521 6520
f 6457 6458 6521
f 6458 6522 6521
f 6458 6459 6522
f 6459 6523 6522
f 6459 6460 6523
f 6460 6524 6523
f 6460 6461 6524
f 6461 6525 6524
f 6461 6462 6525
f 6462 6526 6525
f 6462 6463 6526
f 6463 6527 6526
f 6463 6464 6527
f 6464 6528 6527
f 6464 6465 6528
f 6465 6529 6528
f 6465 6466 6529
f 6466 6530 6529
f 6466 6467 6530
f 6467 6531 6530
f 6467 6468 6531
f 6468 6532 6531
f 6468 6469 6532
f 6469 6533 6532
f 6469 6470 6533
f 6470 6534 6533
f 6470 6471 6534
f 6471 6535 6534
f 6471 6408 6535
f 6408 6472 6535
f 6472 6473 6536
f 6473 6537 6536
f 6473 6474 6537
f 6474 6538 6537
f 6474 6475 6538
f 6475 6539 6538
f 6475 6476 6539
f 6476 6540 6539
f 6476 6477 6540
f 6477 6541 6540
f 6477 6478 6541
f 6478 6542 6541
f 6478 6479 6542
f 6479 6543 6542
f 6479 6480 6543
f 6480 6544 6543
f 6480 6481 6544
f 6481 6545 6544
f 6481 6482 6545
f 6482 6546 6545
f 6482 6483 6546
f 6483 6547 6546
f 6483 6484 6547
f 6484 6548 6547
f 6484 6485 6548
f 6485 6549 6548
f 6485 6486 6549
f 6486 6550 6549
f 6486 6487 6550
f 6487 6551 6550
f 6487 6488 6551
f 6488 6552 6551
f 6488 6489 6552
f 6489 6553 6552
f 6489 6490 6553
f 6490 6554 6553
f 6490 6491 6554
f 6491 6555 6554
f 6491 6492 6555
f 6492 6556 6555
f 6492 6493 6556
f 6493 6557 6556
f 6493 6494 6557
f 6494 6558 6557
f 6494 6495 6558
f 6495 6559 6558
f 6495 6496 6559
f 6496 6560 6559
f 6496 6497 6560
f 6497 6561 6560
f 6497 6498 6561
f 6498 6562 6561
f 6498 6499 6562
f 6499 6563 6562
f 6499 6500 6563
f 6500 6564 6563
f 6500 6501 6564
f 6501 6565 6564
f 6501 6502 6565
f 6502 6566 6565
f 6502 6503 6566
f 6503 6567 6566
f 6503 6504 6567
f 6504 6568 6567
f 6504 6505 6568
f 6505 6569 6568
f 6505 6506 6569
f 6506 6570 6569
f 6506 6507 6570
f 6507 6571 6570
f 6507 6508 6571
f 6508 6572 6571
f 6508 6509 6572
f 6509 6573 6572
f 6509 6510 6573
f 6510 6574 6573
f 6510 6511 6574
f 6511 6575 6574
f 6511 6512 6575
f 6512 6576 6575
f 6512 6513 6576
f 6513 6577 6576
f 6513 6514 6577
f 6514 6578 6577
f 6514 6515 6578
f 6515 6579 6578
f 6515 6516 6579
f 6516 6580 6579
f 6516 6517 6580
f 6517 6581 6580
f 6517 6518 6581
f 6518 6582 6581
f 6518 6519 6582
f 6519 6583 6582
f 6519 6520 6583
f 6520 6584 6583
f 6520 6521 6584
f 6521 6585 6584
f 6521 6522 6585
f 6522 6586 6585
f 6522 6523 6586
f 6523 6587 6586
f 6523 6524 6587
f 6524 6588 6587
f 6524 6525 6588
f 6525 6589 6588
f 6525 6526 6589
f 6526 6590 6589
f 6526 6527 6590
f 6527 6591 6590
f 6527 6528 6591
f 6528 6592 6591
f 6528 6529 6592
f 6529 6593 6592
f 6529 6530 6593
f 6530 6594 6593
f 6530 6531 6594
f 6531 6595 6594
f 6531 6532 6595
f 6532 6596 6595
f 6532 6533 6596
f 6533 6597 6596
f 6533 6534 6597
f 6534 6598 6597
f 6534 6535 6598
f 6535 6599 6598
f 6535 6472 6599
f 6472 6536 6599
f 6536 6537 6600
f 6537 6601 6600
f 6537 6538 6601
f 6538 6602 6601
f 6538 6539 6602
f 6539 6603 6602
f 6539 6540 6603
f 6540 6604 6603
f 6540 6541 6604
f 6541 6605 6604
f 6541 6542 6605
f 6542 6606 6605
f 6542 6543 6606
f 6543 6607 6606
f 6543 6544 6607
f 6544 6608 6607
f 6544 6545 6608
f 6545 6609 6608
f 6545 6546 6609
f 6546 6610 6609
f 6546 6547 6610
f 6547 6611 6610
f 6547 6548 6611
f 6548 6612 6611
f 6548 6549 6612
f 6549 6613 6612
f 6549 6550 6613
f 6550 6614 6613
f 6550 6551 6614
f 6551 6615 6614
f 6551 6552 6615
f 6552 6616 6615
f 6552 6553 6616
f 6553 6617 6616
f 6553 6554 6617
f 6554 6618 6617
f 6554 6555 6618
f 6555 6619 6618
f 6555 6556 6619
f 6556 6620 6619
f 6556 6557 6620
f 6557 6621 6620
f 6557 6558 6621
f 6558 6622 6621
f 6558 6559 6622
f 6559 6623 6622
f 6559 6560 6623
f 6560 6624 6623
f 6560 6561 6624
f 6561 6625 6624
f 6561 6562 6625
f 6562 6626 6625
f 6562 6563 6626
f 6563 6627 6626
f 6563 6564 6627
f 6564 6628 6627
f 6564 6565 6628
f 6565 6629 6628
f 6565 6566 6629
f 6566 6630 6629
f 6566 6567 6630
f 6567 6631 6630
f 6567 6568 6631
f 6568 6632 6631
f 6568 6569 6632
f 6569 6633 6632
f 6569 6570 6633
f 6570 6634 6633
f 6570 6571 6634
f 6571 6635 6634
f 6571 6572 6635
f 6572 6636 6635
f 6572 6573 6636
f 6573 6637 6636
f 6573 6574 6637
f 6574 6638 6637
f 6574 6575 6638
f 6575 6639 6638
f 6575 6576 6639
f 6576 6640 6639
f 6576 6577 6640
f 6577 6641 6640
f 6577 6578 6641
f 6578 6642 6641
f 6578 6579 6642
f 6579 6643 6642
f 6579 6580 6643
f 6580 6644 6643
f 6580 6581 6644
f 6581 6645 6644
f 6581 6582 6645
f 6582 6646 6645
f 6582 6583 6646
f 6583 6647 6646
f 6583 6584 6647
f 6584 6648 6647
f 6584 6585 6648
f 6585 6649 6648
f 6585 6586 6649
f 6586 6650 6649
f 6586 6587 6650
f 6587 6651 6650
f 6587 6588 6651
f 6588 6652 6651
f 6588 6589 6652
f 6589 6653 6652
f 6589 6590 6653
f 6590 6654 6653
f 6590 6591 6654
f 6591 6655 6654
f 6591 6592 6655
f 6592 6656 6655
f 6592 6593 6656
f 6593 6657 6656
f 6593 6594 6657
f 6594 6658 6657
f 6594 6595 6658
f 6595 6659 6658
f 6595 6596 6659
f 6596 6660 6659
f 6596 6597 6660
f 6597 6661 6660
f 6597 6598 6661
f 6598 6662 6661
f 6598 6599 6662
f 6599 6663 6662
f 6599 6536 6663
f 6536 6600 6663
f 6600 6601 6664
f 6601 6665 6664
f 6601 6602 6665
f 6602 6666 6665
f 6602 6603 6666
f 6603 6667 6666
f 6603 6604 6667
f 6604 6668 6667
f 6604 6605 6668
f 6605 6669 6668
f 6605 6606 6669
f 6606 6670 6669
f 6606 6607 6670
f 6607 6671 6670
f 6607 6608 6671
f 6608 6672 6671
f 6608 6609 6672
f 6609 6673 6672
f 6609 6610 6673
f 6610 6674 6673
f 6610 6611 6674
f 6611 6675 6674
f 6611 6612 6675
f 6612 6676 6675
f 6612 6613 6676
f 6613 6677 6676
f 6613 6614 6677
f 6614 6678 6677
f 6614 6615 6678
f 6615 6679 6678
f 6615 6616 6679
f 6616 6680 6679
f 6616 6617 6680
f 6617 6681 6680
f 6617 6618 6681
f 6618 6682 6681
f 6618 6619 6682
f 6619 6683 6682
f 6619 6620 6683
f 6620 6684 6683
f 6620 6621 6684
f 6621 6685 6684
f 6621 6622 6685
f 6622 6686 6685
f 6622 6623 6686
f 6623 6687 6686
f 6623 6624 6687
f 6624 6688 6687
f 6624 6625 6688
f 6625 6689 6688
f 6625 6626 6689
f 6626 6690 6689
f 6626 6627 6690
f 6627 6691 6690
f 6627 6628 6691
f 6628 6692 6691
f 6628 6629 6692
f 6629 6693 6692
f 6629 6630 6693
f 6630 6694 6693
f 6630 6631 6694
f 6631 6695 6694
f 6631 6632 6695
f 6632 6696 6695
f 6632 6633 6696
f 6633 6697 6696
f 6633 6634 6697
f 6634 6698 6697
f 6634 6635 6698
f 6635 6699 6698
f 6635 6636 6699
f 6636 6700 6699
f 6636 6637 6700
f 6637 6701 6700
f 6637 6638 6701
f 6638 6702 6701
f 6638 6639 6702
f 6639 6703 6702
f 6639 6640 6703
f 6640 6704 6703
f 6640 6641 6704
f 6641 6705 6704
f 6641 6642 6705
f 6642 6706 6705
f 6642 6643 6706
f 6643 6707 6706
f 6643 6644 6707
f 6644 6708 6707
f 6644 6645 6708
f 6645 6709 6708
f 6645 6646 6709
f 6646 6710 6709
f 6646 6647 6710
f 6647 6711 6710
f 6647 6648 6711
f 6648 6712 6711
f 6648 6649 6712
f 6649 6713 6712
f 6649 6650 6713
f 6650 6714 6713
f 6650 6651 6714
f 6651 6715 6714
f 6651 6652 6715
f 6652 6716 6715
f 6652 6653 6716
f 6653 6717 6716
f 6653 6654 6717
f 6654 6718 6717
f 6654 6655 6718
f 6655 6719 6718
f 6655 6656 6719
f 6656 6720 6719
f 6656 6657 6720
f 6657 6721 6720
f 6657 6658 6721
f 6658 6722 6721
f 6658 6659 6722
f 6659 6723 6722
f 6659 6660 6723
f 6660 6724 6723
f 6660 6661 6724
f 6661 6725 6724
f 6661 6662 6725
f 6662 6726 6725
f 6662 6663 6726
f 6663 6727 6726
f 6663 6600 6727
f 6600 6664 6727
f 6664 6665 6728
f 6665 6729 6728
f 6665 6666 6729
f 6666 6730 6729
f 6666 6667 6730
f 6667 6731 6730
f 6667 6668 6731
f 6668 6732 6731
f 6668 6669 6732
f 6669 6733 6732
f 6669 6670 6733
f 6670 6734 6733
f 6670 6671 6734
f 6671 6735 6734
f 6671 6672 6735
f 6672 6736 6735
f 6672 6673 6736
f 6673 6737 6736
f 6673 6674 6737
f 6674 6738 6737
f 6674 6675 6738
f 6675 6739 6738
f 6675 6676 6739
f 6676 6740 6739
f 6676 6677 6740
f 6677 6741 6740
f 6677 6678 6741
f 6678 6742 6741
f 6678 6679 6742
f 6679 6743 6742
f 6679 6680 6743
f 6680 6744 6743
f 6680 6681 6744
f 6681 6745 6744
f 6681 6682 6745
f 6682 6746 6745
f 6682 6683 6746
f 6683 6747 6746
f 6683 6684 6747
f 6684 6748 6747
f 6684 6685 6748
f 6685 6749 6748
f 6685 6686 6749
f 6686 6750 6749
f 6686 6687 6750
f 6687 6751 6750
f 6687 6688 6751
f 6688 6752 6751
f 6688 6689 6752
f 6689 6753 6752
f 6689 6690 6753
f 6690 6754 6753
f 6690 6691 6754
f 6691 6755 6754
f 6691 6692 6755
f 6692 6756 6755
f 6692 6693 6756
f 6693 6757 6756
f 6693 6694 6757
f 6694 6758 6757
f 6694 6695 6758
f 6695 6759 6758
f 6695 6696 6759
f 6696 6760 6759
f 6696 6697 6760
f 6697 6761 6760
f 6697 6698 6761
f 6698 6762 6761
f 6698 6699 6762
f 6699 6763 6762
f 6699 6700 6763
f 6700 6764 6763
f 6700 6701 6764
f 6701 6765 6764
f 6701 6702 6765
f 6702 6766 6765
f 6702 6703 6766
f 6703 6767 6766
f 6703 6704 6767
f 6704 6768 6767
f 6704 6705 6768
f 6705 6769 6768
f 6705 6706 6769
f 6706 6770 6769
f 6706 6707 6770
f 6707 6771 6770
f 6707 6708 6771
f 6708 6772 6771
f 6708 6709 6772
f 6709 6773 6772
f 6709 6710 6773
f 6710 6774 6773
f 6710 6711 6774
f 6711 6775 6774
f 6711 6712 6775
f 6712 6776 6775
f 6712 6713 6776
f 6713 6777 6776
f 6713 6714 6777
f 6714 6778 6777
f 6714 6715 6778
f 6715 6779 6778
f 6715 6716 6779
f 6716 6780 6779
f 6716 6717 6780
f 6717 6781 6780
f 6717 6718 6781
f 6718 6782 6781
f 6718 6719 6782
f 6719 6783 6782
f 6719 6720 6783
f 6720 6784 6783
f 6720 6721 6784
f 6721 6785 6784
f 6721 6722 6785
f 6722 6786 6785
f 6722 6723 6786
f 6723 6787 6786
f 6723 6724 6787
f 6724 6788 6787
f 6724 6725 6788
f 6725 6789 6788
f 6725 6726 6789
f 6726 6790 6789
f 6726 6727 6790
f 6727 6791 6790
f 6727 6664 6791
f 6664 6728 6791
f 6728 6729 6792
f 6729 6793 6792
f 6729 6730 6793
f 6730 6794 6793
f 6730 6731 6794
f 6731 6795 6794
f 6731 6732 6795
f 6732 6796 6795
f 6732 6733 6796
f 6733 6797 6796
f 6733 6734 6797
f 6734 6798 6797
f 6734 6735 6798
f 6735 6799 6798
f 6735 6736 6799
f 6736 6800 6799
f 6736 6737 6800
f 6737 6801 6800
f 6737 6738 6801
f 6738 6802 6801
f 6738 6739 6802
f 6739 6803 6802
f 6739 6740 6803
f 6740 6804 6803
f 6740 6741 6804
f 6741 6805 6804
f 6741 6742 6805
f 6742 6806 6805
f 6742 6743 6806
f 6743 6807 6806
f 6743 6744 6807
f 6744 6808 6807
f 6744 6745 6808
f 6745 6809 6808
f 6745 6746 6809
f 6746 6810 6809
f 6746 6747 6810
f 6747 6811 6810
f 6747 6748 6811
f 6748 6812 6811
f 6748 6749 6812
f 6749 6813 6812
f 6749 6750 6813
f 6750 6814 6813
f 6750 6751 6814
f 6751 6815 6814
f 6751 6752 6815
f 6752 6816 6815
f 6752 6753 6816
f 6753 6817 6816
f 6753 6754 6817
f 6754 6818 6817
f 6754 6755 6818
f 6755 6819 6818
f 6755 6756 6819
f 6756 6820 6819
f 6756 6757 6820
f 6757 6821 6820
f 6757 6758 6821
f 6758 6822 6821
f 6758 6759 6822
f 6759 6823 6822
f 6759 6760 6823
f 6760 6824 6823
f 6760 6761 6824
f 6761 6825 6824
f 6761 6762 6825
f 6762 6826 6825
f 6762 6763 6826
f 6763 6827 6826
f 6763 6764 6827
f 6764 6828 6827
f 6764 6765 6828
f 6765 6829 6828
f 6765 6766 6829
f 6766 6830 6829
f 6766 6767 6830
f 6767 6831 6830
f 6767 6768 6831
f 6768 6832 6831
f 6768 6769 6832
f 6769 6833 6832
f 6769 6770 6833
f 6770 6834 6833
f 6770 6771 6834
f 6771 6835 6834
f 6771 6772 6835
f 6772 6836 6835
f 6772 6773 6836
f 6773 6837 6836
f 6773 6774 6837
f 6774 6838 6837
f 6774 6775 6838
f 6775 6839 6838
f 6775 6776 6839
f 6776 6840 6839
f 6776 6777 6840
f 6777 6841 6840
f 6777 6778 6841
f 6778 6842 6841
f 6778 6779 6842
f 6779 6843 6842
f 6779 6780 6843
f 6780 6844 6843
f 6780 6781 6844
f 6781 6845 6844
f 6781 6782 6845
f 6782 6846 6845
f 6782 6783 6846
f 6783 6847 6846
f 6783 6784 6847
f 6784 6848 6847
f 6784 6785 6848
f 6785 6849 6848
f 6785 6786 6849
f 6786 6850 6849
f 6786 6787 6850
f 6787 6851 6850
f 6787 6788 6851
f 6788 6852 6851
f 6788 6789 6852
f 6789 6853 6852
f 6789 6790 6853
f 6790 6854 6853
f 6790 6791 6854
f 6791 6855 6854
f 6791 6728 6855
f 6728 6792 6855
f 6792 6793 6856
f 6793 6857 6856
f 6793 6794 6857
f 6794 6858 6857
f 6794 6795 6858
f 6795 6859 6858
f 6795 6796 6859
f 6796 6860 6859
f 6796 6797 6860
f 6797 6861 6860
f 6797 6798 6861
f 6798 6862 6861
f 6798 6799 6862
f 6799 6863 6862
f 6799 6800 6863
f 6800 6864 6863
f 6800 6801 6864
f 6801 6865 6864
f 6801 6802 6865
f 6802 6866 6865
f 6802 6803 6866
f 6803 6867 6866
f 6803 6804 6867
f 6804 6868 6867
f 6804 6805 6868
f 6805 6869 6868
f 6805 6806 6869
f 6806 6870 6869
f 6806 6807 6870
f 6807 6871 6870
f 6807 6808 6871
f 6808 6872 6871
f 6808 6809 6872
f 6809 6873 6872
f 6809 6810 6873
f 6810 6874 6873
f 6810 6811 6874
f 6811 6875 6874
f 6811 6812 6875
f 6812 6876 6875
f 6812 6813 6876
f 6813 6877 6876
f 6813 6814 6877
f 6814 6878 6877
f 6814 6815 6878
f 6815 6879 6878
f 6815 6816 6879
f 6816 6880 6879
f 6816 6817 6880
f 6817 6881 6880
f 6817 6818 6881
f 6818 6882 6881
f 6818 6819 6882
f 6819 6883 6882
f 6819 6820 6883
f 6820 6884 6883
f 6820 6821 6884
f 6821 6885 6884
f 6821 6822 6885
f 6822 6886 6885
f 6822 6823 6886
f 6823 6887 6886
f 6823 6824 6887
f 6824 6888 6887
f 6824 6825 6888
f 6825 6889 6888
f 6825 6826 6889
f 6826 6890 6889
f 6826 6827 6890
f 6827 6891 6890
f 6827 6828 6891
f 6828 6892 6891
f 6828 6829 6892
f 6829 6893 6892
f 6829 6830 6893
f 6830 6894 6893
f 6830 6831 6894
f 6831 6895 6894
f 6831 6832 6895
f 6832 6896 6895
f 6832 6833 6896
f 6833 6897 6896
f 6833 6834 6897
f 6834 6898 6897
f 6834 6835 6898
f 6835 6899 6898
f 6835 6836 6899
f 6836 6900 6899
f 6836 6837 6900
f 6837 6901 6900
f 6837 6838 6901
f 6838 6902 6901
f 6838 6839 6902
f 6839 6903 6902
f 6839 6840 6903
f 6840 6904 6903
f 6840 6841 6904
f 6841 6905 6904
f 6841 6842 6905
f 6842 6906 6905
f 6842 6843 6906
f 6843 6907 6906
f 6843 6844 6907
f 6844 6908 6907
f 6844 6845 6908
f 6845 6909 6908
f 6845 6846 6909
f 6846 6910 6909
f 6846 6847 6910
f 6847 6911 6910
f 6847 6848 6911
f 6848 6912 6911
f 6848 6849 6912
f 6849 6913 6912
f 6849 6850 6913
f 6850 6914 6913
f 6850 6851 6914
f 6851 6915 6914
f 6851 6852 6915
f 6852 6916 6915
f 6852 6853 6916
f 6853 6917 6916
f 6853 6854 6917
f 6854 6918 6917
f 6854 6855 6918
f 6855 6919 6918
f 6855 6792 6919
f 6792 6856 6919
f 6856 6857 6920
f 6857 6921 6920
f 6857 6858 6921
f 6858 6922 6921
f 6858 6859 6922
f 6859 6923 6922
f 6859 6860 6923
f 6860 6924 6923
f 6860 6861 6924
f 6861 6925 6924
f 6861 6862 6925
f 6862 6926 6925
f 6862 6863 6926
f 6863 6927 6926
f 6863 6864 6927
f 6864 6928 6927
f 6864 6865 6928
f 6865 6929 6928
f 6865 6866 6929
f 6866 6930 6929
f 6866 6867 6930
f 6867 6931 6930
f 6867 6868 6931
f 6868 6932 6931
f 6868 6869 6932
f 6869 6933 6932
f 6869 6870 6933
f 6870 6934 6933
f 6870 6871 6934
f 6871 6935 6934
f 6871 6872 6935
f 6872 6936 6935
f 6872 6873 6936
f 6873 6937 6936
f 6873 6874 6937
f 6874 6938 6937
f 6874 6875 6938
f 6875 6939 6938
f 6875 6876 6939
f 6876 6940 6939
f 6876 6877 6940
f 6877 6941 6940
f 6877 6878 6941
f 6878 6942 6941
f 6878 6879 6942
f 6879 6943 6942
f 6879 6880 6943
f 6880 6944 6943
f 6880 6881 6944
f 6881 6945 6944
f 6881 6882 6945
f 6882 6946 6945
f 6882 6883 6946
f 6883 6947 6946
f 6883 6884 6947
f 6884 6948 6947
f 6884 6885 6948
f 6885 6949 6948
f 6885 6886 6949
f 6886 6950 6949
f 6886 6887 6950
f 6887 6951 6950
f 6887 6888 6951
f 6888 6952 6951
f 6888 6889 6952
f 6889 6953 6952
f 6889 6890 6953
f 6890 6954 6953
f 6890 6891 6954
f 6891 6955 6954
f 6891 6892 6955
f 6892 6956 6955
f 6892 6893 6956
f 6893 6957 6956
f 6893 6894 6957
f 6894 6958 6957
f 6894 6895 6958
f 6895 6959 6958
f 6895 6896 6959
f 6896 6960 6959
f 6896 6897 6960
f 6897 6961 6960
f 6897 6898 6961
f 6898 6962 6961
f 6898 6899 6962
f 6899 6963 6962
f 6899 6900 6963
f 6900 6964 6963
f 6900 6901 6964
f 6901 6965 6964
f 6901 6902 6965
f 6902 6966 6965
f 6902 6903 6966
f 6903 6967 6966
f 6903 6904 6967
f 6904 6968 6967
f 6904 6905 6968
f 6905 6969 6968
f 6905 6906 6969
f 6906 6970 6969
f 6906 6907 6970
f 6907 6971 6970
f 6907 6908 6971
f 6908 6972 6971
f 6908 6909 6972
f 6909 6973 6972
f 6909 6910 6973
f 6910 6974 6973
f 6910 6911 6974
f 6911 6975 6974
f 6911 6912 6975
f 6912 6976 6975
f 6912 6913 6976
f 6913 6977 6976
f 6913 6914 6977
f 6914 6978 6977
f 6914 6915 6978
f 6915 6979 6978
f 6915 6916 6979
f 6916 6980 6979
f 6916 6917 6980
f 6917 6981 6980
f 6917 6918 6981
f 6918 6982 6981
f 6918 6919 6982
f 6919 6983 6982
f 6919 6856 6983
f 6856 6920 6983
f 6920 6921 6984
f 6921 6985 6984
f 6921 6922 6985
f 6922 6986 6985
f 6922 6923 6986
f 6923 6987 6986
f 6923 6924 6987
f 6924 6988 6987
f 6924 6925 6988
f 6925 6989 6988
f 6925 6926 6989
f 6926 6990 6989
f 6926 6927 6990
f 6927 6991 6990
f 6927 6928 6991
f 6928 6992 6991
f 6928 6929 6992
f 6929 6993 6992
f 6929 6930 6993
f 6930 6994 6993
f 6930 6931 6994
f 6931 6995 6994
f 6931 6932 6995
f 6932 6996 6995
f 6932 6933 6996
f 6933 6997 6996
f 6933 6934 6997
f 6934 6998 6997
f 6934 6935 6998
f 6935 6999 6998
f 6935 6936 6999
f 6936 7000 6999
f 6936 6937 7000
f 6937 7001 7000
f 6937 6938 7001
f 6938 7002 7001
f 6938 6939 7002
f 6939 7003 7002
f 6939 6940 7003
f 6940 7004 7003
f 6940 6941 7004
f 6941 7005 7004
f 6941 6942 7005
f 6942 7006 7005
f 6942 6943 7006
f 6943 7007 7006
f 6943 6944 7007
f 6944 7008 7007
f 6944 6945 7008
f 6945 7009 7008
f 6945 6946 7009
f 6946 7010 7009
f 6946 6947 7010
f 6947 7011 7010
f 6947 6948 7011
f 6948 7012 7011
f 6948 6949 7012
f 6949 7013 7012
f 6949 6950 7013
f 6950 7014 7013
f 6950 6951 7014
f 6951 7015 7014
f 6951 6952 7015
f 6952 7016 7015
f 6952 6953 7016
f 6953 7017 7016
f 6953 6954 7017
f 6954 7018 7017
f 6954 6955 7018
f 6955 7019 7018
f 6955 6956 7019
f 6956 7020 7019
f 6956 6957 7020
f 6957 7021 7020
f 6957 6958 7021
f 6958 7022 7021
f 6958 6959 7022
f 6959 7023 7022
f 6959 6960 7023
f 6960 7024 7023
f 6960 6961 7024
f 6961 7025 7024
f 6961 6962 7025
f 6962 7026 7025
f 6962 6963 7026
f 6963 7027 7026
f 6963 6964 7027
f 6964 7028 7027
f 6964 6965 7028
f 6965 7029 7028
f 6965 6966 7029
f 6966 7030 7029
f 6966 6967 7030
f 6967 7031 7030
f 6967 6968 7031
f 6968 7032 7031
f 6968 6969 7032
f 6969 7033 7032
f 6969 6970 7033
f 6970 7034 7033
f 6970 6971 7034
f 6971 7035 7034
f 6971 6972 7035
f 6972 7036 7035
f 6972 6973 7036
f 6973 7037 7036
f 6973 6974 7037
f 6974 7038 7037
f 6974 6975 7038
f 6975 7039 7038
f 6975 6976 7039
f 6976 7040 7039
f 6976 6977 7040
f 6977 7041 7040
f 6977 6978 7041
f 6978 7042 7041
f 6978 6979 7042
f 6979 7043 7042
f 6979 6980 7043
f 6980 7044 7043
f 6980 6981 7044
f 6981 7045 7044
f 6981 6982 7045
f 6982 7046 7045
f 6982 6983 7046
f 6983 7047 7046
f 6983 6920 7047
f 6920 6984 7047
f 6984 6985 7048
f 6985 7049 7048
f 6985 6986 7049
f 6986 7050 7049
f 6986 6987 7050
f 6987 7051 7050
f 6987 6988 7051
f 6988 7052 7051
f 6988 6989 7052
f 6989 7053 7052
f 6989 6990 7053
f 6990 7054 7053
f 6990 6991 7054
f 6991 7055 7054
f 6991 6992 7055
f 6992 7056 7055
f 6992 6993 7056
f 6993 7057 7056
f 6993 6994 7057
f 6994 7058 7057
f 6994 6995 7058
f 6995 7059 7058
f 6995 6996 7059
f 6996 7060 7059
f 6996 6997 7060
f 6997 7061 7060
f 6997 6998 7061
f 6998 7062 7061
f 6998 6999 7062
f 6999 7063 7062
f 6999 7000 7063
f 7000 7064 7063
f 7000 7001 7064
f 7001 7065 7064
f 7001 7002 7065
f 7002 7066 7065
f 7002 7003 7066
f 7003 7067 7066
f 7003 7004 7067
f 7004 7068 7067
f 7004 7005 7068
f 7005 7069 7068
f 7005 7006 7069
f 7006 7070 7069
f 7006 7007 7070
f 7007 7071 7070
f 7007 7008 7071
f 7008 7072 7071
f 7008 7009 7072
f 7009 7073 7072
f 7009 7010 7073
f 7010 7074 7073
f 7010 7011 7074
f 7011 7075 7074
f 7011 7012 7075
f 7012 7076 7075
f 7012 7013 7076
f 7013 7077 7076
f 7013 7014 7077
f 7014 7078 7077
f 7014 7015 7078
f 7015 7079 7078
f 7015 7016 7079
f 7016 7080 7079
f 7016 7017 7080
f 7017 7081 7080
f 7017 7018 7081
f 7018 7082 7081
f 7018 7019 7082
f 7019 7083 7082
f 7019 7020 7083
f 7020 7084 7083
f 7020 7021 7084
f 7021 7085 7084
f 7021 7022 7085
f 7022 7086 7085
f 7022 7023 7086
f 7023 7087 7086
f 7023 7024 7087
f 7024 7088 7087
f 7024 7025 7088
f 7025 7089 7088
f 7025 7026 7089
f 7026 7090 7089
f 7026 7027 7090
f 7027 7091 7090
f 7027 7028 7091
f 7028 7092 7091
f 7028 7029 7092
f 7029 7093 7092
f 7029 7030 7093
f 7030 7094 7093
f 7030 7031 7094
f 7031 7095 7094
f 7031 7032 7095
f 7032 7096 7095
f 7032 7033 7096
f 7033 7097 7096
f 7033 7034 7097
f 7034 7098 7097
f 7034 7035 7098
f 7035 7099 7098
f 7035 7036 7099
f 7036 7100 7099
f 7036 7037 7100
f 7037 7101 7100
f 7037 7038 7101
f 7038 7102 7101
f 7038 7039 7102
f 7039 7103 7102
f 7039 7040 7103
f 7040 7104 7103
f 7040 7041 7104
f 7041 7105 7104
f 7041 7042 7105
f 7042 7106 7105
f 7042 7043 7106
f 7043 7107 7106
f 7043 7044 7107
f 7044 7108 7107
f 7044 7045 7108
f 7045 7109 7108
f 7045 7046 7109
f 7046 7110 7109
f 7046 7047 7110
f 7047 7111 7110
f 7047 6984 7111
f 6984 7048 7111
f 7048 7049 7112
f 7049 7113 7112
f 7049 7050 7113
f 7050 7114 7113
f 7050 7051 7114
f 7051 7115 7114
f 7051 7052 7115
f 7052 7116 7115
f 7052 7053 7116
f 7053 7117 7116
f 7053 7054 7117
f 7054 7118 7117
f 7054 7055 7118
f 7055 7119 7118
f 7055 7056 7119
f 7056 7120 7119
f 7056 7057 7120
f 7057 7121 7120
f 7057 7058 7121
f 7058 7122 7121
f 7058 7059 7122
f 7059 7123 7122
f 7059 7060 7123
f 7060 7124 7123
f 7060 7061 7124
f 7061 7125 7124
f 7061 7062 7125
f 7062 7126 7125
f 7062 7063 7126
f 7063 7127 7126
f 7063 7064 7127
f 7064 7128 7127
f 7064 7065 7128
f 7065 7129 7128
f 7065 7066 7129
f 7066 7130 7129
f 7066 7067 7130
f 7067 7131 7130
f 7067 7068 7131
f 7068 7132 7131
f 7068 7069 7132
f 7069 7133 7132
f 7069 7070 7133
f 7070 7134 7133
f 7070 7071 7134
f 7071 7135 7134
f 7071 7072 7135
f 7072 7136 7135
f 7072 7073 7136
f 7073 7137 7136
f 7073 7074 7137
f 7074 7138 7137
f 7074 7075 7138
f 7075 7139 7138
f 7075 7076 7139
f 7076 7140 7139
f 7076 7077 7140
f 7077 7141 7140
f 7077 7078 7141
f 7078 7142 7141
f 7078 7079 7142
f 7079 7143 7142
f 7079 7080 7143
f 7080 7144 7143
f 7080 7081 7144
f 7081 7145 7144
f 7081 7082 7145
f 7082 7146 7145
f 7082 7083 7146
f 7083 7147 7146
f 7083 7084 7147
f 7084 7148 7147
f 7084 7085 7148
f 7085 7149 7148
f 7085 7086 7149
f 7086 7150 7149
f 7086 7087 7150
f 7087 7151 7150
f 7087 7088 7151
f 7088 7152 7151
f 7088 7089 7152
f 7089 7153 7152
f 7089 7090 7153
f 7090 7154 7153
f 7090 7091 7154
f 7091 7155 7154
f 7091 7092 7155
f 7092 7156 7155
f 7092 7093 7156
f 7093 7157 7156
f 7093 7094 7157
f 7094 7158 7157
f 7094 7095 7158
f 7095 7159 7158
f 7095 7096 7159
f 7096 7160 7159
f 7096 7097 7160
f 7097 7161 7160
f 7097 7098 7161
f 7098 7162 7161
f 7098 7099 7162
f 7099 7163 7162
f 7099 7100 7163
f 7100 7164 7163
f 7100 7101 7164
f 7101 7165 7164
f 7101 7102 7165
f 7102 7166 7165
f 7102 7103 7166
f 7103 7167 7166
f 7103 7104 7167
f 7104 7168 7167
f 7104 7105 7168
f 7105 7169 7168
f 7105 7106 7169
f 7106 7170 7169
f 7106 7107 7170
f 7107 7171 7170
f 7107 7108 7171
f 7108 7172 7171
f 7108 7109 7172
f 7109 7173 7172
f 7109 7110 7173
f 7110 7174 7173
f 7110 7111 7174
f 7111 7175 7174
f 7111 7048 7175
f 7048 7112 7175
f 7112 7113 7176
f 7113 7177 7176
f 7113 7114 7177
f 7114 7178 7177
f 7114 7115 7178
f 7115 7179 7178
f 7115 7116 7179
f 7116 7180 7179
f 7116 7117 7180
f 7117 7181 7180
f 7117 7118 7181
f 7118 7182 7181
f 7118 7119 7182
f 7119 7183 7182
f 7119 7120 7183
f 7120 7184 7183
f 7120 7121 7184
f 7121 7185 7184
f 7121 7122 7185
f 7122 7186 7185
f 7122 7123 7186
f 7123 7187 7186
f 7123 7124 7187
f 7124 7188 7187
f 7124 7125 7188
f 7125 7189 7188
f 7125 7126 7189
f 7126 7190 7189
f 7126 7127 7190
f 7127 7191 7190
f 7127 7128 7191
f 7128 7192 7191
f 7128 7129 7192
f 7129 7193 7192
f 7129 7130 7193
f 7130 7194 7193
f 7130 7131 7194
f 7131 7195 7194
f 7131 7132 7195
f 7132 7196 7195
f 7132 7133 7196
f 7133 7197 7196
f 7133 7134 7197
f 7134 7198 7197
f 7134 7135 7198
f 7135 7199 7198
f 7135 7136 7199
f 7136 7200 7199
f 7136 7137 7200
f 7137 7201 7200
f 7137 7138 7201
f 7138 7202 7201
f 7138 7139 7202
f 7139 7203 7202
f 7139 7140 7203
f 7140 7204 7203
f 7140 7141 7204
f 7141 7205 7204
f 7141 7142 7205
f 7142 7206 7205
f 7142 7143 7206
f 7143 7207 7206
f 7143 7144 7207
f 7144 7208 7207
f 7144 7145 7208
f 7145 7209 7208
f 7145 7146 7209
f 7146 7210 7209
f 7146 7147 7210
f 7147 7211 7210
f 7147 7148 7211
f 7148 7212 7211
f 7148 7149 7212
f 7149 7213 7212
f 7149 7150 7213
f 7150 7214 7213
f 7150 7151 7214
f 7151 7215 7214
f 7151 7152 7215
f 7152 7216 7215
f 7152 7153 7216
f 7153 7217 7216
f 7153 7154 7217
f 7154 7218 7217
f 7154 7155 7218
f 7155 7219 7218
f 7155 7156 7219
f 7156 7220 7219
f 7156 7157 7220
f 7157 7221 7220
f 7157 7158 7221
f 7158 7222 7221
f 7158 7159 7222
f 7159 7223 7222
f 7159 7160 7223
f 7160 7224 7223
f 7160 7161 7224
f 7161 7225 7224
f 7161 7162 7225
f 7162 7226 7225
f 7162 7163 7226
f 7163 7227 7226
f 7163 7164 7227
f 7164 7228 7227
f 7164 7165 7228
f 7165 7229 7228
f 7165 7166 7229
f 7166 7230 7229
f 7166 7167 7230
f 7167 7231 7230
f 7167 7168 7231
f 7168 7232 7231
f 7168 7169 7232
f 7169 7233 7232
f 7169 7170 7233
f 7170 7234 7233
f 7170 7171 7234
f 7171 7235 7234
f 7171 7172 7235
f 7172 7236 7235
f 7172 7173 7236
f 7173 7237 7236
f 7173 7174 7237
f 7174 7238 7237
f 7174 7175 7238
f 7175 7239 7238
f 7175 7112 7239
f 7112 7176 7239
f 7176 7177 7240
f 7177 7241 7240
f 7177 7178 7241
f 7178 7242 7241
f 7178 7179 7242
f 7179 7243 7242
f 7179 7180 7243
f 7180 7244 7243
f 7180 7181 7244
f 7181 7245 7244
f 7181 7182 7245
f 7182 7246 7245
f 7182 7183 7246
f 7183 7247 7246
f 7183 7184 7247
f 7184 7248 7247
f 7184 7185 7248
f 7185 7249 7248
f 7185 7186 7249
f 7186 7250 7249
f 7186 7187 7250
f 7187 7251 7250
f 7187 7188 7251
f 7188 7252 7251
f 7188 7189 7252
f 7189 7253 7252
f 7189 7190 7253
f 7190 7254 7253
f 7190 7191 7254
f 7191 7255 7254
f 7191 7192 7255
f 7192 7256 7255
f 7192 7193 7256
f 7193 7257 7256
f 7193 7194 7257
f 7194 7258 7257
f 7194 7195 7258
f 7195 7259 7258
f 7195 7196 7259
f 7196 7260 7259
f 7196 7197 7260
f 7197 7261 7260
f 7197 7198 7261
f 7198 7262 7261
f 7198 7199 7262
f 7199 7263 7262
f 7199 7200 7263
f 7200 7264 7263
f 7200 7201 7264
f 7201 7265 7264
f 7201 7202 7265
f 7202 7266 7265
f 7202 7203 7266
f 7203 7267 7266
f 7203 7204 7267
f 7204 7268 7267
f 7204 7205 7268
f 7205 7269 7268
f 7205 7206 7269
f 7206 7270 7269
f 7206 7207 7270
f 7207 7271 7270
f 7207 7208 7271
f 7208 7272 7271
f 7208 7209 7272
f 7209 7273 7272
f 7209 7210 7273
f 7210 7274 7273
f 7210 7211 7274
f 7211 7275 7274
f 7211 7212 7275
f 7212 7276 7275
f 7212 7213 7276
f 7213 7277 7276
f 7213 7214 7277
f 7214 7278 7277
f 7214 7215 7278
f 7215 7279 7278
f 7215 7216 7279
f 7216 7280 7279
f 7216 7217 7280
f 7217 7281 7280
f 7217 7218 7281
f 7218 7282 7281
f 7218 7219 7282
f 7219 7283 7282
f 7219 7220 7283
f 7220 7284 7283
f 7220 7221 7284
f 7221 7285 7284
f 7221 7222 7285
f 7222 7286 7285
f 7222 7223 7286
f 7223 7287 7286
f 7223 7224 7287
f 7224 7288 7287
f 7224 7225 7288
f 7225 7289 7288
f 7225 7226 7289
f 7226 7290 7289
f 7226 7227 7290
f 7227 7291 7290
f 7227 7228 7291
f 7228 7292 7291
f 7228 7229 7292
f 7229 7293 7292
f 7229 7230 7293
f 7230 7294 7293
f 7230 7231 7294
f 7231 7295 7294
f 7231 7232 7295
f 7232 7296 7295
f 7232 7233 7296
f 7233 7297 7296
f 7233 7234 7297
f 7234 7298 7297
f 7234 7235 7298
f 7235 7299 7298
f 7235 7236 7299
f 7236 7300 7299
f 7236 7237 7300
f 7237 7301 7300
f 7237 7238 7301
f 7238 7302 7301
f 7238 7239 7302
f 7239 7303 7302
f 7239 7176 7303
f 7176 7240 7303
f 7240 7241 7304
f 7241 7305 7304
f 7241 7242 7305
f 7242 7306 7305
f 7242 7243 7306
f 7243 7307 7306
f 7243 7244 7307
f 7244 7308 7307
f 7244 7245 7308
f 7245 7309 7308
f 7245 7246 7309
f 7246 7310 7309
f 7246 7247 7310
f 7247 7311 7310
f 7247 7248 7311
f 7248 7312 7311
f 7248 7249 7312
f 7249 7313 7312
f 7249 7250 7313
f 7250 7314 7313
f 7250 7251 7314
f 7251 7315 7314
f 7251 7252 7315
f 7252 7316 7315
f 7252 7253 7316
f 7253 7317 7316
f 7253 7254 7317
f 7254 7318 7317
f 7254 7255 7318
f 7255 7319 7318
f 7255 7256 7319
f 7256 7320 7319
f 7256 7257 7320
f 7257 7321 7320
f 7257 7258 7321
f 7258 7322 7321
f 7258 7259 7322
f 7259 7323 7322
f 7259 7260 7323
f 7260 7324 7323
f 7260 7261 7324
f 7261 7325 7324
f 7261 7262 7325
f 7262 7326 7325
f 7262 7263 7326
f 7263 7327 7326
f 7263 7264 7327
f 7264 7328 7327
f 7264 7265 7328
f 7265 7329 7328
f 7265 7266 7329
f 7266 7330 7329
f 7266 7267 7330
f 7267 7331 7330
f 7267 7268 7331
f 7268 7332 7331
f 7268 7269 7332
f 7269 7333 7332
f 7269 7270 7333
f 7270 7334 7333
f 7270 7271 7334
f 7271 7335 7334
f 7271 7272 7335
f 7272 7336 7335
f 7272 7273 7336
f 7273 7337 7336
f 7273 7274 7337
f 7274 7338 7337
f 7274 7275 7338
f 7275 7339 7338
f 7275 7276 7339
f 7276 7340 7339
f 7276 7277 7340
f 7277 7341 7340
f 7277 7278 7341
f 7278 7342 7341
f 7278 7279 7342
f 7279 7343 7342
f 7279 7280 7343
f 7280 7344 7343
f 7280 7281 7344
f 7281 7345 7344
f 7281 7282 7345
f 7282 7346 7345
f 7282 7283 7346
f 7283 7347 7346
f 7283 7284 7347
f 7284 7348 7347
f 7284 7285 7348
f 7285 7349 7348
f 7285 7286 7349
f 7286 7350 7349
f 7286 7287 7350
f 7287 7351 7350
f 7287 7288 7351
f 7288 7352 7351
f 7288 7289 7352
f 7289 7353 7352
f 7289 7290 7353
f 7290 7354 7353
f 7290 7291 7354
f 7291 7355 7354
f 7291 7292 7355
f 7292 7356 7355
f 7292 7293 7356
f 7293 7357 7356
f 7293 7294 7357
f 7294 7358 7357
f 7294 7295 7358
f 7295 7359 7358
f 7295 7296 7359
f 7296 7360 7359
f 7296 7297 7360
f 7297 7361 7360
f 7297 7298 7361
f 7298 7362 7361
f 7298 7299 7362
f 7299 7363 7362
f 7299 7300 7363
f 7300 7364 7363
f 7300 7301 7364
f 7301 7365 7364
f 7301 7302 7365
f 7302 7366 7365
f 7302 7303 7366
f 7303 7367 7366
f 7303 7240 7367
f 7240 7304 7367
f 7304 7305 7368
f 7305 7369 7368
f 7305 7306 7369
f 7306 7370 7369
f 7306 7307 7370
f 7307 7371 7370
f 7307 7308 7371
f 7308 7372 7371
f 7308 7309 7372
f 7309 7373 7372
f 7309 7310 7373
f 7310 7374 7373
f 7310 7311 7374
f 7311 7375 7374
f 7311 7312 7375
f 7312 7376 7375
f 7312 7313 7376
f 7313 7377 7376
f 7313 7314 7377
f 7314 7378 7377
f 7314 7315 7378
f 7315 7379 7378
f 7315 7316 7379
f 7316 7380 7379
f 7316 7317 7380
f 7317 7381 7380
f 7317 7318 7381
f 7318 7382 7381
f 7318 7319 7382
f 7319 7383 7382
f 7319 7320 7383
f 7320 7384 7383
f 7320 7321 7384
f 7321 7385 7384
f 7321 7322 7385
f 7322 7386 7385
f 7322 7323 7386
f 7323 7387 7386
f 7323 7324 7387
f 7324 7388 7387
f 7324 7325 7388
f 7325 7389 7388
f 7325 7326 7389
f 7326 7390 7389
f 7326 7327 7390
f 7327 7391 7390
f 7327 7328 7391
f 7328 7392 7391
f 7328 7329 7392
f 7329 7393 7392
f 7329 7330 7393
f 7330 7394 7393
f 7330 7331 7394
f 7331 7395 7394
f 7331 7332 7395
f 7332 7396 7395
f 7332 7333 7396
f 7333 7397 7396
f 7333 7334 7397
f 7334 7398 7397
f 7334 7335 7398
f 7335 7399 7398
f 7335 7336 7399
f 7336 7400 7399
f 7336 7337 7400
f 7337 7401 7400
f 7337 7338 7401
f 7338 7402 7401
f 7338 7339 7402
f 7339 7403 7402
f 7339 7340 7403
f 7340 7404 7403
f 7340 7341 7404
f 7341 7405 7404
f 7341 7342 7405
f 7342 7406 7405
f 7342 7343 7406
f 7343 7407 7406
f 7343 7344 7407
f 7344 7408 7407
f 7344 7345 7408
f 7345 7409 7408
f 7345 7346 7409
f 7346 7410 7409
f 7346 7347 7410
f 7347 7411 7410
f 7347 7348 7411
f 7348 7412 7411
f 7348 7349 7412
f 7349 7413 7412
f 7349 7350 7413
f 7350 7414 7413
f 7350 7351 7414
f 7351 7415 7414
f 7351 7352 7415
f 7352 7416 7415
f 7352 7353 7416
f 7353 7417 7416
f 7353 7354 7417
f 7354 7418 7417
f 7354 7355 7418
f 7355 7419 7418
f 7355 7356 7419
f 7356 7420 7419
f 7356 7357 7420
f 7357 7421 7420
f 7357 7358 7421
f 7358 7422 7421
f 7358 7359 7422
f 7359 7423 7422
f 7359 7360 7423
f 7360 7424 7423
f 7360 7361 7424
f 7361 7425 7424
f 7361 7362 7425
f 7362 7426 7425
f 7362 7363 7426
f 7363 7427 7426
f 7363 7364 7427
f 7364 7428 7427
f 7364 7365 7428
f 7365 7429 7428
f 7365 7366 7429
f 7366 7430 7429
f 7366 7367 7430
f 7367 7431 7430
f 7367 7304 7431
f 7304 7368 7431
f 7368 7369 7432
f 7369 7433 7432
f 7369 7370 7433
f 7370 7434 7433
f 7370 7371 7434
f 7371 7435 7434
f 7371 7372 7435
f 7372 7436 7435
f 7372 7373 7436
f 7373 7437 7436
f 7373 7374 7437
f 7374 7438 7437
f 7374 7375 7438
f 7375 7439 7438
f 7375 7376 7439
f 7376 7440 7439
f 7376 7377 7440
f 7377 7441 7440
f 7377 7378 7441
f 7378 7442 7441
f 7378 7379 7442
f 7379 7443 7442
f 7379 7380 7443
f 7380 7444 7443
f 7380 7381 7444
f 7381 7445 7444
f 7381 7382 7445
f 7382 7446 7445
f 7382 7383 7446
f 7383 7447 7446
f 7383 7384 7447
f 7384 7448 7447
f 7384 7385 7448
f 7385 7449 7448
f 7385 7386 7449
f 7386 7450 7449
f 7386 7387 7450
f 7387 7451 7450
f 7387 7388 7451
f 7388 7452 7451
f 7388 7389 7452
f 7389 7453 7452
f 7389 7390 7453
f 7390 7454 7453
f 7390 7391 7454
f 7391 7455 7454
f 7391 7392 7455
f 7392 7456 7455
f 7392 7393 7456
f 7393 7457 7456
f 7393 7394 7457
f 7394 7458 7457
f 7394 7395 7458
f 7395 7459 7458
f 7395 7396 7459
f 7396 7460 7459
f 7396 7397 7460
f 7397 7461 7460
f 7397 7398 7461
f 7398 7462 7461
f 7398 7399 7462
f 7399 7463 7462
f 7399 7400 7463
f 7400 7464 7463
f 7400 7401 7464
f 7401 7465 7464
f 7401 7402 7465
f 7402 7466 7465
f 7402 7403 7466
f 7403 7467 7466
f 7403 7404 7467
f 7404 7468 7467
f 7404 7405 7468
f 7405 7469 7468
f 7405 7406 7469
f 7406 7470 7469
f 7406 7407 7470
f 7407 7471 7470
f 7407 7408 7471
f 7408 7472 7471
f 7408 7409 7472
f 7409 7473 7472
f 7409 7410 7473
f 7410 7474 7473
f 7410 7411 7474
f 7411 7475 7474
f 7411 7412 7475
f 7412 7476 7475
f 7412 7413 7476
f 7413 7477 7476
f 7413 7414 7477
f 7414 7478 7477
f 7414 7415 7478
f 7415 7479 7478
f 7415 7416 7479
f 7416 7480 7479
f 7416 7417 7480
f 7417 7481 7480
f 7417 7418 7481
f 7418 7482 7481
f 7418 7419 7482
f 7419 7483 7482
f 7419 7420 7483
f 7420 7484 7483
f 7420 7421 7484
f 7421 7485 7484
f 7421 7422 7485
f 7422 7486 7485
f 7422 7423 7486
f 7423 7487 7486
f 7423 7424 7487
f 7424 7488 7487
f 7424 7425 7488
f 7425 7489 7488
f 7425 7426 7489
f 7426 7490 7489
f 7426 7427 7490
f 7427 7491 7490
f 7427 7428 7491
f 7428 7492 7491
f 7428 7429 7492
f 7429 7493 7492
f 7429 7430 7493
f 7430 7494 7493
f 7430 7431 7494
f 7431 7495 7494
f 7431 7368 7495
f 7368 7432 7495
f 7432 7433 7496
f 7433 7497 7496
f 7433 7434 7497
f 7434 7498 7497
f 7434 7435 7498
f 7435 7499 7498
f 7435 7436 7499
f 7436 7500 7499
f 7436 7437 7500
f 7437 7501 7500
f 7437 7438 7501
f 7438 7502 7501
f 7438 7439 7502
f 7439 7503 7502
f 7439 7440 7503
f 7440 7504 7503
f 7440 7441 7504
f 7441 7505 7504
f 7441 7442 7505
f 7442 7506 7505
f 7442 7443 7506
f 7443 7507 7506
f 7443 7444 7507
f 7444 7508 7507
f 7444 7445 7508
f 7445 7509 7508
f 7445 7446 7509
f 7446 7510 7509
f 7446 7447 7510
f 7447 7511 7510
f 7447 7448 7511
f 7448 7512 7511
f 7448 7449 7512
f 7449 7513 7512
f 7449 7450 7513
f 7450 7514 7513
f 7450 7451 7514
f 7451 7515 7514
f 7451 7452 7515
f 7452 7516 7515
f 7452 7453 7516
f 7453 7517 7516
f 7453 7454 7517
f 7454 7518 7517
f 7454 7455 7518
f 7455 7519 7518
f 7455 7456 7519
f 7456 7520 7519
f 7456 7457 7520
f 7457 7521 7520
f 7457 7458 7521
f 7458 7522 7521
f 7458 7459 7522
f 7459 7523 7522
f 7459 7460 7523
f 7460 7524 7523
f 7460 7461 7524
f 7461 7525 7524
f 7461 7462 7525
f 7462 7526 7525
f 7462 7463 7526
f 7463 7527 7526
f 7463 7464 7527
f 7464 7528 7527
f 7464 7465 7528
f 7465 7529 7528
f 7465 7466 7529
f 7466 7530 7529
f 7466 7467 7530
f 7467 7531 7530
f 7467 7468 7531
f 7468 7532 7531
f 7468 7469 7532
f 7469 7533 7532
f 7469 7470 7533
f 7470 7534 7533
f 7470 7471 7534
f 7471 7535 7534
f 7471 7472 7535
f 7472 7536 7535
f 7472 7473 7536
f 7473 7537 7536
f 7473 7474 7537
f 7474 7538 7537
f 7474 7475 7538
f 7475 7539 7538
f 7475 7476 7539
f 7476 7540 7539
f 7476 7477 7540
f 7477 7541 7540
f 7477 7478 7541
f 7478 7542 7541
f 7478 7479 7542
f 7479 7543 7542
f 7479 7480 7543
f 7480 7544 7543
f 7480 7481 7544
f 7481 7545 7544
f 7481 7482 7545
f 7482 7546 7545
f 7482 7483 7546
f 7483 7547 7546
f 7483 7484 7547
f 7484 7548 7547
f 7484 7485 7548
f 7485 7549 7548
f 7485 7486 7549
f 7486 7550 7549
f 7486 7487 7550
f 7487 7551 7550
f 7487 7488 7551
f 7488 7552 7551
f 7488 7489 7552
f 7489 7553 7552
f 7489 7490 7553
f 7490 7554 7553
f 7490 7491 7554
f 7491 7555 7554
f 7491 7492 7555
f 7492 7556 7555
f 7492 7493 7556
f 7493 7557 7556
f 7493 7494 7557
f 7494 7558 7557
f 7494 7495 7558
f 7495 7559 7558
f 7495 7432 7559
f 7432 7496 7559
f 7496 7497 7560
f 7497 7561 7560
f 7497 7498 7561
f 7498 7562 7561
f 7498 7499 7562
f 7499 7563 7562
f 7499 7500 7563
f 7500 7564 7563
f 7500 7501 7564
f 7501 7565 7564
f 7501 7502 7565
f 7502 7566 7565
f 7502 7503 7566
f 7503 7567 7566
f 7503 7504 7567
f 7504 7568 7567
f 7504 7505 7568
f 7505 7569 7568
f 7505 7506 7569
f 7506 7570 7569
f 7506 7507 7570
f 7507 7571 7570
f 7507 7508 7571
f 7508 7572 7571
f 7508 7509 7572
f 7509 7573 7572
f 7509 7510 7573
f 7510 7574 7573
f 7510 7511 7574
f 7511 7575 7574
f 7511 7512 7575
f 7512 7576 7575
f 7512 7513 7576
f 7513 7577 7576
f 7513 7514 7577
f 7514 7578 7577
f 7514 7515 7578
f 7515 7579 7578
f 7515 7516 7579
f 7516 7580 7579
f 7516 7517 7580
f 7517 7581 7580
f 7517 7518 7581
f 7518 7582 7581
f 7518 7519 7582
f 7519 7583 7582
f 7519 7520 7583
f 7520 7584 7583
f 7520 7521 7584
f 7521 7585 7584
f 7521 7522 7585
f 7522 7586 7585
f 7522 7523 7586
f 7523 7587 7586
f 7523 7524 7587
f 7524 7588 7587
f 7524 7525 7588
f 7525 7589 7588
f 7525 7526 7589
f 7526 7590 7589
f 7526 7527 7590
f 7527 7591 7590
f 7527 7528 7591
f 7528 7592 7591
f 7528 7529 7592
f 7529 7593 7592
f 7529 7530 7593
f 7530 7594 7593
f 7530 7531 7594
f 7531 7595 7594
f 7531 7532 7595
f 7532 7596 7595
f 7532 7533 7596
f 7533 7597 7596
f 7533 7534 7597
f 7534 7598 7597
f 7534 7535 7598
f 7535 7599 7598
f 7535 7536 7599
f 7536 7600 7599
f 7536 7537 7600
f 7537 7601 7600
f 7537 7538 7601
f 7538 7602 7601
f 7538 7539 7602
f 7539 7603 7602
f 7539 7540 7603
f 7540 7604 7603
f 7540 7541 7604
f 7541 7605 7604
f 7541 7542 7605
f 7542 7606 7605
f 7542 7543 7606
f 7543 7607 7606
f 7543 7544 7607
f 7544 7608 7607
f 7544 7545 7608
f 7545 7609 7608
f 7545 7546 7609
f 7546 7610 7609
f 7546 7547 7610
f 7547 7611 7610
f 7547 7548 7611
f 7548 7612 7611
f 7548 7549 7612
f 7549 7613 7612
f 7549 7550 7613
f 7550 7614 7613
f 7550 7551 7614
f 7551 7615 7614
f 7551 7552 7615
f 7552 7616 7615
f 7552 7553 7616
f 7553 7617 7616
f 7553 7554 7617
f 7554 7618 7617
f 7554 7555 7618
f 7555 7619 7618
f 7555 7556 7619
f 7556 7620 7619
f 7556 7557 7620
f 7557 7621 7620
f 7557 7558 7621
f 7558 7622 7621
f 7558 7559 7622
f 7559 7623 7622
f 7559 7496 7623
f 7496 7560 7623
f 7560 7561 7624
f 7561 7625 7624
f 7561 7562 7625
f 7562 7626 7625
f 7562 7563 7626
f 7563 7627 7626
f 7563 7564 7627
f 7564 7628 7627
f 7564 7565 7628
f 7565 7629 7628
f 7565 7566 7629
f 7566 7630 7629
f 7566 7567 7630
f 7567 7631 7630
f 7567 7568 7631
f 7568 7632 7631
f 7568 7569 7632
f 7569 7633 7632
f 7569 7570 7633
f 7570 7634 7633
f 7570 7571 7634
f 7571 7635 7634
f 7571 7572 7635
f 7572 7636 7635
f 7572 7573 7636
f 7573 7637 7636
f 7573 7574 7637
f 7574 7638 7637
f 7574 7575 7638
f 7575 7639 7638
f 7575 7576 7639
f 7576 7640 7639
f 7576 7577 7640
f 7577 7641 7640
f 7577 7578 7641
f 7578 7642 7641
f 7578 7579 7642
f 7579 7643 7642
f 7579 7580 7643
f 7580 7644 7643
f 7580 7581 7644
f 7581 7645 7644
f 7581 7582 7645
f 7582 7646 7645
f 7582 7583 7646
f 7583 7647 7646
f 7583 7584 7647
f 7584 7648 7647
f 7584 7585 7648
f 7585 7649 7648
f 7585 7586 7649
f 7586 7650 7649
f 7586 7587 7650
f 7587 7651 7650
f 7587 7588 7651
f 7588 7652 7651
f 7588 7589 7652
f 7589 7653 7652
f 7589 7590 7653
f 7590 7654 7653
f 7590 7591 7654
f 7591 7655 7654
f 7591 7592 7655
f 7592 7656 7655
f 7592 7593 7656
f 7593 7657 7656
f 7593 7594 7657
f 7594 7658 7657
f 7594 7595 7658
f 7595 7659 7658
f 7595 7596 7659
f 7596 7660 7659
f 7596 7597 7660
f 7597 7661 7660
f 7597 7598 7661
f 7598 7662 7661
f 7598 7599 7662
f 7599 7663 7662
f 7599 7600 7663
f 7600 7664 7663
f 7600 7601 7664
f 7601 7665 7664
f 7601 7602 7665
f 7602 7666 7665
f 7602 7603 7666
f 7603 7667 7666
f 7603 7604 7667
f 7604 7668 7667
f 7604 7605 7668
f 7605 7669 7668
f 7605 7606 7669
f 7606 7670 7669
f 7606 7607 7670
f 7607 7671 7670
f 7607 7608 7671
f 7608 7672 7671
f 7608 7609 7672
f 7609 7673 7672
f 7609 7610 7673
f 7610 7674 7673
f 7610 7611 7674
f 7611 7675 7674
f 7611 7612 7675
f 7612 7676 7675
f 7612 7613 7676
f 7613 7677 7676
f 7613 7614 7677
f 7614 7678 7677
f 7614 7615 7678
f 7615 7679 7678
f 7615 7616 7679
f 7616 7680 7679
f 7616 7617 7680
f 7617 7681 7680
f 7617 7618 7681
f 7618 7682 7681
f 7618 7619 7682
f 7619 7683 7682
f 7619 7620 7683
f 7620 7684 7683
f 7620 7621 7684
f 7621 7685 7684
f 7621 7622 7685
f 7622 7686 7685
f 7622 7623 7686
f 7623 7687 7686
f 7623 7560 7687
f 7560 7624 7687
f 7624 7625 7688
f 7625 7689 7688
f 7625 7626 7689
f 7626 7690 7689
f 7626 7627 7690
f 7627 7691 7690
f 7627 7628 7691
f 7628 7692 7691
f 7628 7629 7692
f 7629 7693 7692
f 7629 7630 7693
f 7630 7694 7693
f 7630 7631 7694
f 7631 7695 7694
f 7631 7632 7695
f 7632 7696 7695
f 7632 7633 7696
f 7633 7697 7696
f 7633 7634 7697
f 7634 7698 7697
f 7634 7635 7698
f 7635 7699 7698
f 7635 7636 7699
f 7636 7700 7699
f 7636 7637 7700
f 7637 7701 7700
f 7637 7638 7701
f 7638 7702 7701
f 7638 7639 7702
f 7639 7703 7702
f 7639 7640 7703
f 7640 7704 7703
f 7640 7641 7704
f 7641 7705 7704
f 7641 7642 7705
f 7642 7706 7705
f 7642 7643 7706
f 7643 7707 7706
f 7643 7644 7707
f 7644 7708 7707
f 7644 7645 7708
f 7645 7709 7708
f 7645 7646 7709
f 7646 7710 7709
f 7646 7647 7710
f 7647 7711 7710
f 7647 7648 7711
f 7648 7712 7711
f 7648 7649 7712
f 7649 7713 7712
f 7649 7650 7713
f 7650 7714 7713
f 7650 7651 7714
f 7651 7715 7714
f 7651 7652 7715
f 7652 7716 7715
f 7652 7653 7716
f 7653 7717 7716
f 7653 7654 7717
f 7654 7718 7717
f 7654 7655 7718
f 7655 7719 7718
f 7655 7656 7719
f 7656 7720 7719
f 7656 7657 7720
f 7657 7721 7720
f 7657 7658 7721
f 7658 7722 7721
f 7658 7659 7722
f 7659 7723 7722
f 7659 7660 7723
f 7660 7724 7723
f 7660 7661 7724
f 7661 7725 7724
f 7661 7662 7725
f 7662 7726 7725
f 7662 7663 7726
f 7663 7727 7726
f 7663 7664 7727
f 7664 7728 7727
f 7664 7665 7728
f 7665 7729 7728
f 7665 7666 7729
f 7666 7730 7729
f 7666 7667 7730
f 7667 7731 7730
f 7667 7668 7731
f 7668 7732 7731
f 7668 7669 7732
f 7669 7733 7732
f 7669 7670 7733
f 7670 7734 7733
f 7670 7671 7734
f 7671 7735 7734
f 7671 7672 7735
f 7672 7736 7735
f 7672 7673 7736
f 7673 7737 7736
f 7673 7674 7737
f 7674 7738 7737
f 7674 7675 7738
f 7675 7739 7738
f 7675 7676 7739
f 7676 7740 7739
f 7676 7677 7740
f 7677 7741 7740
f 7677 7678 7741
f 7678 7742 7741
f 7678 7679 7742
f 7679 7743 7742
f 7679 7680 7743
f 7680 7744 7743
f 7680 7681 7744
f 7681 7745 7744
f 7681 7682 7745
f 7682 7746 7745
f 7682 7683 7746
f 7683 7747 7746
f 7683 7684 7747
f 7684 7748 7747
f 7684 7685 7748
f 7685 7749 7748
f 7685 7686 7749
f 7686 7750 7749
f 7686 7687 7750
f 7687 7751 7750
f 7687 7624 7751
f 7624 7688 7751
f 7688 7689 7752
f 7689 7753 7752
f 7689 7690 7753
f 7690 7754 7753
f 7690 7691 7754
f 7691 7755 7754
f 7691 7692 7755
f 7692 7756 7755
f 7692 7693 7756
f 7693 7757 7756
f 7693 7694 7757
f 7694 7758 7757
f 7694 7695 7758
f 7695 7759 7758
f 7695 7696 7759
f 7696 7760 7759
f 7696 7697 7760
f 7697 7761 7760
f 7697 7698 7761
f 7698 7762 7761
f 7698 7699 7762
f 7699 7763 7762
f 7699 7700 7763
f 7700 7764 7763
f 7700 7701 7764
f 7701 7765 7764
f 7701 7702 7765
f 7702 7766 7765
f 7702 7703 7766
f 7703 7767 7766
f 7703 7704 7767
f 7704 7768 7767
f 7704 7705 7768
f 7705 7769 7768
f 7705 7706 7769
f 7706 7770 7769
f 7706 7707 7770
f 7707 7771 7770
f 7707 7708 7771
f 7708 7772 7771
f 7708 7709 7772
f 7709 7773 7772
f 7709 7710 7773
f 7710 7774 7773
f 7710 7711 7774
f 7711 7775 7774
f 7711 7712 7775
f 7712 7776 7775
f 7712 7713 7776
f 7713 7777 7776
f 7713 7714 7777
f 7714 7778 7777
f 7714 7715 7778
f 7715 7779 7778
f 7715 7716 7779
f 7716 7780 7779
f 7716 7717 7780
f 7717 7781 7780
f 7717 7718 7781
f 7718 7782 7781
f 7718 7719 7782
f 7719 7783 7782
f 7719 7720 7783
f 7720 7784 7783
f 7720 7721 7784
f 7721 7785 7784
f 7721 7722 7785
f 7722 7786 7785
f 7722 7723 7786
f 7723 7787 7786
f 7723 7724 7787
f 7724 7788 7787
f 7724 7725 7788
f 7725 7789 7788
f 7725 7726 7789
f 7726 7790 7789
f 7726 7727 7790
f 7727 7791 7790
f 7727 7728 7791
f 7728 7792 7791
f 7728 7729 7792
f 7729 7793 7792
f 7729 7730 7793
f 7730 7794 7793
f 7730 7731 7794
f 7731 7795 7794
f 7731 7732 7795
f 7732 7796 7795
f 7732 7733 7796
f 7733 7797 7796
f 7733 7734 7797
f 7734 7798 7797
f 7734 7735 7798
f 7735 7799 7798
f 7735 7736 7799
f 7736 7800 7799
f 7736 7737 7800
f 7737 7801 7800
f 7737 7738 7801
f 7738 7802 7801
f 7738 7739 7802
f 7739 7803 7802
f 7739 7740 7803
f 7740 7804 7803
f 7740 7741 7804
f 7741 7805 7804
f 7741 7742 7805
f 7742 7806 7805
f 7742 7743 7806
f 7743 7807 7806
f 7743 7744 7807
f 7744 7808 7807
f 7744 7745 7808
f 7745 7809 7808
f 7745 7746 7809
f 7746 7810 7809
f 7746 7747 7810
f 7747 7811 7810
f 7747 7748 7811
f 7748 7812 7811
f 7748 7749 7812
f 7749 7813 7812
f 7749 7750 7813
f 7750 7814 7813
f 7750 7751 7814
f 7751 7815 7814
f 7751 7688 7815
f 7688 7752 7815
f 7752 7753 7816
f 7753 7817 7816
f 7753 7754 7817
f 7754 7818 7817
f 7754 7755 7818
f 7755 7819 7818
f 7755 7756 7819
f 7756 7820 7819
f 7756 7757 7820
f 7757 7821 7820
f 7757 7758 7821
f 7758 7822 7821
f 7758 7759 7822
f 7759 7823 7822
f 7759 7760 7823
f 7760 7824 7823
f 7760 7761 7824
f 7761 7825 7824
f 7761 7762 7825
f 7762 7826 7825
f 7762 7763 7826
f 7763 7827 7826
f 7763 7764 7827
f 7764 7828 7827
f 7764 7765 7828
f 7765 7829 7828
f 7765 7766 7829
f 7766 7830 7829
f 7766 7767 7830
f 7767 7831 7830
f 7767 7768 7831
f 7768 7832 7831
f 7768 7769 7832
f 7769 7833 7832
f 7769 7770 7833
f 7770 7834 7833
f 7770 7771 7834
f 7771 7835 7834
f 7771 7772 7835
f 7772 7836 7835
f 7772 7773 7836
f 7773 7837 7836
f 7773 7774 7837
f 7774 7838 7837
f 7774 7775 7838
f 7775 7839 7838
f 7775 7776 7839
f 7776 7840 7839
f 7776 7777 7840
f 7777 7841 7840
f 7777 7778 7841
f 7778 7842 7841
f 7778 7779 7842
f 7779 7843 7842
f 7779 7780 7843
f 7780 7844 7843
f 7780 7781 7844
f 7781 7845 7844
f 7781 7782 7845
f 7782 7846 7845
f 7782 7783 7846
f 7783 7847 7846
f 7783 7784 7847
f 7784 7848 7847
f 7784 7785 7848
f 7785 7849 7848
f 7785 7786 7849
f 7786 7850 7849
f 7786 7787 7850
f 7787 7851 7850
f 7787 7788 7851
f 7788 7852 7851
f 7788 7789 7852
f 7789 7853 7852
f 7789 7790 7853
f 7790 7854 7853
f 7790 7791 7854
f 7791 7855 7854
f 7791 7792 7855
f 7792 7856 7855
f 7792 7793 7856
f 7793 7857 7856
f 7793 7794 7857
f 7794 7858 7857
f 7794 7795 7858
f 7795 7859 7858
f 7795 7796 7859
f 7796 7860 7859
f 7796 7797 7860
f 7797 7861 7860
f 7797 7798 7861
f 7798 7862 7861
f 7798 7799 7862
f 7799 7863 7862
f 7799 7800 7863
f 7800 7864 7863
f 7800 7801 7864
f 7801 7865 7864
f 7801 7802 7865
f 7802 7866 7865
f 7802 7803 7866
f 7803 7867 7866
f 7803 7804 7867
f 7804 7868 7867
f 7804 7805 7868
f 7805 7869 7868
f 7805 7806 7869
f 7806 7870 7869
f 7806 7807 7870
f 7807 7871 7870
f 7807 7808 7871
f 7808 7872 7871
f 7808 7809 7872
f 7809 7873 7872
f 7809 7810 7873
f 7810 7874 7873
f 7810 7811 7874
f 7811 7875 7874
f 7811 7812 7875
f 7812 7876 7875
f 7812 7813 7876
f 7813 7877 7876
f 7813 7814 7877
f 7814 7878 7877
f 7814 7815 7878
f 7815 7879 7878
f 7815 7752 7879
f 7752 7816 7879
f 7816 7817 7880
f 7817 7881 7880
f 7817 7818 7881
f 7818 7882 7881
f 7818 7819 7882
f 7819 7883 7882
f 7819 7820 7883
f 7820 7884 7883
f 7820 7821 7884
f 7821 7885 7884
f 7821 7822 7885
f 7822 7886 7885
f 7822 7823 7886
f 7823 7887 7886
f 7823 7824 7887
f 7824 7888 7887
f 7824 7825 7888
f 7825 7889 7888
f 7825 7826 7889
f 7826 7890 7889
f 7826 7827 7890
f 7827 7891 7890
f 7827 7828 7891
f 7828 7892 7891
f 7828 7829 7892
f 7829 7893 7892
f 7829 7830 7893
f 7830 7894 7893
f 7830 7831 7894
f 7831 7895 7894
f 7831 7832 7895
f 7832 7896 7895
f 7832 7833 7896
f 7833 7897 7896
f 7833 7834 7897
f 7834 7898 7897
f 7834 7835 7898
f 7835 7899 7898
f 7835 7836 7899
f 7836 7900 7899
f 7836 7837 7900
f 7837 7901 7900
f 7837 7838 7901
f 7838 7902 7901
f 7838 7839 7902
f 7839 7903 7902
f 7839 7840 7903
f 7840 7904 7903
f 7840 7841 7904
f 7841 7905 7904
f 7841 7842 7905
f 7842 7906 7905
f 7842 7843 7906
f 7843 7907 7906
f 7843 7844 7907
f 7844 7908 7907
f 7844 7845 7908
f 7845 7909 7908
f 7845 7846 7909
f 7846 7910 7909
f 7846 7847 7910
f 7847 7911 7910
f 7847 7848 7911
f 7848 7912 7911
f 7848 7849 7912
f 7849 7913 7912
f 7849 7850 7913
f 7850 7914 7913
f 7850 7851 7914
f 7851 7915 7914
f 7851 7852 7915
f 7852 7916 7915
f 7852 7853 7916
f 7853 7917 7916
f 7853 7854 7917
f 7854 7918 7917
f 7854 7855 7918
f 7855 7919 7918
f 7855 7856 7919
f 7856 7920 7919
f 7856 7857 7920
f 7857 7921 7920
f 7857 7858 7921
f 7858 7922 7921
f 7858 7859 7922
f 7859 7923 7922
f 7859 7860 7923
f 7860 7924 7923
f 7860 7861 7924
f 7861 7925 7924
f 7861 7862 7925
f 7862 7926 7925
f 7862 7863 7926
f 7863 7927 7926
f 7863 7864 7927
f 7864 7928 7927
f 7864 7865 7928
f 7865 7929 7928
f 7865 7866 7929
f 7866 7930 7929
f 7866 7867 7930
f 7867 7931 7930
f 7867 7868 7931
f 7868 7932 7931
f 7868 7869 7932
f 7869 7933 7932
f 7869 7870 7933
f 7870 7934 7933
f 7870 7871 7934
f 7871 7935 7934
f 7871 7872 7935
f 7872 7936 7935
f 7872 7873 7936
f 7873 7937 7936
f 7873 7874 7937
f 7874 7938 7937
f 7874 7875 7938
f 7875 7939 7938
f 7875 7876 7939
f 7876 7940 7939
f 7876 7877 7940
f 7877 7941 7940
f 7877 7878 7941
f 7878 7942 7941
f 7878 7879 7942
f 7879 7943 7942
f 7879 7816 7943
f 7816 7880 7943
f 7880 7881 7944
f 7881 7945 7944
f 7881 7882 7945
f 7882 7946 7945
f 7882 7883 7946
f 7883 7947 7946
f 7883 7884 7947
f 7884 7948 7947
f 7884 7885 7948
f 7885 7949 7948
f 7885 7886 7949
f 7886 7950 7949
f 7886 7887 7950
f 7887 7951 7950
f 7887 7888 7951
f 7888 7952 7951
f 7888 7889 7952
f 7889 7953 7952
f 7889 7890 7953
f 7890 7954 7953
f 7890 7891 7954
f 7891 7955 7954
f 7891 7892 7955
f 7892 7956 7955
f 7892 7893 7956
f 7893 7957 7956
f 7893 7894 7957
f 7894 7958 7957
f 7894 7895 7958
f 7895 7959 7958
f 7895 7896 7959
f 7896 7960 7959
f 7896 7897 7960
f 7897 7961 7960
f 7897 7898 7961
f 7898 7962 7961
f 7898 7899 7962
f 7899 7963 7962
f 7899 7900 7963
f 7900 7964 7963
f 7900 7901 7964
f 7901 7965 7964
f 7901 7902 7965
f 7902 7966 7965
f 7902 7903 7966
f 7903 7967 7966
f 7903 7904 7967
f 7904 7968 7967
f 7904 7905 7968
f 7905 7969 7968
f 7905 7906 7969
f 7906 7970 7969
f 7906 7907 7970
f 7907 7971 7970
f 7907 7908 7971
f 7908 7972 7971
f 7908 7909 7972
f 7909 7973 7972
f 7909 7910 7973
f 7910 7974 7973
f 7910 7911 7974
f 7911 7975 7974
f 7911 7912 7975
f 7912 7976 7975
f 7912 7913 7976
f 7913 7977 7976
f 7913 7914 7977
f 7914 7978 7977
f 7914 7915 7978
f 7915 7979 7978
f 7915 7916 7979
f 7916 7980 7979
f 7916 7917 7980
f 7917 7981 7980
f 7917 7918 7981
f 7918 7982 7981
f 7918 7919 7982
f 7919 7983 7982
f 7919 7920 7983
f 7920 7984 7983
f 7920 7921 7984
f 7921 7985 7984
f 7921 7922 7985
f 7922 7986 7985
f 7922 7923 7986
f 7923 7987 7986
f 7923 7924 7987
f 7924 7988 7987
f 7924 7925 7988
f 7925 7989 7988
f 7925 7926 7989
f 7926 7990 7989
f 7926 7927 7990
f 7927 7991 7990
f 7927 7928 7991
f 7928 7992 7991
f 7928 7929 7992
f 7929 7993 7992
f 7929 7930 7993
f 7930 7994 7993
f 7930 7931 7994
f 7931 7995 7994
f 7931 7932 7995
f 7932 7996 7995
f 7932 7933 7996
f 7933 7997 7996
f 7933 7934 7997
f 7934 7998 7997
f 7934 7935 7998
f 7935 7999 7998
f 7935 7936 7999
f 7936 8000 7999
f 7936 7937 8000
f 7937 8001 8000
f 7937 7938 8001
f 7938 8002 8001
f 7938 7939 8002
f 7939 8003 8002
f 7939 7940 8003
f 7940 8004 8003
f 7940 7941 8004
f 7941 8005 8004
f 7941 7942 8005
f 7942 8006 8005
f 7942 7943 8006
f 7943 8007 8006
f 7943 7880 8007
f 7880 7944 8007
f 7944 7945 8008
f 7945 8009 8008
f 7945 7946 8009
f 7946 8010 8009
f 7946 7947 8010
f 7947 8011 8010
f 7947 7948 8011
f 7948 8012 8011
f 7948 7949 8012
f 7949 8013 8012
f 7949 7950 8013
f 7950 8014 8013
f 7950 7951 8014
f 7951 8015 8014
f 7951 7952 8015
f 7952 8016 8015
f 7952 7953 8016
f 7953 8017 8016
f 7953 7954 8017
f 7954 8018 8017
f 7954 7955 8018
f 7955 8019 8018
f 7955 7956 8019
f 7956 8020 8019
f 7956 7957 8020
f 7957 8021 8020
f 7957 7958 8021
f 7958 8022 8021
f 7958 7959 8022
f 7959 8023 8022
f 7959 7960 8023
f 7960 8024 8023
f 7960 7961 8024
f 7961 8025 8024
f 7961 7962 8025
f 7962 8026 8025
f 7962 7963 8026
f 7963 8027 8026
f 7963 7964 8027
f 7964 8028 8027
f 7964 7965 8028
f 7965 8029 8028
f 7965 7966 8029
f 7966 8030 8029
f 7966 7967 8030
f 7967 8031 8030
f 7967 7968 8031
f 7968 8032 8031
f 7968 7969 8032
f 7969 8033 8032
f 7969 7970 8033
f 7970 8034 8033
f 7970 7971 8034
f 7971 8035 8034
f 7971 7972 8035
f 7972 8036 8035
f 7972 7973 8036
f 7973 8037 8036
f 7973 7974 8037
f 7974 8038 8037
f 7974 7975 8038
f 7975 8039 8038
f 7975 7976 8039
f 7976 8040 8039
f 7976 7977 8040
f 7977 8041 8040
f 7977 7978 8041
f 7978 8042 8041
f 7978 7979 8042
f 7979 8043 8042
f 7979 7980 8043
f 7980 8044 8043
f 7980 7981 8044
f 7981 8045 8044
f 7981 7982 8045
f 7982 8046 8045
f 7982 7983 8046
f 7983 8047 8046
f 7983 7984 8047
f 7984 8048 8047
f 7984 7985 8048
f 7985 8049 8048
f 7985 7986 8049
f 7986 8050 8049
f 7986 7987 8050
f 7987 8051 8050
f 7987 7988 8051
f 7988 8052 8051
f 7988 7989 8052
f 7989 8053 8052
f 7989 7990 8053
f 7990 8054 8053
f 7990 7991 8054
f 7991 8055 8054
f 7991 7992 8055
f 7992 8056 8055
f 7992 7993 8056
f 7993 8057 8056
f 7993 7994 8057
f 7994 8058 8057
f 7994 7995 8058
f 7995 8059 8058
f 7995 7996 8059
f 7996 8060 8059
f 7996 7997 8060
f 7997 8061 8060
f 7997 7998 8061
f 7998 8062 8061
f 7998 7999 8062
f 7999 8063 8062
f 7999 8000 8063
f 8000 8064 8063
f 8000 8001 8064
f 8001 8065 8064
f 8001 8002 8065
f 8002 8066 8065
f 8002 8003 8066
f 8003 8067 8066
f 8003 8004 8067
f 8004 8068 8067
f 8004 8005 8068
f 8005 8069 8068
f 8005 8006 8069
f 8006 8070 8069
f 8006 8007 8070
f 8007 8071 8070
f 8007 7944 8071
f 7944 8008 8071
f 8008 8009 8072
f 8009 8073 8072
f 8009 8010 8073
f 8010 8074 8073
f 8010 8011 8074
f 8011 8075 8074
f 8011 8012 8075
f 8012 8076 8075
f 8012 8013 8076
f 8013 8077 8076
f 8013 8014 8077
f 8014 8078 8077
f 8014 8015 8078
f 8015 8079 8078
f 8015 8016 8079
f 8016 8080 8079
f 8016 8017 8080
f 8017 8081 8080
f 8017 8018 8081
f 8018 8082 8081
f 8018 8019 8082
f 8019 8083 8082
f 8019 8020 8083
f 8020 8084 8083
f 8020 8021 8084
f 8021 8085 8084
f 8021 8022 8085
f 8022 8086 8085
f 8022 8023 8086
f 8023 8087 8086
f 8023 8024 8087
f 8024 8088 8087
f 8024 8025 8088
f 8025 8089 8088
f 8025 8026 8089
f 8026 8090 8089
f 8026 8027 8090
f 8027 8091 8090
f 8027 8028 8091
f 8028 8092 8091
f 8028 8029 8092
f 8029 8093 8092
f 8029 8030 8093
f 8030 8094 8093
f 8030 8031 8094
f 8031 8095 8094
f 8031 8032 8095
f 8032 8096 8095
f 8032 8033 8096
f 8033 8097 8096
f 8033 8034 8097
f 8034 8098 8097
f 8034 8035 8098
f 8035 8099 8098
f 8035 8036 8099
f 8036 8100 8099
f 8036 8037 8100
f 8037 8101 8100
f 8037 8038 8101
f 8038 8102 8101
f 8038 8039 8102
f 8039 8103 8102
f 8039 8040 8103
f 8040 8104 8103
f 8040 8041 8104
f 8041 8105 8104
f 8041 8042 8105
f 8042 8106 8105
f 8042 8043 8106
f 8043 8107 8106
f 8043 8044 8107
f 8044 8108 8107
f 8044 8045 8108
f 8045 8109 8108
f 8045 8046 8109
f 8046 8110 8109
f 8046 8047 8110
f 8047 8111 8110
f 8047 8048 8111
f 8048 8112 8111
f 8048 8049 8112
f 8049 8113 8112
f 8049 8050 8113
f 8050 8114 8113
f 8050 8051 8114
f 8051 8115 8114
f 8051 8052 8115
f 8052 8116 8115
f 8052 8053 8116
f 8053 8117 8116
f 8053 8054 8117
f 8054 8118 8117
f 8054 8055 8118
f 8055 8119 8118
f 8055 8056 8119
f 8056 8120 8119
f 8056 8057 8120
f 8057 8121 8120
f 8057 8058 8121
f 8058 8122 8121
f 8058 8059 8122
f 8059 8123 8122
f 8059 8060 8123
f 8060 8124 8123
f 8060 8061 8124
f 8061 8125 8124
f 8061 8062 8125
f 8062 8126 8125
f 8062 8063 8126
f 8063 8127 8126
f 8063 8064 8127
f 8064 8128 8127
f 8064 8065 8128
f 8065 8129 8128
f 8065 8066 8129
f 8066 8130 8129
f 8066 8067 8130
f 8067 8131 8130
f 8067 8068 8131
f 8068 8132 8131
f 8068 8069 8132
f 8069 8133 8132
f 8069 8070 8133
f 8070 8134 8133
f 8070 8071 8134
f 8071 8135 8134
f 8071 8008 8135
f 8008 8072 8135
f 8072 8073 8136
f 8073 8137 8136
f 8073 8074 8137
f 8074 8138 8137
f 8074 8075 8138
f 8075 8139 8138
f 8075 8076 8139
f 8076 8140 8139
f 8076 8077 8140
f 8077 8141 8140
f 8077 8078 8141
f 8078 8142 8141
f 8078 8079 8142
f 8079 8143 8142
f 8079 8080 8143
f 8080 8144 8143
f 8080 8081 8144
f 8081 8145 8144
f 8081 8082 8145
f 8082 8146 8145
f 8082 8083 8146
f 8083 8147 8146
f 8083 8084 8147
f 8084 8148 8147
f 8084 8085 8148
f 8085 8149 8148
f 8085 8086 8149
f 8086 8150 8149
f 8086 8087 8150
f 8087 8151 8150
f 8087 8088 8151
f 8088 8152 8151
f 8088 8089 8152
f 8089 8153 8152
f 8089 8090 8153
f 8090 8154 8153
f 8090 8091 8154
f 8091 8155 8154
f 8091 8092 8155
f 8092 8156 8155
f 8092 8093 8156
f 8093 8157 8156
f 8093 8094 8157
f 8094 8158 8157
f 8094 8095 8158
f 8095 8159 8158
f 8095 8096 8159
f 8096 8160 8159
f 8096 8097 8160
f 8097 8161 8160
f 8097 8098 8161
f 8098 8162 8161
f 8098 8099 8162
f 8099 8163 8162
f 8099 8100 8163
f 8100 8164 8163
f 8100 8101 8164
f 8101 8165 8164
f 8101 8102 8165
f 8102 8166 8165
f 8102 8103 8166
f 8103 8167 8166
f 8103 8104 8167
f 8104 8168 8167
f 8104 8105 8168
f 8105 8169 8168
f 8105 8106 8169
f 8106 8170 8169
f 8106 8107 8170
f 8107 8171 8170
f 8107 8108 8171
f 8108 8172 8171
f 8108 8109 8172
f 8109 8173 8172
f 8109 8110 8173
f 8110 8174 8173
f 8110 8111 8174
f 8111 8175 8174
f 8111 8112 8175
f 8112 8176 8175
f 8112 8113 8176
f 8113 8177 8176
f 8113 8114 8177
f 8114 8178 8177
f 8114 8115 8178
f 8115 8179 8178
f 8115 8116 8179
f 8116 8180 8179
f 8116 8117 8180
f 8117 8181 8180
f 8117 8118 8181
f 8118 8182 8181
f 8118 8119 8182
f 8119 8183 8182
f 8119 8120 8183
f 8120 8184 8183
f 8120 8121 8184
f 8121 8185 8184
f 8121 8122 8185
f 8122 8186 8185
f 8122 8123 8186
f 8123 8187 8186
f 8123 8124 8187
f 8124 8188 8187
f 8124 8125 8188
f 8125 8189 8188
f 8125 8126 8189
f 8126 8190 8189
f 8126 8127 8190
f 8127 8191 8190
f 8127 8128 8191
f 8128 8192 8191
f 8128 8129 8192
f 8129 8193 8192
f 8129 8130 8193
f 8130 8194 8193
f 8130 8131 8194
f 8131 8195 8194
f 8131 8132 8195
f 8132 8196 8195
f 8132 8133 8196
f 8133 8197 8196
f 8133 8134 8197
f 8134 8198 8197
f 8134 8135 8198
f 8135 8199 8198
f 8135 8072 8199
f 8072 8136 8199
f 8136 8137 8200
f 8137 8201 8200
f 8137 8138 8201
f 8138 8202 8201
f 8138 8139 8202
f 8139 8203 8202
f 8139 8140 8203
f 8140 8204 8203
f 8140 8141 8204
f 8141 8205 8204
f 8141 8142 8205
f 8142 8206 8205
f 8142 8143 8206
f 8143 8207 8206
f 8143 8144 8207
f 8144 8208 8207
f 8144 8145 8208
f 8145 8209 8208
f 8145 8146 8209
f 8146 8210 8209
f 8146 8147 8210
f 8147 8211 8210
f 8147 8148 8211
f 8148 8212 8211
f 8148 8149 8212
f 8149 8213 8212
f 8149 8150 8213
f 8150 8214 8213
f 8150 8151 8214
f 8151 8215 8214
f 8151 8152 8215
f 8152 8216 8215
f 8152 8153 8216
f 8153 8217 8216
f 8153 8154 8217
f 8154 8218 8217
f 8154 8155 8218
f 8155 8219 8218
f 8155 8156 8219
f 8156 8220 8219
f 8156 8157 8220
f 8157 8221 8220
f 8157 8158 8221
f 8158 8222 8221
f 8158 8159 8222
f 8159 8223 8222
f 8159 8160 8223
f 8160 8224 8223
f 8160 8161 8224
f 8161 8225 8224
f 8161 8162 8225
f 8162 8226 8225
f 8162 8163 8226
f 8163 8227 8226
f 8163 8164 8227
f 8164 8228 8227
f 8164 8165 8228
f 8165 8229 8228
f 8165 8166 8229
f 8166 8230 8229
f 8166 8167 8230
f 8167 8231 8230
f 8167 8168 8231
f 8168 8232 8231
f 8168 8169 8232
f 8169 8233 8232
f 8169 8170 8233
f 8170 8234 8233
f 8170 8171 8234
f 8171 8235 8234
f 8171 8172 8235
f 8172 8236 8235
f 8172 8173 8236
f 8173 8237 8236
f 8173 8174 8237
f 8174 8238 8237
f 8174 8175 8238
f 8175 8239 8238
f 8175 8176 8239
f 8176 8240 8239
f 8176 8177 8240
f 8177 8241 8240
f 8177 8178 8241
f 8178 8242 8241
f 8178 8179 8242
f 8179 8243 8242
f 8179 8180 8243
f 8180 8244 8243
f 8180 8181 8244
f 8181 8245 8244
f 8181 8182 8245
f 8182 8246 8245
f 8182 8183 8246
f 8183 8247 8246
f 8183 8184 8247
f 8184 8248 8247
f 8184 8185 8248
f 8185 8249 8248
f 8185 8186 8249
f 8186 8250 8249
f 8186 8187 8250
f 8187 8251 8250
f 8187 8188 8251
f 8188 8252 8251
f 8188 8189 8252
f 8189 8253 8252
f 8189 8190 8253
f 8190 8254 8253
f 8190 8191 8254
f 8191 8255 8254
f 8191 8192 8255
f 8192 8256 8255
f 8192 8193 8256
f 8193 8257 8256
f 8193 8194 8257
f 8194 8258 8257
f 8194 8195 8258
f 8195 8259 8258
f 8195 8196 8259
f 8196 8260 8259
f 8196 8197 8260
f 8197 8261 8260
f 8197 8198 8261
f 8198 8262 8261
f 8198 8199 8262
f 8199 8263 8262
f 8199 8136 8263
f 8136 8200 8263
f 8200 8201 8264
f 8201 8265 8264
f 8201 8202 8265
f 8202 8266 8265
f 8202 8203 8266
f 8203 8267 8266
f 8203 8204 8267
f 8204 8268 8267
f 8204 8205 8268
f 8205 8269 8268
f 8205 8206 8269
f 8206 8270 8269
f 8206 8207 8270
f 8207 8271 8270
f 8207 8208 8271
f 8208 8272 8271
f 8208 8209 8272
f 8209 8273 8272
f 8209 8210 8273
f 8210 8274 8273
f 8210 8211 8274
f 8211 8275 8274
f 8211 8212 8275
f 8212 8276 8275
f 8212 8213 8276
f 8213 8277 8276
f 8213 8214 8277
f 8214 8278 8277
f 8214 8215 8278
f 8215 8279 8278
f 8215 8216 8279
f 8216 8280 8279
f 8216 8217 8280
f 8217 8281 8280
f 8217 8218 8281
f 8218 8282 8281
f 8218 8219 8282
f 8219 8283 8282
f 8219 8220 8283
f 8220 8284 8283
f 8220 8221 8284
f 8221 8285 8284
f 8221 8222 8285
f 8222 8286 8285
f 8222 8223 8286
f 8223 8287 8286
f 8223 8224 8287
f 8224 8288 8287
f 8224 8225 8288
f 8225 8289 8288
f 8225 8226 8289
f 8226 8290 8289
f 8226 8227 8290
f 8227 8291 8290
f 8227 8228 8291
f 8228 8292 8291
f 8228 8229 8292
f 8229 8293 8292
f 8229 8230 8293
f 8230 8294 8293
f 8230 8231 8294
f 8231 8295 8294
f 8231 8232 8295
f 8232 8296 8295
f 8232 8233 8296
f 8233 8297 8296
f 8233 8234 8297
f 8234 8298 8297
f 8234 8235 8298
f 8235 8299 8298
f 8235 8236 8299
f 8236 8300 8299
f 8236 8237 8300
f 8237 8301 8300
f 8237 8238 8301
f 8238 8302 8301
f 8238 8239 8302
f 8239 8303 8302
f 8239 8240 8303
f 8240 8304 8303
f 8240 8241 8304
f 8241 8305 8304
f 8241 8242 8305
f 8242 8306 8305
f 8242 8243 8306
f 8243 8307 8306
f 8243 8244 8307
f 8244 8308 8307
f 8244 8245 8308
f 8245 8309 8308
f 8245 8246 8309
f 8246 8310 8309
f 8246 8247 8310
f 8247 8311 8310
f 8247 8248 8311
f 8248 8312 8311
f 8248 8249 8312
f 8249 8313 8312
f 8249 8250 8313
f 8250 8314 8313
f 8250 8251 8314
f 8251 8315 8314
f 8251 8252 8315
f 8252 8316 8315
f 8252 8253 8316
f 8253 8317 8316
f 8253 8254 8317
f 8254 8318 8317
f 8254 8255 8318
f 8255 8319 8318
f 8255 8256 8319
f 8256 8320 8319
f 8256 8257 8320
f 8257 8321 8320
f 8257 8258 8321
f 8258 8322 8321
f 8258 8259 8322
f 8259 8323 8322
f 8259 8260 8323
f 8260 8324 8323
f 8260 8261 8324
f 8261 8325 8324
f 8261 8262 8325
f 8262 8326 8325
f 8262 8263 8326
f 8263 8327 8326
f 8263 8200 8327
f 8200 8264 8327
f 8264 8265 8328
f 8265 8329 8328
f 8265 8266 8329
f 8266 8330 8329
f 8266 8267 8330
f 8267 8331 8330
f 8267 8268 8331
f 8268 8332 8331
f 8268 8269 8332
f 8269 8333 8332
f 8269 8270 8333
f 8270 8334 8333
f 8270 8271 8334
f 8271 8335 8334
f 8271 8272 8335
f 8272 8336 8335
f 8272 8273 8336
f 8273 8337 8336
f 8273 8274 8337
f 8274 8338 8337
f 8274 8275 8338
f 8275 8339 8338
f 8275 8276 8339
f 8276 8340 8339
f 8276 8277 8340
f 8277 8341 8340
f 8277 8278 8341
f 8278 8342 8341
f 8278 8279 8342
f 8279 8343 8342
f 8279 8280 8343
f 8280 8344 8343
f 8280 8281 8344
f 8281 8345 8344
f 8281 8282 8345
f 8282 8346 8345
f 8282 8283 8346
f 8283 8347 8346
f 8283 8284 8347
f 8284 8348 8347
f 8284 8285 8348
f 8285 8349 8348
f 8285 8286 8349
f 8286 8350 8349
f 8286 8287 8350
f 8287 8351 8350
f 8287 8288 8351
f 8288 8352 8351
f 8288 8289 8352
f 8289 8353 8352
f 8289 8290 8353
f 8290 8354 8353
f 8290 8291 8354
f 8291 8355 8354
f 8291 8292 8355
f 8292 8356 8355
f 8292 8293 8356
f 8293 8357 8356
f 8293 8294 8357
f 8294 8358 8357
f 8294 8295 8358
f 8295 8359 8358
f 8295 8296 8359
f 8296 8360 8359
f 8296 8297 8360
f 8297 8361 8360
f 8297 8298 8361
f 8298 8362 8361
f 8298 8299 8362
f 8299 8363 8362
f 8299 8300 8363
f 8300 8364 8363
f 8300 8301 8364
f 8301 8365 8364
f 8301 8302 8365
f 8302 8366 8365
f 8302 8303 8366
f 8303 8367 8366
f 8303 8304 8367
f 8304 8368 8367
f 8304 8305 8368
f 8305 8369 8368
f 8305 8306 8369
f 8306 8370 8369
f 8306 8307 8370
f 8307 8371 8370
f 8307 8308 8371
f 8308 8372 8371
f 8308 8309 8372
f 8309 8373 8372
f 8309 8310 8373
f 8310 8374 8373
f 8310 8311 8374
f 8311 8375 8374
f 8311 8312 8375
f 8312 8376 8375
f 8312 8313 8376
f 8313 8377 8376
f 8313 8314 8377
f 8314 8378 8377
f 8314 8315 8378
f 8315 8379 8378
f 8315 8316 8379
f 8316 8380 8379
f 8316 8317 8380
f 8317 8381 8380
f 8317 8318 8381
f 8318 8382 8381
f 8318 8319 8382
f 8319 8383 8382
f 8319 8320 8383
f 8320 8384 8383
f 8320 8321 8384
f 8321 8385 8384
f 8321 8322 8385
f 8322 8386 8385
f 8322 8323 8386
f 8323 8387 8386
f 8323 8324 8387
f 8324 8388 8387
f 8324 8325 8388
f 8325 8389 8388
f 8325 8326 8389
f 8326 8390 8389
f 8326 8327 8390
f 8327 8391 8390
f 8327 8264 8391
f 8264 8328 8391
f 8328 8329 8392
f 8329 8393 8392
f 8329 8330 8393
f 8330 8394 8393
f 8330 8331 8394
f 8331 8395 8394
f 8331 8332 8395
f 8332 8396 8395
f 8332 8333 8396
f 8333 8397 8396
f 8333 8334 8397
f 8334 8398 8397
f 8334 8335 8398
f 8335 8399 8398
f 8335 8336 8399
f 8336 8400 8399
f 8336 8337 8400
f 8337 8401 8400
f 8337 8338 8401
f 8338 8402 8401
f 8338 8339 8402
f 8339 8403 8402
f 8339 8340 8403
f 8340 8404 8403
f 8340 8341 8404
f 8341 8405 8404
f 8341 8342 8405
f 8342 8406 8405
f 8342 8343 8406
f 8343 8407 8406
f 8343 8344 8407
f 8344 8408 8407
f 8344 8345 8408
f 8345 8409 8408
f 8345 8346 8409
f 8346 8410 8409
f 8346 8347 8410
f 8347 8411 8410
f 8347 8348 8411
f 8348 8412 8411
f 8348 8349 8412
f 8349 8413 8412
f 8349 8350 8413
f 8350 8414 8413
f 8350 8351 8414
f 8351 8415 8414
f 8351 8352 8415
f 8352 8416 8415
f 8352 8353 8416
f 8353 8417 8416
f 8353 8354 8417
f 8354 8418 8417
f 8354 8355 8418
f 8355 8419 8418
f 8355 8356 8419
f 8356 8420 8419
f 8356 8357 8420
f 8357 8421 8420
f 8357 8358 8421
f 8358 8422 8421
f 8358 8359 8422
f 8359 8423 8422
f 8359 8360 8423
f 8360 8424 8423
f 8360 8361 8424
f 8361 8425 8424
f 8361 8362 8425
f 8362 8426 8425
f 8362 8363 8426
f 8363 8427 8426
f 8363 8364 8427
f 8364 8428 8427
f 8364 8365 8428
f 8365 8429 8428
f 8365 8366 8429
f 8366 8430 8429
f 8366 8367 8430
f 8367 8431 8430
f 8367 8368 8431
f 8368 8432 8431
f 8368 8369 8432
f 8369 8433 8432
f 8369 8370 8433
f 8370 8434 8433
f 8370 8371 8434
f 8371 8435 8434
f 8371 8372 8435
f 8372 8436 8435
f 8372 8373 8436
f 8373 8437 8436
f 8373 8374 8437
f 8374 8438 8437
f 8374 8375 8438
f 8375 8439 8438
f 8375 8376 8439
f 8376 8440 8439
f 8376 8377 8440
f 8377 8441 8440
f 8377 8378 8441
f 8378 8442 8441
f 8378 8379 8442
f 8379 8443 8442
f 8379 8380 8443
f 8380 8444 8443
f 8380 8381 8444
f 8381 8445 8444
f 8381 8382 8445
f 8382 8446 8445
f 8382 8383 8446
f 8383 8447 8446
f 8383 8384 8447
f 8384 8448 8447
f 8384 8385 8448
f 8385 8449 8448
f 8385 8386 8449
f 8386 8450 8449
f 8386 8387 8450
f 8387 8451 8450
f 8387 8388 8451
f 8388 8452 8451
f 8388 8389 8452
f 8389 8453 8452
f 8389 8390 8453
f 8390 8454 8453
f 8390 8391 8454
f 8391 8455 8454
f 8391 8328 8455
f 8328 8392 8455
f 8392 8393 8456
f 8393 8457 8456
f 8393 8394 8457
f 8394 8458 8457
f 8394 8395 8458
f 8395 8459 8458
f 8395 8396 8459
f 8396 8460 8459
f 8396 8397 8460
f 8397 8461 8460
f 8397 8398 8461
f 8398 8462 8461
f 8398 8399 8462
f 8399 8463 8462
f 8399 8400 8463
f 8400 8464 8463
f 8400 8401 8464
f 8401 8465 8464
f 8401 8402 8465
f 8402 8466 8465
f 8402 8403 8466
f 8403 8467 8466
f 8403 8404 8467
f 8404 8468 8467
f 8404 8405 8468
f 8405 8469 8468
f 8405 8406 8469
f 8406 8470 8469
f 8406 8407 8470
f 8407 8471 8470
f 8407 8408 8471
f 8408 8472 8471
f 8408 8409 8472
f 8409 8473 8472
f 8409 8410 8473
f 8410 8474 8473
f 8410 8411 8474
f 8411 8475 8474
f 8411 8412 8475
f 8412 8476 8475
f 8412 8413 8476
f 8413 8477 8476
f 8413 8414 8477
f 8414 8478 8477
f 8414 8415 8478
f 8415 8479 8478
f 8415 8416 8479
f 8416 8480 8479
f 8416 8417 8480
f 8417 8481 8480
f 8417 8418 8481
f 8418 8482 8481
f 8418 8419 8482
f 8419 8483 8482
f 8419 8420 8483
f 8420 8484 8483
f 8420 8421 8484
f 8421 8485 8484
f 8421 8422 8485
f 8422 8486 8485
f 8422 8423 8486
f 8423 8487 8486
f 8423 8424 8487
f 8424 8488 8487
f 8424 8425 8488
f 8425 8489 8488
f 8425 8426 8489
f 8426 8490 8489
f 8426 8427 8490
f 8427 8491 8490
f 8427 8428 8491
f 8428 8492 8491
f 8428 8429 8492
f 8429 8493 8492
f 8429 8430 8493
f 8430 8494 8493
f 8430 8431 8494
f 8431 8495 8494
f 8431 8432 8495
f 8432 8496 8495
f 8432 8433 8496
f 8433 8497 8496
f 8433 8434 8497
f 8434 8498 8497
f 8434 8435 8498
f 8435 8499 8498
f 8435 8436 8499
f 8436 8500 8499
f 8436 8437 8500
f 8437 8501 8500
f 8437 8438 8501
f 8438 8502 8501
f 8438 8439 8502
f 8439 8503 8502
f 8439 8440 8503
f 8440 8504 8503
f 8440 8441 8504
f 8441 8505 8504
f 8441 8442 8505
f 8442 8506 8505
f 8442 8443 8506
f 8443 8507 8506
f 8443 8444 8507
f 8444 8508 8507
f 8444 8445 8508
f 8445 8509 8508
f 8445 8446 8509
f 8446 8510 8509
f 8446 8447 8510
f 8447 8511 8510
f 8447 8448 8511
f 8448 8512 8511
f 8448 8449 8512
f 8449 8513 8512
f 8449 8450 8513
f 8450 8514 8513
f 8450 8451 8514
f 8451 8515 8514
f 8451 8452 8515
f 8452 8516 8515
f 8452 8453 8516
f 8453 8517 8516
f 8453 8454 8517
f 8454 8518 8517
f 8454 8455 8518
f 8455 8519 8518
f 8455 8392 8519
f 8392 8456 8519
f 8456 8457 8520
f 8457 8521 8520
f 8457 8458 8521
f 8458 8522 8521
f 8458 8459 8522
f 8459 8523 8522
f 8459 8460 8523
f 8460 8524 8523
f 8460 8461 8524
f 8461 8525 8524
f 8461 8462 8525
f 8462 8526 8525
f 8462 8463 8526
f 8463 8527 8526
f 8463 8464 8527
f 8464 8528 8527
f 8464 8465 8528
f 8465 8529 8528
f 8465 8466 8529
f 8466 8530 8529
f 8466 8467 8530
f 8467 8531 8530
f 8467 8468 8531
f 8468 8532 8531
f 8468 8469 8532
f 8469 8533 8532
f 8469 8470 8533
f 8470 8534 8533
f 8470 8471 8534
f 8471 8535 8534
f 8471 8472 8535
f 8472 8536 8535
f 8472 8473 8536
f 8473 8537 8536
f 8473 8474 8537
f 8474 8538 8537
f 8474 8475 8538
f 8475 8539 8538
f 8475 8476 8539
f 8476 8540 8539
f 8476 8477 8540
f 8477 8541 8540
f 8477 8478 8541
f 8478 8542 8541
f 8478 8479 8542
f 8479 8543 8542
f 8479 8480 8543
f 8480 8544 8543
f 8480 8481 8544
f 8481 8545 8544
f 8481 8482 8545
f 8482 8546 8545
f 8482 8483 8546
f 8483 8547 8546
f 8483 8484 8547
f 8484 8548 8547
f 8484 8485 8548
f 8485 8549 8548
f 8485 8486 8549
f 8486 8550 8549
f 8486 8487 8550
f 8487 8551 8550
f 8487 8488 8551
f 8488 8552 8551
f 8488 8489 8552
f 8489 8553 8552
f 8489 8490 8553
f 8490 8554 8553
f 8490 8491 8554
f 8491 8555 8554
f 8491 8492 8555
f 8492 8556 8555
f 8492 8493 8556
f 8493 8557 8556
f 8493 8494 8557
f 8494 8558 8557
f 8494 8495 8558
f 8495 8559 8558
f 8495 8496 8559
f 8496 8560 8559
f 8496 8497 8560
f 8497 8561 8560
f 8497 8498 8561
f 8498 8562 8561
f 8498 8499 8562
f 8499 8563 8562
f 8499 8500 8563
f 8500 8564 8563
f 8500 8501 8564
f 8501 8565 8564
f 8501 8502 8565
f 8502 8566 8565
f 8502 8503 8566
f 8503 8567 8566
f 8503 8504 8567
f 8504 8568 8567
f 8504 8505 8568
f 8505 8569 8568
f 8505 8506 8569
f 8506 8570 8569
f 8506 8507 8570
f 8507 8571 8570
f 8507 8508 8571
f 8508 8572 8571
f 8508 8509 8572
f 8509 8573 8572
f 8509 8510 8573
f 8510 8574 8573
f 8510 8511 8574
f 8511 8575 8574
f 8511 8512 8575
f 8512 8576 8575
f 8512 8513 8576
f 8513 8577 8576
f 8513 8514 8577
f 8514 8578 8577
f 8514 8515 8578
f 8515 8579 8578
f 8515 8516 8579
f 8516 8580 8579
f 8516 8517 8580
f 8517 8581 8580
f 8517 8518 8581
f 8518 8582 8581
f 8518 8519 8582
f 8519 8583 8582
f 8519 8456 8583
f 8456 8520 8583
f 8520 8521 8584
f 8521 8585 8584
f 8521 8522 8585
f 8522 8586 8585
f 8522 8523 8586
f 8523 8587 8586
f 8523 8524 8587
f 8524 8588 8587
f 8524 8525 8588
f 8525 8589 8588
f 8525 8526 8589
f 8526 8590 8589
f 8526 8527 8590
f 8527 8591 8590
f 8527 8528 8591
f 8528 8592 8591
f 8528 8529 8592
f 8529 8593 8592
f 8529 8530 8593
f 8530 8594 8593
f 8530 8531 8594
f 8531 8595 8594
f 8531 8532 8595
f 8532 8596 8595
f 8532 8533 8596
f 8533 8597 8596
f 8533 8534 8597
f 8534 8598 8597
f 8534 8535 8598
f 8535 8599 8598
f 8535 8536 8599
f 8536 8600 8599
f 8536 8537 8600
f 8537 8601 8600
f 8537 8538 8601
f 8538 8602 8601
f 8538 8539 8602
f 8539 8603 8602
f 8539 8540 8603
f 8540 8604 8603
f 8540 8541 8604
f 8541 8605 8604
f 8541 8542 8605
f 8542 8606 8605
f 8542 8543 8606
f 8543 8607 8606
f 8543 8544 8607
f 8544 8608 8607
f 8544 8545 8608
f 8545 8609 8608
f 8545 8546 8609
f 8546 8610 8609
f 8546 8547 8610
f 8547 8611 8610
f 8547 8548 8611
f 8548 8612 8611
f 8548 8549 8612
f 8549 8613 8612
f 8549 8550 8613
f 8550 8614 8613
f 8550 8551 8614
f 8551 8615 8614
f 8551 8552 8615
f 8552 8616 8615
f 8552 8553 8616
f 8553 8617 8616
f 8553 8554 8617
f 8554 8618 8617
f 8554 8555 8618
f 8555 8619 8618
f 8555 8556 8619
f 8556 8620 8619
f 8556 8557 8620
f 8557 8621 8620
f 8557 8558 8621
f 8558 8622 8621
f 8558 8559 8622
f 8559 8623 8622
f 8559 8560 8623
f 8560 8624 8623
f 8560 8561 8624
f 8561 8625 8624
f 8561 8562 8625
f 8562 8626 8625
f 8562 8563 8626
f 8563 8627 8626
f 8563 8564 8627
f 8564 8628 8627
f 8564 8565 8628
f 8565 8629 8628
f 8565 8566 8629
f 8566 8630 8629
f 8566 8567 8630
f 8567 8631 8630
f 8567 8568 8631
f 8568 8632 8631
f 8568 8569 8632
f 8569 8633 8632
f 8569 8570 8633
f 8570 8634 8633
f 8570 8571 8634
f 8571 8635 8634
f 8571 8572 8635
f 8572 8636 8635
f 8572 8573 8636
f 8573 8637 8636
f 8573 8574 8637
f 8574 8638 8637
f 8574 8575 8638
f 8575 8639 8638
f 8575 8576 8639
f 8576 8640 8639
f 8576 8577 8640
f 8577 8641 8640
f 8577 8578 8641
f 8578 8642 8641
f 8578 8579 8642
f 8579 8643 8642
f 8579 8580 8643
f 8580 8644 8643
f 8580 8581 8644
f 8581 8645 8644
f 8581 8582 8645
f 8582 8646 8645
f 8582 8583 8646
f 8583 8647 8646
f 8583 8520 8647
f 8520 8584 8647
f 8584 8585 8648
f 8585 8649 8648
f 8585 8586 8649
f 8586 8650 8649
f 8586 8587 8650
f 8587 8651 8650
f 8587 8588 8651
f 8588 8652 8651
f 8588 8589 8652
f 8589 8653 8652
f 8589 8590 8653
f 8590 8654 8653
f 8590 8591 8654
f 8591 8655 8654
f 8591 8592 8655
f 8592 8656 8655
f 8592 8593 8656
f 8593 8657 8656
f 8593 8594 8657
f 8594 8658 8657
f 8594 8595 8658
f 8595 8659 8658
f 8595 8596 8659
f 8596 8660 8659
f 8596 8597 8660
f 8597 8661 8660
f 8597 8598 8661
f 8598 8662 8661
f 8598 8599 8662
f 8599 8663 8662
f 8599 8600 8663
f 8600 8664 8663
f 8600 8601 8664
f 8601 8665 8664
f 8601 8602 8665
f 8602 8666 8665
f 8602 8603 8666
f 8603 8667 8666
f 8603 8604 8667
f 8604 8668 8667
f 8604 8605 8668
f 8605 8669 8668
f 8605 8606 8669
f 8606 8670 8669
f 8606 8607 8670
f 8607 8671 8670
f 8607 8608 8671
f 8608 8672 8671
f 8608 8609 8672
f 8609 8673 8672
f 8609 8610 8673
f 8610 8674 8673
f 8610 8611 8674
f 8611 8675 8674
f 8611 8612 8675
f 8612 8676 8675
f 8612 8613 8676
f 8613 8677 8676
f 8613 8614 8677
f 8614 8678 8677
f 8614 8615 8678
f 8615 8679 8678
f 8615 8616 8679
f 8616 8680 8679
f 8616 8617 8680
f 8617 8681 8680
f 8617 8618 8681
f 8618 8682 8681
f 8618 8619 8682
f 8619 8683 8682
f 8619 8620 8683
f 8620 8684 8683
f 8620 8621 8684
f 8621 8685 8684
f 8621 8622 8685
f 8622 8686 8685
f 8622 8623 8686
f 8623 8687 8686
f 8623 8624 8687
f 8624 8688 8687
f 8624 8625 8688
f 8625 8689 8688
f 8625 8626 8689
f 8626 8690 8689
f 8626 8627 8690
f 8627 8691 8690
f 8627 8628 8691
f 8628 8692 8691
f 8628 8629 8692
f 8629 8693 8692
f 8629 8630 8693
f 8630 8694 8693
f 8630 8631 8694
f 8631 8695 8694
f 8631 8632 8695
f 8632 8696 8695
f 8632 8633 8696
f 8633 8697 8696
f 8633 8634 8697
f 8634 8698 8697
f 8634 8635 8698
f 8635 8699 8698
f 8635 8636 8699
f 8636 8700 8699
f 8636 8637 8700
f 8637 8701 8700
f 8637 8638 8701
f 8638 8702 8701
f 8638 8639 8702
f 8639 8703 8702
f 8639 8640 8703
f 8640 8704 8703
f 8640 8641 8704
f 8641 8705 8704
f 8641 8642 8705
f 8642 8706 8705
f 8642 8643 8706
f 8643 8707 8706
f 8643 8644 8707
f 8644 8708 8707
f 8644 8645 8708
f 8645 8709 8708
f 8645 8646 8709
f 8646 8710 8709
f 8646 8647 8710
f 8647 8711 8710
f 8647 8584 8711
f 8584 8648 8711
f 8648 8649 8712
f 8649 8713 8712
f 8649 8650 8713
f 8650 8714 8713
f 8650 8651 8714
f 8651 8715 8714
f 8651 8652 8715
f 8652 8716 8715
f 8652 8653 8716
f 8653 8717 8716
f 8653 8654 8717
f 8654 8718 8717
f 8654 8655 8718
f 8655 8719 8718
f 8655 8656 8719
f 8656 8720 8719
f 8656 8657 8720
f 8657 8721 8720
f 8657 8658 8721
f 8658 8722 8721
f 8658 8659 8722
f 8659 8723 8722
f 8659 8660 8723
f 8660 8724 8723
f 8660 8661 8724
f 8661 8725 8724
f 8661 8662 8725
f 8662 8726 8725
f 8662 8663 8726
f 8663 8727 8726
f 8663 8664 8727
f 8664 8728 8727
f 8664 8665 8728
f 8665 8729 8728
f 8665 8666 8729
f 8666 8730 8729
f 8666 8667 8730
f 8667 8731 8730
f 8667 8668 8731
f 8668 8732 8731
f 8668 8669 8732
f 8669 8733 8732
f 8669 8670 8733
f 8670 8734 8733
f 8670 8671 8734
f 8671 8735 8734
f 8671 8672 8735
f 8672 8736 8735
f 8672 8673 8736
f 8673 8737 8736
f 8673 8674 8737
f 8674 8738 8737
f 8674 8675 8738
f 8675 8739 8738
f 8675 8676 8739
f 8676 8740 8739
f 8676 8677 8740
f 8677 8741 8740
f 8677 8678 8741
f 8678 8742 8741
f 8678 8679 8742
f 8679 8743 8742
f 8679 8680 8743
f 8680 8744 8743
f 8680 8681 8744
f 8681 8745 8744
f 8681 8682 8745
f 8682 8746 8745
f 8682 8683 8746
f 8683 8747 8746
f 8683 8684 8747
f 8684 8748 8747
f 8684 8685 8748
f 8685 8749 8748
f 8685 8686 8749
f 8686 8750 8749
f 8686 8687 8750
f 8687 8751 8750
f 8687 8688 8751
f 8688 8752 8751
f 8688 8689 8752
f 8689 8753 8752
f 8689 8690 8753
f 8690 8754 8753
f 8690 8691 8754
f 8691 8755 8754
f 8691 8692 8755
f 8692 8756 8755
f 8692 8693 8756
f 8693 8757 8756
f 8693 8694 8757
f 8694 8758 8757
f 8694 8695 8758
f 8695 8759 8758
f 8695 8696 8759
f 8696 8760 8759
f 8696 8697 8760
f 8697 8761 8760
f 8697 8698 8761
f 8698 8762 8761
f 8698 8699 8762
f 8699 8763 8762
f 8699 8700 8763
f 8700 8764 8763
f 8700 8701 8764
f 8701 8765 8764
f 8701 8702 8765
f 8702 8766 8765
f 8702 8703 8766
f 8703 8767 8766
f 8703 8704 8767
f 8704 8768 8767
f 8704 8705 8768
f 8705 8769 8768
f 8705 8706 8769
f 8706 8770 8769
f 8706 8707 8770
f 8707 8771 8770
f 8707 8708 8771
f 8708 8772 8771
f 8708 8709 8772
f 8709 8773 8772
f 8709 8710 8773
f 8710 8774 8773
f 8710 8711 8774
f 8711 8775 8774
f 8711 8648 8775
f 8648 8712 8775
f 8712 8713 8776
f 8713 8777 8776
f 8713 8714 8777
f 8714 8778 8777
f 8714 8715 8778
f 8715 8779 8778
f 8715 8716 8779
f 8716 8780 8779
f 8716 8717 8780
f 8717 8781 8780
f 8717 8718 8781
f 8718 8782 8781
f 8718 8719 8782
f 8719 8783 8782
f 8719 8720 8783
f 8720 8784 8783
f 8720 8721 8784
f 8721 8785 8784
f 8721 8722 8785
f 8722 8786 8785
f 8722 8723 8786
f 8723 8787 8786
f 8723 8724 8787
f 8724 8788 8787
f 8724 8725 8788
f 8725 8789 8788
f 8725 8726 8789
f 8726 8790 8789
f 8726 8727 8790
f 8727 8791 8790
f 8727 8728 8791
f 8728 8792 8791
f 8728 8729 8792
f 8729 8793 8792
f 8729 8730 8793
f 8730 8794 8793
f 8730 8731 8794
f 8731 8795 8794
f 8731 8732 8795
f 8732 8796 8795
f 8732 8733 8796
f 8733 8797 8796
f 8733 8734 8797
f 8734 8798 8797
f 8734 8735 8798
f 8735 8799 8798
f 8735 8736 8799
f 8736 8800 8799
f 8736 8737 8800
f 8737 8801 8800
f 8737 8738 8801
f 8738 8802 8801
f 8738 8739 8802
f 8739 8803 8802
f 8739 8740 8803
f 8740 8804 8803
f 8740 8741 8804
f 8741 8805 8804
f 8741 8742 8805
f 8742 8806 8805
f 8742 8743 8806
f 8743 8807 8806
f 8743 8744 8807
f 8744 8808 8807
f 8744 8745 8808
f 8745 8809 8808
f 8745 8746 8809
f 8746 8810 8809
f 8746 8747 8810
f 8747 8811 8810
f 8747 8748 8811
f 8748 8812 8811
f 8748 8749 8812
f 8749 8813 8812
f 8749 8750 8813
f 8750 8814 8813
f 8750 8751 8814
f 8751 8815 8814
f 8751 8752 8815
f 8752 8816 8815
f 8752 8753 8816
f 8753 8817 8816
f 8753 8754 8817
f 8754 8818 8817
f 8754 8755 8818
f 8755 8819 8818
f 8755 8756 8819
f 8756 8820 8819
f 8756 8757 8820
f 8757 8821 8820
f 8757 8758 8821
f 8758 8822 8821
f 8758 8759 8822
f 8759 8823 8822
f 8759 8760 8823
f 8760 8824 8823
f 8760 8761 8824
f 8761 8825 8824
f 8761 8762 8825
f 8762 8826 8825
f 8762 8763 8826
f 8763 8827 8826
f 8763 8764 8827
f 8764 8828 8827
f 8764 8765 8828
f 8765 8829 8828
f 8765 8766 8829
f 8766 8830 8829
f 8766 8767 8830
f 8767 8831 8830
f 8767 8768 8831
f 8768 8832 8831
f 8768 8769 8832
f 8769 8833 8832
f 8769 8770 8833
f 8770 8834 8833
f 8770 8771 8834
f 8771 8835 8834
f 8771 8772 8835
f 8772 8836 8835
f 8772 8773 8836
f 8773 8837 8836
f 8773 8774 8837
f 8774 8838 8837
f 8774 8775 8838
f 8775 8839 8838
f 8775 8712 8839
f 8712 8776 8839
f 8776 8777 8840
f 8777 8841 8840
f 8777 8778 8841
f 8778 8842 8841
f 8778 8779 8842
f 8779 8843 8842
f 8779 8780 8843
f 8780 8844 8843
f 8780 8781 8844
f 8781 8845 8844
f 8781 8782 8845
f 8782 8846 8845
f 8782 8783 8846
f 8783 8847 8846
f 8783 8784 8847
f 8784 8848 8847
f 8784 8785 8848
f 8785 8849 8848
f 8785 8786 8849
f 8786 8850 8849
f 8786 8787 8850
f 8787 8851 8850
f 8787 8788 8851
f 8788 8852 8851
f 8788 8789 8852
f 8789 8853 8852
f 8789 8790 8853
f 8790 8854 8853
f 8790 8791 8854
f 8791 8855 8854
f 8791 8792 8855
f 8792 8856 8855
f 8792 8793 8856
f 8793 8857 8856
f 8793 8794 8857
f 8794 8858 8857
f 8794 8795 8858
f 8795 8859 8858
f 8795 8796 8859
f 8796 8860 8859
f 8796 8797 8860
f 8797 8861 8860
f 8797 8798 8861
f 8798 8862 8861
f 8798 8799 8862
f 8799 8863 8862
f 8799 8800 8863
f 8800 8864 8863
f 8800 8801 8864
f 8801 8865 8864
f 8801 8802 8865
f 8802 8866 8865
f 8802 8803 8866
f 8803 8867 8866
f 8803 8804 8867
f 8804 8868 8867
f 8804 8805 8868
f 8805 8869 8868
f 8805 8806 8869
f 8806 8870 8869
f 8806 8807 8870
f 8807 8871 8870
f 8807 8808 8871
f 8808 8872 8871
f 8808 8809 8872
f 8809 8873 8872
f 8809 8810 8873
f 8810 8874 8873
f 8810 8811 8874
f 8811 8875 8874
f 8811 8812 8875
f 8812 8876 8875
f 8812 8813 8876
f 8813 8877 8876
f 8813 8814 8877
f 8814 8878 8877
f 8814 8815 8878
f 8815 8879 8878
f 8815 8816 8879
f 8816 8880 8879
f 8816 8817 8880
f 8817 8881 8880
f 8817 8818 8881
f 8818 8882 8881
f 8818 8819 8882
f 8819 8883 8882
f 8819 8820 8883
f 8820 8884 8883
f 8820 8821 8884
f 8821 8885 8884
f 8821 8822 8885
f 8822 8886 8885
f 8822 8823 8886
f 8823 8887 8886
f 8823 8824 8887
f 8824 8888 8887
f 8824 8825 8888
f 8825 8889 8888
f 8825 8826 8889
f 8826 8890 8889
f 8826 8827 8890
f 8827 8891 8890
f 8827 8828 8891
f 8828 8892 8891
f 8828 8829 8892
f 8829 8893 8892
f 8829 8830 8893
f 8830 8894 8893
f 8830 8831 8894
f 8831 8895 8894
f 8831 8832 8895
f 8832 8896 8895
f 8832 8833 8896
f 8833 8897 8896
f 8833 8834 8897
f 8834 8898 8897
f 8834 8835 8898
f 8835 8899 8898
f 8835 8836 8899
f 8836 8900 8899
f 8836 8837 8900
f 8837 8901 8900
f 8837 8838 8901
f 8838 8902 8901
f 8838 8839 8902
f 8839 8903 8902
f 8839 8776 8903
f 8776 8840 8903
f 8840 8841 8904
f 8841 8905 8904
f 8841 8842 8905
f 8842 8906 8905
f 8842 8843 8906
f 8843 8907 8906
f 8843 8844 8907
f 8844 8908 8907
f 8844 8845 8908
f 8845 8909 8908
f 8845 8846 8909
f 8846 8910 8909
f 8846 8847 8910
f 8847 8911 8910
f 8847 8848 8911
f 8848 8912 8911
f 8848 8849 8912
f 8849 8913 8912
f 8849 8850 8913
f 8850 8914 8913
f 8850 8851 8914
f 8851 8915 8914
f 8851 8852 8915
f 8852 8916 8915
f 8852 8853 8916
f 8853 8917 8916
f 8853 8854 8917
f 8854 8918 8917
f 8854 8855 8918
f 8855 8919 8918
f 8855 8856 8919
f 8856 8920 8919
f 8856 8857 8920
f 8857 8921 8920
f 8857 8858 8921
f 8858 8922 8921
f 8858 8859 8922
f 8859 8923 8922
f 8859 8860 8923
f 8860 8924 8923
f 8860 8861 8924
f 8861 8925 8924
f 8861 8862 8925
f 8862 8926 8925
f 8862 8863 8926
f 8863 8927 8926
f 8863 8864 8927
f 8864 8928 8927
f 8864 8865 8928
f 8865 8929 8928
f 8865 8866 8929
f 8866 8930 8929
f 8866 8867 8930
f 8867 8931 8930
f 8867 8868 8931
f 8868 8932 8931
f 8868 8869 8932
f 8869 8933 8932
f 8869 8870 8933
f 8870 8934 8933
f 8870 8871 8934
f 8871 8935 8934
f 8871 8872 8935
f 8872 8936 8935
f 8872 8873 8936
f 8873 8937 8936
f 8873 8874 8937
f 8874 8938 8937
f 8874 8875 8938
f 8875 8939 8938
f 8875 8876 8939
f 8876 8940 8939
f 8876 8877 8940
f 8877 8941 8940
f 8877 8878 8941
f 8878 8942 8941
f 8878 8879 8942
f 8879 8943 8942
f 8879 8880 8943
f 8880 8944 8943
f 8880 8881 8944
f 8881 8945 8944
f 8881 8882 8945
f 8882 8946 8945
f 8882 8883 8946
f 8883 8947 8946
f 8883 8884 8947
f 8884 8948 8947
f 8884 8885 8948
f 8885 8949 8948
f 8885 8886 8949
f 8886 8950 8949
f 8886 8887 8950
f 8887 8951 8950
f 8887 8888 8951
f 8888 8952 8951
f 8888 8889 8952
f 8889 8953 8952
f 8889 8890 8953
f 8890 8954 8953
f 8890 8891 8954
f 8891 8955 8954
f 8891 8892 8955
f 8892 8956 8955
f 8892 8893 8956
f 8893 8957 8956
f 8893 8894 8957
f 8894 8958 8957
f 8894 8895 8958
f 8895 8959 8958
f 8895 8896 8959
f 8896 8960 8959
f 8896 8897 8960
f 8897 8961 8960
f 8897 8898 8961
f 8898 8962 8961
f 8898 8899 8962
f 8899 8963 8962
f 8899 8900 8963
f 8900 8964 8963
f 8900 8901 8964
f 8901 8965 8964
f 8901 8902 8965
f 8902 8966 8965
f 8902 8903 8966
f 8903 8967 8966
f 8903 8840 8967
f 8840 8904 8967
f 8904 8905 8968
f 8905 8969 8968
f 8905 8906 8969
f 8906 8970 8969
f 8906 8907 8970
f 8907 8971 8970
f 8907 8908 8971
f 8908 8972 8971
f 8908 8909 8972
f 8909 8973 8972
f 8909 8910 8973
f 8910 8974 8973
f 8910 8911 8974
f 8911 8975 8974
f 8911 8912 8975
f 8912 8976 8975
f 8912 8913 8976
f 8913 8977 8976
f 8913 8914 8977
f 8914 8978 8977
f 8914 8915 8978
f 8915 8979 8978
f 8915 8916 8979
f 8916 8980 8979
f 8916 8917 8980
f 8917 8981 8980
f 8917 8918 8981
f 8918 8982 8981
f 8918 8919 8982
f 8919 8983 8982
f 8919 8920 8983
f 8920 8984 8983
f 8920 8921 8984
f 8921 8985 8984
f 8921 8922 8985
f 8922 8986 8985
f 8922 8923 8986
f 8923 8987 8986
f 8923 8924 8987
f 8924 8988 8987
f 8924 8925 8988
f 8925 8989 8988
f 8925 8926 8989
f 8926 8990 8989
f 8926 8927 8990
f 8927 8991 8990
f 8927 8928 8991
f 8928 8992 8991
f 8928 8929 8992
f 8929 8993 8992
f 8929 8930 8993
f 8930 8994 8993
f 8930 8931 8994
f 8931 8995 8994
f 8931 8932 8995
f 8932 8996 8995
f 8932 8933 8996
f 8933 8997 8996
f 8933 8934 8997
f 8934 8998 8997
f 8934 8935 8998
f 8935 8999 8998
f 8935 8936 8999
f 8936 9000 8999
f 8936 8937 9000
f 8937 9001 9000
f 8937 8938 9001
f 8938 9002 9001
f 8938 8939 9002
f 8939 9003 9002
f 8939 8940 9003
f 8940 9004 9003
f 8940 8941 9004
f 8941 9005 9004
f 8941 8942 9005
f 8942 9006 9005
f 8942 8943 9006
f 8943 9007 9006
f 8943 8944 9007
f 8944 9008 9007
f 8944 8945 9008
f 8945 9009 9008
f 8945 8946 9009
f 8946 9010 9009
f 8946 8947 9010
f 8947 9011 9010
f 8947 8948 9011
f 8948 9012 9011
f 8948 8949 9012
f 8949 9013 9012
f 8949 8950 9013
f 8950 9014 9013
f 8950 8951 9014
f 8951 9015 9014
f 8951 8952 9015
f 8952 9016 9015
f 8952 8953 9016
f 8953 9017 9016
f 8953 8954 9017
f 8954 9018 9017
f 8954 8955 9018
f 8955 9019 9018
f 8955 8956 9019
f 8956 9020 9019
f 8956 8957 9020
f 8957 9021 9020
f 8957 8958 9021
f 8958 9022 9021
f 8958 8959 9022
f 8959 9023 9022
f 8959 8960 9023
f 8960 9024 9023
f 8960 8961 9024
f 8961 9025 9024
f 8961 8962 9025
f 8962 9026 9025
f 8962 8963 9026
f 8963 9027 9026
f 8963 8964 9027
f 8964 9028 9027
f 8964 8965 9028
f 8965 9029 9028
f 8965 8966 9029
f 8966 9030 9029
f 8966 8967 9030
f 8967 9031 9030
f 8967 8904 9031
f 8904 8968 9031
f 8968 8969 9032
f 8969 9033 9032
f 8969 8970 9033
f 8970 9034 9033
f 8970 8971 9034
f 8971 9035 9034
f 8971 8972 9035
f 8972 9036 9035
f 8972 8973 9036
f 8973 9037 9036
f 8973 8974 9037
f 8974 9038 9037
f 8974 8975 9038
f 8975 9039 9038
f 8975 8976 9039
f 8976 9040 9039
f 8976 8977 9040
f 8977 9041 9040
f 8977 8978 9041
f 8978 9042 9041
f 8978 8979 9042
f 8979 9043 9042
f 8979 8980 9043
f 8980 9044 9043
f 8980 8981 9044
f 8981 9045 9044
f 8981 8982 9045
f 8982 9046 9045
f 8982 8983 9046
f 8983 9047 9046
f 8983 8984 9047
f 8984 9048 9047
f 8984 8985 9048
f 8985 9049 9048
f 8985 8986 9049
f 8986 9050 9049
f 8986 8987 9050
f 8987 9051 9050
f 8987 8988 9051
f 8988 9052 9051
f 8988 8989 9052
f 8989 9053 9052
f 8989 8990 9053
f 8990 9054 9053
f 8990 8991 9054
f 8991 9055 9054
f 8991 8992 9055
f 8992 9056 9055
f 8992 8993 9056
f 8993 9057 9056
f 8993 8994 9057
f 8994 9058 9057
f 8994 8995 9058
f 8995 9059 9058
f 8995 8996 9059
f 8996 9060 9059
f 8996 8997 9060
f 8997 9061 9060
f 8997 8998 9061
f 8998 9062 9061
f 8998 8999 9062
f 8999 9063 9062
f 8999 9000 9063
f 9000 9064 9063
f 9000 9001 9064
f 9001 9065 9064
f 9001 9002 9065
f 9002 9066 9065
f 9002 9003 9066
f 9003 9067 9066
f 9003 9004 9067
f 9004 9068 9067
f 9004 9005 9068
f 9005 9069 9068
f 9005 9006 9069
f 9006 9070 9069
f 9006 9007 9070
f 9007 9071 9070
f 9007 9008 9071
f 9008 9072 9071
f 9008 9009 9072
f 9009 9073 9072
f 9009 9010 9073
f 9010 9074 9073
f 9010 9011 9074
f 9011 9075 9074
f 9011 9012 9075
f 9012 9076 9075
f 9012 9013 9076
f 9013 9077 9076
f 9013 9014 9077
f 9014 9078 9077
f 9014 9015 9078
f 9015 9079 9078
f 9015 9016 9079
f 9016 9080 9079
f 9016 9017 9080
f 9017 9081 9080
f 9017 9018 9081
f 9018 9082 9081
f 9018 9019 9082
f 9019 9083 9082
f 9019 9020 9083
f 9020 9084 9083
f 9020 9021 9084
f 9021 9085 9084
f 9021 9022 9085
f 9022 9086 9085
f 9022 9023 9086
f 9023 9087 9086
f 9023 9024 9087
f 9024 9088 9087
f 9024 9025 9088
f 9025 9089 9088
f 9025 9026 9089
f 9026 9090 9089
f 9026 9027 9090
f 9027 9091 9090
f 9027 9028 9091
f 9028 9092 9091
f 9028 9029 9092
f 9029 9093 9092
f 9029 9030 9093
f 9030 9094 9093
f 9030 9031 9094
f 9031 9095 9094
f 9031 8968 9095
f 8968 9032 9095
f 9032 9033 9096
f 9033 9097 9096
f 9033 9034 9097
f 9034 9098 9097
f 9034 9035 9098
f 9035 9099 9098
f 9035 9036 9099
f 9036 9100 9099
f 9036 9037 9100
f 9037 9101 9100
f 9037 9038 9101
f 9038 9102 9101
f 9038 9039 9102
f 9039 9103 9102
f 9039 9040 9103
f 9040 9104 9103
f 9040 9041 9104
f 9041 9105 9104
f 9041 9042 9105
f 9042 9106 9105
f 9042 9043 9106
f 9043 9107 9106
f 9043 9044 9107
f 9044 9108 9107
f 9044 9045 9108
f 9045 9109 9108
f 9045 9046 9109
f 9046 9110 9109
f 9046 9047 9110
f 9047 9111 9110
f 9047 9048 9111
f 9048 9112 9111
f 9048 9049 9112
f 9049 9113 9112
f 9049 9050 9113
f 9050 9114 9113
f 9050 9051 9114
f 9051 9115 9114
f 9051 9052 9115
f 9052 9116 9115
f 9052 9053 9116
f 9053 9117 9116
f 9053 9054 9117
f 9054 9118 9117
f 9054 9055 9118
f 9055 9119 9118
f 9055 9056 9119
f 9056 9120 9119
f 9056 9057 9120
f 9057 9121 9120
f 9057 9058 9121
f 9058 9122 9121
f 9058 9059 9122
f 9059 9123 9122
f 9059 9060 9123
f 9060 9124 9123
f 9060 9061 9124
f 9061 9125 9124
f 9061 9062 9125
f 9062 9126 9125
f 9062 9063 9126
f 9063 9127 9126
f 9063 9064 9127
f 9064 9128 9127
f 9064 9065 9128
f 9065 9129 9128
f 9065 9066 9129
f 9066 9130 9129
f 9066 9067 9130
f 9067 9131 9130
f 9067 9068 9131
f 9068 9132 9131
f 9068 9069 9132
f 9069 9133 9132
f 9069 9070 9133
f 9070 9134 9133
f 9070 9071 9134
f 9071 9135 9134
f 9071 9072 9135
f 9072 9136 9135
f 9072 9073 9136
f 9073 9137 9136
f 9073 9074 9137
f 9074 9138 9137
f 9074 9075 9138
f 9075 9139 9138
f 9075 9076 9139
f 9076 9140 9139
f 9076 9077 9140
f 9077 9141 9140
f 9077 9078 9141
f 9078 9142 9141
f 9078 9079 9142
f 9079 9143 9142
f 9079 9080 9143
f 9080 9144 9143
f 9080 9081 9144
f 9081 9145 9144
f 9081 9082 9145
f 9082 9146 9145
f 9082 9083 9146
f 9083 9147 9146
f 9083 9084 9147
f 9084 9148 9147
f 9084 9085 9148
f 9085 9149 9148
f 9085 9086 9149
f 9086 9150 9149
f 9086 9087 9150
f 9087 9151 9150
f 9087 9088 9151
f 9088 9152 9151
f 9088 9089 9152
f 9089 9153 9152
f 9089 9090 9153
f 9090 9154 9153
f 9090 9091 9154
f 9091 9155 9154
f 9091 9092 9155
f 9092 9156 9155
f 9092 9093 9156
f 9093 9157 9156
f 9093 9094 9157
f 9094 9158 9157
f 9094 9095 9158
f 9095 9159 9158
f 9095 9032 9159
f 9032 9096 9159
f 9096 9097 9160
f 9097 9161 9160
f 9097 9098 9161
f 9098 9162 9161
f 9098 9099 9162
f 9099 9163 9162
f 9099 9100 9163
f 9100 9164 9163
f 9100 9101 9164
f 9101 9165 9164
f 9101 9102 9165
f 9102 9166 9165
f 9102 9103 9166
f 9103 9167 9166
f 9103 9104 9167
f 9104 9168 9167
f 9104 9105 9168
f 9105 9169 9168
f 9105 9106 9169
f 9106 9170 9169
f 9106 9107 9170
f 9107 9171 9170
f 9107 9108 9171
f 9108 9172 9171
f 9108 9109 9172
f 9109 9173 9172
f 9109 9110 9173
f 9110 9174 9173
f 9110 9111 9174
f 9111 9175 9174
f 9111 9112 9175
f 9112 9176 9175
f 9112 9113 9176
f 9113 9177 9176
f 9113 9114 9177
f 9114 9178 9177
f 9114 9115 9178
f 9115 9179 9178
f 9115 9116 9179
f 9116 9180 9179
f 9116 9117 9180
f 9117 9181 9180
f 9117 9118 9181
f 9118 9182 9181
f 9118 9119 9182
f 9119 9183 9182
f 9119 9120 9183
f 9120 9184 9183
f 9120 9121 9184
f 9121 9185 9184
f 9121 9122 9185
f 9122 9186 9185
f 9122 9123 9186
f 9123 9187 9186
f 9123 9124 9187
f 9124 9188 9187
f 9124 9125 9188
f 9125 9189 9188
f 9125 9126 9189
f 9126 9190 9189
f 9126 9127 9190
f 9127 9191 9190
f 9127 9128 9191
f 9128 9192 9191
f 9128 9129 9192
f 9129 9193 9192
f 9129 9130 9193
f 9130 9194 9193
f 9130 9131 9194
f 9131 9195 9194
f 9131 9132 9195
f 9132 9196 9195
f 9132 9133 9196
f 9133 9197 9196
f 9133 9134 9197
f 9134 9198 9197
f 9134 9135 9198
f 9135 9199 9198
f 9135 9136 9199
f 9136 9200 9199
f 9136 9137 9200
f 9137 9201 9200
f 9137 9138 9201
f 9138 9202 9201
f 9138 9139 9202
f 9139 9203 9202
f 9139 9140 9203
f 9140 9204 9203
f 9140 9141 9204
f 9141 9205 9204
f 9141 9142 9205
f 9142 9206 9205
f 9142 9143 9206
f 9143 9207 9206
f 9143 9144 9207
f 9144 9208 9207
f 9144 9145 9208
f 9145 9209 9208
f 9145 9146 9209
f 9146 9210 9209
f 9146 9147 9210
f 9147 9211 9210
f 9147 9148 9211
f 9148 9212 9211
f 9148 9149 9212
f 9149 9213 9212
f 9149 9150 9213
f 9150 9214 9213
f 9150 9151 9214
f 9151 9215 9214
f 9151 9152 9215
f 9152 9216 9215
f 9152 9153 9216
f 9153 9217 9216
f 9153 9154 9217
f 9154 9218 9217
f 9154 9155 9218
f 9155 9219 9218
f 9155 9156 9219
f 9156 9220 9219
f 9156 9157 9220
f 9157 9221 9220
f 9157 9158 9221
f 9158 9222 9221
f 9158 9159 9222
f 9159 9223 9222
f 9159 9096 9223
f 9096 9160 9223
f 9160 9161 9224
f 9161 9225 9224
f 9161 9162 9225
f 9162 9226 9225
f 9162 9163 9226
f 9163 9227 9226
f 9163 9164 9227
f 9164 9228 9227
f 9164 9165 9228
f 9165 9229 9228
f 9165 9166 9229
f 9166 9230 9229
f 9166 9167 9230
f 9167 9231 9230
f 9167 9168 9231
f 9168 9232 9231
f 9168 9169 9232
f 9169 9233 9232
f 9169 9170 9233
f 9170 9234 9233
f 9170 9171 9234
f 9171 9235 9234
f 9171 9172 9235
f 9172 9236 9235
f 9172 9173 9236
f 9173 9237 9236
f 9173 9174 9237
f 9174 9238 9237
f 9174 9175 9238
f 9175 9239 9238
f 9175 9176 9239
f 9176 9240 9239
f 9176 9177 9240
f 9177 9241 9240
f 9177 9178 9241
f 9178 9242 9241
f 9178 9179 9242
f 9179 9243 9242
f 9179 9180 9243
f 9180 9244 9243
f 9180 9181 9244
f 9181 9245 9244
f 9181 9182 9245
f 9182 9246 9245
f 9182 9183 9246
f 9183 9247 9246
f 9183 9184 9247
f 9184 9248 9247
f 9184 9185 9248
f 9185 9249 9248
f 9185 9186 9249
f 9186 9250 9249
f 9186 9187 9250
f 9187 9251 9250
f 9187 9188 9251
f 9188 9252 9251
f 9188 9189 9252
f 9189 9253 9252
f 9189 9190 9253
f 9190 9254 9253
f 9190 9191 9254
f 9191 9255 9254
f 9191 9192 9255
f 9192 9256 9255
f 9192 9193 9256
f 9193 9257 9256
f 9193 9194 9257
f 9194 9258 9257
f 9194 9195 9258
f 9195 9259 9258
f 9195 9196 9259
f 9196 9260 9259
f 9196 9197 9260
f 9197 9261 9260
f 9197 9198 9261
f 9198 9262 9261
f 9198 9199 9262
f 9199 9263 9262
f 9199 9200 9263
f 9200 9264 9263
f 9200 9201 9264
f 9201 9265 9264
f 9201 9202 9265
f 9202 9266 9265
f 9202 9203 9266
f 9203 9267 9266
f 9203 9204 9267
f 9204 9268 9267
f 9204 9205 9268
f 9205 9269 9268
f 9205 9206 9269
f 9206 9270 9269
f 9206 9207 9270
f 9207 9271 9270
f 9207 9208 9271
f 9208 9272 9271
f 9208 9209 9272
f 9209 9273 9272
f 9209 9210 9273
f 9210 9274 9273
f 9210 9211 9274
f 9211 9275 9274
f 9211 9212 9275
f 9212 9276 9275
f 9212 9213 9276
f 9213 9277 9276
f 9213 9214 9277
f 9214 9278 9277
f 9214 9215 9278
f 9215 9279 9278
f 9215 9216 9279
f 9216 9280 9279
f 9216 9217 9280
f 9217 9281 9280
f 9217 9218 9281
f 9218 9282 9281
f 9218 9219 9282
f 9219 9283 9282
f 9219 9220 9283
f 9220 9284 9283
f 9220 9221 9284
f 9221 9285 9284
f 9221 9222 9285
f 9222 9286 9285
f 9222 9223 9286
f 9223 9287 9286
f 9223 9160 9287
f 9160 9224 9287
f 9224 9225 9288
f 9225 9289 9288
f 9225 9226 9289
f 9226 9290 9289
f 9226 9227 9290
f 9227 9291 9290
f 9227 9228 9291
f 9228 9292 9291
f 9228 9229 9292
f 9229 9293 9292
f 9229 9230 9293
f 9230 9294 9293
f 9230 9231 9294
f 9231 9295 9294
f 9231 9232 9295
f 9232 9296 9295
f 9232 9233 9296
f 9233 9297 9296
f 9233 9234 9297
f 9234 9298 9297
f 9234 9235 9298
f 9235 9299 9298
f 9235 9236 9299
f 9236 9300 9299
f 9236 9237 9300
f 9237 9301 9300
f 9237 9238 9301
f 9238 9302 9301
f 9238 9239 9302
f 9239 9303 9302
f 9239 9240 9303
f 9240 9304 9303
f 9240 9241 9304
f 9241 9305 9304
f 9241 9242 9305
f 9242 9306 9305
f 9242 9243 9306
f 9243 9307 9306
f 9243 9244 9307
f 9244 9308 9307
f 9244 9245 9308
f 9245 9309 9308
f 9245 9246 9309
f 9246 9310 9309
f 9246 9247 9310
f 9247 9311 9310
f 9247 9248 9311
f 9248 9312 9311
f 9248 9249 9312
f 9249 9313 9312
f 9249 9250 9313
f 9250 9314 9313
f 9250 9251 9314
f 9251 9315 9314
f 9251 9252 9315
f 9252 9316 9315
f 9252 9253 9316
f 9253 9317 9316
f 9253 9254 9317
f 9254 9318 9317
f 9254 9255 9318
f 9255 9319 9318
f 9255 9256 9319
f 9256 9320 9319
f 9256 9257 9320
f 9257 9321 9320
f 9257 9258 9321
f 9258 9322 9321
f 9258 9259 9322
f 9259 9323 9322
f 9259 9260 9323
f 9260 9324 9323
f 9260 9261 9324
f 9261 9325 9324
f 9261 9262 9325
f 9262 9326 9325
f 9262 9263 9326
f 9263 9327 9326
f 9263 9264 9327
f 9264 9328 9327
f 9264 9265 9328
f 9265 9329 9328
f 9265 9266 9329
f 9266 9330 9329
f 9266 9267 9330
f 9267 9331 9330
f 9267 9268 9331
f 9268 9332 9331
f 9268 9269 9332
f 9269 9333 9332
f 9269 9270 9333
f 9270 9334 9333
f 9270 9271 9334
f 9271 9335 9334
f 9271 9272 9335
f 9272 9336 9335
f 9272 9273 9336
f 9273 9337 9336
f 9273 9274 9337
f 9274 9338 9337
f 9274 9275 9338
f 9275 9339 9338
f 9275 9276 9339
f 9276 9340 9339
f 9276 9277 9340
f 9277 9341 9340
f 9277 9278 9341
f 9278 9342 9341
f 9278 9279 9342
f 9279 9343 9342
f 9279 9280 9343
f 9280 9344 9343
f 9280 9281 9344
f 9281 9345 9344
f 9281 9282 9345
f 9282 9346 9345
f 9282 9283 9346
f 9283 9347 9346
f 9283 9284 9347
f 9284 9348 9347
f 9284 9285 9348
f 9285 9349 9348
f 9285 9286 9349
f 9286 9350 9349
f 9286 9287 9350
f 9287 9351 9350
f 9287 9224 9351
f 9224 9288 9351
f 9288 9289 9352
f 9289 9353 9352
f 9289 9290 9353
f 9290 9354 9353
f 9290 9291 9354
f 9291 9355 9354
f 9291 9292 9355
f 9292 9356 9355
f 9292 9293 9356
f 9293 9357 9356
f 9293 9294 9357
f 9294 9358 9357
f 9294 9295 9358
f 9295 9359 9358
f 9295 9296 9359
f 9296 9360 9359
f 9296 9297 9360
f 9297 9361 9360
f 9297 9298 9361
f 9298 9362 9361
f 9298 9299 9362
f 9299 9363 9362
f 9299 9300 9363
f 9300 9364 9363
f 9300 9301 9364
f 9301 9365 9364
f 9301 9302 9365
f 9302 9366 9365
f 9302 9303 9366
f 9303 9367 9366
f 9303 9304 9367
f 9304 9368 9367
f 9304 9305 9368
f 9305 9369 9368
f 9305 9306 9369
f 9306 9370 9369
f 9306 9307 9370
f 9307 9371 9370
f 9307 9308 9371
f 9308 9372 9371
f 9308 9309 9372
f 9309 9373 9372
f 9309 9310 9373
f 9310 9374 9373
f 9310 9311 9374
f 9311 9375 9374
f 9311 9312 9375
f 9312 9376 9375
f 9312 9313 9376
f 9313 9377 9376
f 9313 9314 9377
f 9314 9378 9377
f 9314 9315 9378
f 9315 9379 9378
f 9315 9316 9379
f 9316 9380 9379
f 9316 9317 9380
f 9317 9381 9380
f 9317 9318 9381
f 9318 9382 9381
f 9318 9319 9382
f 9319 9383 9382
f 9319 9320 9383
f 9320 9384 9383
f 9320 9321 9384
f 9321 9385 9384
f 9321 9322 9385
f 9322 9386 9385
f 9322 9323 9386
f 9323 9387 9386
f 9323 9324 9387
f 9324 9388 9387
f 9324 9325 9388
f 9325 9389 9388
f 9325 9326 9389
f 9326 9390 9389
f 9326 9327 9390
f 9327 9391 9390
f 9327 9328 9391
f 9328 9392 9391
f 9328 9329 9392
f 9329 9393 9392
f 9329 9330 9393
f 9330 9394 9393
f 9330 9331 9394
f 9331 9395 9394
f 9331 9332 9395
f 9332 9396 9395
f 9332 9333 9396
f 9333 9397 9396
f 9333 9334 9397
f 9334 9398 9397
f 9334 9335 9398
f 9335 9399 9398
f 9335 9336 9399
f 9336 9400 9399
f 9336 9337 9400
f 9337 9401 9400
f 9337 9338 9401
f 9338 9402 9401
f 9338 9339 9402
f 9339 9403 9402
f 9339 9340 9403
f 9340 9404 9403
f 9340 9341 9404
f 9341 9405 9404
f 9341 9342 9405
f 9342 9406 9405
f 9342 9343 9406
f 9343 9407 9406
f 9343 9344 9407
f 9344 9408 9407
f 9344 9345 9408
f 9345 9409 9408
f 9345 9346 9409
f 9346 9410 9409
f 9346 9347 9410
f 9347 9411 9410
f 9347 9348 9411
f 9348 9412 9411
f 9348 9349 9412
f 9349 9413 9412
f 9349 9350 9413
f 9350 9414 9413
f 9350 9351 9414
f 9351 9415 9414
f 9351 9288 9415
f 9288 9352 9415
f 9352 9353 9416
f 9353 9417 9416
f 9353 9354 9417
f 9354 9418 9417
f 9354 9355 9418
f 9355 9419 9418
f 9355 9356 9419
f 9356 9420 9419
f 9356 9357 9420
f 9357 9421 9420
f 9357 9358 9421
f 9358 9422 9421
f 9358 9359 9422
f 9359 9423 9422
f 9359 9360 9423
f 9360 9424 9423
f 9360 9361 9424
f 9361 9425 9424
f 9361 9362 9425
f 9362 9426 9425
f 9362 9363 9426
f 9363 9427 9426
f 9363 9364 9427
f 9364 9428 9427
f 9364 9365 9428
f 9365 9429 9428
f 9365 9366 9429
f 9366 9430 9429
f 9366 9367 9430
f 9367 9431 9430
f 9367 9368 9431
f 9368 9432 9431
f 9368 9369 9432
f 9369 9433 9432
f 9369 9370 9433
f 9370 9434 9433
f 9370 9371 9434
f 9371 9435 9434
f 9371 9372 9435
f 9372 9436 9435
f 9372 9373 9436
f 9373 9437 9436
f 9373 9374 9437
f 9374 9438 9437
f 9374 9375 9438
f 9375 9439 9438
f 9375 9376 9439
f 9376 9440 9439
f 9376 9377 9440
f 9377 9441 9440
f 9377 9378 9441
f 9378 9442 9441
f 9378 9379 9442
f 9379 9443 9442
f 9379 9380 9443
f 9380 9444 9443
f 9380 9381 9444
f 9381 9445 9444
f 9381 9382 9445
f 9382 9446 9445
f 9382 9383 9446
f 9383 9447 9446
f 9383 9384 9447
f 9384 9448 9447
f 9384 9385 9448
f 9385 9449 9448
f 9385 9386 9449
f 9386 9450 9449
f 9386 9387 9450
f 9387 9451 9450
f 9387 9388 9451
f 9388 9452 9451
f 9388 9389 9452
f 9389 9453 9452
f 9389 9390 9453
f 9390 9454 9453
f 9390 9391 9454
f 9391 9455 9454
f 9391 9392 9455
f 9392 9456 9455
f 9392 9393 9456
f 9393 9457 9456
f 9393 9394 9457
f 9394 9458 9457
f 9394 9395 9458
f 9395 9459 9458
f 9395 9396 9459
f 9396 9460 9459
f 9396 9397 9460
f 9397 9461 9460
f 9397 9398 9461
f 9398 9462 9461
f 9398 9399 9462
f 9399 9463 9462
f 9399 9400 9463
f 9400 9464 9463
f 9400 9401 9464
f 9401 9465 9464
f 9401 9402 9465
f 9402 9466 9465
f 9402 9403 9466
f 9403 9467 9466
f 9403 9404 9467
f 9404 9468 9467
f 9404 9405 9468
f 9405 9469 9468
f 9405 9406 9469
f 9406 9470 9469
f 9406 9407 9470
f 9407 9471 9470
f 9407 9408 9471
f 9408 9472 9471
f 9408 9409 9472
f 9409 9473 9472
f 9409 9410 9473
f 9410 9474 9473
f 9410 9411 9474
f 9411 9475 9474
f 9411 9412 9475
f 9412 9476 9475
f 9412 9413 9476
f 9413 9477 9476
f 9413 9414 9477
f 9414 9478 9477
f 9414 9415 9478
f 9415 9479 9478
f 9415 9352 9479
f 9352 9416 9479
f 9416 9417 9480
f 9417 9481 9480
f 9417 9418 9481
f 9418 9482 9481
f 9418 9419 9482
f 9419 9483 9482
f 9419 9420 9483
f 9420 9484 9483
f 9420 9421 9484
f 9421 9485 9484
f 9421 9422 9485
f 9422 9486 9485
f 9422 9423 9486
f 9423 9487 9486
f 9423 9424 9487
f 9424 9488 9487
f 9424 9425 9488
f 9425 9489 9488
f 9425 9426 9489
f 9426 9490 9489
f 9426 9427 9490
f 9427 9491 9490
f 9427 9428 9491
f 9428 9492 9491
f 9428 9429 9492
f 9429 9493 9492
f 9429 9430 9493
f 9430 9494 9493
f 9430 9431 9494
f 9431 9495 9494
f 9431 9432 9495
f 9432 9496 9495
f 9432 9433 9496
f 9433 9497 9496
f 9433 9434 9497
f 9434 9498 9497
f 9434 9435 9498
f 9435 9499 9498
f 9435 9436 9499
f 9436 9500 9499
f 9436 9437 9500
f 9437 9501 9500
f 9437 9438 9501
f 9438 9502 9501
f 9438 9439 9502
f 9439 9503 9502
f 9439 9440 9503
f 9440 9504 9503
f 9440 9441 9504
f 9441 9505 9504
f 9441 9442 9505
f 9442 9506 9505
f 9442 9443 9506
f 9443 9507 9506
f 9443 9444 9507
f 9444 9508 9507
f 9444 9445 9508
f 9445 9509 9508
f 9445 9446 9509
f 9446 9510 9509
f 9446 9447 9510
f 9447 9511 9510
f 9447 9448 9511
f 9448 9512 9511
f 9448 9449 9512
f 9449 9513 9512
f 9449 9450 9513
f 9450 9514 9513
f 9450 9451 9514
f 9451 9515 9514
f 9451 9452 9515
f 9452 9516 9515
f 9452 9453 9516
f 9453 9517 9516
f 9453 9454 9517
f 9454 9518 9517
f 9454 9455 9518
f 9455 9519 9518
f 9455 9456 9519
f 9456 9520 9519
f 9456 9457 9520
f 9457 9521 9520
f 9457 9458 9521
f 9458 9522 9521
f 9458 9459 9522
f 9459 9523 9522
f 9459 9460 9523
f 9460 9524 9523
f 9460 9461 9524
f 9461 9525 9524
f 9461 9462 9525
f 9462 9526 9525
f 9462 9463 9526
f 9463 9527 9526
f 9463 9464 9527
f 9464 9528 9527
f 9464 9465 9528
f 9465 9529 9528
f 9465 9466 9529
f 9466 9530 9529
f 9466 9467 9530
f 9467 9531 9530
f 9467 9468 9531
f 9468 9532 9531
f 9468 9469 9532
f 9469 9533 9532
f 9469 9470 9533
f 9470 9534 9533
f 9470 9471 9534
f 9471 9535 9534
f 9471 9472 9535
f 9472 9536 9535
f 9472 9473 9536
f 9473 9537 9536
f 9473 9474 9537
f 9474 9538 9537
f 9474 9475 9538
f 9475 9539 9538
f 9475 9476 9539
f 9476 9540 9539
f 9476 9477 9540
f 9477 9541 9540
f 9477 9478 9541
f 9478 9542 9541
f 9478 9479 9542
f 9479 9543 9542
f 9479 9416 9543
f 9416 9480 9543
f 9480 9481 9544
f 9481 9545 9544
f 9481 9482 9545
f 9482 9546 9545
f 9482 9483 9546
f 9483 9547 9546
f 9483 9484 9547
f 9484 9548 9547
f 9484 9485 9548
f 9485 9549 9548
f 9485 9486 9549
f 9486 9550 9549
f 9486 9487 9550
f 9487 9551 9550
f 9487 9488 9551
f 9488 9552 9551
f 9488 9489 9552
f 9489 9553 9552
f 9489 9490 9553
f 9490 9554 9553
f 9490 9491 9554
f 9491 9555 9554
f 9491 9492 9555
f 9492 9556 9555
f 9492 9493 9556
f 9493 9557 9556
f 9493 9494 9557
f 9494 9558 9557
f 9494 9495 9558
f 9495 9559 9558
f 9495 9496 9559
f 9496 9560 9559
f 9496 9497 9560
f 9497 9561 9560
f 9497 9498 9561
f 9498 9562 9561
f 9498 9499 9562
f 9499 9563 9562
f 9499 9500 9563
f 9500 9564 9563
f 9500 9501 9564
f 9501 9565 9564
f 9501 9502 9565
f 9502 9566 9565
f 9502 9503 9566
f 9503 9567 9566
f 9503 9504 9567
f 9504 9568 9567
f 9504 9505 9568
f 9505 9569 9568
f 9505 9506 9569
f 9506 9570 9569
f 9506 9507 9570
f 9507 9571 9570
f 9507 9508 9571
f 9508 9572 9571
f 9508 9509 9572
f 9509 9573 9572
f 9509 9510 9573
f 9510 9574 9573
f 9510 9511 9574
f 9511 9575 9574
f 9511 9512 9575
f 9512 9576 9575
f 9512 9513 9576
f 9513 9577 9576
f 9513 9514 9577
f 9514 9578 9577
f 9514 9515 9578
f 9515 9579 9578
f 9515 9516 9579
f 9516 9580 9579
f 9516 9517 9580
f 9517 9581 9580
f 9517 9518 9581
f 9518 9582 9581
f 9518 9519 9582
f 9519 9583 9582
f 9519 9520 9583
f 9520 9584 9583
f 9520 9521 9584
f 9521 9585 9584
f 9521 9522 9585
f 9522 9586 9585
f 9522 9523 9586
f 9523 9587 9586
f 9523 9524 9587
f 9524 9588 9587
f 9524 9525 9588
f 9525 9589 9588
f 9525 9526 9589
f 9526 9590 9589
f 9526 9527 9590
f 9527 9591 9590
f 9527 9528 9591
f 9528 9592 9591
f 9528 9529 9592
f 9529 9593 9592
f 9529 9530 9593
f 9530 9594 9593
f 9530 9531 9594
f 9531 9595 9594
f 9531 9532 9595
f 9532 9596 9595
f 9532 9533 9596
f 9533 9597 9596
f 9533 9534 9597
f 9534 9598 9597
f 9534 9535 9598
f 9535 9599 9598
f 9535 9536 9599
f 9536 9600 9599
f 9536 9537 9600
f 9537 9601 9600
f 9537 9538 9601
f 9538 9602 9601
f 9538 9539 9602
f 9539 9603 9602
f 9539 9540 9603
f 9540 9604 9603
f 9540 9541 9604
f 9541 9605 9604
f 9541 9542 9605
f 9542 9606 9605
f 9542 9543 9606
f 9543 9607 9606
f 9543 9480 9607
f 9480 9544 9607
f 9544 9545 9608
f 9545 9609 9608
f 9545 9546 9609
f 9546 9610 9609
f 9546 9547 9610
f 9547 9611 9610
f 9547 9548 9611
f 9548 9612 9611
f 9548 9549 9612
f 9549 9613 9612
f 9549 9550 9613
f 9550 9614 9613
f 9550 9551 9614
f 9551 9615 9614
f 9551 9552 9615
f 9552 9616 9615
f 9552 9553 9616
f 9553 9617 9616
f 9553 9554 9617
f 9554 9618 9617
f 9554 9555 9618
f 9555 9619 9618
f 9555 9556 9619
f 9556 9620 9619
f 9556 9557 9620
f 9557 9621 9620
f 9557 9558 9621
f 9558 9622 9621
f 9558 9559 9622
f 9559 9623 9622
f 9559 9560 9623
f 9560 9624 9623
f 9560 9561 9624
f 9561 9625 9624
f 9561 9562 9625
f 9562 9626 9625
f 9562 9563 9626
f 9563 9627 9626
f 9563 9564 9627
f 9564 9628 9627
f 9564 9565 9628
f 9565 9629 9628
f 9565 9566 9629
f 9566 9630 9629
f 9566 9567 9630
f 9567 9631 9630
f 9567 9568 9631
f 9568 9632 9631
f 9568 9569 9632
f 9569 9633 9632
f 9569 9570 9633
f 9570 9634 9633
f 9570 9571 9634
f 9571 9635 9634
f 9571 9572 9635
f 9572 9636 9635
f 9572 9573 9636
f 9573 9637 9636
f 9573 9574 9637
f 9574 9638 9637
f 9574 9575 9638
f 9575 9639 9638
f 9575 9576 9639
f 9576 9640 9639
f 9576 9577 9640
f 9577 9641 9640
f 9577 9578 9641
f 9578 9642 9641
f 9578 9579 9642
f 9579 9643 9642
f 9579 9580 9643
f 9580 9644 9643
f 9580 9581 9644
f 9581 9645 9644
f 9581 9582 9645
f 9582 9646 9645
f 9582 9583 9646
f 9583 9647 9646
f 9583 9584 9647
f 9584 9648 9647
f 9584 9585 9648
f 9585 9649 9648
f 9585 9586 9649
f 9586 9650 9649
f 9586 9587 9650
f 9587 9651 9650
f 9587 9588 9651
f 9588 9652 9651
f 9588 9589 9652
f 9589 9653 9652
f 9589 9590 9653
f 9590 9654 9653
f 9590 9591 9654
f 9591 9655 9654
f 9591 9592 9655
f 9592 9656 9655
f 9592 9593 9656
f 9593 9657 9656
f 9593 9594 9657
f 9594 9658 9657
f 9594 9595 9658
f 9595 9659 9658
f 9595 9596 9659
f 9596 9660 9659
f 9596 9597 9660
f 9597 9661 9660
f 9597 9598 9661
f 9598 9662 9661
f 9598 9599 9662
f 9599 9663 9662
f 9599 9600 9663
f 9600 9664 9663
f 9600 9601 9664
f 9601 9665 9664
f 9601 9602 9665
f 9602 9666 9665
f 9602 9603 9666
f 9603 9667 9666
f 9603 9604 9667
f 9604 9668 9667
f 9604 9605 9668
f 9605 9669 9668
f 9605 9606 9669
f 9606 9670 9669
f 9606 9607 9670
f 9607 9671 9670
f 9607 9544 9671
f 9544 9608 9671
f 9608 9609 9672
f 9609 9673 9672
f 9609 9610 9673
f 9610 9674 9673
f 9610 9611 9674
f 9611 9675 9674
f 9611 9612 9675
f 9612 9676 9675
f 9612 9613 9676
f 9613 9677 9676
f 9613 9614 9677
f 9614 9678 9677
f 9614 9615 9678
f 9615 9679 9678
f 9615 9616 9679
f 9616 9680 9679
f 9616 9617 9680
f 9617 9681 9680
f 9617 9618 9681
f 9618 9682 9681
f 9618 9619 9682
f 9619 9683 9682
f 9619 9620 9683
f 9620 9684 9683
f 9620 9621 9684
f 9621 9685 9684
f 9621 9622 9685
f 9622 9686 9685
f 9622 9623 9686
f 9623 9687 9686
f 9623 9624 9687
f 9624 9688 9687
f 9624 9625 9688
f 9625 9689 9688
f 9625 9626 9689
f 9626 9690 9689
f 9626 9627 9690
f 9627 9691 9690
f 9627 9628 9691
f 9628 9692 9691
f 9628 9629 9692
f 9629 9693 9692
f 9629 9630 9693
f 9630 9694 9693
f 9630 9631 9694
f 9631 9695 9694
f 9631 9632 9695
f 9632 9696 9695
f 9632 9633 9696
f 9633 9697 9696
f 9633 9634 9697
f 9634 9698 9697
f 9634 9635 9698
f 9635 9699 9698
f 9635 9636 9699
f 9636 9700 9699
f 9636 9637 9700
f 9637 9701 9700
f 9637 9638 9701
f 9638 9702 9701
f 9638 9639 9702
f 9639 9703 9702
f 9639 9640 9703
f 9640 9704 9703
f 9640 9641 9704
f 9641 9705 9704
f 9641 9642 9705
f 9642 9706 9705
f 9642 9643 9706
f 9643 9707 9706
f 9643 9644 9707
f 9644 9708 9707
f 9644 9645 9708
f 9645 9709 9708
f 9645 9646 9709
f 9646 9710 9709
f 9646 9647 9710
f 9647 9711 9710
f 9647 9648 9711
f 9648 9712 9711
f 9648 9649 9712
f 9649 9713 9712
f 9649 9650 9713
f 9650 9714 9713
f 9650 9651 9714
f 9651 9715 9714
f 9651 9652 9715
f 9652 9716 9715
f 9652 9653 9716
f 9653 9717 9716
f 9653 9654 9717
f 9654 9718 9717
f 9654 9655 9718
f 9655 9719 9718
f 9655 9656 9719
f 9656 9720 9719
f 9656 9657 9720
f 9657 9721 9720
f 9657 9658 9721
f 9658 9722 9721
f 9658 9659 9722
f 9659 9723 9722
f 9659 9660 9723
f 9660 9724 9723
f 9660 9661 9724
f 9661 9725 9724
f 9661 9662 9725
f 9662 9726 9725
f 9662 9663 9726
f 9663 9727 9726
f 9663 9664 9727
f 9664 9728 9727
f 9664 9665 9728
f 9665 9729 9728
f 9665 9666 9729
f 9666 9730 9729
f 9666 9667 9730
f 9667 9731 9730
f 9667 9668 9731
f 9668 9732 9731
f 9668 9669 9732
f 9669 9733 9732
f 9669 9670 9733
f 9670 9734 9733
f 9670 9671 9734
f 9671 9735 9734
f 9671 9608 9735
f 9608 9672 9735
f 9672 9673 9736
f 9673 9737 9736
f 9673 9674 9737
f 9674 9738 9737
f 9674 9675 9738
f 9675 9739 9738
f 9675 9676 9739
f 9676 9740 9739
f 9676 9677 9740
f 9677 9741 9740
f 9677 9678 9741
f 9678 9742 9741
f 9678 9679 9742
f 9679 9743 9742
f 9679 9680 9743
f 9680 9744 9743
f 9680 9681 9744
f 9681 9745 9744
f 9681 9682 9745
f 9682 9746 9745
f 9682 9683 9746
f 9683 9747 9746
f 9683 9684 9747
f 9684 9748 9747
f 9684 9685 9748
f 9685 9749 9748
f 9685 9686 9749
f 9686 9750 9749
f 9686 9687 9750
f 9687 9751 9750
f 9687 9688 9751
f 9688 9752 9751
f 9688 9689 9752
f 9689 9753 9752
f 9689 9690 9753
f 9690 9754 9753
f 9690 9691 9754
f 9691 9755 9754
f 9691 9692 9755
f 9692 9756 9755
f 9692 9693 9756
f 9693 9757 9756
f 9693 9694 9757
f 9694 9758 9757
f 9694 9695 9758
f 9695 9759 9758
f 9695 9696 9759
f 9696 9760 9759
f 9696 9697 9760
f 9697 9761 9760
f 9697 9698 9761
f 9698 9762 9761
f 9698 9699 9762
f 9699 9763 9762
f 9699 9700 9763
f 9700 9764 9763
f 9700 9701 9764
f 9701 9765 9764
f 9701 9702 9765
f 9702 9766 9765
f 9702 9703 9766
f 9703 9767 9766
f 9703 9704 9767
f 9704 9768 9767
f 9704 9705 9768
f 9705 9769 9768
f 9705 9706 9769
f 9706 9770 9769
f 9706 9707 9770
f 9707 9771 9770
f 9707 9708 9771
f 9708 9772 9771
f 9708 9709 9772
f 9709 9773 9772
f 9709 9710 9773
f 9710 9774 9773
f 9710 9711 9774
f 9711 9775 9774
f 9711 9712 9775
f 9712 9776 9775
f 9712 9713 9776
f 9713 9777 9776
f 9713 9714 9777
f 9714 9778 9777
f 9714 9715 9778
f 9715 9779 9778
f 9715 9716 9779
f 9716 9780 9779
f 9716 9717 9780
f 9717 9781 9780
f 9717 9718 9781
f 9718 9782 9781
f 9718 9719 9782
f 9719 9783 9782
f 9719 9720 9783
f 9720 9784 9783
f 9720 9721 9784
f 9721 9785 9784
f 9721 9722 9785
f 9722 9786 9785
f 9722 9723 9786
f 9723 9787 9786
f 9723 9724 9787
f 9724 9788 9787
f 9724 9725 9788
f 9725 9789 9788
f 9725 9726 9789
f 9726 9790 9789
f 9726 9727 9790
f 9727 9791 9790
f 9727 9728 9791
f 9728 9792 9791
f 9728 9729 9792
f 9729 9793 9792
f 9729 9730 9793
f 9730 9794 9793
f 9730 9731 9794
f 9731 9795 9794
f 9731 9732 9795
f 9732 9796 9795
f 9732 9733 9796
f 9733 9797 9796
f 9733 9734 9797
f 9734 9798 9797
f 9734 9735 9798
f 9735 9799 9798
f 9735 9672 9799
f 9672 9736 9799
f 9736 9737 9800
f 9737 9801 9800
f 9737 9738 9801
f 9738 9802 9801
f 9738 9739 9802
f 9739 9803 9802
f 9739 9740 9803
f 9740 9804 9803
f 9740 9741 9804
f 9741 9805 9804
f 9741 9742 9805
f 9742 9806 9805
f 9742 9743 9806
f 9743 9807 9806
f 9743 9744 9807
f 9744 9808 9807
f 9744 9745 9808
f 9745 9809 9808
f 9745 9746 9809
f 9746 9810 9809
f 9746 9747 9810
f 9747 9811 9810
f 9747 9748 9811
f 9748 9812 9811
f 9748 9749 9812
f 9749 9813 9812
f 9749 9750 9813
f 9750 9814 9813
f 9750 9751 9814
f 9751 9815 9814
f 9751 9752 9815
f 9752 9816 9815
f 9752 9753 9816
f 9753 9817 9816
f 9753 9754 9817
f 9754 9818 9817
f 9754 9755 9818
f 9755 9819 9818
f 9755 9756 9819
f 9756 9820 9819
f 9756 9757 9820
f 9757 9821 9820
f 9757 9758 9821
f 9758 9822 9821
f 9758 9759 9822
f 9759 9823 9822
f 9759 9760 9823
f 9760 9824 9823
f 9760 9761 9824
f 9761 9825 9824
f 9761 9762 9825
f 9762 9826 9825
f 9762 9763 9826
f 9763 9827 9826
f 9763 9764 9827
f 9764 9828 9827
f 9764 9765 9828
f 9765 9829 9828
f 9765 9766 9829
f 9766 9830 9829
f 9766 9767 9830
f 9767 9831 9830
f 9767 9768 9831
f 9768 9832 9831
f 9768 9769 9832
f 9769 9833 9832
f 9769 9770 9833
f 9770 9834 9833
f 9770 9771 9834
f 9771 9835 9834
f 9771 9772 9835
f 9772 9836 9835
f 9772 9773 9836
f 9773 9837 9836
f 9773 9774 9837
f 9774 9838 9837
f 9774 9775 9838
f 9775 9839 9838
f 9775 9776 9839
f 9776 9840 9839
f 9776 9777 9840
f 9777 9841 9840
f 9777 9778 9841
f 9778 9842 9841
f 9778 9779 9842
f 9779 9843 9842
f 9779 9780 9843
f 9780 9844 9843
f 9780 9781 9844
f 9781 9845 9844
f 9781 9782 9845
f 9782 9846 9845
f 9782 9783 9846
f 9783 9847 9846
f 9783 9784 9847
f 9784 9848 9847
f 9784 9785 9848
f 9785 9849 9848
f 9785 9786 9849
f 9786 9850 9849
f 9786 9787 9850
f 9787 9851 9850
f 9787 9788 9851
f 9788 9852 9851
f 9788 9789 9852
f 9789 9853 9852
f 9789 9790 9853
f 9790 9854 9853
f 9790 9791 9854
f 9791 9855 9854
f 9791 9792 9855
f 9792 9856 9855
f 9792 9793 9856
f 9793 9857 9856
f 9793 9794 9857
f 9794 9858 9857
f 9794 9795 9858
f 9795 9859 9858
f 9795 9796 9859
f 9796 9860 9859
f 9796 9797 9860
f 9797 9861 9860
f 9797 9798 9861
f 9798 9862 9861
f 9798 9799 9862
f 9799 9863 9862
f 9799 9736 9863
f 9736 9800 9863
f 9800 9801 9864
f 9801 9865 9864
f 9801 9802 9865
f 9802 9866 9865
f 9802 9803 9866
f 9803 9867 9866
f 9803 9804 9867
f 9804 9868 9867
f 9804 9805 9868
f 9805 9869 9868
f 9805 9806 9869
f 9806 9870 9869
f 9806 9807 9870
f 9807 9871 9870
f 9807 9808 9871
f 9808 9872 9871
f 9808 9809 9872
f 9809 9873 9872
f 9809 9810 9873
f 9810 9874 9873
f 9810 9811 9874
f 9811 9875 9874
f 9811 9812 9875
f 9812 9876 9875
f 9812 9813 9876
f 9813 9877 9876
f 9813 9814 9877
f 9814 9878 9877
f 9814 9815 9878
f 9815 9879 9878
f 9815 9816 9879
f 9816 9880 9879
f 9816 9817 9880
f 9817 9881 9880
f 9817 9818 9881
f 9818 9882 9881
f 9818 9819 9882
f 9819 9883 9882
f 9819 9820 9883
f 9820 9884 9883
f 9820 9821 9884
f 9821 9885 9884
f 9821 9822 9885
f 9822 9886 9885
f 9822 9823 9886
f 9823 9887 9886
f 9823 9824 9887
f 9824 9888 9887
f 9824 9825 9888
f 9825 9889 9888
f 9825 9826 9889
f 9826 9890 9889
f 9826 9827 9890
f 9827 9891 9890
f 9827 9828 9891
f 9828 9892 9891
f 9828 9829 9892
f 9829 9893 9892
f 9829 9830 9893
f 9830 9894 9893
f 9830 9831 9894
f 9831 9895 9894
f 9831 9832 9895
f 9832 9896 9895
f 9832 9833 9896
f 9833 9897 9896
f 9833 9834 9897
f 9834 9898 9897
f 9834 9835 9898
f 9835 9899 9898
f 9835 9836 9899
f 9836 9900 9899
f 9836 9837 9900
f 9837 9901 9900
f 9837 9838 9901
f 9838 9902 9901
f 9838 9839 9902
f 9839 9903 9902
f 9839 9840 9903
f 9840 9904 9903
f 9840 9841 9904
f 9841 9905 9904
f 9841 9842 9905
f 9842 9906 9905
f 9842 9843 9906
f 9843 9907 9906
f 9843 9844 9907
f 9844 9908 9907
f 9844 9845 9908
f 9845 9909 9908
f 9845 9846 9909
f 9846 9910 9909
f 9846 9847 9910
f 9847 9911 9910
f 9847 9848 9911
f 9848 9912 9911
f 9848 9849 9912
f 9849 9913 9912
f 9849 9850 9913
f 9850 9914 9913
f 9850 9851 9914
f 9851 9915 9914
f 9851 9852 9915
f 9852 9916 9915
f 9852 9853 9916
f 9853 9917 9916
f 9853 9854 9917
f 9854 9918 9917
f 9854 9855 9918
f 9855 9919 9918
f 9855 9856 9919
f 9856 9920 9919
f 9856 9857 9920
f 9857 9921 9920
f 9857 9858 9921
f 9858 9922 9921
f 9858 9859 9922
f 9859 9923 9922
f 9859 9860 9923
f 9860 9924 9923
f 9860 9861 9924
f 9861 9925 9924
f 9861 9862 9925
f 9862 9926 9925
f 9862 9863 9926
f 9863 9927 9926
f 9863 9800 9927
f 9800 9864 9927
f 9864 9865 9928
f 9865 9929 9928
f 9865 9866 9929
f 9866 9930 9929
f 9866 9867 9930
f 9867 9931 9930
f 9867 9868 9931
f 9868 9932 9931
f 9868 9869 9932
f 9869 9933 9932
f 9869 9870 9933
f 9870 9934 9933
f 9870 9871 9934
f 9871 9935 9934
f 9871 9872 9935
f 9872 9936 9935
f 9872 9873 9936
f 9873 9937 9936
f 9873 9874 9937
f 9874 9938 9937
f 9874 9875 9938
f 9875 9939 9938
f 9875 9876 9939
f 9876 9940 9939
f 9876 9877 9940
f 9877 9941 9940
f 9877 9878 9941
f 9878 9942 9941
f 9878 9879 9942
f 9879 9943 9942
f 9879 9880 9943
f 9880 9944 9943
f 9880 9881 9944
f 9881 9945 9944
f 9881 9882 9945
f 9882 9946 9945
f 9882 9883 9946
f 9883 9947 9946
f 9883 9884 9947
f 9884 9948 9947
f 9884 9885 9948
f 9885 9949 9948
f 9885 9886 9949
f 9886 9950 9949
f 9886 9887 9950
f 9887 9951 9950
f 9887 9888 9951
f 9888 9952 9951
f 9888 9889 9952
f 9889 9953 9952
f 9889 9890 9953
f 9890 9954 9953
f 9890 9891 9954
f 9891 9955 9954
f 9891 9892 9955
f 9892 9956 9955
f 9892 9893 9956
f 9893 9957 9956
f 9893 9894 9957
f 9894 9958 9957
f 9894 9895 9958
f 9895 9959 9958
f 9895 9896 9959
f 9896 9960 9959
f 9896 9897 9960
f 9897 9961 9960
f 9897 9898 9961
f 9898 9962 9961
f 9898 9899 9962
f 9899 9963 9962
f 9899 9900 9963
f 9900 9964 9963
f 9900 9901 9964
f 9901 9965 9964
f 9901 9902 9965
f 9902 9966 9965
f 9902 9903 9966
f 9903 9967 9966
f 9903 9904 9967
f 9904 9968 9967
f 9904 9905 9968
f 9905 9969 9968
f 9905 9906 9969
f 9906 9970 9969
f 9906 9907 9970
f 9907 9971 9970
f 9907 9908 9971
f 9908 9972 9971
f 9908 9909 9972
f 9909 9973 9972
f 9909 9910 9973
f 9910 9974 9973
f 9910 9911 9974
f 9911 9975 9974
f 9911 9912 9975
f 9912 9976 9975
f 9912 9913 9976
f 9913 9977 9976
f 9913 9914 9977
f 9914 9978 9977
f 9914 9915 9978
f 9915 9979 9978
f 9915 9916 9979
f 9916 9980 9979
f 9916 9917 9980
f 9917 9981 9980
f 9917 9918 9981
f 9918 9982 9981
f 9918 9919 9982
f 9919 9983 9982
f 9919 9920 9983
f 9920 9984 9983
f 9920 9921 9984
f 9921 9985 9984
f 9921 9922 9985
f 9922 9986 9985
f 9922 9923 9986
f 9923 9987 9986
f 9923 9924 9987
f 9924 9988 9987
f 9924 9925 9988
f 9925 9989 9988
f 9925 9926 9989
f 9926 9990 9989
f 9926 9927 9990
f 9927 9991 9990
f 9927 9864 9991
f 9864 9928 9991
f 9928 9929 9992
f 9929 9993 9992
f 9929 9930 9993
f 9930 9994 9993
f 9930 9931 9994
f 9931 9995 9994
f 9931 9932 9995
f 9932 9996 9995
f 9932 9933 9996
f 9933 9997 9996
f 9933 9934 9997
f 9934 9998 9997
f 9934 9935 9998
f 9935 9999 9998
f 9935 9936 9999
f 9936 10000 9999
f 9936 9937 10000
f 9937 10001 10000
f 9937 9938 10001
f 9938 10002 10001
f 9938 9939 10002
f 9939 10003 10002
f 9939 9940 10003
f 9940 10004 10003
f 9940 9941 10004
f 9941 10005 10004
f 9941 9942 10005
f 9942 10006 10005
f 9942 9943 10006
f 9943 10007 10006
f 9943 9944 10007
f 9944 10008 10007
f 9944 9945 10008
f 9945 10009 10008
f 9945 9946 10009
f 9946 10010 10009
f 9946 9947 10010
f 9947 10011 10010
f 9947 9948 10011
f 9948 10012 10011
f 9948 9949 10012
f 9949 10013 10012
f 9949 9950 10013
f 9950 10014 10013
f 9950 9951 10014
f 9951 10015 10014
f 9951 9952 10015
f 9952 10016 10015
f 9952 9953 10016
f 9953 10017 10016
f 9953 9954 10017
f 9954 10018 10017
f 9954 9955 10018
f 9955 10019 10018
f 9955 9956 10019
f 9956 10020 10019
f 9956 9957 10020
f 9957 10021 10020
f 9957 9958 10021
f 9958 10022 10021
f 9958 9959 10022
f 9959 10023 10022
f 9959 9960 10023
f 9960 10024 10023
f 9960 9961 10024
f 9961 10025 10024
f 9961 9962 10025
f 9962 10026 10025
f 9962 9963 10026
f 9963 10027 10026
f 9963 9964 10027
f 9964 10028 10027
f 9964 9965 10028
f 9965 10029 10028
f 9965 9966 10029
f 9966 10030 10029
f 9966 9967 10030
f 9967 10031 10030
f 9967 9968 10031
f 9968 10032 10031
f 9968 9969 10032
f 9969 10033 10032
f 9969 9970 10033
f 9970 10034 10033
f 9970 9971 10034
f 9971 10035 10034
f 9971 9972 10035
f 9972 10036 10035
f 9972 9973 10036
f 9973 10037 10036
f 9973 9974 10037
f 9974 10038 10037
f 9974 9975 10038
f 9975 10039 10038
f 9975 9976 10039
f 9976 10040 10039
f 9976 9977 10040
f 9977 10041 10040
f 9977 9978 10041
f 9978 10042 10041
f 9978 9979 10042
f 9979 10043 10042
f 9979 9980 10043
f 9980 10044 10043
f 9980 9981 10044
f 9981 10045 10044
f 9981 9982 10045
f 9982 10046 10045
f 9982 9983 10046
f 9983 10047 10046
f 9983 9984 10047
f 9984 10048 10047
f 9984 9985 10048
f 9985 10049 10048
f 9985 9986 10049
f 9986 10050 10049
f 9986 9987 10050
f 9987 10051 10050
f 9987 9988 10051
f 9988 10052 10051
f 9988 9989 10052
f 9989 10053 10052
f 9989 9990 10053
f 9990 10054 10053
f 9990 9991 10054
f 9991 10055 10054
f 9991 9928 10055
f 9928 9992 10055
f 9992 9993 10056
f 9993 10057 10056
f 9993 9994 10057
f 9994 10058 10057
f 9994 9995 10058
f 9995 10059 10058
f 9995 9996 10059
f 9996 10060 10059
f 9996 9997 10060
f 9997 10061 10060
f 9997 9998 10061
f 9998 10062 10061
f 9998 9999 10062
f 9999 10063 10062
f 9999 10000 10063
f 10000 10064 10063
f 10000 10001 10064
f 10001 10065 10064
f 10001 10002 10065
f 10002 10066 10065
f 10002 10003 10066
f 10003 10067 10066
f 10003 10004 10067
f 10004 10068 10067
f 10004 10005 10068
f 10005 10069 10068
f 10005 10006 10069
f 10006 10070 10069
f 10006 10007 10070
f 10007 10071 10070
f 10007 10008 10071
f 10008 10072 10071
f 10008 10009 10072
f 10009 10073 10072
f 10009 10010 10073
f 10010 10074 10073
f 10010 10011 10074
f 10011 10075 10074
f 10011 10012 10075
f 10012 10076 10075
f 10012 10013 10076
f 10013 10077 10076
f 10013 10014 10077
f 10014 10078 10077
f 10014 10015 10078
f 10015 10079 10078
f 10015 10016 10079
f 10016 10080 10079
f 10016 10017 10080
f 10017 10081 10080
f 10017 10018 10081
f 10018 10082 10081
f 10018 10019 10082
f 10019 10083 10082
f 10019 10020 10083
f 10020 10084 10083
f 10020 10021 10084
f 10021 10085 10084
f 10021 10022 10085
f 10022 10086 10085
f 10022 10023 10086
f 10023 10087 10086
f 10023 10024 10087
f 10024 10088 10087
f 10024 10025 10088
f 10025 10089 10088
f 10025 10026 10089
f 10026 10090 10089
f 10026 10027 10090
f 10027 10091 10090
f 10027 10028 10091
f 10028 10092 10091
f 10028 10029 10092
f 10029 10093 10092
f 10029 10030 10093
f 10030 10094 10093
f 10030 10031 10094
f 10031 10095 10094
f 10031 10032 10095
f 10032 10096 10095
f 10032 10033 10096
f 10033 10097 10096
f 10033 10034 10097
f 10034 10098 10097
f 10034 10035 10098
f 10035 10099 10098
f 10035 10036 10099
f 10036 10100 10099
f 10036 10037 10100
f 10037 10101 10100
f 10037 10038 10101
f 10038 10102 10101
f 10038 10039 10102
f 10039 10103 10102
f 10039 10040 10103
f 10040 10104 10103
f 10040 10041 10104
f 10041 10105 10104
f 10041 10042 10105
f 10042 10106 10105
f 10042 10043 10106
f 10043 10107 10106
f 10043 10044 10107
f 10044 10108 10107
f 10044 10045 10108
f 10045 10109 10108
f 10045 10046 10109
f 10046 10110 10109
f 10046 10047 10110
f 10047 10111 10110
f 10047 10048 10111
f 10048 10112 10111
f 10048 10049 10112
f 10049 10113 10112
f 10049 10050 10113
f 10050 10114 10113
f 10050 10051 10114
f 10051 10115 10114
f 10051 10052 10115
f 10052 10116 10115
f 10052 10053 10116
f 10053 10117 10116
f 10053 10054 10117
f 10054 10118 10117
f 10054 10055 10118
f 10055 10119 10118
f 10055 9992 10119
f 9992 10056 10119
f 10057 10056 10120
f 10058 10057 10120
f 10059 10058 10120
f 10060 10059 10120
f 10061 10060 10120
f 10062 10061 10120
f 10063 10062 10120
f 10064 10063 10120
f 10065 10064 10120
f 10066 10065 10120
f 10067 10066 10120
f 10068 10067 10120
f 10069 10068 10120
f 10070 10069 10120
f 10071 10070 10120
f 10072 10071 10120
f 10073 10072 10120
f 10074 10073 10120
f 10075 10074 10120
f 10076 10075 10120
f 10077 10076 10120
f 10078 10077 10120
f 10079 10078 10120
f 10080 10079 10120
f 10081 10080 10120
f 10082 10081 10120
f 10083 10082 10120
f 10084 10083 10120
f 10085 10084 10120
f 10086 10085 10120
f 10087 10086 10120
f 10088 10087 10120
f 10089 10088 10120
f 10090 10089 10120
f 10091 10090 10120
f 10092 10091 10120
f 10093 10092 10120
f 10094 10093 10120
f 10095 10094 10120
f 10096 10095 10120
f 10097 10096 10120
f 10098 10097 10120
f 10099 10098 10120
f 10100 10099 10120
f 10101 10100 10120
f 10102 10101 10120
f 10103 10102 10120
f 10104 10103 10120
f 10105 10104 10120
f 10106 10105 10120
f 10107 10106 10120
f 10108 10107 10120
f 10109 10108 10120
f 10110 10109 10120
f 10111 10110 10120
f 10112 10111 10120
f 10113 10112 10120
f 10114 10113 10120
f 10115 10114 10120
f 10116 10115 10120
f 10117 10116 10120
f 10118 10117 10120
f 10119 10118 10120
f 10056 10119 10120
f 10121 10122 10137
f 10122 10138 10137
f 10122 10123 10138
f 10123 10139 10138
f 10123 10124 10139
f 10124 10140 10139
f 10124 10125 10140
f 10125 10141 10140
f 10125 10126 10141
f 10126 10142 10141
f 10126 10127 10142
f 10127 10143 10142
f 10127 10128 10143
f 10128 10144 10143
f 10128 10129 10144
f 10129 10145 10144
f 10129 10130 10145
f 10130 10146 10145
f 10130 10131 10146
f 10131 10147 10146
f 10131 10132 10147
f 10132 10148 10147
f 10132 10133 10148
f 10133 10149 10148
f 10133 10134 10149
f 10134 10150 10149
f 10134 10135 10150
f 10135 10151 10150
f 10135 10136 10151
f 10136 10152 10151
f 10137 10138 10153
f 10138 10154 10153
f 10138 10139 10154
f 10139 10155 10154
f 10139 10140 10155
f 10140 10156 10155
f 10140 10141 10156
f 10141 10157 10156
f 10141 10142 10157
f 10142 10158 10157
f 10142 10143 10158
f 10143 10159 10158
f 10143 10144 10159
f 10144 10160 10159
f 10144 10145 10160
f 10145 10161 10160
f 10145 10146 10161
f 10146 10162 10161
f 10146 10147 10162
f 10147 10163 10162
f 10147 10148 10163
f 10148 10164 10163
f 10148 10149 10164
f 10149 10165 10164
f 10149 10150 10165
f 10150 10166 10165
f 10150 10151 10166
f 10151 10167 10166
f 10151 10152 10167
f 10152 10168 10167
f 10121 10137 10169
f 10136 10170 10152
f 10171 10187 10172
f 10172 10187 10188
f 10172 10188 10173
f 10173 10188 10189
f 10173 10189 10174
f 10174 10189 10190
f 10174 10190 10175
f 10175 10190 10191
f 10175 10191 10176
f 10176 10191 10192
f 10176 10192 10177
f 10177 10192 10193
f 10177 10193 10178
f 10178 10193 10194
f 10178 10194 10179
f 10179 10194 10195
f 10179 10195 10180
f 10180 10195 10196
f 10180 10196 10181
f 10181 10196 10197
f 10181 10197 10182
f 10182 10197 10198
f 10182 10198 10183
f 10183 10198 10199
f 10183 10199 10184
f 10184 10199 10200
f 10184 10200 10185
f 10185 10200 10201
f 10185 10201 10186
f 10186 10201 10202
f 10187 10203 10188
f 10188 10203 10204
f 10188 10204 10189
f 10189 10204 10205
f 10189 10205 10190
f 10190 10205 10206
f 10190 10206 10191
f 10191 10206 10207
f 10191 10207 10192
f 10192 10207 10208
f 10192 10208 10193
f 10193 10208 10209
f 10193 10209 10194
f 10194 10209 10210
f 10194 10210 10195
f 10195 10210 10211
f 10195 10211 10196
f 10196 10211 10212
f 10196 10212 10197
f 10197 10212 10213
f 10197 10213 10198
f 10198 10213 10214
f 10198 10214 10199
f 10199 10214 10215
f 10199 10215 10200
f 10200 10215 10216
f 10200 10216 10201
f 10201 10216 10217
f 10201 10217 10202
f 10202 10217 10218
f 10171 10219 10187
f 10186 10202 10220
f 10233 10222 10221
f 10233 10234 10222
f 10234 10223 10222
f 10234 10235 10223
f 10235 10224 10223
f 10235 10236 10224
f 10236 10225 10224
f 10236 10237 10225
f 10237 10226 10225
f 10237 10238 10226
f 10238 10227 10226
f 10238 10239 10227
f 10239 10228 10227
f 10239 10240 10228
f 10240 10229 10228
f 10240 10241 10229
f 10241 10230 10229
f 10241 10242 10230
f 10242 10231 10230
f 10242 10243 10231
f 10243 10232 10231
f 10243 10244 10232
f 10244 10221 10232
f 10244 10233 10221
f 10245 10234 10233
f 10245 10246 10234
f 10246 10235 10234
f 10246 10247 10235
f 10247 10236 10235
f 10247 10248 10236
f 10248 10237 10236
f 10248 10249 10237
f 10249 10238 10237
f 10249 10250 10238
f 10250 10239 10238
f 10250 10251 10239
f 10251 10240 10239
f 10251 10252 10240
f 10252 10241 10240
f 10252 10253 10241
f 10253 10242 10241
f 10253 10254 10242
f 10254 10243 10242
f 10254 10255 10243
f 10255 10244 10243
f 10255 10256 10244
f 10256 10233 10244
f 10256 10245 10233
f 10257 10246 10245
f 10257 10258 10246
f 10258 10247 10246
f 10258 10259 10247
f 10259 10248 10247
f 10259 10260 10248
f 10260 10249 10248
f 10260 10261 10249
f 10261 10250 10249
f 10261 10262 10250
f 10262 10251 10250
f 10262 10263 10251
f 10263 10252 10251
f 10263 10264 10252
f 10264 10253 10252
f 10264 10265 10253
f 10265 10254 10253
f 10265 10266 10254
f 10266 10255 10254
f 10266 10267 10255
f 10267 10256 10255
f 10267 10268 10256
f 10268 10245 10256
f 10268 10257 10245
f 10269 10258 10257
f 10269 10270 10258
f 10270 10259 10258
f 10270 10271 10259
f 10271 10260 10259
f 10271 10272 10260
f 10272 10261 10260
f 10272 10273 10261
f 10273 10262 10261
f 10273 10274 10262
f 10274 10263 10262
f 10274 10275 10263
f 10275 10264 10263
f 10275 10276 10264
f 10276 10265 10264
f 10276 10277 10265
f 10277 10266 10265
f 10277 10278 10266
f 10278 10267 10266
f 10278 10279 10267
f 10279 10268 10267
f 10279 10280 10268
f 10280 10257 10268
f 10280 10269 10257
f 10281 10282 10288
f 10282 10289 10288
f 10282 10283 10289
f 10283 10290 10289
f 10283 10284 10290
f 10284 10291 10290
f 10284 10285 10291
f 10285 10292 10291
f 10285 10286 10292
f 10286 10293 10292
f 10286 10287 10293
f 10287 10294 10293
f 10287 10281 10294
f 10281 10288 10294
f 10288 10289 10295
f 10289 10296 10295
f 10289 10290 10296
f 10290 10297 10296
f 10290 10291 10297
f 10291 10298 10297
f 10291 10292 10298
f 10292 10299 10298
f 10292 10293 10299
f 10293 10300 10299
f 10293 10294 10300
f 10294 10301 10300
f 10294 10288 10301
f 10288 10295 10301
f 10295 10296 10302
f 10296 10303 10302
f 10296 10297 10303
f 10297 10304 10303
f 10297 10298 10304
f 10298 10305 10304
f 10298 10299 10305
f 10299 10306 10305
f 10299 10300 10306
f 10300 10307 10306
f 10300 10301 10307
f 10301 10308 10307
f 10301 10295 10308
f 10295 10302 10308
f 10285 10282 10281
f 10285 10283 10282
f 10285 10284 10283
f 10285 10285 10284
f 10285 10286 10285
f 10285 10287 10286
f 10285 10281 10287
f 10286 10302 10303
f 10286 10303 10304
f 10286 10304 10305
f 10286 10305 10306
f 10286 10306 10307
f 10286 10307 10308
f 10286 10308 10302
f 10311 10312 10318
f 10312 10319 10318
f 10312 10313 10319
f 10313 10320 10319
f 10313 10314 10320
f 10314 10321 10320
f 10314 10315 10321
f 10315 10322 10321
f 10315 10316 10322
f 10316 10323 10322
f 10316 10317 10323
f 10317 10324 10323
f 10317 10311 10324
f 10311 10318 10324
f 10318 10319 10325
f 10319 10326 10325
f 10319 10320 10326
f 10320 10327 10326
f 10320 10321 10327
f 10321 10328 10327
f 10321 10322 10328
f 10322 10329 10328
f 10322 10323 10329
f 10323 10330 10329
f 10323 10324 10330
f 10324 10331 10330
f 10324 10318 10331
f 10318 10325 10331
f 10325 10326 10332
f 10326 10333 10332
f 10326 10327 10333
f 10327 10334 10333
f 10327 10328 10334
f 10328 10335 10334
f 10328 10329 10335
f 10329 10336 10335
f 10329 10330 10336
f 10330 10337 10336
f 10330 10331 10337
f 10331 10338 10337
f 10331 10325 10338
f 10325 10332 10338
f 10315 10312 10311
f 10315 10313 10312
f 10315 10314 10313
f 10315 10315 10314
f 10315 10316 10315
f 10315 10317 10316
f 10315 10311 10317
f 10316 10332 10333
f 10316 10333 10334
f 10316 10334 10335
f 10316 10335 10336
f 10316 10336 10337
f 10316 10337 10338
f 10316 10338 10332
v -0.011503 1.717510 0.068499
v -0.011818 1.716423 0.066273
v -0.013412 1.713800 0.065058
v -0.015350 1.711177 0.065567
v -0.016497 1.710090 0.067501
v -0.016182 1.711177 0.069727
v -0.014588 1.713800 0.070942
v -0.012650 1.716423 0.070433
v -0.022039 1.725907 0.066572
v -0.021920 1.724411 0.064029
v -0.023020 1.720800 0.062640
v -0.024694 1.717189 0.063220
v -0.025961 1.715693 0.065428
v -0.026080 1.717189 0.067971
v -0.024980 1.720800 0.069360
v -0.023306 1.724411 0.068780
v -0.038143 1.728797 0.060929
v -0.037089 1.727334 0.058926
v -0.036569 1.723800 0.058138
v -0.036887 1.720266 0.059027
v -0.037857 1.718803 0.061071
v -0.038911 1.720266 0.063074
v -0.039431 1.723800 0.063862
v -0.039113 1.727334 0.062973
v -0.052920 1.723094 0.051257
v -0.051540 1.722129 0.050099
v -0.050429 1.719800 0.050055
v -0.050239 1.717471 0.051150
v -0.051080 1.716506 0.052743
v -0.052460 1.717471 0.053901
v -0.053571 1.719800 0.053945
v -0.053761 1.722129 0.052850
v -0.064452 1.713157 0.039548
v -0.063570 1.712759 0.038930
v -0.062939 1.711800 0.038939
v -0.062930 1.710841 0.039570
v -0.063548 1.710443 0.040452
v -0.064430 1.710841 0.041070
v -0.065061 1.711800 0.041061
v -0.065070 1.712759 0.040430
v 0.011503 1.715710 0.068499
v 0.012650 1.714623 0.070433
v 0.014588 1.712000 0.070942
v 0.016182 1.709377 0.069727
v 0.016497 1.708290 0.067501
v 0.015350 1.709377 0.065567
v 0.013412 1.712000 0.065058
v 0.011818 1.714623 0.066273
v 0.022039 1.724107 0.066572
v 0.023306 1.722611 0.068780
v 0.024980 1.719000 0.069360
v 0.026080 1.715389 0.067971
v 0.025961 1.713893 0.065428
v 0.024694 1.715389 0.063220
v 0.023020 1.719000 0.062640
v 0.021920 1.722611 0.064029
v 0.038143 1.726997 0.060929
v 0.039113 1.725534 0.062973
v 0.039431 1.722000 0.063862
v 0.038911 1.718466 0.063074
v 0.037857 1.717003 0.061071
v 0.036887 1.718466 0.059027
v 0.036569 1.722000 0.058138
v 0.037089 1.725534 0.058926
v 0.052920 1.721294 0.051257
v 0.053761 1.720329 0.052850
v 0.053571 1.718000 0.053945
v 0.052460 1.715671 0.053901
v 0.051080 1.714706 0.052743
v 0.050239 1.715671 0.051150
v 0.050429 1.718000 0.050055
v 0.051540 1.720329 0.050099
v 0.064452 1.711357 0.039548
v 0.065070 1.710959 0.040430
v 0.065061 1.710000 0.041061
v 0.064430 1.709041 0.041070
v 0.063548 1.708643 0.040452
v 0.062930 1.709041 0.039570
v 0.062939 1.710000 0.038939
v 0.063570 1.710959 0.038930
v 0.000000 1.824000 -0.018000
v 0.000000 1.816000 -0.005500
v 0.001632 1.816000 -0.005581
v 0.003235 1.816000 -0.005827
v 0.004784 1.816000 -0.006241
v 0.006250 1.816000 -0.006827
v 0.007610 1.816000 -0.007591
v 0.008839 1.816000 -0.008540
v 0.009917 1.816000 -0.009676
v 0.010825 1.816000 -0.011000
v 0.011548 1.816000 -0.012508
v 0.012074 1.816000 -0.014189
v 0.012393 1.816000 -0.016028
v 0.012500 1.816000 -0.018000
v 0.012393 1.816000 -0.020074
v 0.012074 1.816000 -0.022213
v 0.011548 1.816000 -0.024371
v 0.010825 1.816000 -0.026500
v 0.009917 1.816000 -0.028548
v 0.008839 1.816000 -0.030460
v 0.007610 1.816000 -0.032185
v 0.006250 1.816000 -0.033673
v 0.004784 1.816000 -0.034881
v 0.003235 1.816000 -0.035771
v 0.001632 1.816000 -0.036316
v 0.000000 1.816000 -0.036500
v -0.001632 1.816000 -0.036316
v -0.003235 1.816000 -0.035771
v -0.004784 1.816000 -0.034881
v -0.006250 1.816000 -0.033673
v -0.007610 1.816000 -0.032185
v -0.008839 1.816000 -0.030460
v -0.009917 1.816000 -0.028548
v -0.010825 1.816000 -0.026500
v -0.011548 1.816000 -0.024371
v -0.012074 1.816000 -0.022213
v -0.012393 1.816000 -0.020074
v -0.012500 1.816000 -0.018000
v -0.012393 1.816000 -0.016028
v -0.012074 1.816000 -0.014189
v -0.011548 1.816000 -0.012508
v -0.010825 1.816000 -0.011000
v -0.009917 1.816000 -0.009676
v -0.008839 1.816000 -0.008540
v -0.007610 1.816000 -0.007591
v -0.006250 1.816000 -0.006827
v -0.004784 1.816000 -0.006241
v -0.003235 1.816000 -0.005827
v -0.001632 1.816000 -0.005581
v 0.000000 1.808471 0.021550
v 0.005528 1.808471 0.021289
v 0.010961 1.808471 0.020501
v 0.016206 1.808471 0.019177
v 0.021174 1.808471 0.017303
v 0.025780 1.808471 0.014863
v 0.029945 1.808471 0.011843
v 0.033598 1.808471 0.008235
v 0.036675 1.808471 0.004041
v 0.039125 1.808471 -0.000724
v 0.040906 1.808471 -0.006025
v 0.041986 1.808471 -0.011809
v 0.042349 1.808471 -0.018000
v 0.041986 1.808471 -0.024500
v 0.040906 1.808471 -0.031189
v 0.039125 1.808471 -0.037931
v 0.036675 1.808471 -0.044572
v 0.033598 1.808471 -0.050953
v 0.029945 1.808471 -0.056906
v 0.025780 1.808471 -0.062272
v 0.021174 1.808471 -0.066898
v 0.016206 1.808471 -0.070649
v 0.010961 1.808471 -0.073413
v 0.005528 1.808471 -0.075106
v 0.000000 1.808471 -0.075676
v -0.005528 1.808471 -0.075106
v -0.010961 1.808471 -0.073413
v -0.016206 1.808471 -0.070649
v -0.021174 1.808471 -0.066898
v -0.025780 1.808471 -0.062272
v -0.029945 1.808471 -0.056906
v -0.033598 1.808471 -0.050953
v -0.036675 1.808471 -0.044572
v -0.039125 1.808471 -0.037931
v -0.040906 1.808471 -0.031189
v -0.041986 1.808471 -0.024500
v -0.042349 1.808471 -0.018000
v -0.041986 1.808471 -0.011809
v -0.040906 1.808471 -0.006025
v -0.039125 1.808471 -0.000724
v -0.036675 1.808471 0.004041
v -0.033598 1.808471 0.008235
v -0.029945 1.808471 0.011843
v -0.025780 1.808471 0.014863
v -0.021174 1.808471 0.017303
v -0.016206 1.808471 0.019177
v -0.010961 1.808471 0.020501
v -0.005528 1.808471 0.021289
v 0.000000 1.800941 0.032765
v 0.007190 1.800941 0.032428
v 0.014258 1.800941 0.031413
v 0.021081 1.800941 0.029708
v 0.027544 1.800941 0.027296
v 0.033536 1.800941 0.024157
v 0.038953 1.800941 0.020275
v 0.043704 1.800941 0.015639
v 0.047708 1.800941 0.010254
v 0.050895 1.800941 0.004140
v 0.053211 1.800941 -0.002658
v 0.054617 1.800941 -0.010070
v 0.055088 1.800941 -0.018000
v 0.054617 1.800941 -0.026321
v 0.053211 1.800941 -0.034881
v 0.050895 1.800941 -0.043504
v 0.047708 1.800941 -0.051996
v 0.043704 1.800941 -0.060152
v 0.038953 1.800941 -0.067760
v 0.033536 1.800941 -0.074615
v 0.027544 1.800941 -0.080524
v 0.021081 1.800941 -0.085315
v 0.014258 1.800941 -0.088845
v 0.007190 1.800941 -0.091007
v 0.000000 1.800941 -0.091735
v -0.007190 1.800941 -0.091007
v -0.014258 1.800941 -0.088845
v -0.021081 1.800941 -0.085315
v -0.027544 1.800941 -0.080524
v -0.033536 1.800941 -0.074615
v -0.038953 1.800941 -0.067760
v -0.043704 1.800941 -0.060152
v -0.047708 1.800941 -0.051996
v -0.050895 1.800941 -0.043504
v -0.053211 1.800941 -0.034881
v -0.054617 1.800941 -0.026321
v -0.055088 1.800941 -0.018000
v -0.054617 1.800941 -0.010070
v -0.053211 1.800941 -0.002658
v -0.050895 1.800941 0.004140
v -0.047708 1.800941 0.010254
v -0.043704 1.800941 0.015639
v -0.038953 1.800941 0.020275
v -0.033536 1.800941 0.024157
v -0.027544 1.800941 0.027296
v -0.021081 1.800941 0.029708
v -0.014258 1.800941 0.031413
v -0.007190 1.800941 0.032428
v 0.000000 1.793412 0.042647
v 0.008665 1.793412 0.042244
v 0.017181 1.793412 0.041028
v 0.025403 1.793412 0.038987
v 0.033191 1.793412 0.036100
v 0.040411 1.793412 0.032345
v 0.046939 1.793412 0.027701
v 0.052665 1.793412 0.022159
v 0.057489 1.793412 0.015724
v 0.061329 1.793412 0.008422
v 0.064120 1.793412 0.000306
v 0.065814 1.793412 -0.008540
v 0.066382 1.793412 -0.018000
v 0.065814 1.793412 -0.027923
v 0.064120 1.793412 -0.038129
v 0.061329 1.793412 -0.048406
v 0.057489 1.793412 -0.058526
v 0.052665 1.793412 -0.068242
v 0.046939 1.793412 -0.077304
v 0.040411 1.793412 -0.085468
v 0.033191 1.793412 -0.092505
v 0.025403 1.793412 -0.098209
v 0.017181 1.793412 -0.102412
v 0.008665 1.793412 -0.104986
v 0.000000 1.793412 -0.105853
v -0.008665 1.793412 -0.104986
v -0.017181 1.793412 -0.102412
v -0.025403 1.793412 -0.098209
v -0.033191 1.793412 -0.092505
v -0.040411 1.793412 -0.085468
v -0.046939 1.793412 -0.077304
v -0.052665 1.793412 -0.068242
v -0.057489 1.793412 -0.058526
v -0.061329 1.793412 -0.048406
v -0.064120 1.793412 -0.038129
v -0.065814 1.793412 -0.027923
v -0.066382 1.793412 -0.018000
v -0.065814 1.793412 -0.008540
v -0.064120 1.793412 0.000306
v -0.061329 1.793412 0.008422
v -0.057489 1.793412 0.015724
v -0.052665 1.793412 0.022159
v -0.046939 1.793412 0.027701
v -0.040411 1.793412 0.032345
v -0.033191 1.793412 0.036100
v -0.025403 1.793412 0.038987
v -0.017181 1.793412 0.041028
v -0.008665 1.793412 0.042244
v 0.000000 1.785882 0.048171
v 0.009420 1.785882 0.047728
v 0.018679 1.785882 0.046397
v 0.027618 1.785882 0.044161
v 0.036085 1.785882 0.041001
v 0.043935 1.785882 0.036892
v 0.051032 1.785882 0.031816
v 0.057257 1.785882 0.025762
v 0.062502 1.785882 0.018738
v 0.066677 1.785882 0.010774
v 0.069711 1.785882 0.001929
v 0.071553 1.785882 -0.007705
v 0.072171 1.785882 -0.018000
v 0.071553 1.785882 -0.028793
v 0.069711 1.785882 -0.039887
v 0.066677 1.785882 -0.051054
v 0.062502 1.785882 -0.062044
v 0.057257 1.785882 -0.072592
v 0.051032 1.785882 -0.082428
v 0.043935 1.785882 -0.091286
v 0.036085 1.785882 -0.098918
v 0.027618 1.785882 -0.105105
v 0.018679 1.785882 -0.109663
v 0.009420 1.785882 -0.112454
v 0.000000 1.785882 -0.113394
v -0.009420 1.785882 -0.112454
v -0.018679 1.785882 -0.109663
v -0.027618 1.785882 -0.105105
v -0.036085 1.785882 -0.098918
v -0.043935 1.785882 -0.091286
v -0.051032 1.785882 -0.082428
v -0.057257 1.785882 -0.072592
v -0.062502 1.785882 -0.062044
v -0.066677 1.785882 -0.051054
v -0.069711 1.785882 -0.039887
v -0.071553 1.785882 -0.028793
v -0.072171 1.785882 -0.018000
v -0.071553 1.785882 -0.007705
v -0.069711 1.785882 0.001929
v -0.066677 1.785882 0.010774
v -0.062502 1.785882 0.018738
v -0.057257 1.785882 0.025762
v -0.051032 1.785882 0.031816
v -0.043935 1.785882 0.036892
v -0.036085 1.785882 0.041001
v -0.027618 1.785882 0.044161
v -0.018679 1.785882 0.046397
v -0.009420 1.785882 0.047728
v 0.000000 1.778353 0.052688
v 0.010010 1.778353 0.052214
v 0.019848 1.778353 0.050785
v 0.029347 1.778353 0.048388
v 0.038344 1.778353 0.045001
v 0.046685 1.778353 0.040600
v 0.054227 1.778353 0.035166
v 0.060841 1.778353 0.028692
v 0.066414 1.778353 0.021185
v 0.070851 1.778353 0.012681
v 0.074075 1.778353 0.003243
v 0.076032 1.778353 -0.007030
v 0.076688 1.778353 -0.018000
v 0.076032 1.778353 -0.029494
v 0.074075 1.778353 -0.041301
v 0.070851 1.778353 -0.053181
v 0.066414 1.778353 -0.064868
v 0.060841 1.778353 -0.076080
v 0.054227 1.778353 -0.086531
v 0.046685 1.778353 -0.095941
v 0.038344 1.778353 -0.104048
v 0.029347 1.778353 -0.110617
v 0.019848 1.778353 -0.115456
v 0.010010 1.778353 -0.118420
v 0.000000 1.778353 -0.119418
v -0.010010 1.778353 -0.118420
v -0.019848 1.778353 -0.115456
v -0.029347 1.778353 -0.110617
v -0.038344 1.778353 -0.104048
v -0.046685 1.778353 -0.095941
v -0.054227 1.778353 -0.086531
v -0.060841 1.778353 -0.076080
v -0.066414 1.778353 -0.064868
v -0.070851 1.778353 -0.053181
v -0.074075 1.778353 -0.041301
v -0.076032 1.778353 -0.029494
v -0.076688 1.778353 -0.018000
v -0.076032 1.778353 -0.007030
v -0.074075 1.778353 0.003243
v -0.070851 1.778353 0.012681
v -0.066414 1.778353 0.021185
v -0.060841 1.778353 0.028692
v -0.054227 1.778353 0.035166
v -0.046685 1.778353 0.040600
v -0.038344 1.778353 0.045001
v -0.029347 1.778353 0.048388
v -0.019848 1.778353 0.050785
v -0.010010 1.778353 0.052214
v 0.000000 1.770824 0.056936
v 0.010541 1.770824 0.056430
v 0.020903 1.770824 0.054909
v 0.030906 1.770824 0.052357
v 0.040381 1.770824 0.048753
v 0.049164 1.770824 0.044074
v 0.057107 1.770824 0.038301
v 0.064072 1.770824 0.031429
v 0.069941 1.770824 0.023468
v 0.074614 1.770824 0.014456
v 0.078010 1.770824 0.004464
v 0.080071 1.770824 -0.006403
v 0.080761 1.770824 -0.018000
v 0.080071 1.770824 -0.030142
v 0.078010 1.770824 -0.042608
v 0.074614 1.770824 -0.055143
v 0.069941 1.770824 -0.067468
v 0.064072 1.770824 -0.079288
v 0.057107 1.770824 -0.090301
v 0.049164 1.770824 -0.100215
v 0.040381 1.770824 -0.108753
v 0.030906 1.770824 -0.115671
v 0.020903 1.770824 -0.120765
v 0.010541 1.770824 -0.123885
v 0.000000 1.770824 -0.124936
v -0.010541 1.770824 -0.123885
v -0.020903 1.770824 -0.120765
v -0.030906 1.770824 -0.115671
v -0.040381 1.770824 -0.108753
v -0.049164 1.770824 -0.100215
v -0.057107 1.770824 -0.090301
v -0.064072 1.770824 -0.079288
v -0.069941 1.770824 -0.067468
v -0.074614 1.770824 -0.055143
v -0.078010 1.770824 -0.042608
v -0.080071 1.770824 -0.030142
v -0.080761 1.770824 -0.018000
v -0.080071 1.770824 -0.006403
v -0.078010 1.770824 0.004464
v -0.074614 1.770824 0.014456
v -0.069941 1.770824 0.023468
v -0.064072 1.770824 0.031429
v -0.057107 1.770824 0.038301
v -0.049164 1.770824 0.044074
v -0.040381 1.770824 0.048753
v -0.030906 1.770824 0.052357
v -0.020903 1.770824 0.054909
v -0.010541 1.770824 0.056430
v 0.000000 1.763294 0.059724
v 0.010760 1.763294 0.059195
v 0.021336 1.763294 0.057603
v 0.031546 1.763294 0.054933
v 0.041217 1.763294 0.051168
v 0.050183 1.763294 0.046286
v 0.058290 1.763294 0.040273
v 0.065400 1.763294 0.033126
v 0.071390 1.763294 0.024862
v 0.076160 1.763294 0.015524
v 0.079626 1.763294 0.005186
v 0.081729 1.763294 -0.006039
v 0.082435 1.763294 -0.018000
v 0.081729 1.763294 -0.030506
v 0.079626 1.763294 -0.043329
v 0.076160 1.763294 -0.056210
v 0.071390 1.763294 -0.068862
v 0.065400 1.763294 -0.080985
v 0.058290 1.763294 -0.092273
v 0.050183 1.763294 -0.102427
v 0.041217 1.763294 -0.111168
v 0.031546 1.763294 -0.118247
v 0.021336 1.763294 -0.123459
v 0.010760 1.763294 -0.126650
v 0.000000 1.763294 -0.127724
v -0.010760 1.763294 -0.126650
v -0.021336 1.763294 -0.123459
v -0.031546 1.763294 -0.118247
v -0.041217 1.763294 -0.111168
v -0.050183 1.763294 -0.102427
v -0.058290 1.763294 -0.092273
v -0.065400 1.763294 -0.080985
v -0.071390 1.763294 -0.068862
v -0.076160 1.763294 -0.056210
v -0.079626 1.763294 -0.043329
v -0.081729 1.763294 -0.030506
v -0.082435 1.763294 -0.018000
v -0.081729 1.763294 -0.006039
v -0.079626 1.763294 0.005186
v -0.076160 1.763294 0.015524
v -0.071390 1.763294 0.024862
v -0.065400 1.763294 0.033126
v -0.058290 1.763294 0.040273
v -0.050183 1.763294 0.046286
v -0.041217 1.763294 0.051168
v -0.031546 1.763294 0.054933
v -0.021336 1.763294 0.057603
v -0.010760 1.763294 0.059195
v 0.000000 1.755765 0.062513
v 0.010978 1.755765 0.061960
v 0.021769 1.755765 0.060296
v 0.032187 1.755765 0.057510
v 0.042054 1.755765 0.053583
v 0.051202 1.755765 0.048498
v 0.059473 1.755765 0.042245
v 0.066727 1.755765 0.034824
v 0.072840 1.755765 0.026257
v 0.077706 1.755765 0.016591
v 0.081242 1.755765 0.005908
v 0.083388 1.755765 -0.005675
v 0.084108 1.755765 -0.018000
v 0.083388 1.755765 -0.030870
v 0.081242 1.755765 -0.044051
v 0.077706 1.755765 -0.057277
v 0.072840 1.755765 -0.070257
v 0.066727 1.755765 -0.082683
v 0.059473 1.755765 -0.094245
v 0.051202 1.755765 -0.104640
v 0.042054 1.755765 -0.113583
v 0.032187 1.755765 -0.120823
v 0.021769 1.755765 -0.126153
v 0.010978 1.755765 -0.129415
v 0.000000 1.755765 -0.130513
v -0.010978 1.755765 -0.129415
v -0.021769 1.755765 -0.126153
v -0.032187 1.755765 -0.120823
v -0.042054 1.755765 -0.113583
v -0.051202 1.755765 -0.104640
v -0.059473 1.755765 -0.094245
v -0.066727 1.755765 -0.082683
v -0.072840 1.755765 -0.070257
v -0.077706 1.755765 -0.057277
v -0.081242 1.755765 -0.044051
v -0.083388 1.755765 -0.030870
v -0.084108 1.755765 -0.018000
v -0.083388 1.755765 -0.005675
v -0.081242 1.755765 0.005908
v -0.077706 1.755765 0.016591
v -0.072840 1.755765 0.026257
v -0.066727 1.755765 0.034824
v -0.059473 1.755765 0.042245
v -0.051202 1.755765 0.048498
v -0.042054 1.755765 0.053583
v -0.032187 1.755765 0.057510
v -0.021769 1.755765 0.060296
v -0.010978 1.755765 0.061960
v 0.000000 1.748235 0.065302
v 0.011197 1.748235 0.064725
v 0.022202 1.748235 0.062990
v 0.032827 1.748235 0.060086
v 0.042891 1.748235 0.055998
v 0.052220 1.748235 0.050711
v 0.060656 1.748235 0.044217
v 0.068055 1.748235 0.036522
v 0.074289 1.748235 0.027651
v 0.079251 1.748235 0.017658
v 0.082858 1.748235 0.006629
v 0.085047 1.748235 -0.005311
v 0.085781 1.748235 -0.018000
v 0.085047 1.748235 -0.031234
v 0.082858 1.748235 -0.044773
v 0.079251 1.748235 -0.058344
v 0.074289 1.748235 -0.071651
v 0.068055 1.748235 -0.084381
v 0.060656 1.748235 -0.096217
v 0.052220 1.748235 -0.106852
v 0.042891 1.748235 -0.115998
v 0.032827 1.748235 -0.123400
v 0.022202 1.748235 -0.128846
v 0.011197 1.748235 -0.132180
v 0.000000 1.748235 -0.133302
v -0.011197 1.748235 -0.132180
v -0.022202 1.748235 -0.128846
v -0.032827 1.748235 -0.123400
v -0.042891 1.748235 -0.115998
v -0.052220 1.748235 -0.106852
v -0.060656 1.748235 -0.096217
v -0.068055 1.748235 -0.084381
v -0.074289 1.748235 -0.071651
v -0.079251 1.748235 -0.058344
v -0.082858 1.748235 -0.044773
v -0.085047 1.748235 -0.031234
v -0.085781 1.748235 -0.018000
v -0.085047 1.748235 -0.005311
v -0.082858 1.748235 0.006629
v -0.079251 1.748235 0.017658
v -0.074289 1.748235 0.027651
v -0.068055 1.748235 0.036522
v -0.060656 1.748235 0.044217
v -0.052220 1.748235 0.050711
v -0.042891 1.748235 0.055998
v -0.032827 1.748235 0.060086
v -0.022202 1.748235 0.062990
v -0.011197 1.748235 0.064725
v 0.000000 1.746000 0.067454
v 0.011332 1.745727 0.066862
v 0.022470 1.744928 0.065080
v 0.033224 1.743657 0.062099
v 0.043409 1.742000 0.057905
v 0.052852 1.740706 0.052484
v 0.061390 1.740706 0.045832
v 0.068877 1.740706 0.037956
v 0.075187 1.740706 0.028886
v 0.080209 1.740706 0.018678
v 0.083860 1.740706 0.007422
v 0.086075 1.740706 -0.004754
v 0.086818 1.740706 -0.017682
v 0.086075 1.740706 -0.031155
v 0.083860 1.740706 -0.044930
v 0.080209 1.740706 -0.058728
v 0.075187 1.740706 -0.072250
v 0.068877 1.740706 -0.085179
v 0.061390 1.740706 -0.097196
v 0.052852 1.740706 -0.107989
v 0.043409 1.740706 -0.117268
v 0.033224 1.740706 -0.124776
v 0.022470 1.740706 -0.130300
v 0.011332 1.740706 -0.133680
v 0.000000 1.740706 -0.134818
v -0.011332 1.740706 -0.133680
v -0.022470 1.740706 -0.130300
v -0.033224 1.740706 -0.124776
v -0.043409 1.740706 -0.117268
v -0.052852 1.740706 -0.107989
v -0.061390 1.740706 -0.097196
v -0.068877 1.740706 -0.085179
v -0.075187 1.740706 -0.072250
v -0.080209 1.740706 -0.058728
v -0.083860 1.740706 -0.044930
v -0.086075 1.740706 -0.031155
v -0.086818 1.740706 -0.017682
v -0.086075 1.740706 -0.004754
v -0.083860 1.740706 0.007422
v -0.080209 1.740706 0.018678
v -0.075187 1.740706 0.028886
v -0.068877 1.740706 0.037956
v -0.061390 1.740706 0.045832
v -0.052852 1.740706 0.052484
v -0.043409 1.742000 0.057905
v -0.033224 1.743657 0.062099
v -0.022470 1.744928 0.065080
v -0.011332 1.745727 0.066862
v 0.000000 1.746000 0.069127
v 0.011405 1.745727 0.068525
v 0.022615 1.744928 0.066715
v 0.033437 1.743657 0.063687
v 0.043688 1.742000 0.059428
v 0.053191 1.740071 0.053927
v 0.061784 1.738000 0.047179
v 0.069320 1.735929 0.039193
v 0.075670 1.734000 0.030002
v 0.080725 1.733176 0.019663
v 0.084399 1.733176 0.008269
v 0.086628 1.733176 -0.004050
v 0.087376 1.733176 -0.017124
v 0.086628 1.733176 -0.030743
v 0.084399 1.733176 -0.044661
v 0.080725 1.733176 -0.058597
v 0.075670 1.733176 -0.072250
v 0.069320 1.733176 -0.085300
v 0.061784 1.733176 -0.097427
v 0.053191 1.733176 -0.108316
v 0.043688 1.733176 -0.117677
v 0.033437 1.733176 -0.125249
v 0.022615 1.733176 -0.130820
v 0.011405 1.733176 -0.134228
v 0.000000 1.733176 -0.135376
v -0.011405 1.733176 -0.134228
v -0.022615 1.733176 -0.130820
v -0.033437 1.733176 -0.125249
v -0.043688 1.733176 -0.117677
v -0.053191 1.733176 -0.108316
v -0.061784 1.733176 -0.097427
v -0.069320 1.733176 -0.085300
v -0.075670 1.733176 -0.072250
v -0.080725 1.733176 -0.058597
v -0.084399 1.733176 -0.044661
v -0.086628 1.733176 -0.030743
v -0.087376 1.733176 -0.017124
v -0.086628 1.733176 -0.004050
v -0.084399 1.733176 0.008269
v -0.080725 1.733176 0.019663
v -0.075670 1.734000 0.030002
v -0.069320 1.735929 0.039193
v -0.061784 1.738000 0.047179
v -0.053191 1.740071 0.053927
v -0.043688 1.742000 0.059428
v -0.033437 1.743657 0.063687
v -0.022615 1.744928 0.066715
v -0.011405 1.745727 0.068525
v 0.000000 1.746000 0.070801
v 0.011478 1.745727 0.070189
v 0.022759 1.744928 0.068350
v 0.033651 1.743657 0.065275
v 0.043967 1.742000 0.060952
v 0.053531 1.740071 0.055370
v 0.062178 1.738000 0.048525
v 0.069762 1.735929 0.040430
v 0.076153 1.734000 0.031117
v 0.081240 1.732343 0.020647
v 0.084937 1.731072 0.009115
v 0.087181 1.730273 -0.003347
v 0.087934 1.730000 -0.016566
v 0.087181 1.725647 -0.030331
v 0.084937 1.725647 -0.044392
v 0.081240 1.725647 -0.058466
v 0.076153 1.725647 -0.072250
v 0.069762 1.725647 -0.085422
v 0.062178 1.725647 -0.097658
v 0.053531 1.725647 -0.108644
v 0.043967 1.725647 -0.118085
v 0.033651 1.725647 -0.125722
v 0.022759 1.725647 -0.131340
v 0.011478 1.725647 -0.134777
v 0.000000 1.725647 -0.135934
v -0.011478 1.725647 -0.134777
v -0.022759 1.725647 -0.131340
v -0.033651 1.725647 -0.125722
v -0.043967 1.725647 -0.118085
v -0.053531 1.725647 -0.108644
v -0.062178 1.725647 -0.097658
v -0.069762 1.725647 -0.085422
v -0.076153 1.725647 -0.072250
v -0.081240 1.725647 -0.058466
v -0.084937 1.725647 -0.044392
v -0.087181 1.725647 -0.030331
v -0.087934 1.725647 -0.016566
v -0.087181 1.730273 -0.003347
v -0.084937 1.731072 0.009115
v -0.081240 1.732343 0.020647
v -0.076153 1.734000 0.031117
v -0.069762 1.735929 0.040430
v -0.062178 1.738000 0.048525
v -0.053531 1.740071 0.055370
v -0.043967 1.742000 0.060952
v -0.033651 1.743657 0.065275
v -0.022759 1.744928 0.068350
v -0.011478 1.745727 0.070189
v 0.000000 1.746000 0.072474
v 0.011550 1.745727 0.071853
v 0.022903 1.744928 0.069985
v 0.033864 1.743657 0.066864
v 0.044246 1.742000 0.062476
v 0.053870 1.740071 0.056812
v 0.062573 1.738000 0.049872
v 0.070205 1.735929 0.041667
v 0.076636 1.734000 0.032233
v 0.081755 1.732343 0.021632
v 0.085476 1.731072 0.009962
v 0.087734 1.730273 -0.002644
v 0.088491 1.730000 -0.016009
v 0.087734 1.718118 -0.029919
v 0.085476 1.718118 -0.044123
v 0.081755 1.718118 -0.058336
v 0.076636 1.718118 -0.072250
v 0.070205 1.718118 -0.085543
v 0.062573 1.718118 -0.097889
v 0.053870 1.718118 -0.108971
v 0.044246 1.718118 -0.118493
v 0.033864 1.718118 -0.126195
v 0.022903 1.718118 -0.131859
v 0.011550 1.718118 -0.135325
v 0.000000 1.718118 -0.136491
v -0.011550 1.718118 -0.135325
v -0.022903 1.718118 -0.131859
v -0.033864 1.718118 -0.126195
v -0.044246 1.718118 -0.118493
v -0.053870 1.718118 -0.108971
v -0.062573 1.718118 -0.097889
v -0.070205 1.718118 -0.085543
v -0.076636 1.718118 -0.072250
v -0.081755 1.718118 -0.058336
v -0.085476 1.718118 -0.044123
v -0.087734 1.718118 -0.029919
v -0.088491 1.718118 -0.016009
v -0.087734 1.730273 -0.002644
v -0.085476 1.731072 0.009962
v -0.081755 1.732343 0.021632
v -0.076636 1.734000 0.032233
v -0.070205 1.735929 0.041667
v -0.062573 1.738000 0.049872
v -0.053870 1.740071 0.056812
v -0.044246 1.742000 0.062476
v -0.033864 1.743657 0.066864
v -0.022903 1.744928 0.069985
v -0.011550 1.745727 0.071853
v 0.000000 1.746000 0.073789
v 0.011636 1.745727 0.073159
v 0.023072 1.744928 0.071267
v 0.034114 1.743657 0.068106
v 0.044572 1.742000 0.063665
v 0.054268 1.740071 0.057938
v 0.063035 1.738000 0.050926
v 0.070723 1.735929 0.042646
v 0.077201 1.734000 0.033136
v 0.082359 1.732343 0.022462
v 0.086107 1.731072 0.010724
v 0.088382 1.730273 -0.001941
v 0.089145 1.730000 -0.015355
v 0.088382 1.710588 -0.029305
v 0.086107 1.710588 -0.043536
v 0.082359 1.710588 -0.057765
v 0.077201 1.710588 -0.071686
v 0.070723 1.710588 -0.084977
v 0.063035 1.710588 -0.097315
v 0.054268 1.710588 -0.108384
v 0.044572 1.710588 -0.117893
v 0.034114 1.710588 -0.125580
v 0.023072 1.710588 -0.131234
v 0.011636 1.710588 -0.134692
v 0.000000 1.710588 -0.135855
v -0.011636 1.710588 -0.134692
v -0.023072 1.710588 -0.131234
v -0.034114 1.710588 -0.125580
v -0.044572 1.710588 -0.117893
v -0.054268 1.710588 -0.108384
v -0.063035 1.710588 -0.097315
v -0.070723 1.710588 -0.084977
v -0.077201 1.710588 -0.071686
v -0.082359 1.710588 -0.057765
v -0.086107 1.710588 -0.043536
v -0.088382 1.710588 -0.029305
v -0.089145 1.710588 -0.015355
v -0.088382 1.730273 -0.001941
v -0.086107 1.731072 0.010724
v -0.082359 1.732343 0.022462
v -0.077201 1.734000 0.033136
v -0.070723 1.735929 0.042646
v -0.063035 1.738000 0.050926
v -0.054268 1.740071 0.057938
v -0.044572 1.742000 0.063665
v -0.034114 1.743657 0.068106
v -0.023072 1.744928 0.071267
v -0.011636 1.745727 0.073159
v 0.000000 1.746000 0.075098
v 0.011721 1.745727 0.074460
v 0.023242 1.744928 0.072544
v 0.034365 1.743657 0.069342
v 0.044900 1.742000 0.064849
v 0.054666 1.740071 0.059058
v 0.063498 1.738000 0.051976
v 0.071243 1.735929 0.043622
v 0.077768 1.734000 0.034036
v 0.082964 1.732343 0.023290
v 0.086739 1.731072 0.011486
v 0.089031 1.730273 -0.001238
v 0.089799 1.730000 -0.014701
v 0.089031 1.703059 -0.028687
v 0.086739 1.703059 -0.042944
v 0.082964 1.703059 -0.057188
v 0.077768 1.703059 -0.071113
v 0.071243 1.703059 -0.084401
v 0.063498 1.703059 -0.096728
v 0.054666 1.703059 -0.107783
v 0.044900 1.703059 -0.117276
v 0.034365 1.703059 -0.124949
v 0.023242 1.703059 -0.130590
v 0.011721 1.703059 -0.134040
v 0.000000 1.703059 -0.135201
v -0.011721 1.703059 -0.134040
v -0.023242 1.703059 -0.130590
v -0.034365 1.703059 -0.124949
v -0.044900 1.703059 -0.117276
v -0.054666 1.703059 -0.107783
v -0.063498 1.703059 -0.096728
v -0.071243 1.703059 -0.084401
v -0.077768 1.703059 -0.071113
v -0.082964 1.703059 -0.057188
v -0.086739 1.703059 -0.042944
v -0.089031 1.703059 -0.028687
v -0.089799 1.703059 -0.014701
v -0.089031 1.730273 -0.001238
v -0.086739 1.731072 0.011486
v -0.082964 1.732343 0.023290
v -0.077768 1.734000 0.034036
v -0.071243 1.735929 0.043622
v -0.063498 1.738000 0.051976
v -0.054666 1.740071 0.059058
v -0.044900 1.742000 0.064849
v -0.034365 1.743657 0.069342
v -0.023242 1.744928 0.072544
v -0.011721 1.745727 0.074460
v 0.000000 1.746000 0.076408
v 0.011807 1.745727 0.075762
v 0.023411 1.744928 0.073820
v 0.034615 1.743657 0.070579
v 0.045227 1.742000 0.066032
v 0.055065 1.740071 0.060179
v 0.063961 1.738000 0.053026
v 0.071762 1.735929 0.044597
v 0.078335 1.734000 0.034937
v 0.083569 1.732343 0.024118
v 0.087372 1.731072 0.012247
v 0.089680 1.730273 -0.000534
v 0.090454 1.730000 -0.014046
v 0.089680 1.695529 -0.028069
v 0.087372 1.695529 -0.042352
v 0.083569 1.695529 -0.056610
v 0.078335 1.695529 -0.070540
v 0.071762 1.695529 -0.083824
v 0.063961 1.695529 -0.096141
v 0.055065 1.695529 -0.107182
v 0.045227 1.695529 -0.116659
v 0.034615 1.695529 -0.124317
v 0.023411 1.695529 -0.129946
v 0.011807 1.695529 -0.133388
v 0.000000 1.695529 -0.134546
v -0.011807 1.695529 -0.133388
v -0.023411 1.695529 -0.129946
v -0.034615 1.695529 -0.124317
v -0.045227 1.695529 -0.116659
v -0.055065 1.695529 -0.107182
v -0.063961 1.695529 -0.096141
v -0.071762 1.695529 -0.083824
v -0.078335 1.695529 -0.070540
v -0.083569 1.695529 -0.056610
v -0.087372 1.695529 -0.042352
v -0.089680 1.695529 -0.028069
v -0.090454 1.695529 -0.014046
v -0.089680 1.730273 -0.000534
v -0.087372 1.731072 0.012247
v -0.083569 1.732343 0.024118
v -0.078335 1.734000 0.034937
v -0.071762 1.735929 0.044597
v -0.063961 1.738000 0.053026
v -0.055065 1.740071 0.060179
v -0.045227 1.742000 0.066032
v -0.034615 1.743657 0.070579
v -0.023411 1.744928 0.073820
v -0.011807 1.745727 0.075762
v 0.000000 1.746000 0.077900
v 0.011874 1.745727 0.077243
v 0.023544 1.744928 0.075271
v 0.034811 1.743657 0.071981
v 0.045483 1.742000 0.067372
v 0.055377 1.740071 0.061446
v 0.064323 1.738000 0.054218
v 0.072169 1.735929 0.045716
v 0.078779 1.734000 0.035992
v 0.084042 1.732343 0.025123
v 0.087867 1.731072 0.013220
v 0.090188 1.730273 0.000430
v 0.090967 1.730000 -0.013067
v 0.090188 1.688000 -0.027050
v 0.087867 1.688000 -0.041270
v 0.084042 1.688000 -0.055445
v 0.078779 1.688000 -0.069275
v 0.072169 1.688000 -0.082448
v 0.064323 1.688000 -0.094651
v 0.055377 1.688000 -0.105581
v 0.045483 1.688000 -0.114955
v 0.034811 1.688000 -0.122526
v 0.023544 1.688000 -0.128089
v 0.011874 1.688000 -0.131489
v 0.000000 1.688000 -0.132633
v -0.011874 1.688000 -0.131489
v -0.023544 1.688000 -0.128089
v -0.034811 1.688000 -0.122526
v -0.045483 1.688000 -0.114955
v -0.055377 1.688000 -0.105581
v -0.064323 1.688000 -0.094651
v -0.072169 1.688000 -0.082448
v -0.078779 1.688000 -0.069275
v -0.084042 1.688000 -0.055445
v -0.087867 1.688000 -0.041270
v -0.090188 1.688000 -0.027050
v -0.090967 1.688000 -0.013067
v -0.090188 1.730273 0.000430
v -0.087867 1.731072 0.013220
v -0.084042 1.732343 0.025123
v -0.078779 1.734000 0.035992
v -0.072169 1.735929 0.045716
v -0.064323 1.738000 0.054218
v -0.055377 1.740071 0.061446
v -0.045483 1.742000 0.067372
v -0.034811 1.743657 0.071981
v -0.023544 1.744928 0.075271
v -0.011874 1.745727 0.077243
v 0.000000 1.746000 0.079406
v 0.011939 1.745727 0.078738
v 0.023674 1.744928 0.076735
v 0.035004 1.743657 0.073396
v 0.045734 1.742000 0.068723
v 0.055683 1.740071 0.062725
v 0.064678 1.738000 0.055421
v 0.072567 1.735929 0.046846
v 0.079214 1.734000 0.037058
v 0.084506 1.732343 0.026141
v 0.088352 1.731072 0.014210
v 0.090686 1.730273 0.001414
v 0.091469 1.730000 -0.012063
v 0.090686 1.680471 -0.026001
v 0.088352 1.680471 -0.040150
v 0.084506 1.680471 -0.054234
v 0.079214 1.680471 -0.067957
v 0.072567 1.680471 -0.081013
v 0.064678 1.680471 -0.093094
v 0.055683 1.680471 -0.103904
v 0.045734 1.680471 -0.113169
v 0.035004 1.680471 -0.120648
v 0.023674 1.680471 -0.126140
v 0.011939 1.680471 -0.129496
v 0.000000 1.680471 -0.130625
v -0.011939 1.680471 -0.129496
v -0.023674 1.680471 -0.126140
v -0.035004 1.680471 -0.120648
v -0.045734 1.680471 -0.113169
v -0.055683 1.680471 -0.103904
v -0.064678 1.680471 -0.093094
v -0.072567 1.680471 -0.081013
v -0.079214 1.680471 -0.067957
v -0.084506 1.680471 -0.054234
v -0.088352 1.680471 -0.040150
v -0.090686 1.680471 -0.026001
v -0.091469 1.680471 -0.012063
v -0.090686 1.730273 0.001414
v -0.088352 1.731072 0.014210
v -0.084506 1.732343 0.026141
v -0.079214 1.734000 0.037058
v -0.072567 1.735929 0.046846
v -0.064678 1.738000 0.055421
v -0.055683 1.740071 0.062725
v -0.045734 1.742000 0.068723
v -0.035004 1.743657 0.073396
v -0.023674 1.744928 0.076735
v -0.011939 1.745727 0.078738
v 0.000000 1.746000 0.080912
v 0.012005 1.745727 0.080233
v 0.023804 1.744928 0.078199
v 0.035196 1.743657 0.074811
v 0.045985 1.742000 0.070074
v 0.055988 1.740071 0.064004
v 0.065033 1.738000 0.056624
v 0.072965 1.735929 0.047977
v 0.079649 1.734000 0.038125
v 0.084970 1.732343 0.027159
v 0.088837 1.731072 0.015199
v 0.091184 1.730273 0.002398
v 0.091971 1.730000 -0.011059
v 0.091184 1.672941 -0.024951
v 0.088837 1.672941 -0.039031
v 0.084970 1.672941 -0.053024
v 0.079649 1.672941 -0.066640
v 0.072965 1.672941 -0.079577
v 0.065033 1.672941 -0.091536
v 0.055988 1.672941 -0.102227
v 0.045985 1.672941 -0.111383
v 0.035196 1.672941 -0.118769
v 0.023804 1.672941 -0.124191
v 0.012005 1.672941 -0.127503
v 0.000000 1.672941 -0.128618
v -0.012005 1.672941 -0.127503
v -0.023804 1.672941 -0.124191
v -0.035196 1.672941 -0.118769
v -0.045985 1.672941 -0.111383
v -0.055988 1.672941 -0.102227
v -0.065033 1.672941 -0.091536
v -0.072965 1.672941 -0.079577
v -0.079649 1.672941 -0.066640
v -0.084970 1.672941 -0.053024
v -0.088837 1.672941 -0.039031
v -0.091184 1.672941 -0.024951
v -0.091971 1.672941 -0.011059
v -0.091184 1.730273 0.002398
v -0.088837 1.731072 0.015199
v -0.084970 1.732343 0.027159
v -0.079649 1.734000 0.038125
v -0.072965 1.735929 0.047977
v -0.065033 1.738000 0.056624
v -0.055988 1.740071 0.064004
v -0.045985 1.742000 0.070074
v -0.035196 1.743657 0.074811
v -0.023804 1.744928 0.078199
v -0.012005 1.745727 0.080233
v 0.000000 1.746000 0.082418
v 0.012070 1.745727 0.081729
v 0.023934 1.744928 0.079663
v 0.035388 1.743657 0.076225
v 0.046236 1.742000 0.071426
v 0.056294 1.740071 0.065283
v 0.065388 1.738000 0.057827
v 0.073363 1.735929 0.049107
v 0.080084 1.734000 0.039192
v 0.085433 1.732343 0.028177
v 0.089322 1.731072 0.016189
v 0.091681 1.730273 0.003382
v 0.092473 1.730000 -0.010055
v 0.091681 1.665412 -0.023902
v 0.089322 1.665412 -0.037912
v 0.085433 1.665412 -0.051814
v 0.080084 1.665412 -0.065322
v 0.073363 1.665412 -0.078141
v 0.065388 1.665412 -0.089978
v 0.056294 1.665412 -0.100550
v 0.046236 1.665412 -0.109597
v 0.035388 1.665412 -0.116891
v 0.023934 1.665412 -0.122242
v 0.012070 1.665412 -0.125511
v 0.000000 1.665412 -0.126610
v -0.012070 1.665412 -0.125511
v -0.023934 1.665412 -0.122242
v -0.035388 1.665412 -0.116891
v -0.046236 1.665412 -0.109597
v -0.056294 1.665412 -0.100550
v -0.065388 1.665412 -0.089978
v -0.073363 1.665412 -0.078141
v -0.080084 1.665412 -0.065322
v -0.085433 1.665412 -0.051814
v -0.089322 1.665412 -0.037912
v -0.091681 1.665412 -0.023902
v -0.092473 1.665412 -0.010055
v -0.091681 1.730273 0.003382
v -0.089322 1.731072 0.016189
v -0.085433 1.732343 0.028177
v -0.080084 1.734000 0.039192
v -0.073363 1.735929 0.049107
v -0.065388 1.738000 0.057827
v -0.056294 1.740071 0.065283
v -0.046236 1.742000 0.071426
v -0.035388 1.743657 0.076225
v -0.023934 1.744928 0.079663
v -0.012070 1.745727 0.081729
v 0.000000 1.746000 0.082500
v 0.011826 1.745727 0.081817
v 0.023450 1.744928 0.079768
v 0.034672 1.743657 0.076358
v 0.045301 1.742000 0.071599
v 0.055155 1.740071 0.065510
v 0.064065 1.738000 0.058121
v 0.071879 1.735929 0.049483
v 0.078464 1.734000 0.039665
v 0.083705 1.732343 0.028763
v 0.087515 1.731072 0.016901
v 0.089827 1.730273 0.004234
v 0.090602 1.730000 -0.009051
v 0.089827 1.657882 -0.022737
v 0.087515 1.657882 -0.036578
v 0.083705 1.657882 -0.050310
v 0.078464 1.657882 -0.063649
v 0.071879 1.657882 -0.076304
v 0.064065 1.657882 -0.087986
v 0.055155 1.657882 -0.098419
v 0.045301 1.657882 -0.107345
v 0.034672 1.657882 -0.114541
v 0.023450 1.657882 -0.119819
v 0.011826 1.657882 -0.123043
v 0.000000 1.657882 -0.124127
v -0.011826 1.657882 -0.123043
v -0.023450 1.657882 -0.119819
v -0.034672 1.657882 -0.114541
v -0.045301 1.657882 -0.107345
v -0.055155 1.657882 -0.098419
v -0.064065 1.657882 -0.087986
v -0.071879 1.657882 -0.076304
v -0.078464 1.657882 -0.063649
v -0.083705 1.657882 -0.050310
v -0.087515 1.657882 -0.036578
v -0.089827 1.657882 -0.022737
v -0.090602 1.657882 -0.009051
v -0.089827 1.730273 0.004234
v -0.087515 1.731072 0.016901
v -0.083705 1.732343 0.028763
v -0.078464 1.734000 0.039665
v -0.071879 1.735929 0.049483
v -0.064065 1.738000 0.058121
v -0.055155 1.740071 0.065510
v -0.045301 1.742000 0.071599
v -0.034672 1.743657 0.076358
v -0.023450 1.744928 0.079768
v -0.011826 1.745727 0.081817
v 0.000000 1.746000 0.082500
v 0.011564 1.745727 0.081823
v 0.022930 1.744928 0.079794
v 0.033904 1.743657 0.076417
v 0.044297 1.742000 0.071705
v 0.053933 1.740071 0.065676
v 0.062646 1.738000 0.058364
v 0.070286 1.735929 0.049816
v 0.076725 1.734000 0.040104
v 0.081850 1.732343 0.029323
v 0.085575 1.731072 0.017597
v 0.087836 1.730273 0.005078
v 0.088594 1.730000 -0.008047
v 0.087836 1.650353 -0.021565
v 0.085575 1.650353 -0.035233
v 0.081850 1.650353 -0.048789
v 0.076725 1.650353 -0.061954
v 0.070286 1.650353 -0.074443
v 0.062646 1.650353 -0.085969
v 0.053933 1.650353 -0.096261
v 0.044297 1.650353 -0.105066
v 0.033904 1.650353 -0.112163
v 0.022930 1.650353 -0.117369
v 0.011564 1.650353 -0.120548
v 0.000000 1.650353 -0.121618
v -0.011564 1.650353 -0.120548
v -0.022930 1.650353 -0.117369
v -0.033904 1.650353 -0.112163
v -0.044297 1.650353 -0.105066
v -0.053933 1.650353 -0.096261
v -0.062646 1.650353 -0.085969
v -0.070286 1.650353 -0.074443
v -0.076725 1.650353 -0.061954
v -0.081850 1.650353 -0.048789
v -0.085575 1.650353 -0.035233
v -0.087836 1.650353 -0.021565
v -0.088594 1.650353 -0.008047
v -0.087836 1.730273 0.005078
v -0.085575 1.731072 0.017597
v -0.081850 1.732343 0.029323
v -0.076725 1.734000 0.040104
v -0.070286 1.735929 0.049816
v -0.062646 1.738000 0.058364
v -0.053933 1.740071 0.065676
v -0.044297 1.742000 0.071705
v -0.033904 1.743657 0.076417
v -0.022930 1.744928 0.079794
v -0.011564 1.745727 0.081823
v 0.000000 1.746000 0.082500
v 0.011302 1.745727 0.081829
v 0.022410 1.744928 0.079820
v 0.033135 1.743657 0.076476
v 0.043293 1.742000 0.071810
v 0.052710 1.740071 0.065842
v 0.061226 1.738000 0.058606
v 0.068694 1.735929 0.050149
v 0.074986 1.734000 0.040544
v 0.079995 1.732343 0.029884
v 0.083636 1.731072 0.018293
v 0.085846 1.730273 0.005923
v 0.086586 1.730000 -0.007043
v 0.085846 1.642824 -0.020393
v 0.083636 1.642824 -0.033887
v 0.079995 1.642824 -0.047268
v 0.074986 1.642824 -0.060260
v 0.068694 1.642824 -0.072582
v 0.061226 1.642824 -0.083953
v 0.052710 1.642824 -0.094104
v 0.043293 1.642824 -0.102787
v 0.033135 1.642824 -0.109785
v 0.022410 1.642824 -0.114919
v 0.011302 1.642824 -0.118054
v 0.000000 1.642824 -0.119108
v -0.011302 1.642824 -0.118054
v -0.022410 1.642824 -0.114919
v -0.033135 1.642824 -0.109785
v -0.043293 1.642824 -0.102787
v -0.052710 1.642824 -0.094104
v -0.061226 1.642824 -0.083953
v -0.068694 1.642824 -0.072582
v -0.074986 1.642824 -0.060260
v -0.079995 1.642824 -0.047268
v -0.083636 1.642824 -0.033887
v -0.085846 1.642824 -0.020393
v -0.086586 1.642824 -0.007043
v -0.085846 1.730273 0.005923
v -0.083636 1.731072 0.018293
v -0.079995 1.732343 0.029884
v -0.074986 1.734000 0.040544
v -0.068694 1.735929 0.050149
v -0.061226 1.738000 0.058606
v -0.052710 1.740071 0.065842
v -0.043293 1.742000 0.071810
v -0.033135 1.743657 0.076476
v -0.022410 1.744928 0.079820
v -0.011302 1.745727 0.081829
v 0.000000 1.746000 0.082500
v 0.011040 1.745727 0.081836
v 0.021891 1.744928 0.079845
v 0.032367 1.743657 0.076535
v 0.042289 1.742000 0.071915
v 0.051488 1.740071 0.066009
v 0.059806 1.738000 0.058848
v 0.067101 1.735929 0.050482
v 0.073247 1.734000 0.040983
v 0.078140 1.732343 0.030444
v 0.081696 1.731072 0.018988
v 0.083855 1.730273 0.006767
v 0.084578 1.730000 -0.006039
v 0.083855 1.635294 -0.019221
v 0.081696 1.635294 -0.032542
v 0.078140 1.635294 -0.045747
v 0.073247 1.635294 -0.058566
v 0.067101 1.635294 -0.070721
v 0.059806 1.635294 -0.081936
v 0.051488 1.635294 -0.091946
v 0.042289 1.635294 -0.100509
v 0.032367 1.635294 -0.107408
v 0.021891 1.635294 -0.112468
v 0.011040 1.635294 -0.115559
v 0.000000 1.635294 -0.116598
v -0.011040 1.635294 -0.115559
v -0.021891 1.635294 -0.112468
v -0.032367 1.635294 -0.107408
v -0.042289 1.635294 -0.100509
v -0.051488 1.635294 -0.091946
v -0.059806 1.635294 -0.081936
v -0.067101 1.635294 -0.070721
v -0.073247 1.635294 -0.058566
v -0.078140 1.635294 -0.045747
v -0.081696 1.635294 -0.032542
v -0.083855 1.635294 -0.019221
v -0.084578 1.635294 -0.006039
v -0.083855 1.730273 0.006767
v -0.081696 1.731072 0.018988
v -0.078140 1.732343 0.030444
v -0.073247 1.734000 0.040983
v -0.067101 1.735929 0.050482
v -0.059806 1.738000 0.058848
v -0.051488 1.740071 0.066009
v -0.042289 1.742000 0.071915
v -0.032367 1.743657 0.076535
v -0.021891 1.744928 0.079845
v -0.011040 1.745727 0.081836
v 0.000000 1.746000 0.082982
v 0.010715 1.745727 0.082321
v 0.021246 1.744928 0.080338
v 0.031414 1.743657 0.077042
v 0.041044 1.742000 0.072447
v 0.049972 1.740071 0.066578
v 0.058045 1.738000 0.059472
v 0.065125 1.735929 0.051183
v 0.071090 1.734000 0.041784
v 0.075840 1.732343 0.031373
v 0.079291 1.731072 0.020074
v 0.081386 1.730273 0.008039
v 0.082088 1.730000 -0.004553
v 0.081386 1.627765 -0.017495
v 0.079291 1.627765 -0.030557
v 0.075840 1.627765 -0.043489
v 0.071090 1.627765 -0.056028
v 0.065125 1.627765 -0.067905
v 0.058045 1.627765 -0.078855
v 0.049972 1.627765 -0.088620
v 0.041044 1.627765 -0.096968
v 0.031414 1.627765 -0.103691
v 0.021246 1.627765 -0.108620
v 0.010715 1.627765 -0.111629
v 0.000000 1.627765 -0.112641
v -0.010715 1.627765 -0.111629
v -0.021246 1.627765 -0.108620
v -0.031414 1.627765 -0.103691
v -0.041044 1.627765 -0.096968
v -0.049972 1.627765 -0.088620
v -0.058045 1.627765 -0.078855
v -0.065125 1.627765 -0.067905
v -0.071090 1.627765 -0.056028
v -0.075840 1.627765 -0.043489
v -0.079291 1.627765 -0.030557
v -0.081386 1.627765 -0.017495
v -0.082088 1.627765 -0.004553
v -0.081386 1.730273 0.008039
v -0.079291 1.731072 0.020074
v -0.075840 1.732343 0.031373
v -0.071090 1.734000 0.041784
v -0.065125 1.735929 0.051183
v -0.058045 1.738000 0.059472
v -0.049972 1.740071 0.066578
v -0.041044 1.742000 0.072447
v -0.031414 1.743657 0.077042
v -0.021246 1.744928 0.080338
v -0.010715 1.745727 0.082321
v 0.000000 1.746000 0.083484
v 0.010387 1.745727 0.082825
v 0.020596 1.744928 0.080849
v 0.030453 1.743657 0.077567
v 0.039789 1.742000 0.072996
v 0.048444 1.740071 0.067164
v 0.056270 1.738000 0.060112
v 0.063134 1.735929 0.051898
v 0.068917 1.734000 0.042600
v 0.073521 1.732343 0.032317
v 0.076867 1.731072 0.021176
v 0.078898 1.730273 0.009328
v 0.079578 1.730000 -0.003047
v 0.078898 1.620235 -0.015747
v 0.076867 1.620235 -0.028546
v 0.073521 1.620235 -0.041200
v 0.068917 1.620235 -0.053455
v 0.063134 1.620235 -0.065051
v 0.056270 1.620235 -0.075730
v 0.048444 1.620235 -0.085247
v 0.039789 1.620235 -0.093376
v 0.030453 1.620235 -0.099919
v 0.020596 1.620235 -0.104715
v 0.010387 1.620235 -0.107641
v 0.000000 1.620235 -0.108625
v -0.010387 1.620235 -0.107641
v -0.020596 1.620235 -0.104715
v -0.030453 1.620235 -0.099919
v -0.039789 1.620235 -0.093376
v -0.048444 1.620235 -0.085247
v -0.056270 1.620235 -0.075730
v -0.063134 1.620235 -0.065051
v -0.068917 1.620235 -0.053455
v -0.073521 1.620235 -0.041200
v -0.076867 1.620235 -0.028546
v -0.078898 1.620235 -0.015747
v -0.079578 1.620235 -0.003047
v -0.078898 1.730273 0.009328
v -0.076867 1.731072 0.021176
v -0.073521 1.732343 0.032317
v -0.068917 1.734000 0.042600
v -0.063134 1.735929 0.051898
v -0.056270 1.738000 0.060112
v -0.048444 1.740071 0.067164
v -0.039789 1.742000 0.072996
v -0.030453 1.743657 0.077567
v -0.020596 1.744928 0.080849
v -0.010387 1.745727 0.082825
v 0.000000 1.746000 0.083986
v 0.010059 1.745727 0.083329
v 0.019947 1.744928 0.081361
v 0.029493 1.743657 0.078093
v 0.038534 1.742000 0.073545
v 0.046916 1.740071 0.067750
v 0.054496 1.738000 0.060752
v 0.061143 1.735929 0.052614
v 0.066743 1.734000 0.043415
v 0.071202 1.732343 0.033261
v 0.074443 1.731072 0.022277
v 0.076409 1.730273 0.010618
v 0.077069 1.730000 -0.001541
v 0.076409 1.612706 -0.013999
v 0.074443 1.612706 -0.026535
v 0.071202 1.612706 -0.038912
v 0.066743 1.612706 -0.050883
v 0.061143 1.612706 -0.062196
v 0.054496 1.612706 -0.072605
v 0.046916 1.612706 -0.081873
v 0.038534 1.612706 -0.089784
v 0.029493 1.612706 -0.096147
v 0.019947 1.612706 -0.100809
v 0.010059 1.612706 -0.103654
v 0.000000 1.612706 -0.104610
v -0.010059 1.612706 -0.103654
v -0.019947 1.612706 -0.100809
v -0.029493 1.612706 -0.096147
v -0.038534 1.612706 -0.089784
v -0.046916 1.612706 -0.081873
v -0.054496 1.612706 -0.072605
v -0.061143 1.612706 -0.062196
v -0.066743 1.612706 -0.050883
v -0.071202 1.612706 -0.038912
v -0.074443 1.612706 -0.026535
v -0.076409 1.612706 -0.013999
v -0.077069 1.612706 -0.001541
v -0.076409 1.730273 0.010618
v -0.074443 1.731072 0.022277
v -0.071202 1.732343 0.033261
v -0.066743 1.734000 0.043415
v -0.061143 1.735929 0.052614
v -0.054496 1.738000 0.060752
v -0.046916 1.740071 0.067750
v -0.038534 1.742000 0.073545
v -0.029493 1.743657 0.078093
v -0.019947 1.744928 0.081361
v -0.010059 1.745727 0.083329
v 0.000000 1.746000 0.084488
v 0.009732 1.745727 0.083833
v 0.019297 1.744928 0.081872
v 0.028532 1.743657 0.078618
v 0.037279 1.742000 0.074094
v 0.045389 1.740071 0.068336
v 0.052721 1.738000 0.061392
v 0.059151 1.735929 0.053329
v 0.064570 1.734000 0.044231
v 0.068883 1.732343 0.034205
v 0.072018 1.731072 0.023379
v 0.073921 1.730273 0.011907
v 0.074559 1.730000 -0.000035
v 0.073921 1.605176 -0.012251
v 0.072018 1.605176 -0.024524
v 0.068883 1.605176 -0.036623
v 0.064570 1.605176 -0.048310
v 0.059151 1.605176 -0.059342
v 0.052721 1.605176 -0.069481
v 0.045389 1.605176 -0.078500
v 0.037279 1.605176 -0.086192
v 0.028532 1.605176 -0.092376
v 0.019297 1.605176 -0.096904
v 0.009732 1.605176 -0.099666
v 0.000000 1.605176 -0.100594
v -0.009732 1.605176 -0.099666
v -0.019297 1.605176 -0.096904
v -0.028532 1.605176 -0.092376
v -0.037279 1.605176 -0.086192
v -0.045389 1.605176 -0.078500
v -0.052721 1.605176 -0.069481
v -0.059151 1.605176 -0.059342
v -0.064570 1.605176 -0.048310
v -0.068883 1.605176 -0.036623
v -0.072018 1.605176 -0.024524
v -0.073921 1.605176 -0.012251
v -0.074559 1.605176 -0.000035
v -0.073921 1.730273 0.011907
v -0.072018 1.731072 0.023379
v -0.068883 1.732343 0.034205
v -0.064570 1.734000 0.044231
v -0.059151 1.735929 0.053329
v -0.052721 1.738000 0.061392
v -0.045389 1.740071 0.068336
v -0.037279 1.742000 0.074094
v -0.028532 1.743657 0.078618
v -0.019297 1.744928 0.081872
v -0.009732 1.745727 0.083833
v 0.000000 1.746000 0.084500
v 0.009417 1.745727 0.083848
v 0.018673 1.744928 0.081895
v 0.027609 1.743657 0.078658
v 0.036074 1.742000 0.074163
v 0.043920 1.740071 0.068448
v 0.051016 1.738000 0.061569
v 0.057238 1.735929 0.053596
v 0.062481 1.734000 0.044618
v 0.066655 1.732343 0.034744
v 0.069689 1.731072 0.024108
v 0.071530 1.730273 0.012860
v 0.072147 1.730000 0.001176
v 0.071530 1.597647 -0.010750
v 0.069689 1.597647 -0.022708
v 0.066655 1.597647 -0.034476
v 0.062481 1.597647 -0.045824
v 0.057238 1.597647 -0.056518
v 0.051016 1.597647 -0.066334
v 0.043920 1.597647 -0.075055
v 0.036074 1.597647 -0.082486
v 0.027609 1.597647 -0.088456
v 0.018673 1.597647 -0.092824
v 0.009417 1.597647 -0.095487
v 0.000000 1.597647 -0.096382
v -0.009417 1.597647 -0.095487
v -0.018673 1.597647 -0.092824
v -0.027609 1.597647 -0.088456
v -0.036074 1.597647 -0.082486
v -0.043920 1.597647 -0.075055
v -0.051016 1.597647 -0.066334
v -0.057238 1.597647 -0.056518
v -0.062481 1.597647 -0.045824
v -0.066655 1.597647 -0.034476
v -0.069689 1.597647 -0.022708
v -0.071530 1.597647 -0.010750
v -0.072147 1.597647 0.001176
v -0.071530 1.730273 0.012860
v -0.069689 1.731072 0.024108
v -0.066655 1.732343 0.034744
v -0.062481 1.734000 0.044618
v -0.057238 1.735929 0.053596
v -0.051016 1.738000 0.061569
v -0.043920 1.740071 0.068448
v -0.036074 1.742000 0.074163
v -0.027609 1.743657 0.078658
v -0.018673 1.744928 0.081895
v -0.009417 1.745727 0.083848
v 0.000000 1.746000 0.084500
v 0.009103 1.745727 0.083850
v 0.018049 1.744928 0.081906
v 0.026687 1.743657 0.078686
v 0.034869 1.742000 0.074219
v 0.042454 1.740071 0.068549
v 0.049312 1.738000 0.061735
v 0.055327 1.735929 0.053852
v 0.060395 1.734000 0.044994
v 0.064429 1.732343 0.035275
v 0.067361 1.731072 0.024827
v 0.069141 1.730273 0.013805
v 0.069738 1.730000 0.002381
v 0.069141 1.590118 -0.009254
v 0.067361 1.590118 -0.020897
v 0.064429 1.590118 -0.032332
v 0.060395 1.590118 -0.043339
v 0.055327 1.590118 -0.053695
v 0.049312 1.590118 -0.063187
v 0.042454 1.590118 -0.071609
v 0.034869 1.590118 -0.078778
v 0.026687 1.590118 -0.084532
v 0.018049 1.590118 -0.088740
v 0.009103 1.590118 -0.091304
v 0.000000 1.590118 -0.092166
v -0.009103 1.590118 -0.091304
v -0.018049 1.590118 -0.088740
v -0.026687 1.590118 -0.084532
v -0.034869 1.590118 -0.078778
v -0.042454 1.590118 -0.071609
v -0.049312 1.590118 -0.063187
v -0.055327 1.590118 -0.053695
v -0.060395 1.590118 -0.043339
v -0.064429 1.590118 -0.032332
v -0.067361 1.590118 -0.020897
v -0.069141 1.590118 -0.009254
v -0.069738 1.590118 0.002381
v -0.069141 1.730273 0.013805
v -0.067361 1.731072 0.024827
v -0.064429 1.732343 0.035275
v -0.060395 1.734000 0.044994
v -0.055327 1.735929 0.053852
v -0.049312 1.738000 0.061735
v -0.042454 1.740071 0.068549
v -0.034869 1.742000 0.074219
v -0.026687 1.743657 0.078686
v -0.018049 1.744928 0.081906
v -0.009103 1.745727 0.083850
v 0.000000 1.746000 0.084500
v 0.008788 1.745727 0.083853
v 0.017426 1.744928 0.081918
v 0.025765 1.743657 0.078714
v 0.033664 1.742000 0.074276
v 0.040987 1.740071 0.068650
v 0.047608 1.738000 0.061901
v 0.053415 1.735929 0.054108
v 0.058308 1.734000 0.045371
v 0.062203 1.732343 0.035805
v 0.065034 1.731072 0.025547
v 0.066752 1.730273 0.014750
v 0.067328 1.730000 0.003586
v 0.066752 1.582588 -0.007759
v 0.065034 1.582588 -0.019086
v 0.062203 1.582588 -0.030189
v 0.058308 1.582588 -0.040854
v 0.053415 1.582588 -0.050872
v 0.047608 1.582588 -0.060039
v 0.040987 1.582588 -0.068163
v 0.033664 1.582588 -0.075070
v 0.025765 1.582588 -0.080608
v 0.017426 1.582588 -0.084656
v 0.008788 1.582588 -0.087121
v 0.000000 1.582588 -0.087949
v -0.008788 1.582588 -0.087121
v -0.017426 1.582588 -0.084656
v -0.025765 1.582588 -0.080608
v -0.033664 1.582588 -0.075070
v -0.040987 1.582588 -0.068163
v -0.047608 1.582588 -0.060039
v -0.053415 1.582588 -0.050872
v -0.058308 1.582588 -0.040854
v -0.062203 1.582588 -0.030189
v -0.065034 1.582588 -0.019086
v -0.066752 1.582588 -0.007759
v -0.067328 1.582588 0.003586
v -0.066752 1.730273 0.014750
v -0.065034 1.731072 0.025547
v -0.062203 1.732343 0.035805
v -0.058308 1.734000 0.045371
v -0.053415 1.735929 0.054108
v -0.047608 1.738000 0.061901
v -0.040987 1.740071 0.068650
v -0.033664 1.742000 0.074276
v -0.025765 1.743657 0.078714
v -0.017426 1.744928 0.081918
v -0.008788 1.745727 0.083853
v 0.000000 1.746000 0.083512
v 0.008809 1.745727 0.082872
v 0.017467 1.744928 0.080961
v 0.025827 1.743657 0.077798
v 0.033744 1.742000 0.073420
v 0.041084 1.740071 0.067877
v 0.047721 1.738000 0.061235
v 0.053542 1.735929 0.053578
v 0.058447 1.734000 0.045006
v 0.062351 1.732343 0.035638
v 0.065189 1.731072 0.025609
v 0.066911 1.730273 0.015073
v 0.067488 1.730000 0.004198
v 0.066911 1.575059 -0.006834
v 0.065189 1.575059 -0.017831
v 0.062351 1.575059 -0.028591
v 0.058447 1.575059 -0.038913
v 0.053542 1.575059 -0.048595
v 0.047721 1.575059 -0.057444
v 0.041084 1.575059 -0.065278
v 0.033744 1.575059 -0.071932
v 0.025827 1.575059 -0.077264
v 0.017467 1.575059 -0.081158
v 0.008809 1.575059 -0.083529
v 0.000000 1.575059 -0.084326
v -0.008809 1.575059 -0.083529
v -0.017467 1.575059 -0.081158
v -0.025827 1.575059 -0.077264
v -0.033744 1.575059 -0.071932
v -0.041084 1.575059 -0.065278
v -0.047721 1.575059 -0.057444
v -0.053542 1.575059 -0.048595
v -0.058447 1.575059 -0.038913
v -0.062351 1.575059 -0.028591
v -0.065189 1.575059 -0.017831
v -0.066911 1.575059 -0.006834
v -0.067488 1.575059 0.004198
v -0.066911 1.730273 0.015073
v -0.065189 1.731072 0.025609
v -0.062351 1.732343 0.035638
v -0.058447 1.734000 0.045006
v -0.053542 1.735929 0.053578
v -0.047721 1.738000 0.061235
v -0.041084 1.740071 0.067877
v -0.033744 1.742000 0.073420
v -0.025827 1.743657 0.077798
v -0.017467 1.744928 0.080961
v -0.008809 1.745727 0.082872
v 0.000000 1.746000 0.082006
v 0.009006 1.745727 0.081377
v 0.017857 1.744928 0.079497
v 0.026403 1.743657 0.076387
v 0.034497 1.742000 0.072086
v 0.042001 1.740071 0.066645
v 0.048786 1.738000 0.060134
v 0.054737 1.735929 0.052635
v 0.059751 1.734000 0.044253
v 0.063742 1.732343 0.035105
v 0.066643 1.731072 0.025327
v 0.068404 1.730273 0.015070
v 0.068994 1.730000 0.004499
v 0.068404 1.567529 -0.006208
v 0.066643 1.567529 -0.016865
v 0.063742 1.567529 -0.027280
v 0.059751 1.567529 -0.037256
v 0.054737 1.567529 -0.046604
v 0.048786 1.567529 -0.055138
v 0.042001 1.567529 -0.062686
v 0.034497 1.567529 -0.069092
v 0.026403 1.567529 -0.074222
v 0.017857 1.567529 -0.077967
v 0.009006 1.567529 -0.080247
v 0.000000 1.567529 -0.081013
v -0.009006 1.567529 -0.080247
v -0.017857 1.567529 -0.077967
v -0.026403 1.567529 -0.074222
v -0.034497 1.567529 -0.069092
v -0.042001 1.567529 -0.062686
v -0.048786 1.567529 -0.055138
v -0.054737 1.567529 -0.046604
v -0.059751 1.567529 -0.037256
v -0.063742 1.567529 -0.027280
v -0.066643 1.567529 -0.016865
v -0.068404 1.567529 -0.006208
v -0.068994 1.567529 0.004499
v -0.068404 1.730273 0.015070
v -0.066643 1.731072 0.025327
v -0.063742 1.732343 0.035105
v -0.059751 1.734000 0.044253
v -0.054737 1.735929 0.052635
v -0.048786 1.738000 0.060134
v -0.042001 1.740071 0.066645
v -0.034497 1.742000 0.072086
v -0.026403 1.743657 0.076387
v -0.017857 1.744928 0.079497
v -0.009006 1.745727 0.081377
v 0.000000 1.746000 0.080500
v 0.009202 1.745727 0.079881
v 0.018247 1.744928 0.078032
v 0.026979 1.743657 0.074977
v 0.035250 1.742000 0.070753
v 0.042918 1.740071 0.065414
v 0.049851 1.738000 0.059032
v 0.055931 1.735929 0.051693
v 0.061055 1.734000 0.043500
v 0.065134 1.732343 0.034572
v 0.068098 1.731072 0.025045
v 0.069897 1.730273 0.015067
v 0.070500 1.730000 0.004800
v 0.069897 1.560000 -0.005583
v 0.068098 1.560000 -0.015900
v 0.065134 1.560000 -0.025968
v 0.061055 1.560000 -0.035600
v 0.055931 1.560000 -0.044613
v 0.049851 1.560000 -0.052832
v 0.042918 1.560000 -0.060094
v 0.035250 1.560000 -0.066253
v 0.026979 1.560000 -0.071181
v 0.018247 1.560000 -0.074777
v 0.009202 1.560000 -0.076965
v 0.000000 1.560000 -0.077700
v -0.009202 1.560000 -0.076965
v -0.018247 1.560000 -0.074777
v -0.026979 1.560000 -0.071181
v -0.035250 1.560000 -0.066253
v -0.042918 1.560000 -0.060094
v -0.049851 1.560000 -0.052832
v -0.055931 1.560000 -0.044613
v -0.061055 1.560000 -0.035600
v -0.065134 1.560000 -0.025968
v -0.068098 1.560000 -0.015900
v -0.069897 1.560000 -0.005583
v -0.070500 1.560000 0.004800
v -0.069897 1.730273 0.015067
v -0.068098 1.731072 0.025045
v -0.065134 1.732343 0.034572
v -0.061055 1.734000 0.043500
v -0.055931 1.735929 0.051693
v -0.049851 1.738000 0.059032
v -0.042918 1.740071 0.065414
v -0.035250 1.742000 0.070753
v -0.026979 1.743657 0.074977
v -0.018247 1.744928 0.078032
v -0.009202 1.745727 0.079881
v 0.040888 1.760424 0.086373
v 0.032944 1.771196 0.095799
v 0.017056 1.785772 0.091427
v 0.009112 1.789576 0.077627
v 0.017056 1.778804 0.068201
v 0.032944 1.764228 0.072573
v 0.018829 1.740788 0.090601
v 0.011435 1.749309 0.099585
v -0.002394 1.763521 0.096984
v -0.008829 1.769212 0.085399
v -0.001435 1.760691 0.076415
v 0.012394 1.746479 0.079016
v -0.010919 1.719892 0.086189
v -0.017232 1.724244 0.093818
v -0.028313 1.734352 0.093630
v -0.033081 1.740108 0.085811
v -0.026768 1.735756 0.078182
v -0.015687 1.725648 0.078370
v -0.041850 1.697541 0.078167
v -0.043840 1.698411 0.080623
v -0.046990 1.700871 0.080456
v -0.048150 1.702459 0.077833
v -0.046160 1.701589 0.075377
v -0.043010 1.699129 0.075544
v 0.025000 1.775000 0.082000
v -0.045000 1.700000 0.078000
v -0.024018 1.753045 0.073292
v -0.032009 1.760233 0.083839
v -0.047991 1.772187 0.082547
v -0.055982 1.776955 0.070708
v -0.047991 1.769767 0.060161
v -0.032009 1.757813 0.061453
v -0.051714 1.720508 0.074374
v -0.059269 1.723291 0.085518
v -0.075555 1.730783 0.087144
v -0.084286 1.735492 0.077626
v -0.076731 1.732709 0.066482
v -0.060445 1.725217 0.064856
v -0.068189 1.674000 0.063938
v -0.074021 1.672232 0.073258
v -0.087832 1.673232 0.075320
v -0.095811 1.676000 0.068062
v -0.089979 1.677768 0.058742
v -0.076168 1.676768 0.056680
v -0.071236 1.621616 0.046745
v -0.074658 1.619419 0.052286
v -0.083422 1.617803 0.053542
v -0.088764 1.618384 0.049255
v -0.085342 1.620581 0.043714
v -0.076578 1.622197 0.042458
v -0.065184 1.575899 0.034487
v -0.065969 1.574904 0.037206
v -0.068785 1.574005 0.037719
v -0.070816 1.574101 0.035513
v -0.070031 1.575096 0.032794
v -0.067215 1.575995 0.032281
v -0.040000 1.765000 0.072000
v -0.068000 1.575000 0.035000
v -0.038633 1.752546 0.054255
v -0.046817 1.755239 0.064968
v -0.063183 1.762693 0.065713
v -0.071367 1.767454 0.055745
v -0.063183 1.764761 0.045032
v -0.046817 1.757307 0.044287
v -0.062561 1.706129 0.048374
v -0.069862 1.706185 0.057630
v -0.085301 1.710056 0.059257
v -0.093439 1.713871 0.051626
v -0.086138 1.713815 0.042370
v -0.070699 1.709944 0.040743
v -0.074055 1.650294 0.030942
v -0.078922 1.648530 0.037282
v -0.089867 1.648236 0.038340
v -0.095945 1.649706 0.033058
v -0.091078 1.651470 0.026718
v -0.080133 1.651764 0.025660
v -0.075056 1.595462 0.017655
v -0.076143 1.594644 0.020329
v -0.079087 1.594181 0.020674
v -0.080944 1.594538 0.018345
v -0.079857 1.595356 0.015671
v -0.076913 1.595819 0.015326
v -0.055000 1.760000 0.055000
v -0.078000 1.595000 0.018000
v 0.051689 1.776088 0.071696
v 0.044845 1.767258 0.079707
v 0.031155 1.756170 0.076011
v 0.024311 1.753912 0.064304
v 0.031155 1.762742 0.056293
v 0.044845 1.773830 0.059989
v 0.078882 1.741713 0.062270
v 0.071424 1.734036 0.068609
v 0.057542 1.727323 0.064340
v 0.051118 1.728287 0.053730
v 0.058576 1.735964 0.047391
v 0.072458 1.742677 0.051660
v 0.093698 1.696091 0.037444
v 0.087000 1.691772 0.041970
v 0.075302 1.690681 0.039526
v 0.070302 1.693909 0.032556
v 0.077000 1.698228 0.028030
v 0.088698 1.699319 0.030474
v 0.091854 1.648984 0.006132
v 0.087120 1.647360 0.009248
v 0.079266 1.648376 0.008115
v 0.076146 1.651016 0.003868
v 0.080880 1.652640 0.000752
v 0.088734 1.651624 0.001885
v 0.080886 1.604357 -0.017495
v 0.078805 1.603600 -0.015472
v 0.075918 1.604243 -0.015976
v 0.075114 1.605643 -0.018505
v 0.077195 1.606400 -0.020528
v 0.080082 1.605757 -0.020024
v 0.038000 1.765000 0.068000
v 0.078000 1.605000 -0.018000
v 0.023808 1.822771 0.017070
v 0.011904 1.808985 0.015009
v -0.011904 1.808214 0.017939
v -0.023808 1.821229 0.022930
v -0.011904 1.835015 0.024991
v 0.011904 1.835786 0.022061
v 0.020785 1.831133 -0.021223
v 0.007377 1.815987 -0.019547
v -0.018408 1.816853 -0.016324
v -0.030785 1.832867 -0.014777
v -0.017377 1.848013 -0.016453
v 0.008408 1.847147 -0.019676
v 0.011940 1.820377 -0.059869
v 0.000163 1.810771 -0.053784
v -0.021777 1.812394 -0.053915
v -0.031940 1.823623 -0.060131
v -0.020163 1.833229 -0.066216
v 0.001777 1.831606 -0.066085
v -0.002034 1.784728 -0.097421
v -0.005449 1.781766 -0.094716
v -0.011415 1.782038 -0.095296
v -0.013966 1.785272 -0.098579
v -0.010551 1.788234 -0.101284
v -0.004585 1.787962 -0.100704
v 0.000000 1.822000 0.020000
v -0.008000 1.785000 -0.098000
v 0.048242 1.822711 0.022852
v 0.041621 1.808459 0.022664
v 0.028379 1.800748 0.009812
v 0.021758 1.807289 -0.002852
v 0.028379 1.821541 -0.002664
v 0.041621 1.829252 0.010188
v 0.086806 1.807258 -0.006187
v 0.076847 1.794217 -0.001657
v 0.058041 1.786960 -0.010470
v 0.049194 1.792742 -0.023813
v 0.059153 1.805783 -0.028343
v 0.077959 1.813040 -0.019530
v 0.097754 1.761187 -0.042467
v 0.088936 1.755726 -0.035599
v 0.073182 1.754539 -0.038132
v 0.066246 1.758813 -0.047533
v 0.075064 1.764274 -0.054401
v 0.090818 1.765461 -0.051868
v 0.088941 1.704840 -0.069252
v 0.085953 1.703487 -0.066515
v 0.081012 1.703647 -0.067263
v 0.079059 1.705160 -0.070748
v 0.082047 1.706513 -0.073485
v 0.086988 1.706353 -0.072737
v 0.035000 1.815000 0.010000
v 0.084000 1.705000 -0.070000
v -0.021758 1.807289 -0.002852
v -0.028379 1.800748 0.009812
v -0.041621 1.808459 0.022664
v -0.048242 1.822711 0.022852
v -0.041621 1.829252 0.010188
v -0.028379 1.821541 -0.002664
v -0.049194 1.792742 -0.023813
v -0.058041 1.786960 -0.010470
v -0.076847 1.794217 -0.001657
v -0.086806 1.807258 -0.006187
v -0.077959 1.813040 -0.019530
v -0.059153 1.805783 -0.028343
v -0.066246 1.758813 -0.047533
v -0.073182 1.754539 -0.038132
v -0.088936 1.755726 -0.035599
v -0.097754 1.761187 -0.042467
v -0.090818 1.765461 -0.051868
v -0.075064 1.764274 -0.054401
v -0.079059 1.705160 -0.070748
v -0.081012 1.703647 -0.067263
v -0.085953 1.703487 -0.066515
v -0.088941 1.704840 -0.069252
v -0.086988 1.706353 -0.072737
v -0.082047 1.706513 -0.073485
v -0.035000 1.815000 0.010000
v -0.084000 1.705000 -0.070000
v -0.015028 1.728968 -0.095244
v -0.025014 1.726695 -0.083323
v -0.044986 1.727727 -0.083079
v -0.054972 1.731032 -0.094756
v -0.044986 1.733305 -0.106677
v -0.025014 1.732273 -0.106921
v -0.020029 1.675833 -0.108577
v -0.028668 1.675149 -0.097906
v -0.046640 1.674316 -0.097328
v -0.055971 1.674167 -0.107423
v -0.047332 1.674851 -0.118094
v -0.029360 1.675684 -0.118672
v -0.018210 1.621846 -0.099258
v -0.023650 1.622592 -0.091920
v -0.035441 1.620745 -0.090662
v -0.041790 1.618154 -0.096742
v -0.036350 1.617408 -0.104080
v -0.024559 1.619255 -0.105338
v -0.014105 1.565672 -0.082611
v -0.015798 1.566109 -0.079838
v -0.019694 1.565437 -0.079227
v -0.021895 1.564328 -0.081389
v -0.020202 1.563891 -0.084162
v -0.016306 1.564563 -0.084773
v -0.035000 1.730000 -0.095000
v -0.018000 1.565000 -0.082000
v 0.054972 1.731032 -0.094756
v 0.044986 1.727727 -0.083079
v 0.025014 1.726695 -0.083323
v 0.015028 1.728968 -0.095244
v 0.025014 1.732273 -0.106921
v 0.044986 1.733305 -0.106677
v 0.055971 1.674167 -0.107423
v 0.046640 1.674316 -0.097328
v 0.028668 1.675149 -0.097906
v 0.020029 1.675833 -0.108577
v 0.029360 1.675684 -0.118672
v 0.047332 1.674851 -0.118094
v 0.041790 1.618154 -0.096742
v 0.035441 1.620745 -0.090662
v 0.023650 1.622592 -0.091920
v 0.018210 1.621846 -0.099258
v 0.024559 1.619255 -0.105338
v 0.036350 1.617408 -0.104080
v 0.021895 1.564328 -0.081389
v 0.019694 1.565437 -0.079227
v 0.015798 1.566109 -0.079838
v 0.014105 1.565672 -0.082611
v 0.016306 1.564563 -0.084773
v 0.020202 1.563891 -0.084162
v 0.035000 1.730000 -0.095000
v 0.018000 1.565000 -0.082000
v 0.022000 1.725000 -0.100000
v 0.011000 1.722283 -0.086413
v -0.011000 1.722283 -0.086413
v -0.022000 1.725000 -0.100000
v -0.011000 1.727717 -0.113587
v 0.011000 1.727717 -0.113587
v 0.020000 1.665000 -0.112000
v 0.010000 1.664789 -0.099877
v -0.010000 1.664789 -0.099877
v -0.020000 1.665000 -0.112000
v -0.010000 1.665211 -0.124123
v 0.010000 1.665211 -0.124123
v 0.014000 1.610000 -0.102000
v 0.007000 1.612136 -0.093607
v -0.007000 1.612136 -0.093607
v -0.014000 1.610000 -0.102000
v -0.007000 1.607864 -0.110393
v 0.007000 1.607864 -0.110393
v 0.004000 1.555000 -0.084000
v 0.002000 1.555808 -0.081531
v -0.002000 1.555808 -0.081531
v -0.004000 1.555000 -0.084000
v -0.002000 1.554192 -0.086469
v 0.002000 1.554192 -0.086469
v 0.000000 1.725000 -0.100000
v 0.000000 1.555000 -0.084000
v 0.022634 1.759547 0.085091
v 0.017317 1.763632 0.091339
v 0.006683 1.769085 0.090248
v 0.001366 1.770453 0.082909
v 0.006683 1.766368 0.076661
v 0.017317 1.760915 0.077752
v 0.004010 1.731011 0.090965
v -0.000459 1.733324 0.095648
v -0.008469 1.737313 0.094683
v -0.012010 1.738989 0.089035
v -0.007541 1.736676 0.084352
v 0.000469 1.732687 0.085317
v -0.015329 1.703689 0.085386
v -0.016977 1.704208 0.086891
v -0.019648 1.705518 0.086505
v -0.020671 1.706311 0.084614
v -0.019023 1.705792 0.083109
v -0.016352 1.704482 0.083495
v 0.012000 1.765000 0.084000
v -0.018000 1.705000 0.085000
usemtl Hair
f 10341 10342 10349
f 10342 10350 10349
f 10342 10343 10350
f 10343 10351 10350
f 10343 10344 10351
f 10344 10352 10351
f 10344 10345 10352
f 10345 10353 10352
f 10345 10346 10353
f 10346 10354 10353
f 10346 10347 10354
f 10347 10355 10354
f 10347 10348 10355
f 10348 10356 10355
f 10348 10341 10356
f 10341 10349 10356
f 10349 10350 10357
f 10350 10358 10357
f 10350 10351 10358
f 10351 10359 10358
f 10351 10352 10359
f 10352 10360 10359
f 10352 10353 10360
f 10353 10361 10360
f 10353 10354 10361
f 10354 10362 10361
f 10354 10355 10362
f 10355 10363 10362
f 10355 10356 10363
f 10356 10364 10363
f 10356 10349 10364
f 10349 10357 10364
f 10357 10358 10365
f 10358 10366 10365
f 10358 10359 10366
f 10359 10367 10366
f 10359 10360 10367
f 10360 10368 10367
f 10360 10361 10368
f 10361 10369 10368
f 10361 10362 10369
f 10362 10370 10369
f 10362 10363 10370
f 10363 10371 10370
f 10363 10364 10371
f 10364 10372 10371
f 10364 10357 10372
f 10357 10365 10372
f 10365 10366 10373
f 10366 10374 10373
f 10366 10367 10374
f 10367 10375 10374
f 10367 10368 10375
f 10368 10376 10375
f 10368 10369 10376
f 10369 10377 10376
f 10369 10370 10377
f 10370 10378 10377
f 10370 10371 10378
f 10371 10379 10378
f 10371 10372 10379
f 10372 10380 10379
f 10372 10365 10380
f 10365 10373 10380
f 10381 10382 10389
f 10382 10390 10389
f 10382 10383 10390
f 10383 10391 10390
f 10383 10384 10391
f 10384 10392 10391
f 10384 10385 10392
f 10385 10393 10392
f 10385 10386 10393
f 10386 10394 10393
f 10386 10387 10394
f 10387 10395 10394
f 10387 10388 10395
f 10388 10396 10395
f 10388 10381 10396
f 10381 10389 10396
f 10389 10390 10397
f 10390 10398 10397
f 10390 10391 10398
f 10391 10399 10398
f 10391 10392 10399
f 10392 10400 10399
f 10392 10393 10400
f 10393 10401 10400
f 10393 10394 10401
f 10394 10402 10401
f 10394 10395 10402
f 10395 10403 10402
f 10395 10396 10403
f 10396 10404 10403
f 10396 10389 10404
f 10389 10397 10404
f 10397 10398 10405
f 10398 10406 10405
f 10398 10399 10406
f 10399 10407 10406
f 10399 10400 10407
f 10400 10408 10407
f 10400 10401 10408
f 10401 10409 10408
f 10401 10402 10409
f 10402 10410 10409
f 10402 10403 10410
f 10403 10411 10410
f 10403 10404 10411
f 10404 10412 10411
f 10404 10397 10412
f 10397 10405 10412
f 10405 10406 10413
f 10406 10414 10413
f 10406 10407 10414
f 10407 10415 10414
f 10407 10408 10415
f 10408 10416 10415
f 10408 10409 10416
f 10409 10417 10416
f 10409 10410 10417
f 10410 10418 10417
f 10410 10411 10418
f 10411 10419 10418
f 10411 10412 10419
f 10412 10420 10419
f 10412 10405 10420
f 10405 10413 10420
f 10421 10422 10423
f 10421 10423 10424
f 10421 10424 10425
f 10421 10425 10426
f 10421 10426 10427
f 10421 10427 10428
f 10421 10428 10429
f 10421 10429 10430
f 10421 10430 10431
f 10421 10431 10432
f 10421 10432 10433
f 10421 10433 10434
f 10421 10434 10435
f 10421 10435 10436
f 10421 10436 10437
f 10421 10437 10438
f 10421 10438 10439
f 10421 10439 10440
f 10421 10440 10441
f 10421 10441 10442
f 10421 10442 10443
f 10421 10443 10444
f 10421 10444 10445
f 10421 10445 10446
f 10421 10446 10447
f 10421 10447 10448
f 10421 10448 10449
f 10421 10449 10450
f 10421 10450 10451
f 10421 10451 10452
f 10421 10452 10453
f 10421 10453 10454
f 10421 10454 10455
f 10421 10455 10456
f 10421 10456 10457
f 10421 10457 10458
f 10421 10458 10459
f 10421 10459 10460
f 10421 10460 10461
f 10421 10461 10462
f 10421 10462 10463
f 10421 10463 10464
f 10421 10464 10465
f 10421 10465 10466
f 10421 10466 10467
f 10421 10467 10468
f 10421 10468 10469
f 10421 10469 10422
f 10422 10470 10423
f 10423 10470 10471
f 10423 10471 10424
f 10424 10471 10472
f 10424 10472 10425
f 10425 10472 10473
f 10425 10473 10426
f 10426 10473 10474
f 10426 10474 10427
f 10427 10474 10475
f 10427 10475 10428
f 10428 10475 10476
f 10428 10476 10429
f 10429 10476 10477
f 10429 10477 10430
f 10430 10477 10478
f 10430 10478 10431
f 10431 10478 10479
f 10431 10479 10432
f 10432 10479 10480
f 10432 10480 10433
f 10433 10480 10481
f 10433 10481 10434
f 10434 10481 10482
f 10434 10482 10435
f 10435 10482 10483
f 10435 10483 10436
f 10436 10483 10484
f 10436 10484 10437
f 10437 10484 10485
f 10437 10485 10438
f 10438 10485 10486
f 10438 10486 10439
f 10439 10486 10487
f 10439 10487 10440
f 10440 10487 10488
f 10440 10488 10441
f 10441 10488 10489
f 10441 10489 10442
f 10442 10489 10490
f 10442 10490 10443
f 10443 10490 10491
f 10443 10491 10444
f 10444 10491 10492
f 10444 10492 10445
f 10445 10492 10493
f 10445 10493 10446
f 10446 10493 10494
f 10446 10494 10447
f 10447 10494 10495
f 10447 10495 10448
f 10448 10495 10496
f 10448 10496 10449
f 10449 10496 10497
f 10449 10497 10450
f 10450 10497 10498
f 10450 10498 10451
f 10451 10498 10499
f 10451 10499 10452
f 10452 10499 10500
f 10452 10500 10453
f 10453 10500 10501
f 10453 10501 10454
f 10454 10501 10502
f 10454 10502 10455
f 10455 10502 10503
f 10455 10503 10456
f 10456 10503 10504
f 10456 10504 10457
f 10457 10504 10505
f 10457 10505 10458
f 10458 10505 10506
f 10458 10506 10459
f 10459 10506 10507
f 10459 10507 10460
f 10460 10507 10508
f 10460 10508 10461
f 10461 10508 10509
f 10461 10509 10462
f 10462 10509 10510
f 10462 10510 10463
f 10463 10510 10511
f 10463 10511 10464
f 10464 10511 10512
f 10464 10512 10465
f 10465 10512 10513
f 10465 10513 10466
f 10466 10513 10514
f 10466 10514 10467
f 10467 10514 10515
f 10467 10515 10468
f 10468 10515 10516
f 10468 10516 10469
f 10469 10516 10517
f 10469 10517 10422
f 10422 10517 10470
f 10470 10518 10471
f 10471 10518 10519
f 10471 10519 10472
f 10472 10519 10520
f 10472 10520 10473
f 10473 10520 10521
f 10473 10521 10474
f 10474 10521 10522
f 10474 10522 10475
f 10475 10522 10523
f 10475 10523 10476
f 10476 10523 10524
f 10476 10524 10477
f 10477 10524 10525
f 10477 10525 10478
f 10478 10525 10526
f 10478 10526 10479
f 10479 10526 10527
f 10479 10527 10480
f 10480 10527 10528
f 10480 10528 10481
f 10481 10528 10529
f 10481 10529 10482
f 10482 10529 10530
f 10482 10530 10483
f 10483 10530 10531
f 10483 10531 10484
f 10484 10531 10532
f 10484 10532 10485
f 10485 10532 10533
f 10485 10533 10486
f 10486 10533 10534
f 10486 10534 10487
f 10487 10534 10535
f 10487 10535 10488
f 10488 10535 10536
f 10488 10536 10489
f 10489 10536 10537
f 10489 10537 10490
f 10490 10537 10538
f 10490 10538 10491
f 10491 10538 10539
f 10491 10539 10492
f 10492 10539 10540
f 10492 10540 10493
f 10493 10540 10541
f 10493 10541 10494
f 10494 10541 10542
f 10494 10542 10495
f 10495 10542 10543
f 10495 10543 10496
f 10496 10543 10544
f 10496 10544 10497
f 10497 10544 10545
f 10497 10545 10498
f 10498 10545 10546
f 10498 10546 10499
f 10499 10546 10547
f 10499 10547 10500
f 10500 10547 10548
f 10500 10548 10501
f 10501 10548 10549
f 10501 10549 10502
f 10502 10549 10550
f 10502 10550 10503
f 10503 10550 10551
f 10503 10551 10504
f 10504 10551 10552
f 10504 10552 10505
f 10505 10552 10553
f 10505 10553 10506
f 10506 10553 10554
f 10506 10554 10507
f 10507 10554 10555
f 10507 10555 10508
f 10508 10555 10556
f 10508 10556 10509
f 10509 10556 10557
f 10509 10557 10510
f 10510 10557 10558
f 10510 10558 10511
f 10511 10558 10559
f 10511 10559 10512
f 10512 10559 10560
f 10512 10560 10513
f 10513 10560 10561
f 10513 10561 10514
f 10514 10561 10562
f 10514 10562 10515
f 10515 10562 10563
f 10515 10563 10516
f 10516 10563 10564
f 10516 10564 10517
f 10517 10564 10565
f 10517 10565 10470
f 10470 10565 10518
f 10518 10566 10519
f 10519 10566 10567
f 10519 10567 10520
f 10520 10567 10568
f 10520 10568 10521
f 10521 10568 10569
f 10521 10569 10522
f 10522 10569 10570
f 10522 10570 10523
f 10523 10570 10571
f 10523 10571 10524
f 10524 10571 10572
f 10524 10572 10525
f 10525 10572 10573
f 10525 10573 10526
f 10526 10573 10574
f 10526 10574 10527
f 10527 10574 10575
f 10527 10575 10528
f 10528 10575 10576
f 10528 10576 10529
f 10529 10576 10577
f 10529 10577 10530
f 10530 10577 10578
f 10530 10578 10531
f 10531 10578 10579
f 10531 10579 10532
f 10532 10579 10580
f 10532 10580 10533
f 10533 10580 10581
f 10533 10581 10534
f 10534 10581 10582
f 10534 10582 10535
f 10535 10582 10583
f 10535 10583 10536
f 10536 10583 10584
f 10536 10584 10537
f 10537 10584 10585
f 10537 10585 10538
f 10538 10585 10586
f 10538 10586 10539
f 10539 10586 10587
f 10539 10587 10540
f 10540 10587 10588
f 10540 10588 10541
f 10541 10588 10589
f 10541 10589 10542
f 10542 10589 10590
f 10542 10590 10543
f 10543 10590 10591
f 10543 10591 10544
f 10544 10591 10592
f 10544 10592 10545
f 10545 10592 10593
f 10545 10593 10546
f 10546 10593 10594
f 10546 10594 10547
f 10547 10594 10595
f 10547 10595 10548
f 10548 10595 10596
f 10548 10596 10549
f 10549 10596 10597
f 10549 10597 10550
f 10550 10597 10598
f 10550 10598 10551
f 10551 10598 10599
f 10551 10599 10552
f 10552 10599 10600
f 10552 10600 10553
f 10553 10600 10601
f 10553 10601 10554
f 10554 10601 10602
f 10554 10602 10555
f 10555 10602 10603
f 10555 10603 10556
f 10556 10603 10604
f 10556 10604 10557
f 10557 10604 10605
f 10557 10605 10558
f 10558 10605 10606
f 10558 10606 10559
f 10559 10606 10607
f 10559 10607 10560
f 10560 10607 10608
f 10560 10608 10561
f 10561 10608 10609
f 10561 10609 10562
f 10562 10609 10610
f 10562 10610 10563
f 10563 10610 10611
f 10563 10611 10564
f 10564 10611 10612
f 10564 10612 10565
f 10565 10612 10613
f 10565 10613 10518
f 10518 10613 10566
f 10566 10614 10567
f 10567 10614 10615
f 10567 10615 10568
f 10568 10615 10616
f 10568 10616 10569
f 10569 10616 10617
f 10569 10617 10570
f 10570 10617 10618
f 10570 10618 10571
f 10571 10618 10619
f 10571 10619 10572
f 10572 10619 10620
f 10572 10620 10573
f 10573 10620 10621
f 10573 10621 10574
f 10574 10621 10622
f 10574 10622 10575
f 10575 10622 10623
f 10575 10623 10576
f 10576 10623 10624
f 10576 10624 10577
f 10577 10624 10625
f 10577 10625 10578
f 10578 10625 10626
f 10578 10626 10579
f 10579 10626 10627
f 10579 10627 10580
f 10580 10627 10628
f 10580 10628 10581
f 10581 10628 10629
f 10581 10629 10582
f 10582 10629 10630
f 10582 10630 10583
f 10583 10630 10631
f 10583 10631 10584
f 10584 10631 10632
f 10584 10632 10585
f 10585 10632 10633
f 10585 10633 10586
f 10586 10633 10634
f 10586 10634 10587
f 10587 10634 10635
f 10587 10635 10588
f 10588 10635 10636
f 10588 10636 10589
f 10589 10636 10637
f 10589 10637 10590
f 10590 10637 10638
f 10590 10638 10591
f 10591 10638 10639
f 10591 10639 10592
f 10592 10639 10640
f 10592 10640 10593
f 10593 10640 10641
f 10593 10641 10594
f 10594 10641 10642
f 10594 10642 10595
f 10595 10642 10643
f 10595 10643 10596
f 10596 10643 10644
f 10596 10644 10597
f 10597 10644 10645
f 10597 10645 10598
f 10598 10645 10646
f 10598 10646 10599
f 10599 10646 10647
f 10599 10647 10600
f 10600 10647 10648
f 10600 10648 10601
f 10601 10648 10649
f 10601 10649 10602
f 10602 10649 10650
f 10602 10650 10603
f 10603 10650 10651
f 10603 10651 10604
f 10604 10651 10652
f 10604 10652 10605
f 10605 10652 10653
f 10605 10653 10606
f 10606 10653 10654
f 10606 10654 10607
f 10607 10654 10655
f 10607 10655 10608
f 10608 10655 10656
f 10608 10656 10609
f 10609 10656 10657
f 10609 10657 10610
f 10610 10657 10658
f 10610 10658 10611
f 10611 10658 10659
f 10611 10659 10612
f 10612 10659 10660
f 10612 10660 10613
f 10613 10660 10661
f 10613 10661 10566
f 10566 10661 10614
f 10614 10662 10615
f 10615 10662 10663
f 10615 10663 10616
f 10616 10663 10664
f 10616 10664 10617
f 10617 10664 10665
f 10617 10665 10618
f 10618 10665 10666
f 10618 10666 10619
f 10619 10666 10667
f 10619 10667 10620
f 10620 10667 10668
f 10620 10668 10621
f 10621 10668 10669
f 10621 10669 10622
f 10622 10669 10670
f 10622 10670 10623
f 10623 10670 10671
f 10623 10671 10624
f 10624 10671 10672
f 10624 10672 10625
f 10625 10672 10673
f 10625 10673 10626
f 10626 10673 10674
f 10626 10674 10627
f 10627 10674 10675
f 10627 10675 10628
f 10628 10675 10676
f 10628 10676 10629
f 10629 10676 10677
f 10629 10677 10630
f 10630 10677 10678
f 10630 10678 10631
f 10631 10678 10679
f 10631 10679 10632
f 10632 10679 10680
f 10632 10680 10633
f 10633 10680 10681
f 10633 10681 10634
f 10634 10681 10682
f 10634 10682 10635
f 10635 10682 10683
f 10635 10683 10636
f 10636 10683 10684
f 10636 10684 10637
f 10637 10684 10685
f 10637 10685 10638
f 10638 10685 10686
f 10638 10686 10639
f 10639 10686 10687
f 10639 10687 10640
f 10640 10687 10688
f 10640 10688 10641
f 10641 10688 10689
f 10641 10689 10642
f 10642 10689 10690
f 10642 10690 10643
f 10643 10690 10691
f 10643 10691 10644
f 10644 10691 10692
f 10644 10692 10645
f 10645 10692 10693
f 10645 10693 10646
f 10646 10693 10694
f 10646 10694 10647
f 10647 10694 10695
f 10647 10695 10648
f 10648 10695 10696
f 10648 10696 10649
f 10649 10696 10697
f 10649 10697 10650
f 10650 10697 10698
f 10650 10698 10651
f 10651 10698 10699
f 10651 10699 10652
f 10652 10699 10700
f 10652 10700 10653
f 10653 10700 10701
f 10653 10701 10654
f 10654 10701 10702
f 10654 10702 10655
f 10655 10702 10703
f 10655 10703 10656
f 10656 10703 10704
f 10656 10704 10657
f 10657 10704 10705
f 10657 10705 10658
f 10658 10705 10706
f 10658 10706 10659
f 10659 10706 10707
f 10659 10707 10660
f 10660 10707 10708
f 10660 10708 10661
f 10661 10708 10709
f 10661 10709 10614
f 10614 10709 10662
f 10662 10710 10663
f 10663 10710 10711
f 10663 10711 10664
f 10664 10711 10712
f 10664 10712 10665
f 10665 10712 10713
f 10665 10713 10666
f 10666 10713 10714
f 10666 10714 10667
f 10667 10714 10715
f 10667 10715 10668
f 10668 10715 10716
f 10668 10716 10669
f 10669 10716 10717
f 10669 10717 10670
f 10670 10717 10718
f 10670 10718 10671
f 10671 10718 10719
f 10671 10719 10672
f 10672 10719 10720
f 10672 10720 10673
f 10673 10720 10721
f 10673 10721 10674
f 10674 10721 10722
f 10674 10722 10675
f 10675 10722 10723
f 10675 10723 10676
f 10676 10723 10724
f 10676 10724 10677
f 10677 10724 10725
f 10677 10725 10678
f 10678 10725 10726
f 10678 10726 10679
f 10679 10726 10727
f 10679 10727 10680
f 10680 10727 10728
f 10680 10728 10681
f 10681 10728 10729
f 10681 10729 10682
f 10682 10729 10730
f 10682 10730 10683
f 10683 10730 10731
f 10683 10731 10684
f 10684 10731 10732
f 10684 10732 10685
f 10685 10732 10733
f 10685 10733 10686
f 10686 10733 10734
f 10686 10734 10687
f 10687 10734 10735
f 10687 10735 10688
f 10688 10735 10736
f 10688 10736 10689
f 10689 10736 10737
f 10689 10737 10690
f 10690 10737 10738
f 10690 10738 10691
f 10691 10738 10739
f 10691 10739 10692
f 10692 10739 10740
f 10692 10740 10693
f 10693 10740 10741
f 10693 10741 10694
f 10694 10741 10742
f 10694 10742 10695
f 10695 10742 10743
f 10695 10743 10696
f 10696 10743 10744
f 10696 10744 10697
f 10697 10744 10745
f 10697 10745 10698
f 10698 10745 10746
f 10698 10746 10699
f 10699 10746 10747
f 10699 10747 10700
f 10700 10747 10748
f 10700 10748 10701
f 10701 10748 10749
f 10701 10749 10702
f 10702 10749 10750
f 10702 10750 10703
f 10703 10750 10751
f 10703 10751 10704
f 10704 10751 10752
f 10704 10752 10705
f 10705 10752 10753
f 10705 10753 10706
f 10706 10753 10754
f 10706 10754 10707
f 10707 10754 10755
f 10707 10755 10708
f 10708 10755 10756
f 10708 10756 10709
f 10709 10756 10757
f 10709 10757 10662
f 10662 10757 10710
f 10710 10758 10711
f 10711 10758 10759
f 10711 10759 10712
f 10712 10759 10760
f 10712 10760 10713
f 10713 10760 10761
f 10713 10761 10714
f 10714 10761 10762
f 10714 10762 10715
f 10715 10762 10763
f 10715 10763 10716
f 10716 10763 10764
f 10716 10764 10717
f 10717 10764 10765
f 10717 10765 10718
f 10718 10765 10766
f 10718 10766 10719
f 10719 10766 10767
f 10719 10767 10720
f 10720 10767 10768
f 10720 10768 10721
f 10721 10768 10769
f 10721 10769 10722
f 10722 10769 10770
f 10722 10770 10723
f 10723 10770 10771
f 10723 10771 10724
f 10724 10771 10772
f 10724 10772 10725
f 10725 10772 10773
f 10725 10773 10726
f 10726 10773 10774
f 10726 10774 10727
f 10727 10774 10775
f 10727 10775 10728
f 10728 10775 10776
f 10728 10776 10729
f 10729 10776 10777
f 10729 10777 10730
f 10730 10777 10778
f 10730 10778 10731
f 10731 10778 10779
f 10731 10779 10732
f 10732 10779 10780
f 10732 10780 10733
f 10733 10780 10781
f 10733 10781 10734
f 10734 10781 10782
f 10734 10782 10735
f 10735 10782 10783
f 10735 10783 10736
f 10736 10783 10784
f 10736 10784 10737
f 10737 10784 10785
f 10737 10785 10738
f 10738 10785 10786
f 10738 10786 10739
f 10739 10786 10787
f 10739 10787 10740
f 10740 10787 10788
f 10740 10788 10741
f 10741 10788 10789
f 10741 10789 10742
f 10742 10789 10790
f 10742 10790 10743
f 10743 10790 10791
f 10743 10791 10744
f 10744 10791 10792
f 10744 10792 10745
f 10745 10792 10793
f 10745 10793 10746
f 10746 10793 10794
f 10746 10794 10747
f 10747 10794 10795
f 10747 10795 10748
f 10748 10795 10796
f 10748 10796 10749
f 10749 10796 10797
f 10749 10797 10750
f 10750 10797 10798
f 10750 10798 10751
f 10751 10798 10799
f 10751 10799 10752
f 10752 10799 10800
f 10752 10800 10753
f 10753 10800 10801
f 10753 10801 10754
f 10754 10801 10802
f 10754 10802 10755
f 10755 10802 10803
f 10755 10803 10756
f 10756 10803 10804
f 10756 10804 10757
f 10757 10804 10805
f 10757 10805 10710
f 10710 10805 10758
f 10758 10806 10759
f 10759 10806 10807
f 10759 10807 10760
f 10760 10807 10808
f 10760 10808 10761
f 10761 10808 10809
f 10761 10809 10762
f 10762 10809 10810
f 10762 10810 10763
f 10763 10810 10811
f 10763 10811 10764
f 10764 10811 10812
f 10764 10812 10765
f 10765 10812 10813
f 10765 10813 10766
f 10766 10813 10814
f 10766 10814 10767
f 10767 10814 10815
f 10767 10815 10768
f 10768 10815 10816
f 10768 10816 10769
f 10769 10816 10817
f 10769 10817 10770
f 10770 10817 10818
f 10770 10818 10771
f 10771 10818 10819
f 10771 10819 10772
f 10772 10819 10820
f 10772 10820 10773
f 10773 10820 10821
f 10773 10821 10774
f 10774 10821 10822
f 10774 10822 10775
f 10775 10822 10823
f 10775 10823 10776
f 10776 10823 10824
f 10776 10824 10777
f 10777 10824 10825
f 10777 10825 10778
f 10778 10825 10826
f 10778 10826 10779
f 10779 10826 10827
f 10779 10827 10780
f 10780 10827 10828
f 10780 10828 10781
f 10781 10828 10829
f 10781 10829 10782
f 10782 10829 10830
f 10782 10830 10783
f 10783 10830 10831
f 10783 10831 10784
f 10784 10831 10832
f 10784 10832 10785
f 10785 10832 10833
f 10785 10833 10786
f 10786 10833 10834
f 10786 10834 10787
f 10787 10834 10835
f 10787 10835 10788
f 10788 10835 10836
f 10788 10836 10789
f 10789 10836 10837
f 10789 10837 10790
f 10790 10837 10838
f 10790 10838 10791
f 10791 10838 10839
f 10791 10839 10792
f 10792 10839 10840
f 10792 10840 10793
f 10793 10840 10841
f 10793 10841 10794
f 10794 10841 10842
f 10794 10842 10795
f 10795 10842 10843
f 10795 10843 10796
f 10796 10843 10844
f 10796 10844 10797
f 10797 10844 10845
f 10797 10845 10798
f 10798 10845 10846
f 10798 10846 10799
f 10799 10846 10847
f 10799 10847 10800
f 10800 10847 10848
f 10800 10848 10801
f 10801 10848 10849
f 10801 10849 10802
f 10802 10849 10850
f 10802 10850 10803
f 10803 10850 10851
f 10803 10851 10804
f 10804 10851 10852
f 10804 10852 10805
f 10805 10852 10853
f 10805 10853 10758
f 10758 10853 10806
f 10806 10854 10807
f 10807 10854 10855
f 10807 10855 10808
f 10808 10855 10856
f 10808 10856 10809
f 10809 10856 10857
f 10809 10857 10810
f 10810 10857 10858
f 10810 10858 10811
f 10811 10858 10859
f 10811 10859 10812
f 10812 10859 10860
f 10812 10860 10813
f 10813 10860 10861
f 10813 10861 10814
f 10814 10861 10862
f 10814 10862 10815
f 10815 10862 10863
f 10815 10863 10816
f 10816 10863 10864
f 10816 10864 10817
f 10817 10864 10865
f 10817 10865 10818
f 10818 10865 10866
f 10818 10866 10819
f 10819 10866 10867
f 10819 10867 10820
f 10820 10867 10868
f 10820 10868 10821
f 10821 10868 10869
f 10821 10869 10822
f 10822 10869 10870
f 10822 10870 10823
f 10823 10870 10871
f 10823 10871 10824
f 10824 10871 10872
f 10824 10872 10825
f 10825 10872 10873
f 10825 10873 10826
f 10826 10873 10874
f 10826 10874 10827
f 10827 10874 10875
f 10827 10875 10828
f 10828 10875 10876
f 10828 10876 10829
f 10829 10876 10877
f 10829 10877 10830
f 10830 10877 10878
f 10830 10878 10831
f 10831 10878 10879
f 10831 10879 10832
f 10832 10879 10880
f 10832 10880 10833
f 10833 10880 10881
f 10833 10881 10834
f 10834 10881 10882
f 10834 10882 10835
f 10835 10882 10883
f 10835 10883 10836
f 10836 10883 10884
f 10836 10884 10837
f 10837 10884 10885
f 10837 10885 10838
f 10838 10885 10886
f 10838 10886 10839
f 10839 10886 10887
f 10839 10887 10840
f 10840 10887 10888
f 10840 10888 10841
f 10841 10888 10889
f 10841 10889 10842
f 10842 10889 10890
f 10842 10890 10843
f 10843 10890 10891
f 10843 10891 10844
f 10844 10891 10892
f 10844 10892 10845
f 10845 10892 10893
f 10845 10893 10846
f 10846 10893 10894
f 10846 10894 10847
f 10847 10894 10895
f 10847 10895 10848
f 10848 10895 10896
f 10848 10896 10849
f 10849 10896 10897
f 10849 10897 10850
f 10850 10897 10898
f 10850 10898 10851
f 10851 10898 10899
f 10851 10899 10852
f 10852 10899 10900
f 10852 10900 10853
f 10853 10900 10901
f 10853 10901 10806
f 10806 10901 10854
f 10854 10902 10855
f 10855 10902 10903
f 10855 10903 10856
f 10856 10903 10904
f 10856 10904 10857
f 10857 10904 10905
f 10857 10905 10858
f 10858 10905 10906
f 10858 10906 10859
f 10859 10906 10907
f 10859 10907 10860
f 10860 10907 10908
f 10860 10908 10861
f 10861 10908 10909
f 10861 10909 10862
f 10862 10909 10910
f 10862 10910 10863
f 10863 10910 10911
f 10863 10911 10864
f 10864 10911 10912
f 10864 10912 10865
f 10865 10912 10913
f 10865 10913 10866
f 10866 10913 10914
f 10866 10914 10867
f 10867 10914 10915
f 10867 10915 10868
f 10868 10915 10916
f 10868 10916 10869
f 10869 10916 10917
f 10869 10917 10870
f 10870 10917 10918
f 10870 10918 10871
f 10871 10918 10919
f 10871 10919 10872
f 10872 10919 10920
f 10872 10920 10873
f 10873 10920 10921
f 10873 10921 10874
f 10874 10921 10922
f 10874 10922 10875
f 10875 10922 10923
f 10875 10923 10876
f 10876 10923 10924
f 10876 10924 10877
f 10877 10924 10925
f 10877 10925 10878
f 10878 10925 10926
f 10878 10926 10879
f 10879 10926 10927
f 10879 10927 10880
f 10880 10927 10928
f 10880 10928 10881
f 10881 10928 10929
f 10881 10929 10882
f 10882 10929 10930
f 10882 10930 10883
f 10883 10930 10931
f 10883 10931 10884
f 10884 10931 10932
f 10884 10932 10885
f 10885 10932 10933
f 10885 10933 10886
f 10886 10933 10934
f 10886 10934 10887
f 10887 10934 10935
f 10887 10935 10888
f 10888 10935 10936
f 10888 10936 10889
f 10889 10936 10937
f 10889 10937 10890
f 10890 10937 10938
f 10890 10938 10891
f 10891 10938 10939
f 10891 10939 10892
f 10892 10939 10940
f 10892 10940 10893
f 10893 10940 10941
f 10893 10941 10894
f 10894 10941 10942
f 10894 10942 10895
f 10895 10942 10943
f 10895 10943 10896
f 10896 10943 10944
f 10896 10944 10897
f 10897 10944 10945
f 10897 10945 10898
f 10898 10945 10946
f 10898 10946 10899
f 10899 10946 10947
f 10899 10947 10900
f 10900 10947 10948
f 10900 10948 10901
f 10901 10948 10949
f 10901 10949 10854
f 10854 10949 10902
f 10902 10950 10903
f 10903 10950 10951
f 10903 10951 10904
f 10904 10951 10952
f 10904 10952 10905
f 10905 10952 10953
f 10905 10953 10906
f 10906 10953 10954
f 10906 10954 10907
f 10907 10954 10955
f 10907 10955 10908
f 10908 10955 10956
f 10908 10956 10909
f 10909 10956 10957
f 10909 10957 10910
f 10910 10957 10958
f 10910 10958 10911
f 10911 10958 10959
f 10911 10959 10912
f 10912 10959 10960
f 10912 10960 10913
f 10913 10960 10961
f 10913 10961 10914
f 10914 10961 10962
f 10914 10962 10915
f 10915 10962 10963
f 10915 10963 10916
f 10916 10963 10964
f 10916 10964 10917
f 10917 10964 10965
f 10917 10965 10918
f 10918 10965 10966
f 10918 10966 10919
f 10919 10966 10967
f 10919 10967 10920
f 10920 10967 10968
f 10920 10968 10921
f 10921 10968 10969
f 10921 10969 10922
f 10922 10969 10970
f 10922 10970 10923
f 10923 10970 10971
f 10923 10971 10924
f 10924 10971 10972
f 10924 10972 10925
f 10925 10972 10973
f 10925 10973 10926
f 10926 10973 10974
f 10926 10974 10927
f 10927 10974 10975
f 10927 10975 10928
f 10928 10975 10976
f 10928 10976 10929
f 10929 10976 10977
f 10929 10977 10930
f 10930 10977 10978
f 10930 10978 10931
f 10931 10978 10979
f 10931 10979 10932
f 10932 10979 10980
f 10932 10980 10933
f 10933 10980 10981
f 10933 10981 10934
f 10934 10981 10982
f 10934 10982 10935
f 10935 10982 10983
f 10935 10983 10936
f 10936 10983 10984
f 10936 10984 10937
f 10937 10984 10985
f 10937 10985 10938
f 10938 10985 10986
f 10938 10986 10939
f 10939 10986 10987
f 10939 10987 10940
f 10940 10987 10988
f 10940 10988 10941
f 10941 10988 10989
f 10941 10989 10942
f 10942 10989 10990
f 10942 10990 10943
f 10943 10990 10991
f 10943 10991 10944
f 10944 10991 10992
f 10944 10992 10945
f 10945 10992 10993
f 10945 10993 10946
f 10946 10993 10994
f 10946 10994 10947
f 10947 10994 10995
f 10947 10995 10948
f 10948 10995 10996
f 10948 10996 10949
f 10949 10996 10997
f 10949 10997 10902
f 10902 10997 10950
f 10950 10998 10951
f 10951 10998 10999
f 10951 10999 10952
f 10952 10999 11000
f 10952 11000 10953
f 10953 11000 11001
f 10953 11001 10954
f 10954 11001 11002
f 10954 11002 10955
f 10955 11002 11003
f 10955 11003 10956
f 10956 11003 11004
f 10956 11004 10957
f 10957 11004 11005
f 10957 11005 10958
f 10958 11005 11006
f 10958 11006 10959
f 10959 11006 11007
f 10959 11007 10960
f 10960 11007 11008
f 10960 11008 10961
f 10961 11008 11009
f 10961 11009 10962
f 10962 11009 11010
f 10962 11010 10963
f 10963 11010 11011
f 10963 11011 10964
f 10964 11011 11012
f 10964 11012 10965
f 10965 11012 11013
f 10965 11013 10966
f 10966 11013 11014
f 10966 11014 10967
f 10967 11014 11015
f 10967 11015 10968
f 10968 11015 11016
f 10968 11016 10969
f 10969 11016 11017
f 10969 11017 10970
f 10970 11017 11018
f 10970 11018 10971
f 10971 11018 11019
f 10971 11019 10972
f 10972 11019 11020
f 10972 11020 10973
f 10973 11020 11021
f 10973 11021 10974
f 10974 11021 11022
f 10974 11022 10975
f 10975 11022 11023
f 10975 11023 10976
f 10976 11023 11024
f 10976 11024 10977
f 10977 11024 11025
f 10977 11025 10978
f 10978 11025 11026
f 10978 11026 10979
f 10979 11026 11027
f 10979 11027 10980
f 10980 11027 11028
f 10980 11028 10981
f 10981 11028 11029
f 10981 11029 10982
f 10982 11029 11030
f 10982 11030 10983
f 10983 11030 11031
f 10983 11031 10984
f 10984 11031 11032
f 10984 11032 10985
f 10985 11032 11033
f 10985 11033 10986
f 10986 11033 11034
f 10986 11034 10987
f 10987 11034 11035
f 10987 11035 10988
f 10988 11035 11036
f 10988 11036 10989
f 10989 11036 11037
f 10989 11037 10990
f 10990 11037 11038
f 10990 11038 10991
f 10991 11038 11039
f 10991 11039 10992
f 10992 11039 11040
f 10992 11040 10993
f 10993 11040 11041
f 10993 11041 10994
f 10994 11041 11042
f 10994 11042 10995
f 10995 11042 11043
f 10995 11043 10996
f 10996 11043 11044
f 10996 11044 10997
f 10997 11044 11045
f 10997 11045 10950
f 10950 11045 10998
f 10998 11046 10999
f 10999 11046 11047
f 10999 11047 11000
f 11000 11047 11048
f 11000 11048 11001
f 11001 11048 11049
f 11001 11049 11002
f 11002 11049 11050
f 11002 11050 11003
f 11003 11050 11051
f 11003 11051 11004
f 11004 11051 11052
f 11004 11052 11005
f 11005 11052 11053
f 11005 11053 11006
f 11006 11053 11054
f 11006 11054 11007
f 11007 11054 11055
f 11007 11055 11008
f 11008 11055 11056
f 11008 11056 11009
f 11009 11056 11057
f 11009 11057 11010
f 11010 11057 11058
f 11010 11058 11011
f 11011 11058 11059
f 11011 11059 11012
f 11012 11059 11060
f 11012 11060 11013
f 11013 11060 11061
f 11013 11061 11014
f 11014 11061 11062
f 11014 11062 11015
f 11015 11062 11063
f 11015 11063 11016
f 11016 11063 11064
f 11016 11064 11017
f 11017 11064 11065
f 11017 11065 11018
f 11018 11065 11066
f 11018 11066 11019
f 11019 11066 11067
f 11019 11067 11020
f 11020 11067 11068
f 11020 11068 11021
f 11021 11068 11069
f 11021 11069 11022
f 11022 11069 11070
f 11022 11070 11023
f 11023 11070 11071
f 11023 11071 11024
f 11024 11071 11072
f 11024 11072 11025
f 11025 11072 11073
f 11025 11073 11026
f 11026 11073 11074
f 11026 11074 11027
f 11027 11074 11075
f 11027 11075 11028
f 11028 11075 11076
f 11028 11076 11029
f 11029 11076 11077
f 11029 11077 11030
f 11030 11077 11078
f 11030 11078 11031
f 11031 11078 11079
f 11031 11079 11032
f 11032 11079 11080
f 11032 11080 11033
f 11033 11080 11081
f 11033 11081 11034
f 11034 11081 11082
f 11034 11082 11035
f 11035 11082 11083
f 11035 11083 11036
f 11036 11083 11084
f 11036 11084 11037
f 11037 11084 11085
f 11037 11085 11038
f 11038 11085 11086
f 11038 11086 11039
f 11039 11086 11087
f 11039 11087 11040
f 11040 11087 11088
f 11040 11088 11041
f 11041 11088 11089
f 11041 11089 11042
f 11042 11089 11090
f 11042 11090 11043
f 11043 11090 11091
f 11043 11091 11044
f 11044 11091 11092
f 11044 11092 11045
f 11045 11092 11093
f 11045 11093 10998
f 10998 11093 11046
f 11046 11094 11047
f 11047 11094 11095
f 11047 11095 11048
f 11048 11095 11096
f 11048 11096 11049
f 11049 11096 11097
f 11049 11097 11050
f 11050 11097 11098
f 11050 11098 11051
f 11051 11098 11099
f 11051 11099 11052
f 11052 11099 11100
f 11052 11100 11053
f 11053 11100 11101
f 11053 11101 11054
f 11054 11101 11102
f 11054 11102 11055
f 11055 11102 11103
f 11055 11103 11056
f 11056 11103 11104
f 11056 11104 11057
f 11057 11104 11105
f 11057 11105 11058
f 11058 11105 11106
f 11058 11106 11059
f 11059 11106 11107
f 11059 11107 11060
f 11060 11107 11108
f 11060 11108 11061
f 11061 11108 11109
f 11061 11109 11062
f 11062 11109 11110
f 11062 11110 11063
f 11063 11110 11111
f 11063 11111 11064
f 11064 11111 11112
f 11064 11112 11065
f 11065 11112 11113
f 11065 11113 11066
f 11066 11113 11114
f 11066 11114 11067
f 11067 11114 11115
f 11067 11115 11068
f 11068 11115 11116
f 11068 11116 11069
f 11069 11116 11117
f 11069 11117 11070
f 11070 11117 11118
f 11070 11118 11071
f 11071 11118 11119
f 11071 11119 11072
f 11072 11119 11120
f 11072 11120 11073
f 11073 11120 11121
f 11073 11121 11074
f 11074 11121 11122
f 11074 11122 11075
f 11075 11122 11123
f 11075 11123 11076
f 11076 11123 11124
f 11076 11124 11077
f 11077 11124 11125
f 11077 11125 11078
f 11078 11125 11126
f 11078 11126 11079
f 11079 11126 11127
f 11079 11127 11080
f 11080 11127 11128
f 11080 11128 11081
f 11081 11128 11129
f 11081 11129 11082
f 11082 11129 11130
f 11082 11130 11083
f 11083 11130 11131
f 11083 11131 11084
f 11084 11131 11132
f 11084 11132 11085
f 11085 11132 11133
f 11085 11133 11086
f 11086 11133 11134
f 11086 11134 11087
f 11087 11134 11135
f 11087 11135 11088
f 11088 11135 11136
f 11088 11136 11089
f 11089 11136 11137
f 11089 11137 11090
f 11090 11137 11138
f 11090 11138 11091
f 11091 11138 11139
f 11091 11139 11092
f 11092 11139 11140
f 11092 11140 11093
f 11093 11140 11141
f 11093 11141 11046
f 11046 11141 11094
f 11094 11142 11095
f 11095 11142 11143
f 11095 11143 11096
f 11096 11143 11144
f 11096 11144 11097
f 11097 11144 11145
f 11097 11145 11098
f 11098 11145 11146
f 11098 11146 11099
f 11099 11146 11147
f 11099 11147 11100
f 11100 11147 11148
f 11100 11148 11101
f 11101 11148 11149
f 11101 11149 11102
f 11102 11149 11150
f 11102 11150 11103
f 11103 11150 11151
f 11103 11151 11104
f 11104 11151 11152
f 11104 11152 11105
f 11105 11152 11153
f 11105 11153 11106
f 11106 11153 11154
f 11106 11154 11107
f 11107 11154 11155
f 11107 11155 11108
f 11108 11155 11156
f 11108 11156 11109
f 11109 11156 11157
f 11109 11157 11110
f 11110 11157 11158
f 11110 11158 11111
f 11111 11158 11159
f 11111 11159 11112
f 11112 11159 11160
f 11112 11160 11113
f 11113 11160 11161
f 11113 11161 11114
f 11114 11161 11162
f 11114 11162 11115
f 11115 11162 11163
f 11115 11163 11116
f 11116 11163 11164
f 11116 11164 11117
f 11117 11164 11165
f 11117 11165 11118
f 11118 11165 11166
f 11118 11166 11119
f 11119 11166 11167
f 11119 11167 11120
f 11120 11167 11168
f 11120 11168 11121
f 11121 11168 11169
f 11121 11169 11122
f 11122 11169 11170
f 11122 11170 11123
f 11123 11170 11171
f 11123 11171 11124
f 11124 11171 11172
f 11124 11172 11125
f 11125 11172 11173
f 11125 11173 11126
f 11126 11173 11174
f 11126 11174 11127
f 11127 11174 11175
f 11127 11175 11128
f 11128 11175 11176
f 11128 11176 11129
f 11129 11176 11177
f 11129 11177 11130
f 11130 11177 11178
f 11130 11178 11131
f 11131 11178 11179
f 11131 11179 11132
f 11132 11179 11180
f 11132 11180 11133
f 11133 11180 11181
f 11133 11181 11134
f 11134 11181 11182
f 11134 11182 11135
f 11135 11182 11183
f 11135 11183 11136
f 11136 11183 11184
f 11136 11184 11137
f 11137 11184 11185
f 11137 11185 11138
f 11138 11185 11186
f 11138 11186 11139
f 11139 11186 11187
f 11139 11187 11140
f 11140 11187 11188
f 11140 11188 11141
f 11141 11188 11189
f 11141 11189 11094
f 11094 11189 11142
f 11142 11190 11143
f 11143 11190 11191
f 11143 11191 11144
f 11144 11191 11192
f 11144 11192 11145
f 11145 11192 11193
f 11145 11193 11146
f 11146 11193 11194
f 11146 11194 11147
f 11147 11194 11195
f 11147 11195 11148
f 11148 11195 11196
f 11148 11196 11149
f 11149 11196 11197
f 11149 11197 11150
f 11150 11197 11198
f 11150 11198 11151
f 11151 11198 11199
f 11151 11199 11152
f 11152 11199 11200
f 11152 11200 11153
f 11153 11200 11201
f 11153 11201 11154
f 11154 11201 11202
f 11154 11202 11155
f 11155 11202 11203
f 11155 11203 11156
f 11156 11203 11204
f 11156 11204 11157
f 11157 11204 11205
f 11157 11205 11158
f 11158 11205 11206
f 11158 11206 11159
f 11159 11206 11207
f 11159 11207 11160
f 11160 11207 11208
f 11160 11208 11161
f 11161 11208 11209
f 11161 11209 11162
f 11162 11209 11210
f 11162 11210 11163
f 11163 11210 11211
f 11163 11211 11164
f 11164 11211 11212
f 11164 11212 11165
f 11165 11212 11213
f 11165 11213 11166
f 11166 11213 11214
f 11166 11214 11167
f 11167 11214 11215
f 11167 11215 11168
f 11168 11215 11216
f 11168 11216 11169
f 11169 11216 11217
f 11169 11217 11170
f 11170 11217 11218
f 11170 11218 11171
f 11171 11218 11219
f 11171 11219 11172
f 11172 11219 11220
f 11172 11220 11173
f 11173 11220 11221
f 11173 11221 11174
f 11174 11221 11222
f 11174 11222 11175
f 11175 11222 11223
f 11175 11223 11176
f 11176 11223 11224
f 11176 11224 11177
f 11177 11224 11225
f 11177 11225 11178
f 11178 11225 11226
f 11178 11226 11179
f 11179 11226 11227
f 11179 11227 11180
f 11180 11227 11228
f 11180 11228 11181
f 11181 11228 11229
f 11181 11229 11182
f 11182 11229 11230
f 11182 11230 11183
f 11183 11230 11231
f 11183 11231 11184
f 11184 11231 11232
f 11184 11232 11185
f 11185 11232 11233
f 11185 11233 11186
f 11186 11233 11234
f 11186 11234 11187
f 11187 11234 11235
f 11187 11235 11188
f 11188 11235 11236
f 11188 11236 11189
f 11189 11236 11237
f 11189 11237 11142
f 11142 11237 11190
f 11190 11238 11191
f 11191 11238 11239
f 11191 11239 11192
f 11192 11239 11240
f 11192 11240 11193
f 11193 11240 11241
f 11193 11241 11194
f 11194 11241 11242
f 11194 11242 11195
f 11195 11242 11243
f 11195 11243 11196
f 11196 11243 11244
f 11196 11244 11197
f 11197 11244 11245
f 11197 11245 11198
f 11198 11245 11246
f 11198 11246 11199
f 11199 11246 11247
f 11199 11247 11200
f 11200 11247 11248
f 11200 11248 11201
f 11201 11248 11249
f 11201 11249 11202
f 11202 11249 11250
f 11202 11250 11203
f 11203 11250 11251
f 11203 11251 11204
f 11204 11251 11252
f 11204 11252 11205
f 11205 11252 11253
f 11205 11253 11206
f 11206 11253 11254
f 11206 11254 11207
f 11207 11254 11255
f 11207 11255 11208
f 11208 11255 11256
f 11208 11256 11209
f 11209 11256 11257
f 11209 11257 11210
f 11210 11257 11258
f 11210 11258 11211
f 11211 11258 11259
f 11211 11259 11212
f 11212 11259 11260
f 11212 11260 11213
f 11213 11260 11261
f 11213 11261 11214
f 11214 11261 11262
f 11214 11262 11215
f 11215 11262 11263
f 11215 11263 11216
f 11216 11263 11264
f 11216 11264 11217
f 11217 11264 11265
f 11217 11265 11218
f 11218 11265 11266
f 11218 11266 11219
f 11219 11266 11267
f 11219 11267 11220
f 11220 11267 11268
f 11220 11268 11221
f 11221 11268 11269
f 11221 11269 11222
f 11222 11269 11270
f 11222 11270 11223
f 11223 11270 11271
f 11223 11271 11224
f 11224 11271 11272
f 11224 11272 11225
f 11225 11272 11273
f 11225 11273 11226
f 11226 11273 11274
f 11226 11274 11227
f 11227 11274 11275
f 11227 11275 11228
f 11228 11275 11276
f 11228 11276 11229
f 11229 11276 11277
f 11229 11277 11230
f 11230 11277 11278
f 11230 11278 11231
f 11231 11278 11279
f 11231 11279 11232
f 11232 11279 11280
f 11232 11280 11233
f 11233 11280 11281
f 11233 11281 11234
f 11234 11281 11282
f 11234 11282 11235
f 11235 11282 11283
f 11235 11283 11236
f 11236 11283 11284
f 11236 11284 11237
f 11237 11284 11285
f 11237 11285 11190
f 11190 11285 11238
f 11238 11286 11239
f 11239 11286 11287
f 11239 11287 11240
f 11240 11287 11288
f 11240 11288 11241
f 11241 11288 11289
f 11241 11289 11242
f 11242 11289 11290
f 11242 11290 11243
f 11243 11290 11291
f 11243 11291 11244
f 11244 11291 11292
f 11244 11292 11245
f 11245 11292 11293
f 11245 11293 11246
f 11246 11293 11294
f 11246 11294 11247
f 11247 11294 11295
f 11247 11295 11248
f 11248 11295 11296
f 11248 11296 11249
f 11249 11296 11297
f 11249 11297 11250
f 11250 11297 11298
f 11250 11298 11251
f 11251 11298 11299
f 11251 11299 11252
f 11252 11299 11300
f 11252 11300 11253
f 11253 11300 11301
f 11253 11301 11254
f 11254 11301 11302
f 11254 11302 11255
f 11255 11302 11303
f 11255 11303 11256
f 11256 11303 11304
f 11256 11304 11257
f 11257 11304 11305
f 11257 11305 11258
f 11258 11305 11306
f 11258 11306 11259
f 11259 11306 11307
f 11259 11307 11260
f 11260 11307 11308
f 11260 11308 11261
f 11261 11308 11309
f 11261 11309 11262
f 11262 11309 11310
f 11262 11310 11263
f 11263 11310 11311
f 11263 11311 11264
f 11264 11311 11312
f 11264 11312 11265
f 11265 11312 11313
f 11265 11313 11266
f 11266 11313 11314
f 11266 11314 11267
f 11267 11314 11315
f 11267 11315 11268
f 11268 11315 11316
f 11268 11316 11269
f 11269 11316 11317
f 11269 11317 11270
f 11270 11317 11318
f 11270 11318 11271
f 11271 11318 11319
f 11271 11319 11272
f 11272 11319 11320
f 11272 11320 11273
f 11273 11320 11321
f 11273 11321 11274
f 11274 11321 11322
f 11274 11322 11275
f 11275 11322 11323
f 11275 11323 11276
f 11276 11323 11324
f 11276 11324 11277
f 11277 11324 11325
f 11277 11325 11278
f 11278 11325 11326
f 11278 11326 11279
f 11279 11326 11327
f 11279 11327 11280
f 11280 11327 11328
f 11280 11328 11281
f 11281 11328 11329
f 11281 11329 11282
f 11282 11329 11330
f 11282 11330 11283
f 11283 11330 11331
f 11283 11331 11284
f 11284 11331 11332
f 11284 11332 11285
f 11285 11332 11333
f 11285 11333 11238
f 11238 11333 11286
f 11286 11334 11287
f 11287 11334 11335
f 11287 11335 11288
f 11288 11335 11336
f 11288 11336 11289
f 11289 11336 11337
f 11289 11337 11290
f 11290 11337 11338
f 11290 11338 11291
f 11291 11338 11339
f 11291 11339 11292
f 11292 11339 11340
f 11292 11340 11293
f 11293 11340 11341
f 11293 11341 11294
f 11294 11341 11342
f 11294 11342 11295
f 11295 11342 11343
f 11295 11343 11296
f 11296 11343 11344
f 11296 11344 11297
f 11297 11344 11345
f 11297 11345 11298
f 11298 11345 11346
f 11298 11346 11299
f 11299 11346 11347
f 11299 11347 11300
f 11300 11347 11348
f 11300 11348 11301
f 11301 11348 11349
f 11301 11349 11302
f 11302 11349 11350
f 11302 11350 11303
f 11303 11350 11351
f 11303 11351 11304
f 11304 11351 11352
f 11304 11352 11305
f 11305 11352 11353
f 11305 11353 11306
f 11306 11353 11354
f 11306 11354 11307
f 11307 11354 11355
f 11307 11355 11308
f 11308 11355 11356
f 11308 11356 11309
f 11309 11356 11357
f 11309 11357 11310
f 11310 11357 11358
f 11310 11358 11311
f 11311 11358 11359
f 11311 11359 11312
f 11312 11359 11360
f 11312 11360 11313
f 11313 11360 11361
f 11313 11361 11314
f 11314 11361 11362
f 11314 11362 11315
f 11315 11362 11363
f 11315 11363 11316
f 11316 11363 11364
f 11316 11364 11317
f 11317 11364 11365
f 11317 11365 11318
f 11318 11365 11366
f 11318 11366 11319
f 11319 11366 11367
f 11319 11367 11320
f 11320 11367 11368
f 11320 11368 11321
f 11321 11368 11369
f 11321 11369 11322
f 11322 11369 11370
f 11322 11370 11323
f 11323 11370 11371
f 11323 11371 11324
f 11324 11371 11372
f 11324 11372 11325
f 11325 11372 11373
f 11325 11373 11326
f 11326 11373 11374
f 11326 11374 11327
f 11327 11374 11375
f 11327 11375 11328
f 11328 11375 11376
f 11328 11376 11329
f 11329 11376 11377
f 11329 11377 11330
f 11330 11377 11378
f 11330 11378 11331
f 11331 11378 11379
f 11331 11379 11332
f 11332 11379 11380
f 11332 11380 11333
f 11333 11380 11381
f 11333 11381 11286
f 11286 11381 11334
f 11334 11382 11335
f 11335 11382 11383
f 11335 11383 11336
f 11336 11383 11384
f 11336 11384 11337
f 11337 11384 11385
f 11337 11385 11338
f 11338 11385 11386
f 11338 11386 11339
f 11339 11386 11387
f 11339 11387 11340
f 11340 11387 11388
f 11340 11388 11341
f 11341 11388 11389
f 11341 11389 11342
f 11342 11389 11390
f 11342 11390 11343
f 11343 11390 11391
f 11343 11391 11344
f 11344 11391 11392
f 11344 11392 11345
f 11345 11392 11393
f 11345 11393 11346
f 11346 11393 11394
f 11346 11394 11347
f 11347 11394 11395
f 11347 11395 11348
f 11348 11395 11396
f 11348 11396 11349
f 11349 11396 11397
f 11349 11397 11350
f 11350 11397 11398
f 11350 11398 11351
f 11351 11398 11399
f 11351 11399 11352
f 11352 11399 11400
f 11352 11400 11353
f 11353 11400 11401
f 11353 11401 11354
f 11354 11401 11402
f 11354 11402 11355
f 11355 11402 11403
f 11355 11403 11356
f 11356 11403 11404
f 11356 11404 11357
f 11357 11404 11405
f 11357 11405 11358
f 11358 11405 11406
f 11358 11406 11359
f 11359 11406 11407
f 11359 11407 11360
f 11360 11407 11408
f 11360 11408 11361
f 11361 11408 11409
f 11361 11409 11362
f 11362 11409 11410
f 11362 11410 11363
f 11363 11410 11411
f 11363 11411 11364
f 11364 11411 11412
f 11364 11412 11365
f 11365 11412 11413
f 11365 11413 11366
f 11366 11413 11414
f 11366 11414 11367
f 11367 11414 11415
f 11367 11415 11368
f 11368 11415 11416
f 11368 11416 11369
f 11369 11416 11417
f 11369 11417 11370
f 11370 11417 11418
f 11370 11418 11371
f 11371 11418 11419
f 11371 11419 11372
f 11372 11419 11420
f 11372 11420 11373
f 11373 11420 11421
f 11373 11421 11374
f 11374 11421 11422
f 11374 11422 11375
f 11375 11422 11423
f 11375 11423 11376
f 11376 11423 11424
f 11376 11424 11377
f 11377 11424 11425
f 11377 11425 11378
f 11378 11425 11426
f 11378 11426 11379
f 11379 11426 11427
f 11379 11427 11380
f 11380 11427 11428
f 11380 11428 11381
f 11381 11428 11429
f 11381 11429 11334
f 11334 11429 11382
f 11382 11430 11383
f 11383 11430 11431
f 11383 11431 11384
f 11384 11431 11432
f 11384 11432 11385
f 11385 11432 11433
f 11385 11433 11386
f 11386 11433 11434
f 11386 11434 11387
f 11387 11434 11435
f 11387 11435 11388
f 11388 11435 11436
f 11388 11436 11389
f 11389 11436 11437
f 11389 11437 11390
f 11390 11437 11438
f 11390 11438 11391
f 11391 11438 11439
f 11391 11439 11392
f 11392 11439 11440
f 11392 11440 11393
f 11393 11440 11441
f 11393 11441 11394
f 11394 11441 11442
f 11394 11442 11395
f 11395 11442 11443
f 11395 11443 11396
f 11396 11443 11444
f 11396 11444 11397
f 11397 11444 11445
f 11397 11445 11398
f 11398 11445 11446
f 11398 11446 11399
f 11399 11446 11447
f 11399 11447 11400
f 11400 11447 11448
f 11400 11448 11401
f 11401 11448 11449
f 11401 11449 11402
f 11402 11449 11450
f 11402 11450 11403
f 11403 11450 11451
f 11403 11451 11404
f 11404 11451 11452
f 11404 11452 11405
f 11405 11452 11453
f 11405 11453 11406
f 11406 11453 11454
f 11406 11454 11407
f 11407 11454 11455
f 11407 11455 11408
f 11408 11455 11456
f 11408 11456 11409
f 11409 11456 11457
f 11409 11457 11410
f 11410 11457 11458
f 11410 11458 11411
f 11411 11458 11459
f 11411 11459 11412
f 11412 11459 11460
f 11412 11460 11413
f 11413 11460 11461
f 11413 11461 11414
f 11414 11461 11462
f 11414 11462 11415
f 11415 11462 11463
f 11415 11463 11416
f 11416 11463 11464
f 11416 11464 11417
f 11417 11464 11465
f 11417 11465 11418
f 11418 11465 11466
f 11418 11466 11419
f 11419 11466 11467
f 11419 11467 11420
f 11420 11467 11468
f 11420 11468 11421
f 11421 11468 11469
f 11421 11469 11422
f 11422 11469 11470
f 11422 11470 11423
f 11423 11470 11471
f 11423 11471 11424
f 11424 11471 11472
f 11424 11472 11425
f 11425 11472 11473
f 11425 11473 11426
f 11426 11473 11474
f 11426 11474 11427
f 11427 11474 11475
f 11427 11475 11428
f 11428 11475 11476
f 11428 11476 11429
f 11429 11476 11477
f 11429 11477 11382
f 11382 11477 11430
f 11430 11478 11431
f 11431 11478 11479
f 11431 11479 11432
f 11432 11479 11480
f 11432 11480 11433
f 11433 11480 11481
f 11433 11481 11434
f 11434 11481 11482
f 11434 11482 11435
f 11435 11482 11483
f 11435 11483 11436
f 11436 11483 11484
f 11436 11484 11437
f 11437 11484 11485
f 11437 11485 11438
f 11438 11485 11486
f 11438 11486 11439
f 11439 11486 11487
f 11439 11487 11440
f 11440 11487 11488
f 11440 11488 11441
f 11441 11488 11489
f 11441 11489 11442
f 11442 11489 11490
f 11442 11490 11443
f 11443 11490 11491
f 11443 11491 11444
f 11444 11491 11492
f 11444 11492 11445
f 11445 11492 11493
f 11445 11493 11446
f 11446 11493 11494
f 11446 11494 11447
f 11447 11494 11495
f 11447 11495 11448
f 11448 11495 11496
f 11448 11496 11449
f 11449 11496 11497
f 11449 11497 11450
f 11450 11497 11498
f 11450 11498 11451
f 11451 11498 11499
f 11451 11499 11452
f 11452 11499 11500
f 11452 11500 11453
f 11453 11500 11501
f 11453 11501 11454
f 11454 11501 11502
f 11454 11502 11455
f 11455 11502 11503
f 11455 11503 11456
f 11456 11503 11504
f 11456 11504 11457
f 11457 11504 11505
f 11457 11505 11458
f 11458 11505 11506
f 11458 11506 11459
f 11459 11506 11507
f 11459 11507 11460
f 11460 11507 11508
f 11460 11508 11461
f 11461 11508 11509
f 11461 11509 11462
f 11462 11509 11510
f 11462 11510 11463
f 11463 11510 11511
f 11463 11511 11464
f 11464 11511 11512
f 11464 11512 11465
f 11465 11512 11513
f 11465 11513 11466
f 11466 11513 11514
f 11466 11514 11467
f 11467 11514 11515
f 11467 11515 11468
f 11468 11515 11516
f 11468 11516 11469
f 11469 11516 11517
f 11469 11517 11470
f 11470 11517 11518
f 11470 11518 11471
f 11471 11518 11519
f 11471 11519 11472
f 11472 11519 11520
f 11472 11520 11473
f 11473 11520 11521
f 11473 11521 11474
f 11474 11521 11522
f 11474 11522 11475
f 11475 11522 11523
f 11475 11523 11476
f 11476 11523 11524
f 11476 11524 11477
f 11477 11524 11525
f 11477 11525 11430
f 11430 11525 11478
f 11478 11526 11479
f 11479 11526 11527
f 11479 11527 11480
f 11480 11527 11528
f 11480 11528 11481
f 11481 11528 11529
f 11481 11529 11482
f 11482 11529 11530
f 11482 11530 11483
f 11483 11530 11531
f 11483 11531 11484
f 11484 11531 11532
f 11484 11532 11485
f 11485 11532 11533
f 11485 11533 11486
f 11486 11533 11534
f 11486 11534 11487
f 11487 11534 11535
f 11487 11535 11488
f 11488 11535 11536
f 11488 11536 11489
f 11489 11536 11537
f 11489 11537 11490
f 11490 11537 11538
f 11490 11538 11491
f 11491 11538 11539
f 11491 11539 11492
f 11492 11539 11540
f 11492 11540 11493
f 11493 11540 11541
f 11493 11541 11494
f 11494 11541 11542
f 11494 11542 11495
f 11495 11542 11543
f 11495 11543 11496
f 11496 11543 11544
f 11496 11544 11497
f 11497 11544 11545
f 11497 11545 11498
f 11498 11545 11546
f 11498 11546 11499
f 11499 11546 11547
f 11499 11547 11500
f 11500 11547 11548
f 11500 11548 11501
f 11501 11548 11549
f 11501 11549 11502
f 11502 11549 11550
f 11502 11550 11503
f 11503 11550 11551
f 11503 11551 11504
f 11504 11551 11552
f 11504 11552 11505
f 11505 11552 11553
f 11505 11553 11506
f 11506 11553 11554
f 11506 11554 11507
f 11507 11554 11555
f 11507 11555 11508
f 11508 11555 11556
f 11508 11556 11509
f 11509 11556 11557
f 11509 11557 11510
f 11510 11557 11558
f 11510 11558 11511
f 11511 11558 11559
f 11511 11559 11512
f 11512 11559 11560
f 11512 11560 11513
f 11513 11560 11561
f 11513 11561 11514
f 11514 11561 11562
f 11514 11562 11515
f 11515 11562 11563
f 11515 11563 11516
f 11516 11563 11564
f 11516 11564 11517
f 11517 11564 11565
f 11517 11565 11518
f 11518 11565 11566
f 11518 11566 11519
f 11519 11566 11567
f 11519 11567 11520
f 11520 11567 11568
f 11520 11568 11521
f 11521 11568 11569
f 11521 11569 11522
f 11522 11569 11570
f 11522 11570 11523
f 11523 11570 11571
f 11523 11571 11524
f 11524 11571 11572
f 11524 11572 11525
f 11525 11572 11573
f 11525 11573 11478
f 11478 11573 11526
f 11526 11574 11527
f 11527 11574 11575
f 11527 11575 11528
f 11528 11575 11576
f 11528 11576 11529
f 11529 11576 11577
f 11529 11577 11530
f 11530 11577 11578
f 11530 11578 11531
f 11531 11578 11579
f 11531 11579 11532
f 11532 11579 11580
f 11532 11580 11533
f 11533 11580 11581
f 11533 11581 11534
f 11534 11581 11582
f 11534 11582 11535
f 11535 11582 11583
f 11535 11583 11536
f 11536 11583 11584
f 11536 11584 11537
f 11537 11584 11585
f 11537 11585 11538
f 11538 11585 11586
f 11538 11586 11539
f 11539 11586 11587
f 11539 11587 11540
f 11540 11587 11588
f 11540 11588 11541
f 11541 11588 11589
f 11541 11589 11542
f 11542 11589 11590
f 11542 11590 11543
f 11543 11590 11591
f 11543 11591 11544
f 11544 11591 11592
f 11544 11592 11545
f 11545 11592 11593
f 11545 11593 11546
f 11546 11593 11594
f 11546 11594 11547
f 11547 11594 11595
f 11547 11595 11548
f 11548 11595 11596
f 11548 11596 11549
f 11549 11596 11597
f 11549 11597 11550
f 11550 11597 11598
f 11550 11598 11551
f 11551 11598 11599
f 11551 11599 11552
f 11552 11599 11600
f 11552 11600 11553
f 11553 11600 11601
f 11553 11601 11554
f 11554 11601 11602
f 11554 11602 11555
f 11555 11602 11603
f 11555 11603 11556
f 11556 11603 11604
f 11556 11604 11557
f 11557 11604 11605
f 11557 11605 11558
f 11558 11605 11606
f 11558 11606 11559
f 11559 11606 11607
f 11559 11607 11560
f 11560 11607 11608
f 11560 11608 11561
f 11561 11608 11609
f 11561 11609 11562
f 11562 11609 11610
f 11562 11610 11563
f 11563 11610 11611
f 11563 11611 11564
f 11564 11611 11612
f 11564 11612 11565
f 11565 11612 11613
f 11565 11613 11566
f 11566 11613 11614
f 11566 11614 11567
f 11567 11614 11615
f 11567 11615 11568
f 11568 11615 11616
f 11568 11616 11569
f 11569 11616 11617
f 11569 11617 11570
f 11570 11617 11618
f 11570 11618 11571
f 11571 11618 11619
f 11571 11619 11572
f 11572 11619 11620
f 11572 11620 11573
f 11573 11620 11621
f 11573 11621 11526
f 11526 11621 11574
f 11574 11622 11575
f 11575 11622 11623
f 11575 11623 11576
f 11576 11623 11624
f 11576 11624 11577
f 11577 11624 11625
f 11577 11625 11578
f 11578 11625 11626
f 11578 11626 11579
f 11579 11626 11627
f 11579 11627 11580
f 11580 11627 11628
f 11580 11628 11581
f 11581 11628 11629
f 11581 11629 11582
f 11582 11629 11630
f 11582 11630 11583
f 11583 11630 11631
f 11583 11631 11584
f 11584 11631 11632
f 11584 11632 11585
f 11585 11632 11633
f 11585 11633 11586
f 11586 11633 11634
f 11586 11634 11587
f 11587 11634 11635
f 11587 11635 11588
f 11588 11635 11636
f 11588 11636 11589
f 11589 11636 11637
f 11589 11637 11590
f 11590 11637 11638
f 11590 11638 11591
f 11591 11638 11639
f 11591 11639 11592
f 11592 11639 11640
f 11592 11640 11593
f 11593 11640 11641
f 11593 11641 11594
f 11594 11641 11642
f 11594 11642 11595
f 11595 11642 11643
f 11595 11643 11596
f 11596 11643 11644
f 11596 11644 11597
f 11597 11644 11645
f 11597 11645 11598
f 11598 11645 11646
f 11598 11646 11599
f 11599 11646 11647
f 11599 11647 11600
f 11600 11647 11648
f 11600 11648 11601
f 11601 11648 11649
f 11601 11649 11602
f 11602 11649 11650
f 11602 11650 11603
f 11603 11650 11651
f 11603 11651 11604
f 11604 11651 11652
f 11604 11652 11605
f 11605 11652 11653
f 11605 11653 11606
f 11606 11653 11654
f 11606 11654 11607
f 11607 11654 11655
f 11607 11655 11608
f 11608 11655 11656
f 11608 11656 11609
f 11609 11656 11657
f 11609 11657 11610
f 11610 11657 11658
f 11610 11658 11611
f 11611 11658 11659
f 11611 11659 11612
f 11612 11659 11660
f 11612 11660 11613
f 11613 11660 11661
f 11613 11661 11614
f 11614 11661 11662
f 11614 11662 11615
f 11615 11662 11663
f 11615 11663 11616
f 11616 11663 11664
f 11616 11664 11617
f 11617 11664 11665
f 11617 11665 11618
f 11618 11665 11666
f 11618 11666 11619
f 11619 11666 11667
f 11619 11667 11620
f 11620 11667 11668
f 11620 11668 11621
f 11621 11668 11669
f 11621 11669 11574
f 11574 11669 11622
f 11622 11670 11623
f 11623 11670 11671
f 11623 11671 11624
f 11624 11671 11672
f 11624 11672 11625
f 11625 11672 11673
f 11625 11673 11626
f 11626 11673 11674
f 11626 11674 11627
f 11627 11674 11675
f 11627 11675 11628
f 11628 11675 11676
f 11628 11676 11629
f 11629 11676 11677
f 11629 11677 11630
f 11630 11677 11678
f 11630 11678 11631
f 11631 11678 11679
f 11631 11679 11632
f 11632 11679 11680
f 11632 11680 11633
f 11633 11680 11681
f 11633 11681 11634
f 11634 11681 11682
f 11634 11682 11635
f 11635 11682 11683
f 11635 11683 11636
f 11636 11683 11684
f 11636 11684 11637
f 11637 11684 11685
f 11637 11685 11638
f 11638 11685 11686
f 11638 11686 11639
f 11639 11686 11687
f 11639 11687 11640
f 11640 11687 11688
f 11640 11688 11641
f 11641 11688 11689
f 11641 11689 11642
f 11642 11689 11690
f 11642 11690 11643
f 11643 11690 11691
f 11643 11691 11644
f 11644 11691 11692
f 11644 11692 11645
f 11645 11692 11693
f 11645 11693 11646
f 11646 11693 11694
f 11646 11694 11647
f 11647 11694 11695
f 11647 11695 11648
f 11648 11695 11696
f 11648 11696 11649
f 11649 11696 11697
f 11649 11697 11650
f 11650 11697 11698
f 11650 11698 11651
f 11651 11698 11699
f 11651 11699 11652
f 11652 11699 11700
f 11652 11700 11653
f 11653 11700 11701
f 11653 11701 11654
f 11654 11701 11702
f 11654 11702 11655
f 11655 11702 11703
f 11655 11703 11656
f 11656 11703 11704
f 11656 11704 11657
f 11657 11704 11705
f 11657 11705 11658
f 11658 11705 11706
f 11658 11706 11659
f 11659 11706 11707
f 11659 11707 11660
f 11660 11707 11708
f 11660 11708 11661
f 11661 11708 11709
f 11661 11709 11662
f 11662 11709 11710
f 11662 11710 11663
f 11663 11710 11711
f 11663 11711 11664
f 11664 11711 11712
f 11664 11712 11665
f 11665 11712 11713
f 11665 11713 11666
f 11666 11713 11714
f 11666 11714 11667
f 11667 11714 11715
f 11667 11715 11668
f 11668 11715 11716
f 11668 11716 11669
f 11669 11716 11717
f 11669 11717 11622
f 11622 11717 11670
f 11670 11718 11671
f 11671 11718 11719
f 11671 11719 11672
f 11672 11719 11720
f 11672 11720 11673
f 11673 11720 11721
f 11673 11721 11674
f 11674 11721 11722
f 11674 11722 11675
f 11675 11722 11723
f 11675 11723 11676
f 11676 11723 11724
f 11676 11724 11677
f 11677 11724 11725
f 11677 11725 11678
f 11678 11725 11726
f 11678 11726 11679
f 11679 11726 11727
f 11679 11727 11680
f 11680 11727 11728
f 11680 11728 11681
f 11681 11728 11729
f 11681 11729 11682
f 11682 11729 11730
f 11682 11730 11683
f 11683 11730 11731
f 11683 11731 11684
f 11684 11731 11732
f 11684 11732 11685
f 11685 11732 11733
f 11685 11733 11686
f 11686 11733 11734
f 11686 11734 11687
f 11687 11734 11735
f 11687 11735 11688
f 11688 11735 11736
f 11688 11736 11689
f 11689 11736 11737
f 11689 11737 11690
f 11690 11737 11738
f 11690 11738 11691
f 11691 11738 11739
f 11691 11739 11692
f 11692 11739 11740
f 11692 11740 11693
f 11693 11740 11741
f 11693 11741 11694
f 11694 11741 11742
f 11694 11742 11695
f 11695 11742 11743
f 11695 11743 11696
f 11696 11743 11744
f 11696 11744 11697
f 11697 11744 11745
f 11697 11745 11698
f 11698 11745 11746
f 11698 11746 11699
f 11699 11746 11747
f 11699 11747 11700
f 11700 11747 11748
f 11700 11748 11701
f 11701 11748 11749
f 11701 11749 11702
f 11702 11749 11750
f 11702 11750 11703
f 11703 11750 11751
f 11703 11751 11704
f 11704 11751 11752
f 11704 11752 11705
f 11705 11752 11753
f 11705 11753 11706
f 11706 11753 11754
f 11706 11754 11707
f 11707 11754 11755
f 11707 11755 11708
f 11708 11755 11756
f 11708 11756 11709
f 11709 11756 11757
f 11709 11757 11710
f 11710 11757 11758
f 11710 11758 11711
f 11711 11758 11759
f 11711 11759 11712
f 11712 11759 11760
f 11712 11760 11713
f 11713 11760 11761
f 11713 11761 11714
f 11714 11761 11762
f 11714 11762 11715
f 11715 11762 11763
f 11715 11763 11716
f 11716 11763 11764
f 11716 11764 11717
f 11717 11764 11765
f 11717 11765 11670
f 11670 11765 11718
f 11718 11766 11719
f 11719 11766 11767
f 11719 11767 11720
f 11720 11767 11768
f 11720 11768 11721
f 11721 11768 11769
f 11721 11769 11722
f 11722 11769 11770
f 11722 11770 11723
f 11723 11770 11771
f 11723 11771 11724
f 11724 11771 11772
f 11724 11772 11725
f 11725 11772 11773
f 11725 11773 11726
f 11726 11773 11774
f 11726 11774 11727
f 11727 11774 11775
f 11727 11775 11728
f 11728 11775 11776
f 11728 11776 11729
f 11729 11776 11777
f 11729 11777 11730
f 11730 11777 11778
f 11730 11778 11731
f 11731 11778 11779
f 11731 11779 11732
f 11732 11779 11780
f 11732 11780 11733
f 11733 11780 11781
f 11733 11781 11734
f 11734 11781 11782
f 11734 11782 11735
f 11735 11782 11783
f 11735 11783 11736
f 11736 11783 11784
f 11736 11784 11737
f 11737 11784 11785
f 11737 11785 11738
f 11738 11785 11786
f 11738 11786 11739
f 11739 11786 11787
f 11739 11787 11740
f 11740 11787 11788
f 11740 11788 11741
f 11741 11788 11789
f 11741 11789 11742
f 11742 11789 11790
f 11742 11790 11743
f 11743 11790 11791
f 11743 11791 11744
f 11744 11791 11792
f 11744 11792 11745
f 11745 11792 11793
f 11745 11793 11746
f 11746 11793 11794
f 11746 11794 11747
f 11747 11794 11795
f 11747 11795 11748
f 11748 11795 11796
f 11748 11796 11749
f 11749 11796 11797
f 11749 11797 11750
f 11750 11797 11798
f 11750 11798 11751
f 11751 11798 11799
f 11751 11799 11752
f 11752 11799 11800
f 11752 11800 11753
f 11753 11800 11801
f 11753 11801 11754
f 11754 11801 11802
f 11754 11802 11755
f 11755 11802 11803
f 11755 11803 11756
f 11756 11803 11804
f 11756 11804 11757
f 11757 11804 11805
f 11757 11805 11758
f 11758 11805 11806
f 11758 11806 11759
f 11759 11806 11807
f 11759 11807 11760
f 11760 11807 11808
f 11760 11808 11761
f 11761 11808 11809
f 11761 11809 11762
f 11762 11809 11810
f 11762 11810 11763
f 11763 11810 11811
f 11763 11811 11764
f 11764 11811 11812
f 11764 11812 11765
f 11765 11812 11813
f 11765 11813 11718
f 11718 11813 11766
f 11766 11814 11767
f 11767 11814 11815
f 11767 11815 11768
f 11768 11815 11816
f 11768 11816 11769
f 11769 11816 11817
f 11769 11817 11770
f 11770 11817 11818
f 11770 11818 11771
f 11771 11818 11819
f 11771 11819 11772
f 11772 11819 11820
f 11772 11820 11773
f 11773 11820 11821
f 11773 11821 11774
f 11774 11821 11822
f 11774 11822 11775
f 11775 11822 11823
f 11775 11823 11776
f 11776 11823 11824
f 11776 11824 11777
f 11777 11824 11825
f 11777 11825 11778
f 11778 11825 11826
f 11778 11826 11779
f 11779 11826 11827
f 11779 11827 11780
f 11780 11827 11828
f 11780 11828 11781
f 11781 11828 11829
f 11781 11829 11782
f 11782 11829 11830
f 11782 11830 11783
f 11783 11830 11831
f 11783 11831 11784
f 11784 11831 11832
f 11784 11832 11785
f 11785 11832 11833
f 11785 11833 11786
f 11786 11833 11834
f 11786 11834 11787
f 11787 11834 11835
f 11787 11835 11788
f 11788 11835 11836
f 11788 11836 11789
f 11789 11836 11837
f 11789 11837 11790
f 11790 11837 11838
f 11790 11838 11791
f 11791 11838 11839
f 11791 11839 11792
f 11792 11839 11840
f 11792 11840 11793
f 11793 11840 11841
f 11793 11841 11794
f 11794 11841 11842
f 11794 11842 11795
f 11795 11842 11843
f 11795 11843 11796
f 11796 11843 11844
f 11796 11844 11797
f 11797 11844 11845
f 11797 11845 11798
f 11798 11845 11846
f 11798 11846 11799
f 11799 11846 11847
f 11799 11847 11800
f 11800 11847 11848
f 11800 11848 11801
f 11801 11848 11849
f 11801 11849 11802
f 11802 11849 11850
f 11802 11850 11803
f 11803 11850 11851
f 11803 11851 11804
f 11804 11851 11852
f 11804 11852 11805
f 11805 11852 11853
f 11805 11853 11806
f 11806 11853 11854
f 11806 11854 11807
f 11807 11854 11855
f 11807 11855 11808
f 11808 11855 11856
f 11808 11856 11809
f 11809 11856 11857
f 11809 11857 11810
f 11810 11857 11858
f 11810 11858 11811
f 11811 11858 11859
f 11811 11859 11812
f 11812 11859 11860
f 11812 11860 11813
f 11813 11860 11861
f 11813 11861 11766
f 11766 11861 11814
f 11814 11862 11815
f 11815 11862 11863
f 11815 11863 11816
f 11816 11863 11864
f 11816 11864 11817
f 11817 11864 11865
f 11817 11865 11818
f 11818 11865 11866
f 11818 11866 11819
f 11819 11866 11867
f 11819 11867 11820
f 11820 11867 11868
f 11820 11868 11821
f 11821 11868 11869
f 11821 11869 11822
f 11822 11869 11870
f 11822 11870 11823
f 11823 11870 11871
f 11823 11871 11824
f 11824 11871 11872
f 11824 11872 11825
f 11825 11872 11873
f 11825 11873 11826
f 11826 11873 11874
f 11826 11874 11827
f 11827 11874 11875
f 11827 11875 11828
f 11828 11875 11876
f 11828 11876 11829
f 11829 11876 11877
f 11829 11877 11830
f 11830 11877 11878
f 11830 11878 11831
f 11831 11878 11879
f 11831 11879 11832
f 11832 11879 11880
f 11832 11880 11833
f 11833 11880 11881
f 11833 11881 11834
f 11834 11881 11882
f 11834 11882 11835
f 11835 11882 11883
f 11835 11883 11836
f 11836 11883 11884
f 11836 11884 11837
f 11837 11884 11885
f 11837 11885 11838
f 11838 11885 11886
f 11838 11886 11839
f 11839 11886 11887
f 11839 11887 11840
f 11840 11887 11888
f 11840 11888 11841
f 11841 11888 11889
f 11841 11889 11842
f 11842 11889 11890
f 11842 11890 11843
f 11843 11890 11891
f 11843 11891 11844
f 11844 11891 11892
f 11844 11892 11845
f 11845 11892 11893
f 11845 11893 11846
f 11846 11893 11894
f 11846 11894 11847
f 11847 11894 11895
f 11847 11895 11848
f 11848 11895 11896
f 11848 11896 11849
f 11849 11896 11897
f 11849 11897 11850
f 11850 11897 11898
f 11850 11898 11851
f 11851 11898 11899
f 11851 11899 11852
f 11852 11899 11900
f 11852 11900 11853
f 11853 11900 11901
f 11853 11901 11854
f 11854 11901 11902
f 11854 11902 11855
f 11855 11902 11903
f 11855 11903 11856
f 11856 11903 11904
f 11856 11904 11857
f 11857 11904 11905
f 11857 11905 11858
f 11858 11905 11906
f 11858 11906 11859
f 11859 11906 11907
f 11859 11907 11860
f 11860 11907 11908
f 11860 11908 11861
f 11861 11908 11909
f 11861 11909 11814
f 11814 11909 11862
f 11862 11910 11863
f 11863 11910 11911
f 11863 11911 11864
f 11864 11911 11912
f 11864 11912 11865
f 11865 11912 11913
f 11865 11913 11866
f 11866 11913 11914
f 11866 11914 11867
f 11867 11914 11915
f 11867 11915 11868
f 11868 11915 11916
f 11868 11916 11869
f 11869 11916 11917
f 11869 11917 11870
f 11870 11917 11918
f 11870 11918 11871
f 11871 11918 11919
f 11871 11919 11872
f 11872 11919 11920
f 11872 11920 11873
f 11873 11920 11921
f 11873 11921 11874
f 11874 11921 11922
f 11874 11922 11875
f 11875 11922 11923
f 11875 11923 11876
f 11876 11923 11924
f 11876 11924 11877
f 11877 11924 11925
f 11877 11925 11878
f 11878 11925 11926
f 11878 11926 11879
f 11879 11926 11927
f 11879 11927 11880
f 11880 11927 11928
f 11880 11928 11881
f 11881 11928 11929
f 11881 11929 11882
f 11882 11929 11930
f 11882 11930 11883
f 11883 11930 11931
f 11883 11931 11884
f 11884 11931 11932
f 11884 11932 11885
f 11885 11932 11933
f 11885 11933 11886
f 11886 11933 11934
f 11886 11934 11887
f 11887 11934 11935
f 11887 11935 11888
f 11888 11935 11936
f 11888 11936 11889
f 11889 11936 11937
f 11889 11937 11890
f 11890 11937 11938
f 11890 11938 11891
f 11891 11938 11939
f 11891 11939 11892
f 11892 11939 11940
f 11892 11940 11893
f 11893 11940 11941
f 11893 11941 11894
f 11894 11941 11942
f 11894 11942 11895
f 11895 11942 11943
f 11895 11943 11896
f 11896 11943 11944
f 11896 11944 11897
f 11897 11944 11945
f 11897 11945 11898
f 11898 11945 11946
f 11898 11946 11899
f 11899 11946 11947
f 11899 11947 11900
f 11900 11947 11948
f 11900 11948 11901
f 11901 11948 11949
f 11901 11949 11902
f 11902 11949 11950
f 11902 11950 11903
f 11903 11950 11951
f 11903 11951 11904
f 11904 11951 11952
f 11904 11952 11905
f 11905 11952 11953
f 11905 11953 11906
f 11906 11953 11954
f 11906 11954 11907
f 11907 11954 11955
f 11907 11955 11908
f 11908 11955 11956
f 11908 11956 11909
f 11909 11956 11957
f 11909 11957 11862
f 11862 11957 11910
f 11910 11958 11911
f 11911 11958 11959
f 11911 11959 11912
f 11912 11959 11960
f 11912 11960 11913
f 11913 11960 11961
f 11913 11961 11914
f 11914 11961 11962
f 11914 11962 11915
f 11915 11962 11963
f 11915 11963 11916
f 11916 11963 11964
f 11916 11964 11917
f 11917 11964 11965
f 11917 11965 11918
f 11918 11965 11966
f 11918 11966 11919
f 11919 11966 11967
f 11919 11967 11920
f 11920 11967 11968
f 11920 11968 11921
f 11921 11968 11969
f 11921 11969 11922
f 11922 11969 11970
f 11922 11970 11923
f 11923 11970 11971
f 11923 11971 11924
f 11924 11971 11972
f 11924 11972 11925
f 11925 11972 11973
f 11925 11973 11926
f 11926 11973 11974
f 11926 11974 11927
f 11927 11974 11975
f 11927 11975 11928
f 11928 11975 11976
f 11928 11976 11929
f 11929 11976 11977
f 11929 11977 11930
f 11930 11977 11978
f 11930 11978 11931
f 11931 11978 11979
f 11931 11979 11932
f 11932 11979 11980
f 11932 11980 11933
f 11933 11980 11981
f 11933 11981 11934
f 11934 11981 11982
f 11934 11982 11935
f 11935 11982 11983
f 11935 11983 11936
f 11936 11983 11984
f 11936 11984 11937
f 11937 11984 11985
f 11937 11985 11938
f 11938 11985 11986
f 11938 11986 11939
f 11939 11986 11987
f 11939 11987 11940
f 11940 11987 11988
f 11940 11988 11941
f 11941 11988 11989
f 11941 11989 11942
f 11942 11989 11990
f 11942 11990 11943
f 11943 11990 11991
f 11943 11991 11944
f 11944 11991 11992
f 11944 11992 11945
f 11945 11992 11993
f 11945 11993 11946
f 11946 11993 11994
f 11946 11994 11947
f 11947 11994 11995
f 11947 11995 11948
f 11948 11995 11996
f 11948 11996 11949
f 11949 11996 11997
f 11949 11997 11950
f 11950 11997 11998
f 11950 11998 11951
f 11951 11998 11999
f 11951 11999 11952
f 11952 11999 12000
f 11952 12000 11953
f 11953 12000 12001
f 11953 12001 11954
f 11954 12001 12002
f 11954 12002 11955
f 11955 12002 12003
f 11955 12003 11956
f 11956 12003 12004
f 11956 12004 11957
f 11957 12004 12005
f 11957 12005 11910
f 11910 12005 11958
f 11958 12006 11959
f 11959 12006 12007
f 11959 12007 11960
f 11960 12007 12008
f 11960 12008 11961
f 11961 12008 12009
f 11961 12009 11962
f 11962 12009 12010
f 11962 12010 11963
f 11963 12010 12011
f 11963 12011 11964
f 11964 12011 12012
f 11964 12012 11965
f 11965 12012 12013
f 11965 12013 11966
f 11966 12013 12014
f 11966 12014 11967
f 11967 12014 12015
f 11967 12015 11968
f 11968 12015 12016
f 11968 12016 11969
f 11969 12016 12017
f 11969 12017 11970
f 11970 12017 12018
f 11970 12018 11971
f 11971 12018 12019
f 11971 12019 11972
f 11972 12019 12020
f 11972 12020 11973
f 11973 12020 12021
f 11973 12021 11974
f 11974 12021 12022
f 11974 12022 11975
f 11975 12022 12023
f 11975 12023 11976
f 11976 12023 12024
f 11976 12024 11977
f 11977 12024 12025
f 11977 12025 11978
f 11978 12025 12026
f 11978 12026 11979
f 11979 12026 12027
f 11979 12027 11980
f 11980 12027 12028
f 11980 12028 11981
f 11981 12028 12029
f 11981 12029 11982
f 11982 12029 12030
f 11982 12030 11983
f 11983 12030 12031
f 11983 12031 11984
f 11984 12031 12032
f 11984 12032 11985
f 11985 12032 12033
f 11985 12033 11986
f 11986 12033 12034
f 11986 12034 11987
f 11987 12034 12035
f 11987 12035 11988
f 11988 12035 12036
f 11988 12036 11989
f 11989 12036 12037
f 11989 12037 11990
f 11990 12037 12038
f 11990 12038 11991
f 11991 12038 12039
f 11991 12039 11992
f 11992 12039 12040
f 11992 12040 11993
f 11993 12040 12041
f 11993 12041 11994
f 11994 12041 12042
f 11994 12042 11995
f 11995 12042 12043
f 11995 12043 11996
f 11996 12043 12044
f 11996 12044 11997
f 11997 12044 12045
f 11997 12045 11998
f 11998 12045 12046
f 11998 12046 11999
f 11999 12046 12047
f 11999 12047 12000
f 12000 12047 12048
f 12000 12048 12001
f 12001 12048 12049
f 12001 12049 12002
f 12002 12049 12050
f 12002 12050 12003
f 12003 12050 12051
f 12003 12051 12004
f 12004 12051 12052
f 12004 12052 12005
f 12005 12052 12053
f 12005 12053 11958
f 11958 12053 12006
f 12006 12054 12007
f 12007 12054 12055
f 12007 12055 12008
f 12008 12055 12056
f 12008 12056 12009
f 12009 12056 12057
f 12009 12057 12010
f 12010 12057 12058
f 12010 12058 12011
f 12011 12058 12059
f 12011 12059 12012
f 12012 12059 12060
f 12012 12060 12013
f 12013 12060 12061
f 12013 12061 12014
f 12014 12061 12062
f 12014 12062 12015
f 12015 12062 12063
f 12015 12063 12016
f 12016 12063 12064
f 12016 12064 12017
f 12017 12064 12065
f 12017 12065 12018
f 12018 12065 12066
f 12018 12066 12019
f 12019 12066 12067
f 12019 12067 12020
f 12020 12067 12068
f 12020 12068 12021
f 12021 12068 12069
f 12021 12069 12022
f 12022 12069 12070
f 12022 12070 12023
f 12023 12070 12071
f 12023 12071 12024
f 12024 12071 12072
f 12024 12072 12025
f 12025 12072 12073
f 12025 12073 12026
f 12026 12073 12074
f 12026 12074 12027
f 12027 12074 12075
f 12027 12075 12028
f 12028 12075 12076
f 12028 12076 12029
f 12029 12076 12077
f 12029 12077 12030
f 12030 12077 12078
f 12030 12078 12031
f 12031 12078 12079
f 12031 12079 12032
f 12032 12079 12080
f 12032 12080 12033
f 12033 12080 12081
f 12033 12081 12034
f 12034 12081 12082
f 12034 12082 12035
f 12035 12082 12083
f 12035 12083 12036
f 12036 12083 12084
f 12036 12084 12037
f 12037 12084 12085
f 12037 12085 12038
f 12038 12085 12086
f 12038 12086 12039
f 12039 12086 12087
f 12039 12087 12040
f 12040 12087 12088
f 12040 12088 12041
f 12041 12088 12089
f 12041 12089 12042
f 12042 12089 12090
f 12042 12090 12043
f 12043 12090 12091
f 12043 12091 12044
f 12044 12091 12092
f 12044 12092 12045
f 12045 12092 12093
f 12045 12093 12046
f 12046 12093 12094
f 12046 12094 12047
f 12047 12094 12095
f 12047 12095 12048
f 12048 12095 12096
f 12048 12096 12049
f 12049 12096 12097
f 12049 12097 12050
f 12050 12097 12098
f 12050 12098 12051
f 12051 12098 12099
f 12051 12099 12052
f 12052 12099 12100
f 12052 12100 12053
f 12053 12100 12101
f 12053 12101 12006
f 12006 12101 12054
f 12102 12103 12108
f 12103 12109 12108
f 12103 12104 12109
f 12104 12110 12109
f 12104 12105 12110
f 12105 12111 12110
f 12105 12106 12111
f 12106 12112 12111
f 12106 12107 12112
f 12107 12113 12112
f 12107 12102 12113
f 12102 12108 12113
f 12108 12109 12114
f 12109 12115 12114
f 12109 12110 12115
f 12110 12116 12115
f 12110 12111 12116
f 12111 12117 12116
f 12111 12112 12117
f 12112 12118 12117
f 12112 12113 12118
f 12113 12119 12118
f 12113 12108 12119
f 12108 12114 12119
f 12114 12115 12120
f 12115 12121 12120
f 12115 12116 12121
f 12116 12122 12121
f 12116 12117 12122
f 12117 12123 12122
f 12117 12118 12123
f 12118 12124 12123
f 12118 12119 12124
f 12119 12125 12124
f 12119 12114 12125
f 12114 12120 12125
f 12126 12103 12102
f 12127 12120 12121
f 12126 12104 12103
f 12127 12121 12122
f 12126 12105 12104
f 12127 12122 12123
f 12126 12106 12105
f 12127 12123 12124
f 12126 12107 12106
f 12127 12124 12125
f 12126 12102 12107
f 12127 12125 12120
f 12128 12129 12134
f 12129 12135 12134
f 12129 12130 12135
f 12130 12136 12135
f 12130 12131 12136
f 12131 12137 12136
f 12131 12132 12137
f 12132 12138 12137
f 12132 12133 12138
f 12133 12139 12138
f 12133 12128 12139
f 12128 12134 12139
f 12134 12135 12140
f 12135 12141 12140
f 12135 12136 12141
f 12136 12142 12141
f 12136 12137 12142
f 12137 12143 12142
f 12137 12138 12143
f 12138 12144 12143
f 12138 12139 12144
f 12139 12145 12144
f 12139 12134 12145
f 12134 12140 12145
f 12140 12141 12146
f 12141 12147 12146
f 12141 12142 12147
f 12142 12148 12147
f 12142 12143 12148
f 12143 12149 12148
f 12143 12144 12149
f 12144 12150 12149
f 12144 12145 12150
f 12145 12151 12150
f 12145 12140 12151
f 12140 12146 12151
f 12146 12147 12152
f 12147 12153 12152
f 12147 12148 12153
f 12148 12154 12153
f 12148 12149 12154
f 12149 12155 12154
f 12149 12150 12155
f 12150 12156 12155
f 12150 12151 12156
f 12151 12157 12156
f 12151 12146 12157
f 12146 12152 12157
f 12158 12129 12128
f 12159 12152 12153
f 12158 12130 12129
f 12159 12153 12154
f 12158 12131 12130
f 12159 12154 12155
f 12158 12132 12131
f 12159 12155 12156
f 12158 12133 12132
f 12159 12156 12157
f 12158 12128 12133
f 12159 12157 12152
f 12160 12161 12166
f 12161 12167 12166
f 12161 12162 12167
f 12162 12168 12167
f 12162 12163 12168
f 12163 12169 12168
f 12163 12164 12169
f 12164 12170 12169
f 12164 12165 12170
f 12165 12171 12170
f 12165 12160 12171
f 12160 12166 12171
f 12166 12167 12172
f 12167 12173 12172
f 12167 12168 12173
f 12168 12174 12173
f 12168 12169 12174
f 12169 12175 12174
f 12169 12170 12175
f 12170 12176 12175
f 12170 12171 12176
f 12171 12177 12176
f 12171 12166 12177
f 12166 12172 12177
f 12172 12173 12178
f 12173 12179 12178
f 12173 12174 12179
f 12174 12180 12179
f 12174 12175 12180
f 12175 12181 12180
f 12175 12176 12181
f 12176 12182 12181
f 12176 12177 12182
f 12177 12183 12182
f 12177 12172 12183
f 12172 12178 12183
f 12184 12161 12160
f 12185 12178 12179
f 12184 12162 12161
f 12185 12179 12180
f 12184 12163 12162
f 12185 12180 12181
f 12184 12164 12163
f 12185 12181 12182
f 12184 12165 12164
f 12185 12182 12183
f 12184 12160 12165
f 12185 12183 12178
f 12186 12187 12192
f 12187 12193 12192
f 12187 12188 12193
f 12188 12194 12193
f 12188 12189 12194
f 12189 12195 12194
f 12189 12190 12195
f 12190 12196 12195
f 12190 12191 12196
f 12191 12197 12196
f 12191 12186 12197
f 12186 12192 12197
f 12192 12193 12198
f 12193 12199 12198
f 12193 12194 12199
f 12194 12200 12199
f 12194 12195 12200
f 12195 12201 12200
f 12195 12196 12201
f 12196 12202 12201
f 12196 12197 12202
f 12197 12203 12202
f 12197 12192 12203
f 12192 12198 12203
f 12198 12199 12204
f 12199 12205 12204
f 12199 12200 12205
f 12200 12206 12205
f 12200 12201 12206
f 12201 12207 12206
f 12201 12202 12207
f 12202 12208 12207
f 12202 12203 12208
f 12203 12209 12208
f 12203 12198 12209
f 12198 12204 12209
f 12204 12205 12210
f 12205 12211 12210
f 12205 12206 12211
f 12206 12212 12211
f 12206 12207 12212
f 12207 12213 12212
f 12207 12208 12213
f 12208 12214 12213
f 12208 12209 12214
f 12209 12215 12214
f 12209 12204 12215
f 12204 12210 12215
f 12216 12187 12186
f 12217 12210 12211
f 12216 12188 12187
f 12217 12211 12212
f 12216 12189 12188
f 12217 12212 12213
f 12216 12190 12189
f 12217 12213 12214
f 12216 12191 12190
f 12217 12214 12215
f 12216 12186 12191
f 12217 12215 12210
f 12218 12219 12224
f 12219 12225 12224
f 12219 12220 12225
f 12220 12226 12225
f 12220 12221 12226
f 12221 12227 12226
f 12221 12222 12227
f 12222 12228 12227
f 12222 12223 12228
f 12223 12229 12228
f 12223 12218 12229
f 12218 12224 12229
f 12224 12225 12230
f 12225 12231 12230
f 12225 12226 12231
f 12226 12232 12231
f 12226 12227 12232
f 12227 12233 12232
f 12227 12228 12233
f 12228 12234 12233
f 12228 12229 12234
f 12229 12235 12234
f 12229 12224 12235
f 12224 12230 12235
f 12230 12231 12236
f 12231 12237 12236
f 12231 12232 12237
f 12232 12238 12237
f 12232 12233 12238
f 12233 12239 12238
f 12233 12234 12239
f 12234 12240 12239
f 12234 12235 12240
f 12235 12241 12240
f 12235 12230 12241
f 12230 12236 12241
f 12242 12219 12218
f 12243 12236 12237
f 12242 12220 12219
f 12243 12237 12238
f 12242 12221 12220
f 12243 12238 12239
f 12242 12222 12221
f 12243 12239 12240
f 12242 12223 12222
f 12243 12240 12241
f 12242 12218 12223
f 12243 12241 12236
f 12244 12245 12250
f 12245 12251 12250
f 12245 12246 12251
f 12246 12252 12251
f 12246 12247 12252
f 12247 12253 12252
f 12247 12248 12253
f 12248 12254 12253
f 12248 12249 12254
f 12249 12255 12254
f 12249 12244 12255
f 12244 12250 12255
f 12250 12251 12256
f 12251 12257 12256
f 12251 12252 12257
f 12252 12258 12257
f 12252 12253 12258
f 12253 12259 12258
f 12253 12254 12259
f 12254 12260 12259
f 12254 12255 12260
f 12255 12261 12260
f 12255 12250 12261
f 12250 12256 12261
f 12256 12257 12262
f 12257 12263 12262
f 12257 12258 12263
f 12258 12264 12263
f 12258 12259 12264
f 12259 12265 12264
f 12259 12260 12265
f 12260 12266 12265
f 12260 12261 12266
f 12261 12267 12266
f 12261 12256 12267
f 12256 12262 12267
f 12268 12245 12244
f 12269 12262 12263
f 12268 12246 12245
f 12269 12263 12264
f 12268 12247 12246
f 12269 12264 12265
f 12268 12248 12247
f 12269 12265 12266
f 12268 12249 12248
f 12269 12266 12267
f 12268 12244 12249
f 12269 12267 12262
f 12270 12271 12276
f 12271 12277 12276
f 12271 12272 12277
f 12272 12278 12277
f 12272 12273 12278
f 12273 12279 12278
f 12273 12274 12279
f 12274 12280 12279
f 12274 12275 12280
f 12275 12281 12280
f 12275 12270 12281
f 12270 12276 12281
f 12276 12277 12282
f 12277 12283 12282
f 12277 12278 12283
f 12278 12284 12283
f 12278 12279 12284
f 12279 12285 12284
f 12279 12280 12285
f 12280 12286 12285
f 12280 12281 12286
f 12281 12287 12286
f 12281 12276 12287
f 12276 12282 12287
f 12282 12283 12288
f 12283 12289 12288
f 12283 12284 12289
f 12284 12290 12289
f 12284 12285 12290
f 12285 12291 12290
f 12285 12286 12291
f 12286 12292 12291
f 12286 12287 12292
f 12287 12293 12292
f 12287 12282 12293
f 12282 12288 12293
f 12294 12271 12270
f 12295 12288 12289
f 12294 12272 12271
f 12295 12289 12290
f 12294 12273 12272
f 12295 12290 12291
f 12294 12274 12273
f 12295 12291 12292
f 12294 12275 12274
f 12295 12292 12293
f 12294 12270 12275
f 12295 12293 12288
f 12296 12297 12302
f 12297 12303 12302
f 12297 12298 12303
f 12298 12304 12303
f 12298 12299 12304
f 12299 12305 12304
f 12299 12300 12305
f 12300 12306 12305
f 12300 12301 12306
f 12301 12307 12306
f 12301 12296 12307
f 12296 12302 12307
f 12302 12303 12308
f 12303 12309 12308
f 12303 12304 12309
f 12304 12310 12309
f 12304 12305 12310
f 12305 12311 12310
f 12305 12306 12311
f 12306 12312 12311
f 12306 12307 12312
f 12307 12313 12312
f 12307 12302 12313
f 12302 12308 12313
f 12308 12309 12314
f 12309 12315 12314
f 12309 12310 12315
f 12310 12316 12315
f 12310 12311 12316
f 12311 12317 12316
f 12311 12312 12317
f 12312 12318 12317
f 12312 12313 12318
f 12313 12319 12318
f 12313 12308 12319
f 12308 12314 12319
f 12320 12297 12296
f 12321 12314 12315
f 12320 12298 12297
f 12321 12315 12316
f 12320 12299 12298
f 12321 12316 12317
f 12320 12300 12299
f 12321 12317 12318
f 12320 12301 12300
f 12321 12318 12319
f 12320 12296 12301
f 12321 12319 12314
f 12322 12323 12328
f 12323 12329 12328
f 12323 12324 12329
f 12324 12330 12329
f 12324 12325 12330
f 12325 12331 12330
f 12325 12326 12331
f 12326 12332 12331
f 12326 12327 12332
f 12327 12333 12332
f 12327 12322 12333
f 12322 12328 12333
f 12328 12329 12334
f 12329 12335 12334
f 12329 12330 12335
f 12330 12336 12335
f 12330 12331 12336
f 12331 12337 12336
f 12331 12332 12337
f 12332 12338 12337
f 12332 12333 12338
f 12333 12339 12338
f 12333 12328 12339
f 12328 12334 12339
f 12334 12335 12340
f 12335 12341 12340
f 12335 12336 12341
f 12336 12342 12341
f 12336 12337 12342
f 12337 12343 12342
f 12337 12338 12343
f 12338 12344 12343
f 12338 12339 12344
f 12339 12345 12344
f 12339 12334 12345
f 12334 12340 12345
f 12346 12323 12322
f 12347 12340 12341
f 12346 12324 12323
f 12347 12341 12342
f 12346 12325 12324
f 12347 12342 12343
f 12346 12326 12325
f 12347 12343 12344
f 12346 12327 12326
f 12347 12344 12345
f 12346 12322 12327
f 12347 12345 12340
f 12348 12349 12354
f 12349 12355 12354
f 12349 12350 12355
f 12350 12356 12355
f 12350 12351 12356
f 12351 12357 12356
f 12351 12352 12357
f 12352 12358 12357
f 12352 12353 12358
f 12353 12359 12358
f 12353 12348 12359
f 12348 12354 12359
f 12354 12355 12360
f 12355 12361 12360
f 12355 12356 12361
f 12356 12362 12361
f 12356 12357 12362
f 12357 12363 12362
f 12357 12358 12363
f 12358 12364 12363
f 12358 12359 12364
f 12359 12365 12364
f 12359 12354 12365
f 12354 12360 12365
f 12360 12361 12366
f 12361 12367 12366
f 12361 12362 12367
f 12362 12368 12367
f 12362 12363 12368
f 12363 12369 12368
f 12363 12364 12369
f 12364 12370 12369
f 12364 12365 12370
f 12365 12371 12370
f 12365 12360 12371
f 12360 12366 12371
f 12372 12349 12348
f 12373 12366 12367
f 12372 12350 12349
f 12373 12367 12368
f 12372 12351 12350
f 12373 12368 12369
f 12372 12352 12351
f 12373 12369 12370
f 12372 12353 12352
f 12373 12370 12371
f 12372 12348 12353
f 12373 12371 12366
f 12374 12375 12380
f 12375 12381 12380
f 12375 12376 12381
f 12376 12382 12381
f 12376 12377 12382
f 12377 12383 12382
f 12377 12378 12383
f 12378 12384 12383
f 12378 12379 12384
f 12379 12385 12384
f 12379 12374 12385
f 12374 12380 12385
f 12380 12381 12386
f 12381 12387 12386
f 12381 12382 12387
f 12382 12388 12387
f 12382 12383 12388
f 12383 12389 12388
f 12383 12384 12389
f 12384 12390 12389
f 12384 12385 12390
f 12385 12391 12390
f 12385 12380 12391
f 12380 12386 12391
f 12392 12375 12374
f 12393 12386 12387
f 12392 12376 12375
f 12393 12387 12388
f 12392 12377 12376
f 12393 12388 12389
f 12392 12378 12377
f 12393 12389 12390
f 12392 12379 12378
f 12393 12390 12391
f 12392 12374 12379
f 12393 12391 12386
v 0.159000 0.147000 0.024000
v 0.155000 0.147000 0.020000
v 0.151000 0.147000 0.024000
v 0.155000 0.147000 0.028000
v 0.159000 0.169000 0.024000
v 0.155000 0.169000 0.020000
v 0.151000 0.169000 0.024000
v 0.155000 0.169000 0.028000
v 0.155000 0.147000 0.024000
v 0.155000 0.169000 0.024000
v 0.155000 0.147000 0.028000
v 0.159000 0.147000 0.024000
v 0.155000 0.147000 0.020000
v 0.151000 0.147000 0.024000
v 0.155000 0.169000 0.028000
v 0.159000 0.169000 0.024000
v 0.155000 0.169000 0.020000
v 0.151000 0.169000 0.024000
v 0.155000 0.147000 0.024000
v 0.155000 0.169000 0.024000
v 0.147000 0.147000 0.027500
v 0.150500 0.147000 0.024000
v 0.147000 0.147000 0.020500
v 0.143500 0.147000 0.024000
v 0.147000 0.169000 0.027500
v 0.150500 0.169000 0.024000
v 0.147000 0.169000 0.020500
v 0.143500 0.169000 0.024000
v 0.147000 0.147000 0.024000
v 0.147000 0.169000 0.024000
v 0.155000 0.160600 0.024000
v 0.153558 0.158000 0.021837
v 0.155000 0.155400 0.024000
v 0.156442 0.158000 0.026163
v 0.146000 0.160600 0.030000
v 0.144558 0.158000 0.027837
v 0.146000 0.155400 0.030000
v 0.147442 0.158000 0.032163
v 0.155000 0.158000 0.024000
v 0.146000 0.158000 0.030000
v -0.452000 1.047000 0.034000
v -0.448500 1.046062 0.034000
v -0.450250 1.046062 0.036165
v -0.453750 1.046062 0.036165
v -0.455500 1.046062 0.034000
v -0.453750 1.046062 0.031835
v -0.450250 1.046062 0.031835
v -0.445938 1.043500 0.034000
v -0.448969 1.043500 0.037750
v -0.455031 1.043500 0.037750
v -0.458062 1.043500 0.034000
v -0.455031 1.043500 0.030250
v -0.448969 1.043500 0.030250
v -0.445000 1.040000 0.034000
v -0.448500 1.040000 0.038330
v -0.455500 1.040000 0.038330
v -0.459000 1.040000 0.034000
v -0.455500 1.040000 0.029670
v -0.448500 1.040000 0.029670
v -0.445938 1.036500 0.034000
v -0.448969 1.036500 0.037750
v -0.455031 1.036500 0.037750
v -0.458062 1.036500 0.034000
v -0.455031 1.036500 0.030250
v -0.448969 1.036500 0.030250
v -0.448500 1.033938 0.034000
v -0.450250 1.033938 0.036165
v -0.453750 1.033938 0.036165
v -0.455500 1.033938 0.034000
v -0.453750 1.033938 0.031835
v -0.450250 1.033938 0.031835
v -0.452000 1.033000 0.034000
v 0.452000 1.030000 0.037000
v 0.453000 1.030000 0.036000
v 0.452000 1.030000 0.035000
v 0.451000 1.030000 0.036000
v 0.452000 1.030000 0.037000
v 0.453000 1.030000 0.036000
v 0.452000 1.030000 0.035000
v 0.451000 1.030000 0.036000
v 0.452000 1.030000 0.036000
v 0.452000 1.030000 0.036000
v 0.452500 1.021000 0.036000
v 0.449000 1.021000 0.032500
v 0.445500 1.021000 0.036000
v 0.449000 1.021000 0.039500
v 0.452500 1.039000 0.036000
v 0.449000 1.039000 0.032500
v 0.445500 1.039000 0.036000
v 0.449000 1.039000 0.039500
v 0.449000 1.021000 0.036000
v 0.449000 1.039000 0.036000
v 0.038404 1.023200 0.178642
v 0.038084 1.020000 0.175458
v 0.038404 1.016800 0.178642
v 0.038723 1.020000 0.181826
v 0.026098 1.022153 0.179877
v 0.028134 1.020000 0.176457
v 0.030810 1.017847 0.179404
v 0.028773 1.020000 0.182825
v 0.028454 1.009000 0.182841
v 0.025254 1.009000 0.179641
v 0.028454 1.009000 0.176441
v 0.031654 1.009000 0.179641
v 0.038404 1.020000 0.178642
v 0.028454 1.009000 0.179641
v 0.016474 1.030000 0.173770
v 0.019474 1.029196 0.173770
v 0.017974 1.029196 0.175502
v 0.014974 1.029196 0.175502
v 0.013474 1.029196 0.173770
v 0.014974 1.029196 0.172038
v 0.017974 1.029196 0.172038
v 0.021670 1.027000 0.173770
v 0.019072 1.027000 0.176770
v 0.013876 1.027000 0.176770
v 0.011278 1.027000 0.173770
v 0.013876 1.027000 0.170770
v 0.019072 1.027000 0.170770
v 0.022474 1.024000 0.173770
v 0.019474 1.024000 0.177234
v 0.013474 1.024000 0.177234
v 0.010474 1.024000 0.173770
v 0.013474 1.024000 0.170306
v 0.019474 1.024000 0.170306
v 0.021670 1.021000 0.173770
v 0.019072 1.021000 0.176770
v 0.013876 1.021000 0.176770
v 0.011278 1.021000 0.173770
v 0.013876 1.021000 0.170770
v 0.019072 1.021000 0.170770
v 0.019474 1.018804 0.173770
v 0.017974 1.018804 0.175502
v 0.014974 1.018804 0.175502
v 0.013474 1.018804 0.173770
v 0.014974 1.018804 0.172038
v 0.017974 1.018804 0.172038
v 0.016474 1.018000 0.173770
v 0.037871 1.103200 0.173152
v 0.037551 1.100000 0.169968
v 0.037871 1.096800 0.173152
v 0.038190 1.100000 0.176336
v 0.025565 1.102153 0.174387
v 0.027601 1.100000 0.170966
v 0.030277 1.097847 0.173914
v 0.028240 1.100000 0.177334
v 0.027921 1.089000 0.177350
v 0.024721 1.089000 0.174150
v 0.027921 1.089000 0.170950
v 0.031121 1.089000 0.174150
v 0.037871 1.100000 0.173152
v 0.027921 1.089000 0.174150
v 0.016310 1.110000 0.169791
v 0.019310 1.109196 0.169791
v 0.017810 1.109196 0.171524
v 0.014810 1.109196 0.171524
v 0.013310 1.109196 0.169791
v 0.014810 1.109196 0.168059
v 0.017810 1.109196 0.168059
v 0.021506 1.107000 0.169791
v 0.018908 1.107000 0.172791
v 0.013712 1.107000 0.172791
v 0.011114 1.107000 0.169791
v 0.013712 1.107000 0.166791
v 0.018908 1.107000 0.166791
v 0.022310 1.104000 0.169791
v 0.019310 1.104000 0.173256
v 0.013310 1.104000 0.173256
v 0.010310 1.104000 0.169791
v 0.013310 1.104000 0.166327
v 0.019310 1.104000 0.166327
v 0.021506 1.101000 0.169791
v 0.018908 1.101000 0.172791
v 0.013712 1.101000 0.172791
v 0.011114 1.101000 0.169791
v 0.013712 1.101000 0.166791
v 0.018908 1.101000 0.166791
v 0.019310 1.098804 0.169791
v 0.017810 1.098804 0.171524
v 0.014810 1.098804 0.171524
v 0.013310 1.098804 0.169791
v 0.014810 1.098804 0.168059
v 0.017810 1.098804 0.168059
v 0.016310 1.098000 0.169791
v 0.038730 1.183200 0.174271
v 0.038410 1.180000 0.171087
v 0.038730 1.176800 0.174271
v 0.039049 1.180000 0.177455
v 0.026424 1.182153 0.175505
v 0.028460 1.180000 0.172085
v 0.031135 1.177847 0.175033
v 0.029099 1.180000 0.178453
v 0.028779 1.169000 0.178469
v 0.025579 1.169000 0.175269
v 0.028779 1.169000 0.172069
v 0.031979 1.169000 0.175269
v 0.038730 1.180000 0.174271
v 0.028779 1.169000 0.175269
v 0.016922 1.190000 0.171018
v 0.019922 1.189196 0.171018
v 0.018422 1.189196 0.172750
v 0.015422 1.189196 0.172750
v 0.013922 1.189196 0.171018
v 0.015422 1.189196 0.169286
v 0.018422 1.189196 0.169286
v 0.022118 1.187000 0.171018
v 0.019520 1.187000 0.174018
v 0.014324 1.187000 0.174018
v 0.011726 1.187000 0.171018
v 0.014324 1.187000 0.168018
v 0.019520 1.187000 0.168018
v 0.022922 1.184000 0.171018
v 0.019922 1.184000 0.174482
v 0.013922 1.184000 0.174482
v 0.010922 1.184000 0.171018
v 0.013922 1.184000 0.167554
v 0.019922 1.184000 0.167554
v 0.022118 1.181000 0.171018
v 0.019520 1.181000 0.174018
v 0.014324 1.181000 0.174018
v 0.011726 1.181000 0.171018
v 0.014324 1.181000 0.168018
v 0.019520 1.181000 0.168018
v 0.019922 1.178804 0.171018
v 0.018422 1.178804 0.172750
v 0.015422 1.178804 0.172750
v 0.013922 1.178804 0.171018
v 0.015422 1.178804 0.169286
v 0.018422 1.178804 0.169286
v 0.016922 1.178000 0.171018
v 0.055558 1.263200 0.173670
v 0.055079 1.260000 0.170506
v 0.055558 1.256800 0.173670
v 0.056038 1.260000 0.176834
v 0.043330 1.262153 0.175524
v 0.045192 1.260000 0.172006
v 0.048012 1.257847 0.174814
v 0.046151 1.260000 0.178333
v 0.045671 1.249000 0.178369
v 0.042471 1.249000 0.175169
v 0.045671 1.249000 0.171969
v 0.048871 1.249000 0.175169
v 0.055558 1.260000 0.173670
v 0.045671 1.249000 0.175169
v 0.042321 1.270000 0.170710
v 0.045321 1.269196 0.170710
v 0.043821 1.269196 0.172442
v 0.040821 1.269196 0.172442
v 0.039321 1.269196 0.170710
v 0.040821 1.269196 0.168978
v 0.043821 1.269196 0.168978
v 0.047517 1.267000 0.170710
v 0.044919 1.267000 0.173710
v 0.039723 1.267000 0.173710
v 0.037125 1.267000 0.170710
v 0.039723 1.267000 0.167710
v 0.044919 1.267000 0.167710
v 0.048321 1.264000 0.170710
v 0.045321 1.264000 0.174174
v 0.039321 1.264000 0.174174
v 0.036321 1.264000 0.170710
v 0.039321 1.264000 0.167246
v 0.045321 1.264000 0.167246
v 0.047517 1.261000 0.170710
v 0.044919 1.261000 0.173710
v 0.039723 1.261000 0.173710
v 0.037125 1.261000 0.170710
v 0.039723 1.261000 0.167710
v 0.044919 1.261000 0.167710
v 0.045321 1.258804 0.170710
v 0.043821 1.258804 0.172442
v 0.040821 1.258804 0.172442
v 0.039321 1.258804 0.170710
v 0.040821 1.258804 0.168978
v 0.043821 1.258804 0.168978
v 0.042321 1.258000 0.170710
v -0.084265 1.510500 0.063829
v -0.081865 1.510500 0.061429
v -0.084265 1.510500 0.059029
v -0.086665 1.510500 0.061429
v -0.084265 1.521500 0.063829
v -0.081865 1.521500 0.061429
v -0.084265 1.521500 0.059029
v -0.086665 1.521500 0.061429
v -0.084265 1.510500 0.061429
v -0.084265 1.521500 0.061429
v -0.073265 1.510500 0.063829
v -0.070865 1.510500 0.061429
v -0.073265 1.510500 0.059029
v -0.075665 1.510500 0.061429
v -0.073265 1.521500 0.063829
v -0.070865 1.521500 0.061429
v -0.073265 1.521500 0.059029
v -0.075665 1.521500 0.061429
v -0.073265 1.510500 0.061429
v -0.073265 1.521500 0.061429
v -0.084265 1.523900 0.061429
v -0.084265 1.521500 0.063829
v -0.084265 1.519100 0.061429
v -0.084265 1.521500 0.059029
v -0.073265 1.523900 0.061429
v -0.073265 1.521500 0.063829
v -0.073265 1.519100 0.061429
v -0.073265 1.521500 0.059029
v -0.084265 1.521500 0.061429
v -0.073265 1.521500 0.061429
v 1.490074 0.317498 0.168336
v 1.493574 0.316561 0.168336
v 1.491824 0.316561 0.170501
v 1.488324 0.316561 0.170501
v 1.486574 0.316561 0.168336
v 1.488324 0.316561 0.166171
v 1.491824 0.316561 0.166171
v 1.496137 0.313998 0.168336
v 1.493106 0.313998 0.172086
v 1.487043 0.313998 0.172086
v 1.484012 0.313998 0.168336
v 1.487043 0.313998 0.164586
v 1.493106 0.313998 0.164586
v 1.497074 0.310498 0.168336
v 1.493574 0.310498 0.172666
v 1.486574 0.310498 0.172666
v 1.483074 0.310498 0.168336
v 1.486574 0.310498 0.164006
v 1.493574 0.310498 0.164006
v 1.496137 0.306998 0.168336
v 1.493106 0.306998 0.172086
v 1.487043 0.306998 0.172086
v 1.484012 0.306998 0.168336
v 1.487043 0.306998 0.164586
v 1.493106 0.306998 0.164586
v 1.493574 0.304436 0.168336
v 1.491824 0.304436 0.170501
v 1.488324 0.304436 0.170501
v 1.486574 0.304436 0.168336
v 1.488324 0.304436 0.166171
v 1.491824 0.304436 0.166171
v 1.490074 0.303498 0.168336
v 1.490451 0.317498 0.168336
v 1.493951 0.316561 0.168336
v 1.492201 0.316561 0.170501
v 1.488701 0.316561 0.170501
v 1.486951 0.316561 0.168336
v 1.488701 0.316561 0.166171
v 1.492201 0.316561 0.166171
v 1.496513 0.313998 0.168336
v 1.493482 0.313998 0.172086
v 1.487420 0.313998 0.172086
v 1.484389 0.313998 0.168336
v 1.487420 0.313998 0.164586
v 1.493482 0.313998 0.164586
v 1.497451 0.310498 0.168336
v 1.493951 0.310498 0.172666
v 1.486951 0.310498 0.172666
v 1.483451 0.310498 0.168336
v 1.486951 0.310498 0.164006
v 1.493951 0.310498 0.164006
v 1.496513 0.306998 0.168336
v 1.493482 0.306998 0.172086
v 1.487420 0.306998 0.172086
v 1.484389 0.306998 0.168336
v 1.487420 0.306998 0.164586
v 1.493482 0.306998 0.164586
v 1.493951 0.304436 0.168336
v 1.492201 0.304436 0.170501
v 1.488701 0.304436 0.170501
v 1.486951 0.304436 0.168336
v 1.488701 0.304436 0.166171
v 1.492201 0.304436 0.166171
v 1.490451 0.303498 0.168336
v 0.455500 1.038000 0.034000
v 0.452000 1.038000 0.030500
v 0.448500 1.038000 0.034000
v 0.452000 1.038000 0.037500
v 0.455500 1.058000 0.034000
v 0.452000 1.058000 0.030500
v 0.448500 1.058000 0.034000
v 0.452000 1.058000 0.037500
v 0.452000 1.038000 0.034000
v 0.452000 1.058000 0.034000
v 0.447000 1.038000 0.034000
v 0.444000 1.038000 0.031000
v 0.441000 1.038000 0.034000
v 0.444000 1.038000 0.037000
v 0.447000 1.058000 0.034000
v 0.444000 1.058000 0.031000
v 0.441000 1.058000 0.034000
v 0.444000 1.058000 0.037000
v 0.444000 1.038000 0.034000
v 0.444000 1.058000 0.034000
v 0.107222 1.036980 0.172075
v 0.112222 1.036980 0.167075
v 0.107222 1.036980 0.162075
v 0.102222 1.036980 0.167075
v 0.107222 1.088980 0.172075
v 0.112222 1.088980 0.167075
v 0.107222 1.088980 0.162075
v 0.102222 1.088980 0.167075
v 0.107222 1.036980 0.167075
v 0.107222 1.088980 0.167075
v 0.063988 1.036980 0.192926
v 0.068988 1.036980 0.187926
v 0.063988 1.036980 0.182926
v 0.058988 1.036980 0.187926
v 0.063988 1.088980 0.192926
v 0.068988 1.088980 0.187926
v 0.063988 1.088980 0.182926
v 0.058988 1.088980 0.187926
v 0.063988 1.036980 0.187926
v 0.063988 1.088980 0.187926
v 0.084868 1.041913 0.177856
v 0.083433 1.036980 0.172997
v 0.086342 1.032047 0.177145
v 0.087777 1.036980 0.182004
v 0.063251 1.037933 0.188282
v 0.061816 1.033000 0.183423
v 0.064724 1.028067 0.187571
v 0.066160 1.033000 0.192430
v 0.085605 1.036980 0.177501
v 0.063988 1.033000 0.187926
v 0.084868 1.093913 0.177856
v 0.083433 1.088980 0.172997
v 0.086342 1.084047 0.177145
v 0.087777 1.088980 0.182004
v 0.063251 1.089933 0.188282
v 0.061816 1.085000 0.183423
v 0.064724 1.080067 0.187571
v 0.066160 1.085000 0.192430
v 0.085605 1.088980 0.177501
v 0.063988 1.085000 0.187926
v 0.085919 1.036483 0.177349
v 0.084084 1.033000 0.174348
v 0.085291 1.029517 0.177652
v 0.087125 1.033000 0.180653
v 0.067904 1.038483 0.186037
v 0.066070 1.035000 0.183036
v 0.067277 1.031517 0.186340
v 0.069111 1.035000 0.189341
v 0.085605 1.033000 0.177501
v 0.067590 1.035000 0.186189
v 0.065150 1.005688 0.179280
v 0.067292 1.003488 0.178779
v 0.065150 1.001288 0.179280
v 0.063008 1.003488 0.179782
v 0.067248 0.996488 0.188238
v 0.068888 0.996488 0.185595
v 0.066245 0.996488 0.183954
v 0.064604 0.996488 0.186598
v 0.065150 0.987288 0.179280
v 0.067292 0.989488 0.178779
v 0.065150 0.991688 0.179280
v 0.063008 0.989488 0.179782
v 0.063053 0.996488 0.170323
v 0.065697 0.996488 0.171963
v 0.064056 0.996488 0.174607
v 0.061412 0.996488 0.172966
v -0.234462 0.948874 -0.148533
v -0.230962 0.947936 -0.148533
v -0.232712 0.947936 -0.146801
v -0.236212 0.947936 -0.146801
v -0.237962 0.947936 -0.148533
v -0.236212 0.947936 -0.150265
v -0.232712 0.947936 -0.150265
v -0.228400 0.945374 -0.148533
v -0.231431 0.945374 -0.145533
v -0.237493 0.945374 -0.145533
v -0.240524 0.945374 -0.148533
v -0.237493 0.945374 -0.151533
v -0.231431 0.945374 -0.151533
v -0.227462 0.941874 -0.148533
v -0.230962 0.941874 -0.145069
v -0.237962 0.941874 -0.145069
v -0.241462 0.941874 -0.148533
v -0.237962 0.941874 -0.151997
v -0.230962 0.941874 -0.151997
v -0.228400 0.938374 -0.148533
v -0.231431 0.938374 -0.145533
v -0.237493 0.938374 -0.145533
v -0.240524 0.938374 -0.148533
v -0.237493 0.938374 -0.151533
v -0.231431 0.938374 -0.151533
v -0.230962 0.935812 -0.148533
v -0.232712 0.935812 -0.146801
v -0.236212 0.935812 -0.146801
v -0.237962 0.935812 -0.148533
v -0.236212 0.935812 -0.150265
v -0.232712 0.935812 -0.150265
v -0.234462 0.934874 -0.148533
v 0.186677 0.925895 -0.141697
v 0.184233 0.922695 -0.143762
v 0.186677 0.919495 -0.141697
v 0.189122 0.922695 -0.139631
v 0.199070 0.906695 -0.156362
v 0.194560 0.906695 -0.155983
v 0.194939 0.906695 -0.151474
v 0.199449 0.906695 -0.151852
v 0.186677 0.887495 -0.141697
v 0.184233 0.890695 -0.143762
v 0.186677 0.893895 -0.141697
v 0.189122 0.890695 -0.139631
v 0.174285 0.906695 -0.127031
v 0.173906 0.906695 -0.131541
v 0.178416 0.906695 -0.131920
v 0.178795 0.906695 -0.127410
v -0.035136 1.199950 0.176384
v -0.036366 1.199009 0.182556
v -0.036182 1.192715 0.181633
v -0.034952 1.193656 0.175461
v -0.063146 1.190885 0.177643
v -0.061101 1.191004 0.183668
v -0.057644 1.185769 0.182598
v -0.059688 1.185651 0.176573
v -0.077368 1.169000 0.191319
v -0.073661 1.171676 0.195746
v -0.068541 1.169000 0.193077
v -0.072248 1.166324 0.188650
v -0.069472 1.147115 0.209402
v -0.066688 1.152349 0.211715
v -0.062491 1.152231 0.206933
v -0.065275 1.146996 0.204619
v -0.044083 1.138050 0.221298
v -0.044267 1.144344 0.222221
v -0.043038 1.145285 0.216048
v -0.042854 1.138991 0.215125
v -0.016074 1.147115 0.220039
v -0.019532 1.152349 0.221109
v -0.021576 1.152231 0.215083
v -0.018118 1.146996 0.214013
v -0.001852 1.169000 0.206362
v -0.006972 1.171676 0.209031
v -0.010678 1.169000 0.204604
v -0.005558 1.166324 0.201935
v -0.009748 1.190885 0.188280
v -0.013945 1.191004 0.193062
v -0.016728 1.185769 0.190749
v -0.012531 1.185651 0.185966
v -0.044765 1.190508 0.186762
v -0.043038 1.189444 0.190808
v -0.043456 1.185045 0.189830
v -0.045182 1.186109 0.185784
v -0.062260 1.179754 0.201368
v -0.058311 1.180056 0.203559
v -0.056507 1.177023 0.200726
v -0.060455 1.176721 0.198535
v -0.057104 1.158246 0.213447
v -0.053811 1.161279 0.214104
v -0.052661 1.160977 0.209737
v -0.055955 1.157944 0.209080
v -0.034455 1.147492 0.210919
v -0.034037 1.151891 0.211897
v -0.035764 1.152955 0.207852
v -0.036181 1.148556 0.206874
v -0.016960 1.158246 0.196313
v -0.018764 1.161279 0.199146
v -0.022712 1.160977 0.196955
v -0.020908 1.157944 0.194122
v -0.022115 1.179754 0.184235
v -0.023265 1.180056 0.188601
v -0.026558 1.177023 0.187944
v -0.025409 1.176721 0.183578
v -0.056282 1.171000 0.195520
v -0.056673 1.169000 0.197481
v -0.056282 1.167000 0.195520
v -0.055891 1.169000 0.193558
v -0.039698 1.171598 0.198819
v -0.040238 1.169000 0.201364
v -0.039522 1.166402 0.198863
v -0.038982 1.169000 0.196318
v -0.023385 1.172185 0.203699
v -0.023825 1.170190 0.205655
v -0.023118 1.168194 0.203779
v -0.022678 1.170190 0.201823
v -0.056282 1.169000 0.195520
v -0.023251 1.170190 0.203739
v -0.040866 1.179758 0.205148
v -0.037866 1.178954 0.205148
v -0.039366 1.178954 0.206880
v -0.042366 1.178954 0.206880
v -0.043866 1.178954 0.205148
v -0.042366 1.178954 0.203416
v -0.039366 1.178954 0.203416
v -0.035670 1.176758 0.205148
v -0.038268 1.176758 0.208148
v -0.043464 1.176758 0.208148
v -0.046062 1.176758 0.205148
v -0.043464 1.176758 0.202148
v -0.038268 1.176758 0.202148
v -0.034866 1.173758 0.205148
v -0.037866 1.173758 0.208612
v -0.043866 1.173758 0.208612
v -0.046866 1.173758 0.205148
v -0.043866 1.173758 0.201684
v -0.037866 1.173758 0.201684
v -0.035670 1.170758 0.205148
v -0.038268 1.170758 0.208148
v -0.043464 1.170758 0.208148
v -0.046062 1.170758 0.205148
v -0.043464 1.170758 0.202148
v -0.038268 1.170758 0.202148
v -0.037866 1.168562 0.205148
v -0.039366 1.168562 0.206880
v -0.042366 1.168562 0.206880
v -0.043866 1.168562 0.205148
v -0.042366 1.168562 0.203416
v -0.039366 1.168562 0.203416
v -0.040866 1.167758 0.205148
v -0.037265 1.219000 0.187072
v -0.035265 1.217000 0.187072
v -0.037265 1.215000 0.187072
v -0.039265 1.217000 0.187072
v -0.037265 1.209000 0.197072
v -0.035265 1.209000 0.195072
v -0.037265 1.209000 0.193072
v -0.039265 1.209000 0.195072
v -0.037265 1.199000 0.187072
v -0.035265 1.201000 0.187072
v -0.037265 1.203000 0.187072
v -0.039265 1.201000 0.187072
v -0.037265 1.209000 0.177072
v -0.035265 1.209000 0.179072
v -0.037265 1.209000 0.181072
v -0.039265 1.209000 0.179072
usemtl AgedBrass
f 12394 12395 12398
f 12395 12399 12398
f 12395 12396 12399
f 12396 12400 12399
f 12396 12397 12400
f 12397 12401 12400
f 12397 12394 12401
f 12394 12398 12401
f 12396 12395 12394
f 12396 12396 12395
f 12396 12397 12396
f 12396 12394 12397
f 12397 12398 12399
f 12397 12399 12400
f 12397 12400 12401
f 12397 12401 12398
f 12404 12405 12408
f 12405 12409 12408
f 12405 12406 12409
f 12406 12410 12409
f 12406 12407 12410
f 12407 12411 12410
f 12407 12404 12411
f 12404 12408 12411
f 12406 12405 12404
f 12406 12406 12405
f 12406 12407 12406
f 12406 12404 12407
f 12407 12408 12409
f 12407 12409 12410
f 12407 12410 12411
f 12407 12411 12408
f 12414 12415 12418
f 12415 12419 12418
f 12415 12416 12419
f 12416 12420 12419
f 12416 12417 12420
f 12417 12421 12420
f 12417 12414 12421
f 12414 12418 12421
f 12416 12415 12414
f 12416 12416 12415
f 12416 12417 12416
f 12416 12414 12417
f 12417 12418 12419
f 12417 12419 12420
f 12417 12420 12421
f 12417 12421 12418
f 12424 12425 12428
f 12425 12429 12428
f 12425 12426 12429
f 12426 12430 12429
f 12426 12427 12430
f 12427 12431 12430
f 12427 12424 12431
f 12424 12428 12431
f 12426 12425 12424
f 12426 12426 12425
f 12426 12427 12426
f 12426 12424 12427
f 12427 12428 12429
f 12427 12429 12430
f 12427 12430 12431
f 12427 12431 12428
f 12434 12436 12435
f 12434 12437 12436
f 12434 12438 12437
f 12434 12439 12438
f 12434 12440 12439
f 12434 12435 12440
f 12436 12441 12435
f 12442 12441 12436
f 12437 12442 12436
f 12443 12442 12437
f 12438 12443 12437
f 12444 12443 12438
f 12439 12444 12438
f 12445 12444 12439
f 12440 12445 12439
f 12446 12445 12440
f 12435 12446 12440
f 12441 12446 12435
f 12442 12447 12441
f 12448 12447 12442
f 12443 12448 12442
f 12449 12448 12443
f 12444 12449 12443
f 12450 12449 12444
f 12445 12450 12444
f 12451 12450 12445
f 12446 12451 12445
f 12452 12451 12446
f 12441 12452 12446
f 12447 12452 12441
f 12448 12453 12447
f 12454 12453 12448
f 12449 12454 12448
f 12455 12454 12449
f 12450 12455 12449
f 12456 12455 12450
f 12451 12456 12450
f 12457 12456 12451
f 12452 12457 12451
f 12458 12457 12452
f 12447 12458 12452
f 12453 12458 12447
f 12454 12459 12453
f 12460 12459 12454
f 12455 12460 12454
f 12461 12460 12455
f 12456 12461 12455
f 12462 12461 12456
f 12457 12462 12456
f 12463 12462 12457
f 12458 12463 12457
f 12464 12463 12458
f 12453 12464 12458
f 12459 12464 12453
f 12460 12465 12459
f 12461 12465 12460
f 12462 12465 12461
f 12463 12465 12462
f 12464 12465 12463
f 12459 12465 12464
f 12466 12467 12470
f 12467 12471 12470
f 12467 12468 12471
f 12468 12472 12471
f 12468 12469 12472
f 12469 12473 12472
f 12469 12466 12473
f 12466 12470 12473
f 12468 12467 12466
f 12468 12468 12467
f 12468 12469 12468
f 12468 12466 12469
f 12469 12470 12471
f 12469 12471 12472
f 12469 12472 12473
f 12469 12473 12470
f 12476 12477 12480
f 12477 12481 12480
f 12477 12478 12481
f 12478 12482 12481
f 12478 12479 12482
f 12479 12483 12482
f 12479 12476 12483
f 12476 12480 12483
f 12478 12477 12476
f 12478 12478 12477
f 12478 12479 12478
f 12478 12476 12479
f 12479 12480 12481
f 12479 12481 12482
f 12479 12482 12483
f 12479 12483 12480
f 12486 12487 12490
f 12487 12491 12490
f 12487 12488 12491
f 12488 12492 12491
f 12488 12489 12492
f 12489 12493 12492
f 12489 12486 12493
f 12486 12490 12493
f 12490 12491 12494
f 12491 12495 12494
f 12491 12492 12495
f 12492 12496 12495
f 12492 12493 12496
f 12493 12497 12496
f 12493 12490 12497
f 12490 12494 12497
f 12489 12487 12486
f 12489 12488 12487
f 12489 12489 12488
f 12489 12486 12489
f 12490 12494 12495
f 12490 12495 12496
f 12490 12496 12497
f 12490 12497 12494
f 12500 12502 12501
f 12500 12503 12502
f 12500 12504 12503
f 12500 12505 12504
f 12500 12506 12505
f 12500 12501 12506
f 12502 12507 12501
f 12508 12507 12502
f 12503 12508 12502
f 12509 12508 12503
f 12504 12509 12503
f 12510 12509 12504
f 12505 12510 12504
f 12511 12510 12505
f 12506 12511 12505
f 12512 12511 12506
f 12501 12512 12506
f 12507 12512 12501
f 12508 12513 12507
f 12514 12513 12508
f 12509 12514 12508
f 12515 12514 12509
f 12510 12515 12509
f 12516 12515 12510
f 12511 12516 12510
f 12517 12516 12511
f 12512 12517 12511
f 12518 12517 12512
f 12507 12518 12512
f 12513 12518 12507
f 12514 12519 12513
f 12520 12519 12514
f 12515 12520 12514
f 12521 12520 12515
f 12516 12521 12515
f 12522 12521 12516
f 12517 12522 12516
f 12523 12522 12517
f 12518 12523 12517
f 12524 12523 12518
f 12513 12524 12518
f 12519 12524 12513
f 12520 12525 12519
f 12526 12525 12520
f 12521 12526 12520
f 12527 12526 12521
f 12522 12527 12521
f 12528 12527 12522
f 12523 12528 12522
f 12529 12528 12523
f 12524 12529 12523
f 12530 12529 12524
f 12519 12530 12524
f 12525 12530 12519
f 12526 12531 12525
f 12527 12531 12526
f 12528 12531 12527
f 12529 12531 12528
f 12530 12531 12529
f 12525 12531 12530
f 12532 12533 12536
f 12533 12537 12536
f 12533 12534 12537
f 12534 12538 12537
f 12534 12535 12538
f 12535 12539 12538
f 12535 12532 12539
f 12532 12536 12539
f 12536 12537 12540
f 12537 12541 12540
f 12537 12538 12541
f 12538 12542 12541
f 12538 12539 12542
f 12539 12543 12542
f 12539 12536 12543
f 12536 12540 12543
f 12535 12533 12532
f 12535 12534 12533
f 12535 12535 12534
f 12535 12532 12535
f 12536 12540 12541
f 12536 12541 12542
f 12536 12542 12543
f 12536 12543 12540
f 12546 12548 12547
f 12546 12549 12548
f 12546 12550 12549
f 12546 12551 12550
f 12546 12552 12551
f 12546 12547 12552
f 12548 12553 12547
f 12554 12553 12548
f 12549 12554 12548
f 12555 12554 12549
f 12550 12555 12549
f 12556 12555 12550
f 12551 12556 12550
f 12557 12556 12551
f 12552 12557 12551
f 12558 12557 12552
f 12547 12558 12552
f 12553 12558 12547
f 12554 12559 12553
f 12560 12559 12554
f 12555 12560 12554
f 12561 12560 12555
f 12556 12561 12555
f 12562 12561 12556
f 12557 12562 12556
f 12563 12562 12557
f 12558 12563 12557
f 12564 12563 12558
f 12553 12564 12558
f 12559 12564 12553
f 12560 12565 12559
f 12566 12565 12560
f 12561 12566 12560
f 12567 12566 12561
f 12562 12567 12561
f 12568 12567 12562
f 12563 12568 12562
f 12569 12568 12563
f 12564 12569 12563
f 12570 12569 12564
f 12559 12570 12564
f 12565 12570 12559
f 12566 12571 12565
f 12572 12571 12566
f 12567 12572 12566
f 12573 12572 12567
f 12568 12573 12567
f 12574 12573 12568
f 12569 12574 12568
f 12575 12574 12569
f 12570 12575 12569
f 12576 12575 12570
f 12565 12576 12570
f 12571 12576 12565
f 12572 12577 12571
f 12573 12577 12572
f 12574 12577 12573
f 12575 12577 12574
f 12576 12577 12575
f 12571 12577 12576
f 12578 12579 12582
f 12579 12583 12582
f 12579 12580 12583
f 12580 12584 12583
f 12580 12581 12584
f 12581 12585 12584
f 12581 12578 12585
f 12578 12582 12585
f 12582 12583 12586
f 12583 12587 12586
f 12583 12584 12587
f 12584 12588 12587
f 12584 12585 12588
f 12585 12589 12588
f 12585 12582 12589
f 12582 12586 12589
f 12581 12579 12578
f 12581 12580 12579
f 12581 12581 12580
f 12581 12578 12581
f 12582 12586 12587
f 12582 12587 12588
f 12582 12588 12589
f 12582 12589 12586
f 12592 12594 12593
f 12592 12595 12594
f 12592 12596 12595
f 12592 12597 12596
f 12592 12598 12597
f 12592 12593 12598
f 12594 12599 12593
f 12600 12599 12594
f 12595 12600 12594
f 12601 12600 12595
f 12596 12601 12595
f 12602 12601 12596
f 12597 12602 12596
f 12603 12602 12597
f 12598 12603 12597
f 12604 12603 12598
f 12593 12604 12598
f 12599 12604 12593
f 12600 12605 12599
f 12606 12605 12600
f 12601 12606 12600
f 12607 12606 12601
f 12602 12607 12601
f 12608 12607 12602
f 12603 12608 12602
f 12609 12608 12603
f 12604 12609 12603
f 12610 12609 12604
f 12599 12610 12604
f 12605 12610 12599
f 12606 12611 12605
f 12612 12611 12606
f 12607 12612 12606
f 12613 12612 12607
f 12608 12613 12607
f 12614 12613 12608
f 12609 12614 12608
f 12615 12614 12609
f 12610 12615 12609
f 12616 12615 12610
f 12605 12616 12610
f 12611 12616 12605
f 12612 12617 12611
f 12618 12617 12612
f 12613 12618 12612
f 12619 12618 12613
f 12614 12619 12613
f 12620 12619 12614
f 12615 12620 12614
f 12621 12620 12615
f 12616 12621 12615
f 12622 12621 12616
f 12611 12622 12616
f 12617 12622 12611
f 12618 12623 12617
f 12619 12623 12618
f 12620 12623 12619
f 12621 12623 12620
f 12622 12623 12621
f 12617 12623 12622
f 12624 12625 12628
f 12625 12629 12628
f 12625 12626 12629
f 12626 12630 12629
f 12626 12627 12630
f 12627 12631 12630
f 12627 12624 12631
f 12624 12628 12631
f 12628 12629 12632
f 12629 12633 12632
f 12629 12630 12633
f 12630 12634 12633
f 12630 12631 12634
f 12631 12635 12634
f 12631 12628 12635
f 12628 12632 12635
f 12627 12625 12624
f 12627 12626 12625
f 12627 12627 12626
f 12627 12624 12627
f 12628 12632 12633
f 12628 12633 12634
f 12628 12634 12635
f 12628 12635 12632
f 12638 12640 12639
f 12638 12641 12640
f 12638 12642 12641
f 12638 12643 12642
f 12638 12644 12643
f 12638 12639 12644
f 12640 12645 12639
f 12646 12645 12640
f 12641 12646 12640
f 12647 12646 12641
f 12642 12647 12641
f 12648 12647 12642
f 12643 12648 12642
f 12649 12648 12643
f 12644 12649 12643
f 12650 12649 12644
f 12639 12650 12644
f 12645 12650 12639
f 12646 12651 12645
f 12652 12651 12646
f 12647 12652 12646
f 12653 12652 12647
f 12648 12653 12647
f 12654 12653 12648
f 12649 12654 12648
f 12655 12654 12649
f 12650 12655 12649
f 12656 12655 12650
f 12645 12656 12650
f 12651 12656 12645
f 12652 12657 12651
f 12658 12657 12652
f 12653 12658 12652
f 12659 12658 12653
f 12654 12659 12653
f 12660 12659 12654
f 12655 12660 12654
f 12661 12660 12655
f 12656 12661 12655
f 12662 12661 12656
f 12651 12662 12656
f 12657 12662 12651
f 12658 12663 12657
f 12664 12663 12658
f 12659 12664 12658
f 12665 12664 12659
f 12660 12665 12659
f 12666 12665 12660
f 12661 12666 12660
f 12667 12666 12661
f 12662 12667 12661
f 12668 12667 12662
f 12657 12668 12662
f 12663 12668 12657
f 12664 12669 12663
f 12665 12669 12664
f 12666 12669 12665
f 12667 12669 12666
f 12668 12669 12667
f 12663 12669 12668
f 12670 12671 12674
f 12671 12675 12674
f 12671 12672 12675
f 12672 12676 12675
f 12672 12673 12676
f 12673 12677 12676
f 12673 12670 12677
f 12670 12674 12677
f 12672 12671 12670
f 12672 12672 12671
f 12672 12673 12672
f 12672 12670 12673
f 12673 12674 12675
f 12673 12675 12676
f 12673 12676 12677
f 12673 12677 12674
f 12680 12681 12684
f 12681 12685 12684
f 12681 12682 12685
f 12682 12686 12685
f 12682 12683 12686
f 12683 12687 12686
f 12683 12680 12687
f 12680 12684 12687
f 12682 12681 12680
f 12682 12682 12681
f 12682 12683 12682
f 12682 12680 12683
f 12683 12684 12685
f 12683 12685 12686
f 12683 12686 12687
f 12683 12687 12684
f 12690 12691 12694
f 12691 12695 12694
f 12691 12692 12695
f 12692 12696 12695
f 12692 12693 12696
f 12693 12697 12696
f 12693 12690 12697
f 12690 12694 12697
f 12692 12691 12690
f 12692 12692 12691
f 12692 12693 12692
f 12692 12690 12693
f 12693 12694 12695
f 12693 12695 12696
f 12693 12696 12697
f 12693 12697 12694
f 12700 12702 12701
f 12700 12703 12702
f 12700 12704 12703
f 12700 12705 12704
f 12700 12706 12705
f 12700 12701 12706
f 12702 12707 12701
f 12708 12707 12702
f 12703 12708 12702
f 12709 12708 12703
f 12704 12709 12703
f 12710 12709 12704
f 12705 12710 12704
f 12711 12710 12705
f 12706 12711 12705
f 12712 12711 12706
f 12701 12712 12706
f 12707 12712 12701
f 12708 12713 12707
f 12714 12713 12708
f 12709 12714 12708
f 12715 12714 12709
f 12710 12715 12709
f 12716 12715 12710
f 12711 12716 12710
f 12717 12716 12711
f 12712 12717 12711
f 12718 12717 12712
f 12707 12718 12712
f 12713 12718 12707
f 12714 12719 12713
f 12720 12719 12714
f 12715 12720 12714
f 12721 12720 12715
f 12716 12721 12715
f 12722 12721 12716
f 12717 12722 12716
f 12723 12722 12717
f 12718 12723 12717
f 12724 12723 12718
f 12713 12724 12718
f 12719 12724 12713
f 12720 12725 12719
f 12726 12725 12720
f 12721 12726 12720
f 12727 12726 12721
f 12722 12727 12721
f 12728 12727 12722
f 12723 12728 12722
f 12729 12728 12723
f 12724 12729 12723
f 12730 12729 12724
f 12719 12730 12724
f 12725 12730 12719
f 12726 12731 12725
f 12727 12731 12726
f 12728 12731 12727
f 12729 12731 12728
f 12730 12731 12729
f 12725 12731 12730
f 12732 12734 12733
f 12732 12735 12734
f 12732 12736 12735
f 12732 12737 12736
f 12732 12738 12737
f 12732 12733 12738
f 12734 12739 12733
f 12740 12739 12734
f 12735 12740 12734
f 12741 12740 12735
f 12736 12741 12735
f 12742 12741 12736
f 12737 12742 12736
f 12743 12742 12737
f 12738 12743 12737
f 12744 12743 12738
f 12733 12744 12738
f 12739 12744 12733
f 12740 12745 12739
f 12746 12745 12740
f 12741 12746 12740
f 12747 12746 12741
f 12742 12747 12741
f 12748 12747 12742
f 12743 12748 12742
f 12749 12748 12743
f 12744 12749 12743
f 12750 12749 12744
f 12739 12750 12744
f 12745 12750 12739
f 12746 12751 12745
f 12752 12751 12746
f 12747 12752 12746
f 12753 12752 12747
f 12748 12753 12747
f 12754 12753 12748
f 12749 12754 12748
f 12755 12754 12749
f 12750 12755 12749
f 12756 12755 12750
f 12745 12756 12750
f 12751 12756 12745
f 12752 12757 12751
f 12758 12757 12752
f 12753 12758 12752
f 12759 12758 12753
f 12754 12759 12753
f 12760 12759 12754
f 12755 12760 12754
f 12761 12760 12755
f 12756 12761 12755
f 12762 12761 12756
f 12751 12762 12756
f 12757 12762 12751
f 12758 12763 12757
f 12759 12763 12758
f 12760 12763 12759
f 12761 12763 12760
f 12762 12763 12761
f 12757 12763 12762
f 12764 12765 12768
f 12765 12769 12768
f 12765 12766 12769
f 12766 12770 12769
f 12766 12767 12770
f 12767 12771 12770
f 12767 12764 12771
f 12764 12768 12771
f 12766 12765 12764
f 12766 12766 12765
f 12766 12767 12766
f 12766 12764 12767
f 12767 12768 12769
f 12767 12769 12770
f 12767 12770 12771
f 12767 12771 12768
f 12774 12775 12778
f 12775 12779 12778
f 12775 12776 12779
f 12776 12780 12779
f 12776 12777 12780
f 12777 12781 12780
f 12777 12774 12781
f 12774 12778 12781
f 12776 12775 12774
f 12776 12776 12775
f 12776 12777 12776
f 12776 12774 12777
f 12777 12778 12779
f 12777 12779 12780
f 12777 12780 12781
f 12777 12781 12778
f 12784 12785 12788
f 12785 12789 12788
f 12785 12786 12789
f 12786 12790 12789
f 12786 12787 12790
f 12787 12791 12790
f 12787 12784 12791
f 12784 12788 12791
f 12786 12785 12784
f 12786 12786 12785
f 12786 12787 12786
f 12786 12784 12787
f 12787 12788 12789
f 12787 12789 12790
f 12787 12790 12791
f 12787 12791 12788
f 12794 12795 12798
f 12795 12799 12798
f 12795 12796 12799
f 12796 12800 12799
f 12796 12797 12800
f 12797 12801 12800
f 12797 12794 12801
f 12794 12798 12801
f 12796 12795 12794
f 12796 12796 12795
f 12796 12797 12796
f 12796 12794 12797
f 12797 12798 12799
f 12797 12799 12800
f 12797 12800 12801
f 12797 12801 12798
f 12804 12805 12808
f 12805 12809 12808
f 12805 12806 12809
f 12806 12810 12809
f 12806 12807 12810
f 12807 12811 12810
f 12807 12804 12811
f 12804 12808 12811
f 12806 12805 12804
f 12806 12806 12805
f 12806 12807 12806
f 12806 12804 12807
f 12807 12808 12809
f 12807 12809 12810
f 12807 12810 12811
f 12807 12811 12808
f 12814 12815 12818
f 12815 12819 12818
f 12815 12816 12819
f 12816 12820 12819
f 12816 12817 12820
f 12817 12821 12820
f 12817 12814 12821
f 12814 12818 12821
f 12816 12815 12814
f 12816 12816 12815
f 12816 12817 12816
f 12816 12814 12817
f 12817 12818 12819
f 12817 12819 12820
f 12817 12820 12821
f 12817 12821 12818
f 12824 12825 12828
f 12825 12829 12828
f 12825 12826 12829
f 12826 12830 12829
f 12826 12827 12830
f 12827 12831 12830
f 12827 12824 12831
f 12824 12828 12831
f 12826 12825 12824
f 12826 12826 12825
f 12826 12827 12826
f 12826 12824 12827
f 12827 12828 12829
f 12827 12829 12830
f 12827 12830 12831
f 12827 12831 12828
f 12834 12835 12838
f 12835 12839 12838
f 12835 12836 12839
f 12836 12840 12839
f 12836 12837 12840
f 12837 12841 12840
f 12837 12834 12841
f 12834 12838 12841
f 12838 12839 12842
f 12839 12843 12842
f 12839 12840 12843
f 12840 12844 12843
f 12840 12841 12844
f 12841 12845 12844
f 12841 12838 12845
f 12838 12842 12845
f 12842 12843 12846
f 12843 12847 12846
f 12843 12844 12847
f 12844 12848 12847
f 12844 12845 12848
f 12845 12849 12848
f 12845 12842 12849
f 12842 12846 12849
f 12846 12847 12834
f 12847 12835 12834
f 12847 12848 12835
f 12848 12836 12835
f 12848 12849 12836
f 12849 12837 12836
f 12849 12846 12837
f 12846 12834 12837
f 12850 12852 12851
f 12850 12853 12852
f 12850 12854 12853
f 12850 12855 12854
f 12850 12856 12855
f 12850 12851 12856
f 12852 12857 12851
f 12858 12857 12852
f 12853 12858 12852
f 12859 12858 12853
f 12854 12859 12853
f 12860 12859 12854
f 12855 12860 12854
f 12861 12860 12855
f 12856 12861 12855
f 12862 12861 12856
f 12851 12862 12856
f 12857 12862 12851
f 12858 12863 12857
f 12864 12863 12858
f 12859 12864 12858
f 12865 12864 12859
f 12860 12865 12859
f 12866 12865 12860
f 12861 12866 12860
f 12867 12866 12861
f 12862 12867 12861
f 12868 12867 12862
f 12857 12868 12862
f 12863 12868 12857
f 12864 12869 12863
f 12870 12869 12864
f 12865 12870 12864
f 12871 12870 12865
f 12866 12871 12865
f 12872 12871 12866
f 12867 12872 12866
f 12873 12872 12867
f 12868 12873 12867
f 12874 12873 12868
f 12863 12874 12868
f 12869 12874 12863
f 12870 12875 12869
f 12876 12875 12870
f 12871 12876 12870
f 12877 12876 12871
f 12872 12877 12871
f 12878 12877 12872
f 12873 12878 12872
f 12879 12878 12873
f 12874 12879 12873
f 12880 12879 12874
f 12869 12880 12874
f 12875 12880 12869
f 12876 12881 12875
f 12877 12881 12876
f 12878 12881 12877
f 12879 12881 12878
f 12880 12881 12879
f 12875 12881 12880
f 12882 12883 12886
f 12883 12887 12886
f 12883 12884 12887
f 12884 12888 12887
f 12884 12885 12888
f 12885 12889 12888
f 12885 12882 12889
f 12882 12886 12889
f 12886 12887 12890
f 12887 12891 12890
f 12887 12888 12891
f 12888 12892 12891
f 12888 12889 12892
f 12889 12893 12892
f 12889 12886 12893
f 12886 12890 12893
f 12890 12891 12894
f 12891 12895 12894
f 12891 12892 12895
f 12892 12896 12895
f 12892 12893 12896
f 12893 12897 12896
f 12893 12890 12897
f 12890 12894 12897
f 12894 12895 12882
f 12895 12883 12882
f 12895 12896 12883
f 12896 12884 12883
f 12896 12897 12884
f 12897 12885 12884
f 12897 12894 12885
f 12894 12882 12885
f 12898 12899 12902
f 12899 12903 12902
f 12899 12900 12903
f 12900 12904 12903
f 12900 12901 12904
f 12901 12905 12904
f 12901 12898 12905
f 12898 12902 12905
f 12902 12903 12906
f 12903 12907 12906
f 12903 12904 12907
f 12904 12908 12907
f 12904 12905 12908
f 12905 12909 12908
f 12905 12902 12909
f 12902 12906 12909
f 12906 12907 12910
f 12907 12911 12910
f 12907 12908 12911
f 12908 12912 12911
f 12908 12909 12912
f 12909 12913 12912
f 12909 12906 12913
f 12906 12910 12913
f 12910 12911 12914
f 12911 12915 12914
f 12911 12912 12915
f 12912 12916 12915
f 12912 12913 12916
f 12913 12917 12916
f 12913 12910 12917
f 12910 12914 12917
f 12914 12915 12918
f 12915 12919 12918
f 12915 12916 12919
f 12916 12920 12919
f 12916 12917 12920
f 12917 12921 12920
f 12917 12914 12921
f 12914 12918 12921
f 12918 12919 12922
f 12919 12923 12922
f 12919 12920 12923
f 12920 12924 12923
f 12920 12921 12924
f 12921 12925 12924
f 12921 12918 12925
f 12918 12922 12925
f 12922 12923 12926
f 12923 12927 12926
f 12923 12924 12927
f 12924 12928 12927
f 12924 12925 12928
f 12925 12929 12928
f 12925 12922 12929
f 12922 12926 12929
f 12926 12927 12898
f 12927 12899 12898
f 12927 12928 12899
f 12928 12900 12899
f 12928 12929 12900
f 12929 12901 12900
f 12929 12926 12901
f 12926 12898 12901
f 12930 12931 12934
f 12931 12935 12934
f 12931 12932 12935
f 12932 12936 12935
f 12932 12933 12936
f 12933 12937 12936
f 12933 12930 12937
f 12930 12934 12937
f 12934 12935 12938
f 12935 12939 12938
f 12935 12936 12939
f 12936 12940 12939
f 12936 12937 12940
f 12937 12941 12940
f 12937 12934 12941
f 12934 12938 12941
f 12938 12939 12942
f 12939 12943 12942
f 12939 12940 12943
f 12940 12944 12943
f 12940 12941 12944
f 12941 12945 12944
f 12941 12938 12945
f 12938 12942 12945
f 12942 12943 12946
f 12943 12947 12946
f 12943 12944 12947
f 12944 12948 12947
f 12944 12945 12948
f 12945 12949 12948
f 12945 12942 12949
f 12942 12946 12949
f 12946 12947 12950
f 12947 12951 12950
f 12947 12948 12951
f 12948 12952 12951
f 12948 12949 12952
f 12949 12953 12952
f 12949 12946 12953
f 12946 12950 12953
f 12950 12951 12930
f 12951 12931 12930
f 12951 12952 12931
f 12952 12932 12931
f 12952 12953 12932
f 12953 12933 12932
f 12953 12950 12933
f 12950 12930 12933
f 12954 12955 12958
f 12955 12959 12958
f 12955 12956 12959
f 12956 12960 12959
f 12956 12957 12960
f 12957 12961 12960
f 12957 12954 12961
f 12954 12958 12961
f 12958 12959 12962
f 12959 12963 12962
f 12959 12960 12963
f 12960 12964 12963
f 12960 12961 12964
f 12961 12965 12964
f 12961 12958 12965
f 12958 12962 12965
f 12957 12955 12954
f 12957 12956 12955
f 12957 12957 12956
f 12957 12954 12957
f 12958 12962 12963
f 12958 12963 12964
f 12958 12964 12965
f 12958 12965 12962
f 12968 12970 12969
f 12968 12971 12970
f 12968 12972 12971
f 12968 12973 12972
f 12968 12974 12973
f 12968 12969 12974
f 12970 12975 12969
f 12976 12975 12970
f 12971 12976 12970
f 12977 12976 12971
f 12972 12977 12971
f 12978 12977 12972
f 12973 12978 12972
f 12979 12978 12973
f 12974 12979 12973
f 12980 12979 12974
f 12969 12980 12974
f 12975 12980 12969
f 12976 12981 12975
f 12982 12981 12976
f 12977 12982 12976
f 12983 12982 12977
f 12978 12983 12977
f 12984 12983 12978
f 12979 12984 12978
f 12985 12984 12979
f 12980 12985 12979
f 12986 12985 12980
f 12975 12986 12980
f 12981 12986 12975
f 12982 12987 12981
f 12988 12987 12982
f 12983 12988 12982
f 12989 12988 12983
f 12984 12989 12983
f 12990 12989 12984
f 12985 12990 12984
f 12991 12990 12985
f 12986 12991 12985
f 12992 12991 12986
f 12981 12992 12986
f 12987 12992 12981
f 12988 12993 12987
f 12994 12993 12988
f 12989 12994 12988
f 12995 12994 12989
f 12990 12995 12989
f 12996 12995 12990
f 12991 12996 12990
f 12997 12996 12991
f 12992 12997 12991
f 12998 12997 12992
f 12987 12998 12992
f 12993 12998 12987
f 12994 12999 12993
f 12995 12999 12994
f 12996 12999 12995
f 12997 12999 12996
f 12998 12999 12997
f 12993 12999 12998
f 13000 13001 13004
f 13001 13005 13004
f 13001 13002 13005
f 13002 13006 13005
f 13002 13003 13006
f 13003 13007 13006
f 13003 13000 13007
f 13000 13004 13007
f 13004 13005 13008
f 13005 13009 13008
f 13005 13006 13009
f 13006 13010 13009
f 13006 13007 13010
f 13007 13011 13010
f 13007 13004 13011
f 13004 13008 13011
f 13008 13009 13012
f 13009 13013 13012
f 13009 13010 13013
f 13010 13014 13013
f 13010 13011 13014
f 13011 13015 13014
f 13011 13008 13015
f 13008 13012 13015
f 13012 13013 13000
f 13013 13001 13000
f 13013 13014 13001
f 13014 13002 13001
f 13014 13015 13002
f 13015 13003 13002
f 13015 13012 13003
f 13012 13000 13003
v -0.033000 1.702500 0.052000
v -0.033000 1.701986 0.055245
v -0.031758 1.701986 0.054998
v -0.030706 1.701986 0.054294
v -0.030002 1.701986 0.053242
v -0.029755 1.701986 0.052000
v -0.030002 1.701986 0.050758
v -0.030706 1.701986 0.049706
v -0.031758 1.701986 0.049002
v -0.033000 1.701986 0.048755
v -0.034242 1.701986 0.049002
v -0.035294 1.701986 0.049706
v -0.035998 1.701986 0.050758
v -0.036245 1.701986 0.052000
v -0.035998 1.701986 0.053242
v -0.035294 1.701986 0.054294
v -0.034242 1.701986 0.054998
v -0.033000 1.700495 0.058172
v -0.030638 1.700495 0.057702
v -0.028636 1.700495 0.056364
v -0.027298 1.700495 0.054362
v -0.026828 1.700495 0.052000
v -0.027298 1.700495 0.049638
v -0.028636 1.700495 0.047636
v -0.030638 1.700495 0.046298
v -0.033000 1.700495 0.045828
v -0.035362 1.700495 0.046298
v -0.037364 1.700495 0.047636
v -0.038702 1.700495 0.049638
v -0.039172 1.700495 0.052000
v -0.038702 1.700495 0.054362
v -0.037364 1.700495 0.056364
v -0.035362 1.700495 0.057702
v -0.033000 1.698172 0.060495
v -0.029749 1.698172 0.059848
v -0.026993 1.698172 0.058007
v -0.025152 1.698172 0.055251
v -0.024505 1.698172 0.052000
v -0.025152 1.698172 0.048749
v -0.026993 1.698172 0.045993
v -0.029749 1.698172 0.044152
v -0.033000 1.698172 0.043505
v -0.036251 1.698172 0.044152
v -0.039007 1.698172 0.045993
v -0.040848 1.698172 0.048749
v -0.041495 1.698172 0.052000
v -0.040848 1.698172 0.055251
v -0.039007 1.698172 0.058007
v -0.036251 1.698172 0.059848
v -0.033000 1.695245 0.061986
v -0.029178 1.695245 0.061226
v -0.025939 1.695245 0.059061
v -0.023774 1.695245 0.055822
v -0.023014 1.695245 0.052000
v -0.023774 1.695245 0.048178
v -0.025939 1.695245 0.044939
v -0.029178 1.695245 0.042774
v -0.033000 1.695245 0.042014
v -0.036822 1.695245 0.042774
v -0.040061 1.695245 0.044939
v -0.042226 1.695245 0.048178
v -0.042986 1.695245 0.052000
v -0.042226 1.695245 0.055822
v -0.040061 1.695245 0.059061
v -0.036822 1.695245 0.061226
v -0.033000 1.692000 0.062500
v -0.028982 1.692000 0.061701
v -0.025575 1.692000 0.059425
v -0.023299 1.692000 0.056018
v -0.022500 1.692000 0.052000
v -0.023299 1.692000 0.047982
v -0.025575 1.692000 0.044575
v -0.028982 1.692000 0.042299
v -0.033000 1.692000 0.041500
v -0.037018 1.692000 0.042299
v -0.040425 1.692000 0.044575
v -0.042701 1.692000 0.047982
v -0.043500 1.692000 0.052000
v -0.042701 1.692000 0.056018
v -0.040425 1.692000 0.059425
v -0.037018 1.692000 0.061701
v -0.033000 1.688755 0.061986
v -0.029178 1.688755 0.061226
v -0.025939 1.688755 0.059061
v -0.023774 1.688755 0.055822
v -0.023014 1.688755 0.052000
v -0.023774 1.688755 0.048178
v -0.025939 1.688755 0.044939
v -0.029178 1.688755 0.042774
v -0.033000 1.688755 0.042014
v -0.036822 1.688755 0.042774
v -0.040061 1.688755 0.044939
v -0.042226 1.688755 0.048178
v -0.042986 1.688755 0.052000
v -0.042226 1.688755 0.055822
v -0.040061 1.688755 0.059061
v -0.036822 1.688755 0.061226
v -0.033000 1.685828 0.060495
v -0.029749 1.685828 0.059848
v -0.026993 1.685828 0.058007
v -0.025152 1.685828 0.055251
v -0.024505 1.685828 0.052000
v -0.025152 1.685828 0.048749
v -0.026993 1.685828 0.045993
v -0.029749 1.685828 0.044152
v -0.033000 1.685828 0.043505
v -0.036251 1.685828 0.044152
v -0.039007 1.685828 0.045993
v -0.040848 1.685828 0.048749
v -0.041495 1.685828 0.052000
v -0.040848 1.685828 0.055251
v -0.039007 1.685828 0.058007
v -0.036251 1.685828 0.059848
v -0.033000 1.683505 0.058172
v -0.030638 1.683505 0.057702
v -0.028636 1.683505 0.056364
v -0.027298 1.683505 0.054362
v -0.026828 1.683505 0.052000
v -0.027298 1.683505 0.049638
v -0.028636 1.683505 0.047636
v -0.030638 1.683505 0.046298
v -0.033000 1.683505 0.045828
v -0.035362 1.683505 0.046298
v -0.037364 1.683505 0.047636
v -0.038702 1.683505 0.049638
v -0.039172 1.683505 0.052000
v -0.038702 1.683505 0.054362
v -0.037364 1.683505 0.056364
v -0.035362 1.683505 0.057702
v -0.033000 1.682014 0.055245
v -0.031758 1.682014 0.054998
v -0.030706 1.682014 0.054294
v -0.030002 1.682014 0.053242
v -0.029755 1.682014 0.052000
v -0.030002 1.682014 0.050758
v -0.030706 1.682014 0.049706
v -0.031758 1.682014 0.049002
v -0.033000 1.682014 0.048755
v -0.034242 1.682014 0.049002
v -0.035294 1.682014 0.049706
v -0.035998 1.682014 0.050758
v -0.036245 1.682014 0.052000
v -0.035998 1.682014 0.053242
v -0.035294 1.682014 0.054294
v -0.034242 1.682014 0.054998
v -0.033000 1.681500 0.052000
v 0.033000 1.702500 0.052000
v 0.033000 1.701986 0.055245
v 0.034242 1.701986 0.054998
v 0.035294 1.701986 0.054294
v 0.035998 1.701986 0.053242
v 0.036245 1.701986 0.052000
v 0.035998 1.701986 0.050758
v 0.035294 1.701986 0.049706
v 0.034242 1.701986 0.049002
v 0.033000 1.701986 0.048755
v 0.031758 1.701986 0.049002
v 0.030706 1.701986 0.049706
v 0.030002 1.701986 0.050758
v 0.029755 1.701986 0.052000
v 0.030002 1.701986 0.053242
v 0.030706 1.701986 0.054294
v 0.031758 1.701986 0.054998
v 0.033000 1.700495 0.058172
v 0.035362 1.700495 0.057702
v 0.037364 1.700495 0.056364
v 0.038702 1.700495 0.054362
v 0.039172 1.700495 0.052000
v 0.038702 1.700495 0.049638
v 0.037364 1.700495 0.047636
v 0.035362 1.700495 0.046298
v 0.033000 1.700495 0.045828
v 0.030638 1.700495 0.046298
v 0.028636 1.700495 0.047636
v 0.027298 1.700495 0.049638
v 0.026828 1.700495 0.052000
v 0.027298 1.700495 0.054362
v 0.028636 1.700495 0.056364
v 0.030638 1.700495 0.057702
v 0.033000 1.698172 0.060495
v 0.036251 1.698172 0.059848
v 0.039007 1.698172 0.058007
v 0.040848 1.698172 0.055251
v 0.041495 1.698172 0.052000
v 0.040848 1.698172 0.048749
v 0.039007 1.698172 0.045993
v 0.036251 1.698172 0.044152
v 0.033000 1.698172 0.043505
v 0.029749 1.698172 0.044152
v 0.026993 1.698172 0.045993
v 0.025152 1.698172 0.048749
v 0.024505 1.698172 0.052000
v 0.025152 1.698172 0.055251
v 0.026993 1.698172 0.058007
v 0.029749 1.698172 0.059848
v 0.033000 1.695245 0.061986
v 0.036822 1.695245 0.061226
v 0.040061 1.695245 0.059061
v 0.042226 1.695245 0.055822
v 0.042986 1.695245 0.052000
v 0.042226 1.695245 0.048178
v 0.040061 1.695245 0.044939
v 0.036822 1.695245 0.042774
v 0.033000 1.695245 0.042014
v 0.029178 1.695245 0.042774
v 0.025939 1.695245 0.044939
v 0.023774 1.695245 0.048178
v 0.023014 1.695245 0.052000
v 0.023774 1.695245 0.055822
v 0.025939 1.695245 0.059061
v 0.029178 1.695245 0.061226
v 0.033000 1.692000 0.062500
v 0.037018 1.692000 0.061701
v 0.040425 1.692000 0.059425
v 0.042701 1.692000 0.056018
v 0.043500 1.692000 0.052000
v 0.042701 1.692000 0.047982
v 0.040425 1.692000 0.044575
v 0.037018 1.692000 0.042299
v 0.033000 1.692000 0.041500
v 0.028982 1.692000 0.042299
v 0.025575 1.692000 0.044575
v 0.023299 1.692000 0.047982
v 0.022500 1.692000 0.052000
v 0.023299 1.692000 0.056018
v 0.025575 1.692000 0.059425
v 0.028982 1.692000 0.061701
v 0.033000 1.688755 0.061986
v 0.036822 1.688755 0.061226
v 0.040061 1.688755 0.059061
v 0.042226 1.688755 0.055822
v 0.042986 1.688755 0.052000
v 0.042226 1.688755 0.048178
v 0.040061 1.688755 0.044939
v 0.036822 1.688755 0.042774
v 0.033000 1.688755 0.042014
v 0.029178 1.688755 0.042774
v 0.025939 1.688755 0.044939
v 0.023774 1.688755 0.048178
v 0.023014 1.688755 0.052000
v 0.023774 1.688755 0.055822
v 0.025939 1.688755 0.059061
v 0.029178 1.688755 0.061226
v 0.033000 1.685828 0.060495
v 0.036251 1.685828 0.059848
v 0.039007 1.685828 0.058007
v 0.040848 1.685828 0.055251
v 0.041495 1.685828 0.052000
v 0.040848 1.685828 0.048749
v 0.039007 1.685828 0.045993
v 0.036251 1.685828 0.044152
v 0.033000 1.685828 0.043505
v 0.029749 1.685828 0.044152
v 0.026993 1.685828 0.045993
v 0.025152 1.685828 0.048749
v 0.024505 1.685828 0.052000
v 0.025152 1.685828 0.055251
v 0.026993 1.685828 0.058007
v 0.029749 1.685828 0.059848
v 0.033000 1.683505 0.058172
v 0.035362 1.683505 0.057702
v 0.037364 1.683505 0.056364
v 0.038702 1.683505 0.054362
v 0.039172 1.683505 0.052000
v 0.038702 1.683505 0.049638
v 0.037364 1.683505 0.047636
v 0.035362 1.683505 0.046298
v 0.033000 1.683505 0.045828
v 0.030638 1.683505 0.046298
v 0.028636 1.683505 0.047636
v 0.027298 1.683505 0.049638
v 0.026828 1.683505 0.052000
v 0.027298 1.683505 0.054362
v 0.028636 1.683505 0.056364
v 0.030638 1.683505 0.057702
v 0.033000 1.682014 0.055245
v 0.034242 1.682014 0.054998
v 0.035294 1.682014 0.054294
v 0.035998 1.682014 0.053242
v 0.036245 1.682014 0.052000
v 0.035998 1.682014 0.050758
v 0.035294 1.682014 0.049706
v 0.034242 1.682014 0.049002
v 0.033000 1.682014 0.048755
v 0.031758 1.682014 0.049002
v 0.030706 1.682014 0.049706
v 0.030002 1.682014 0.050758
v 0.029755 1.682014 0.052000
v 0.030002 1.682014 0.053242
v 0.030706 1.682014 0.054294
v 0.031758 1.682014 0.054998
v 0.033000 1.681500 0.052000
v -0.049360 0.119365 0.193965
v -0.050746 0.116628 0.191461
v -0.050490 0.113891 0.194312
v -0.049105 0.116628 0.196815
v -0.061510 0.122109 0.197688
v -0.062895 0.119372 0.195185
v -0.062640 0.116635 0.198035
v -0.061254 0.119372 0.200539
v -0.049925 0.116628 0.194138
v -0.062075 0.119372 0.197862
v -0.178379 0.123505 0.200142
v -0.175297 0.121028 0.200336
v -0.177429 0.118550 0.202571
v -0.180511 0.121028 0.202377
v -0.182571 0.117450 0.189429
v -0.179489 0.114972 0.189623
v -0.181621 0.112495 0.191858
v -0.184703 0.114972 0.191664
v -0.177904 0.121028 0.201356
v -0.182096 0.114972 0.190644
v -0.134636 0.144561 0.073841
v -0.137550 0.141881 0.073915
v -0.135125 0.139200 0.072297
v -0.132212 0.141881 0.072223
v -0.130875 0.140800 0.085703
v -0.133788 0.138119 0.085777
v -0.131364 0.135439 0.084159
v -0.128450 0.138119 0.084085
v -0.134881 0.141881 0.073069
v -0.131119 0.138119 0.084931
v -0.108307 0.138655 0.153409
v -0.110727 0.135937 0.154970
v -0.107862 0.133219 0.154681
v -0.105441 0.135937 0.153120
v -0.104138 0.141781 0.165319
v -0.106559 0.139063 0.166880
v -0.103693 0.136345 0.166591
v -0.101273 0.139063 0.165030
v -0.108084 0.135937 0.154045
v -0.103916 0.139063 0.165955
v 0.186640 0.119365 0.193965
v 0.185254 0.116628 0.191461
v 0.185510 0.113891 0.194312
v 0.186895 0.116628 0.196815
v 0.174490 0.122109 0.197688
v 0.173105 0.119372 0.195185
v 0.173360 0.116635 0.198035
v 0.174746 0.119372 0.200539
v 0.186075 0.116628 0.194138
v 0.173925 0.119372 0.197862
v 0.057621 0.123505 0.200142
v 0.060703 0.121028 0.200336
v 0.058571 0.118550 0.202571
v 0.055489 0.121028 0.202377
v 0.053429 0.117450 0.189429
v 0.056511 0.114972 0.189623
v 0.054379 0.112495 0.191858
v 0.051297 0.114972 0.191664
v 0.058096 0.121028 0.201356
v 0.053904 0.114972 0.190644
v -0.018654 1.408500 0.152702
v -0.014404 1.407361 0.152702
v -0.016529 1.407361 0.154867
v -0.020779 1.407361 0.154867
v -0.022904 1.407361 0.152702
v -0.020779 1.407361 0.150537
v -0.016529 1.407361 0.150537
v -0.011293 1.404250 0.152702
v -0.014974 1.404250 0.156452
v -0.022335 1.404250 0.156452
v -0.026015 1.404250 0.152702
v -0.022335 1.404250 0.148952
v -0.014974 1.404250 0.148952
v -0.010154 1.400000 0.152702
v -0.014404 1.400000 0.157032
v -0.022904 1.400000 0.157032
v -0.027154 1.400000 0.152702
v -0.022904 1.400000 0.148372
v -0.014404 1.400000 0.148372
v -0.011293 1.395750 0.152702
v -0.014974 1.395750 0.156452
v -0.022335 1.395750 0.156452
v -0.026015 1.395750 0.152702
v -0.022335 1.395750 0.148952
v -0.014974 1.395750 0.148952
v -0.014404 1.392639 0.152702
v -0.016529 1.392639 0.154867
v -0.020779 1.392639 0.154867
v -0.022904 1.392639 0.152702
v -0.020779 1.392639 0.150537
v -0.016529 1.392639 0.150537
v -0.018654 1.391500 0.152702
v -0.016865 1.323500 0.151584
v -0.012615 1.322361 0.151584
v -0.014740 1.322361 0.153749
v -0.018990 1.322361 0.153749
v -0.021115 1.322361 0.151584
v -0.018990 1.322361 0.149419
v -0.014740 1.322361 0.149419
v -0.009504 1.319250 0.151584
v -0.013184 1.319250 0.155334
v -0.020546 1.319250 0.155334
v -0.024226 1.319250 0.151584
v -0.020546 1.319250 0.147834
v -0.013184 1.319250 0.147834
v -0.008365 1.315000 0.151584
v -0.012615 1.315000 0.155915
v -0.021115 1.315000 0.155915
v -0.025365 1.315000 0.151584
v -0.021115 1.315000 0.147254
v -0.012615 1.315000 0.147254
v -0.009504 1.310750 0.151584
v -0.013184 1.310750 0.155334
v -0.020546 1.310750 0.155334
v -0.024226 1.310750 0.151584
v -0.020546 1.310750 0.147834
v -0.013184 1.310750 0.147834
v -0.012615 1.307639 0.151584
v -0.014740 1.307639 0.153749
v -0.018990 1.307639 0.153749
v -0.021115 1.307639 0.151584
v -0.018990 1.307639 0.149419
v -0.014740 1.307639 0.149419
v -0.016865 1.306500 0.151584
v -0.015041 1.238500 0.145973
v -0.010791 1.237361 0.145973
v -0.012916 1.237361 0.148138
v -0.017166 1.237361 0.148138
v -0.019291 1.237361 0.145973
v -0.017166 1.237361 0.143808
v -0.012916 1.237361 0.143808
v -0.007680 1.234250 0.145973
v -0.011361 1.234250 0.149723
v -0.018722 1.234250 0.149723
v -0.022402 1.234250 0.145973
v -0.018722 1.234250 0.142223
v -0.011361 1.234250 0.142223
v -0.006541 1.230000 0.145973
v -0.010791 1.230000 0.150303
v -0.019291 1.230000 0.150303
v -0.023541 1.230000 0.145973
v -0.019291 1.230000 0.141643
v -0.010791 1.230000 0.141643
v -0.007680 1.225750 0.145973
v -0.011361 1.225750 0.149723
v -0.018722 1.225750 0.149723
v -0.022402 1.225750 0.145973
v -0.018722 1.225750 0.142223
v -0.011361 1.225750 0.142223
v -0.010791 1.222639 0.145973
v -0.012916 1.222639 0.148138
v -0.017166 1.222639 0.148138
v -0.019291 1.222639 0.145973
v -0.017166 1.222639 0.143808
v -0.012916 1.222639 0.143808
v -0.015041 1.221500 0.145973
v -0.014281 1.153500 0.142293
v -0.010031 1.152361 0.142293
v -0.012156 1.152361 0.144458
v -0.016406 1.152361 0.144458
v -0.018531 1.152361 0.142293
v -0.016406 1.152361 0.140128
v -0.012156 1.152361 0.140128
v -0.006920 1.149250 0.142293
v -0.010601 1.149250 0.146043
v -0.017962 1.149250 0.146043
v -0.021642 1.149250 0.142293
v -0.017962 1.149250 0.138543
v -0.010601 1.149250 0.138543
v -0.005781 1.145000 0.142293
v -0.010031 1.145000 0.146623
v -0.018531 1.145000 0.146623
v -0.022781 1.145000 0.142293
v -0.018531 1.145000 0.137963
v -0.010031 1.145000 0.137963
v -0.006920 1.140750 0.142293
v -0.010601 1.140750 0.146043
v -0.017962 1.140750 0.146043
v -0.021642 1.140750 0.142293
v -0.017962 1.140750 0.138543
v -0.010601 1.140750 0.138543
v -0.010031 1.137639 0.142293
v -0.012156 1.137639 0.144458
v -0.016406 1.137639 0.144458
v -0.018531 1.137639 0.142293
v -0.016406 1.137639 0.140128
v -0.012156 1.137639 0.140128
v -0.014281 1.136500 0.142293
v -0.014614 1.068500 0.144352
v -0.010364 1.067361 0.144352
v -0.012489 1.067361 0.146517
v -0.016739 1.067361 0.146517
v -0.018864 1.067361 0.144352
v -0.016739 1.067361 0.142187
v -0.012489 1.067361 0.142187
v -0.007253 1.064250 0.144352
v -0.010934 1.064250 0.148102
v -0.018295 1.064250 0.148102
v -0.021976 1.064250 0.144352
v -0.018295 1.064250 0.140602
v -0.010934 1.064250 0.140602
v -0.006114 1.060000 0.144352
v -0.010364 1.060000 0.148682
v -0.018864 1.060000 0.148682
v -0.023114 1.060000 0.144352
v -0.018864 1.060000 0.140021
v -0.010364 1.060000 0.140021
v -0.007253 1.055750 0.144352
v -0.010934 1.055750 0.148102
v -0.018295 1.055750 0.148102
v -0.021976 1.055750 0.144352
v -0.018295 1.055750 0.140602
v -0.010934 1.055750 0.140602
v -0.010364 1.052639 0.144352
v -0.012489 1.052639 0.146517
v -0.016739 1.052639 0.146517
v -0.018864 1.052639 0.144352
v -0.016739 1.052639 0.142187
v -0.012489 1.052639 0.142187
v -0.014614 1.051500 0.144352
v -0.038276 1.142995 0.141434
v -0.038132 1.140000 0.144435
v -0.037930 1.137005 0.141437
v -0.038075 1.140000 0.138436
v -0.003546 1.145000 0.141764
v -0.003574 1.142000 0.144764
v -0.003546 1.139000 0.141764
v -0.003517 1.142000 0.138764
v 0.031185 1.142995 0.142094
v 0.030983 1.140000 0.145092
v 0.030838 1.137005 0.142091
v 0.031040 1.140000 0.139093
v -0.038103 1.140000 0.141435
v 0.031012 1.140000 0.142092
v -0.040372 1.232995 0.145250
v -0.040235 1.230000 0.148252
v -0.040043 1.227005 0.145253
v -0.040180 1.230000 0.142252
v -0.003741 1.235000 0.145590
v -0.003769 1.232000 0.148590
v -0.003741 1.229000 0.145590
v -0.003714 1.232000 0.142590
v 0.032889 1.232995 0.145930
v 0.032697 1.230000 0.148928
v 0.032561 1.227005 0.145927
v 0.032753 1.230000 0.142929
v -0.040208 1.230000 0.145252
v 0.032725 1.230000 0.145929
v 0.000000 1.477000 0.060500
v 0.052774 1.477000 0.033580
v 0.065808 1.477000 -0.026910
v 0.029287 1.477000 -0.075419
v -0.029287 1.477000 -0.075419
v -0.065808 1.477000 -0.026910
v -0.052774 1.477000 0.033580
v 0.000000 1.522000 0.063500
v 0.055119 1.522000 0.035450
v 0.068732 1.522000 -0.027578
v 0.030589 1.522000 -0.078122
v -0.030589 1.522000 -0.078122
v -0.068732 1.522000 -0.027578
v -0.055119 1.522000 0.035450
v 0.000000 1.477000 0.057000
v 0.050100 1.477000 0.031321
v 0.062406 1.477000 -0.026088
v 0.027839 1.477000 -0.072233
v -0.027839 1.477000 -0.072233
v -0.062406 1.477000 -0.026088
v -0.050100 1.477000 0.031321
v 0.000000 1.522000 0.060000
v 0.052443 1.522000 0.033195
v 0.065330 1.522000 -0.026757
v 0.029137 1.522000 -0.074937
v -0.029137 1.522000 -0.074937
v -0.065330 1.522000 -0.026757
v -0.052443 1.522000 0.033195
v -0.390000 0.958000 0.084000
v -0.346699 0.958000 0.060500
v -0.346699 0.958000 0.013500
v -0.390000 0.958000 -0.010000
v -0.433301 0.958000 0.013500
v -0.433301 0.958000 0.060500
v -0.390000 0.982000 0.087000
v -0.344101 0.982000 0.062000
v -0.344101 0.982000 0.012000
v -0.390000 0.982000 -0.013000
v -0.435899 0.982000 0.012000
v -0.435899 0.982000 0.062000
v -0.390000 0.958000 0.081000
v -0.349335 0.958000 0.059069
v -0.349335 0.958000 0.014931
v -0.390000 0.958000 -0.007000
v -0.430665 0.958000 0.014931
v -0.430665 0.958000 0.059069
v -0.390000 0.982000 0.084000
v -0.346735 0.982000 0.060565
v -0.346735 0.982000 0.013435
v -0.390000 0.982000 -0.010000
v -0.433265 0.982000 0.013435
v -0.433265 0.982000 0.060565
v 0.390000 0.958000 0.084000
v 0.433301 0.958000 0.060500
v 0.433301 0.958000 0.013500
v 0.390000 0.958000 -0.010000
v 0.346699 0.958000 0.013500
v 0.346699 0.958000 0.060500
v 0.390000 0.982000 0.087000
v 0.435899 0.982000 0.062000
v 0.435899 0.982000 0.012000
v 0.390000 0.982000 -0.013000
v 0.344101 0.982000 0.012000
v 0.344101 0.982000 0.062000
v 0.390000 0.958000 0.081000
v 0.430665 0.958000 0.059069
v 0.430665 0.958000 0.014931
v 0.390000 0.958000 -0.007000
v 0.349335 0.958000 0.014931
v 0.349335 0.958000 0.059069
v 0.390000 0.982000 0.084000
v 0.433265 0.982000 0.060565
v 0.433265 0.982000 0.013435
v 0.390000 0.982000 -0.010000
v 0.346735 0.982000 0.013435
v 0.346735 0.982000 0.060565
v -0.057733 1.504199 0.026782
v -0.079698 1.489141 0.047920
v -0.077294 1.483801 0.046614
v -0.055329 1.498859 0.025476
v -0.040808 1.503178 0.043904
v -0.059200 1.488206 0.068267
v -0.057437 1.482822 0.066290
v -0.039045 1.497794 0.041926
v -0.021319 1.502037 0.053628
v -0.031306 1.487376 0.082633
v -0.030374 1.481963 0.080218
v -0.020386 1.496624 0.051213
v 0.000281 1.500984 0.056920
v -0.000281 1.486440 0.087647
v -0.000281 1.481016 0.085080
v 0.000281 1.495560 0.054353
v 0.021857 1.500025 0.053447
v 0.030768 1.485388 0.082813
v 0.029835 1.479975 0.080398
v 0.020924 1.494612 0.051033
v 0.041271 1.499155 0.043554
v 0.058736 1.484229 0.068618
v 0.056973 1.478845 0.066640
v 0.039508 1.493771 0.041576
v 0.058117 1.498132 0.026351
v 0.079314 1.483209 0.048351
v 0.076910 1.477868 0.047045
v 0.055713 1.492791 0.025045
v 0.014000 1.509000 0.108000
v 0.027000 1.506187 0.108000
v 0.020500 1.506187 0.115361
v 0.007500 1.506187 0.115361
v 0.001000 1.506187 0.108000
v 0.007500 1.506187 0.100639
v 0.020500 1.506187 0.100639
v 0.036517 1.498500 0.108000
v 0.025258 1.498500 0.120750
v 0.002742 1.498500 0.120750
v -0.008517 1.498500 0.108000
v 0.002742 1.498500 0.095250
v 0.025258 1.498500 0.095250
v 0.040000 1.488000 0.108000
v 0.027000 1.488000 0.122722
v 0.001000 1.488000 0.122722
v -0.012000 1.488000 0.108000
v 0.001000 1.488000 0.093278
v 0.027000 1.488000 0.093278
v 0.036517 1.477500 0.108000
v 0.025258 1.477500 0.120750
v 0.002742 1.477500 0.120750
v -0.008517 1.477500 0.108000
v 0.002742 1.477500 0.095250
v 0.025258 1.477500 0.095250
v 0.027000 1.469813 0.108000
v 0.020500 1.469813 0.115361
v 0.007500 1.469813 0.115361
v 0.001000 1.469813 0.108000
v 0.007500 1.469813 0.100639
v 0.020500 1.469813 0.100639
v 0.014000 1.467000 0.108000
v 0.038675 1.480965 0.115885
v 0.013361 1.475035 0.116115
v 0.013325 1.475035 0.112115
v 0.038639 1.480965 0.111885
v 0.054836 1.412225 0.123812
v 0.029223 1.407775 0.124188
v 0.029164 1.407775 0.120188
v 0.054777 1.412225 0.119812
v 0.062905 1.341817 0.117774
v 0.037165 1.338183 0.118225
v 0.037095 1.338183 0.114226
v 0.062835 1.341817 0.113775
v 0.066640 1.327180 0.115761
v 0.041435 1.320820 0.116238
v 0.041360 1.320820 0.112239
v 0.066565 1.327180 0.111762
v 0.015817 1.477897 0.116983
v -0.007811 1.482103 0.117017
v -0.007817 1.482103 0.113017
v 0.015811 1.477897 0.112983
v 0.007740 1.432528 0.125016
v -0.015746 1.437472 0.124984
v -0.015740 1.437472 0.120984
v 0.007746 1.432528 0.121016
v -0.000391 1.400994 0.120049
v -0.023626 1.407006 0.119951
v -0.023609 1.407006 0.115951
v -0.000374 1.400994 0.116049
v 0.085388 1.552834 0.068805
v 0.087964 1.549671 0.070764
v 0.084925 1.546507 0.069650
v 0.082350 1.549671 0.067691
v 0.103455 1.547084 0.035645
v 0.106307 1.543919 0.037172
v 0.103135 1.540755 0.036540
v 0.100283 1.543919 0.035013
v 0.110396 1.541618 -0.001587
v 0.113578 1.538450 -0.001027
v 0.110365 1.535282 -0.000686
v 0.107182 1.538450 -0.001246
v 0.105743 1.536472 -0.038952
v 0.108939 1.533301 -0.039408
v 0.105974 1.530129 -0.038132
v 0.102778 1.533301 -0.037676
v 0.090158 1.531702 -0.072588
v 0.093043 1.528527 -0.074030
v 0.090600 1.525351 -0.071925
v 0.087715 1.528527 -0.070483
v 0.065417 1.527394 -0.099078
v 0.067665 1.524214 -0.101383
v 0.065984 1.521034 -0.098637
v 0.063736 1.524214 -0.096331
v 0.034217 1.523711 -0.115809
v 0.035521 1.520524 -0.118745
v 0.034757 1.517336 -0.115625
v 0.033452 1.520524 -0.112689
v 0.000000 1.521200 -0.121300
v 0.000000 1.518000 -0.124500
v 0.000000 1.514800 -0.121300
v 0.000000 1.518000 -0.118100
v -0.034217 1.523711 -0.115809
v -0.035521 1.520524 -0.118745
v -0.034757 1.517336 -0.115625
v -0.033452 1.520524 -0.112689
v -0.065417 1.527394 -0.099078
v -0.067665 1.524214 -0.101383
v -0.065984 1.521034 -0.098637
v -0.063736 1.524214 -0.096331
v -0.090158 1.531702 -0.072588
v -0.093043 1.528527 -0.074030
v -0.090600 1.525351 -0.071925
v -0.087715 1.528527 -0.070483
v -0.105743 1.536472 -0.038952
v -0.108939 1.533301 -0.039408
v -0.105974 1.530129 -0.038132
v -0.102778 1.533301 -0.037676
v -0.110396 1.541618 -0.001587
v -0.113578 1.538450 -0.001027
v -0.110365 1.535282 -0.000686
v -0.107182 1.538450 -0.001246
v -0.103455 1.547084 0.035645
v -0.106307 1.543919 0.037172
v -0.103135 1.540755 0.036540
v -0.100283 1.543919 0.035013
v -0.085388 1.552834 0.068805
v -0.087964 1.549671 0.070764
v -0.084925 1.546507 0.069650
v -0.082350 1.549671 0.067691
v 0.085157 1.549671 0.069227
v -0.085157 1.549671 0.069227
v -0.077300 1.513000 0.061811
v -0.074800 1.512330 0.061811
v -0.076050 1.512330 0.063543
v -0.078550 1.512330 0.063543
v -0.079800 1.512330 0.061811
v -0.078550 1.512330 0.060079
v -0.076050 1.512330 0.060079
v -0.072970 1.510500 0.061811
v -0.075135 1.510500 0.064811
v -0.079465 1.510500 0.064811
v -0.081630 1.510500 0.061811
v -0.079465 1.510500 0.058811
v -0.075135 1.510500 0.058811
v -0.072300 1.508000 0.061811
v -0.074800 1.508000 0.065275
v -0.079800 1.508000 0.065275
v -0.082300 1.508000 0.061811
v -0.079800 1.508000 0.058347
v -0.074800 1.508000 0.058347
v -0.072970 1.505500 0.061811
v -0.075135 1.505500 0.064811
v -0.079465 1.505500 0.064811
v -0.081630 1.505500 0.061811
v -0.079465 1.505500 0.058811
v -0.075135 1.505500 0.058811
v -0.074800 1.503670 0.061811
v -0.076050 1.503670 0.063543
v -0.078550 1.503670 0.063543
v -0.079800 1.503670 0.061811
v -0.078550 1.503670 0.060079
v -0.076050 1.503670 0.060079
v -0.077300 1.503000 0.061811
v 0.314564 1.408332 -0.071161
v 0.317903 1.405401 -0.072023
v 0.316086 1.402470 -0.069092
v 0.312747 1.405401 -0.068231
v 0.300211 1.397798 -0.090416
v 0.303584 1.394968 -0.091462
v 0.302219 1.392137 -0.088205
v 0.298847 1.394968 -0.087159
v 0.280722 1.382005 -0.107806
v 0.284038 1.379292 -0.109264
v 0.283385 1.376579 -0.105701
v 0.280069 1.379292 -0.104243
v 0.257761 1.364182 -0.123436
v 0.260910 1.361469 -0.125227
v 0.260625 1.358756 -0.121616
v 0.257477 1.361469 -0.119825
v 0.232592 1.346443 -0.138088
v 0.235529 1.343656 -0.140109
v 0.235333 1.340868 -0.136549
v 0.232396 1.343656 -0.134528
v 0.205804 1.330608 -0.152447
v 0.208450 1.327696 -0.154683
v 0.208165 1.324785 -0.151231
v 0.205519 1.327696 -0.148994
v 0.177158 1.318009 -0.166528
v 0.179378 1.314965 -0.169035
v 0.178955 1.311921 -0.165713
v 0.176734 1.314965 -0.163206
v 0.146035 1.309348 -0.179439
v 0.147686 1.306206 -0.182246
v 0.147178 1.303064 -0.179029
v 0.145527 1.306206 -0.176222
v 0.112124 1.304681 -0.189718
v 0.113117 1.301491 -0.192771
v 0.112626 1.298301 -0.189598
v 0.111633 1.301491 -0.186545
v 0.075837 1.303528 -0.196101
v 0.076188 1.300328 -0.199281
v 0.075804 1.297128 -0.196104
v 0.075453 1.300328 -0.192924
v 0.038201 1.305078 -0.198255
v 0.038029 1.301884 -0.201457
v 0.037784 1.298691 -0.198260
v 0.037956 1.301884 -0.195058
v 0.000334 1.308460 -0.196986
v -0.000193 1.305278 -0.200160
v -0.000334 1.302096 -0.196945
v 0.000193 1.305278 -0.193772
v -0.037073 1.313011 -0.193727
v -0.037811 1.309839 -0.196870
v -0.037917 1.306667 -0.193644
v -0.037179 1.309839 -0.190501
v -0.073879 1.318441 -0.189642
v -0.074769 1.315282 -0.192758
v -0.074891 1.312122 -0.189520
v -0.074001 1.315282 -0.186404
v -0.110135 1.324875 -0.184921
v -0.111231 1.321735 -0.187991
v -0.111360 1.318596 -0.184734
v -0.110263 1.321735 -0.181665
v -0.145545 1.332736 -0.178743
v -0.146989 1.329631 -0.181703
v -0.147060 1.326527 -0.178411
v -0.145616 1.329631 -0.175452
v -0.179211 1.342524 -0.169897
v -0.181151 1.339478 -0.172624
v -0.181074 1.336433 -0.169278
v -0.179133 1.339478 -0.166551
v -0.209885 1.354554 -0.157628
v -0.212387 1.351594 -0.159966
v -0.212071 1.348635 -0.156557
v -0.209569 1.351594 -0.154219
v -0.236581 1.368729 -0.142148
v -0.239572 1.365871 -0.143981
v -0.238958 1.363012 -0.140527
v -0.235966 1.365871 -0.138694
v -0.259094 1.384404 -0.124512
v -0.262406 1.381630 -0.125858
v -0.261486 1.378855 -0.122404
v -0.258174 1.381630 -0.121057
v -0.278080 1.400351 -0.106002
v -0.281523 1.397597 -0.107021
v -0.280322 1.394843 -0.103637
v -0.276879 1.397597 -0.102618
v -0.294610 1.414786 -0.087390
v -0.297984 1.411922 -0.088337
v -0.296435 1.409058 -0.085194
v -0.293061 1.411922 -0.084247
v -0.309086 1.424462 -0.068900
v -0.312359 1.421502 -0.069907
v -0.310585 1.418543 -0.066979
v -0.307312 1.421502 -0.065971
v 0.315325 1.405401 -0.070127
v -0.309835 1.421502 -0.067939
v -0.424000 1.215867 0.052679
v -0.426400 1.215004 0.050439
v -0.424000 1.214141 0.048200
v -0.421600 1.215004 0.050439
v -0.424000 1.206535 0.056274
v -0.426400 1.205672 0.054035
v -0.424000 1.204809 0.051795
v -0.421600 1.205672 0.054035
v -0.424000 1.215004 0.050439
v -0.424000 1.205672 0.054035
v -0.424000 1.152524 0.039734
v -0.421600 1.150331 0.040710
v -0.424000 1.148139 0.041686
v -0.426400 1.150331 0.040710
v -0.424000 1.148456 0.030598
v -0.421600 1.146263 0.031574
v -0.424000 1.144071 0.032551
v -0.426400 1.146263 0.031574
v -0.424000 1.150331 0.040710
v -0.424000 1.146263 0.031574
v -0.424000 1.176130 -0.012010
v -0.421600 1.175267 -0.014250
v -0.424000 1.174404 -0.016489
v -0.426400 1.175267 -0.014250
v -0.424000 1.185461 -0.015606
v -0.421600 1.184598 -0.017845
v -0.424000 1.183735 -0.020085
v -0.426400 1.184598 -0.017845
v -0.424000 1.175267 -0.014250
v -0.424000 1.184598 -0.017845
v -0.210233 0.962701 -0.152936
v -0.211255 0.960301 -0.155108
v -0.210140 0.957902 -0.152982
v -0.209118 0.960301 -0.150810
v -0.220081 0.962460 -0.148041
v -0.221103 0.960061 -0.150213
v -0.219987 0.957662 -0.148088
v -0.218966 0.960061 -0.145915
v -0.210186 0.960301 -0.152959
v -0.220034 0.960061 -0.148064
v -0.268519 0.960550 -0.106613
v -0.270520 0.958152 -0.107942
v -0.268429 0.955753 -0.106759
v -0.266429 0.958152 -0.105430
v -0.274271 0.960157 -0.097245
v -0.276272 0.957759 -0.098574
v -0.274181 0.955360 -0.097391
v -0.272181 0.957759 -0.096062
v -0.268474 0.958152 -0.106686
v -0.274226 0.957759 -0.097318
v 0.192253 0.894695 -0.141429
v 0.187753 0.894695 -0.145929
v 0.192253 0.894695 -0.150429
v 0.196753 0.894695 -0.145929
v 0.192253 0.886695 -0.141429
v 0.187753 0.886695 -0.145929
v 0.192253 0.886695 -0.150429
v 0.196753 0.886695 -0.145929
v 0.192253 0.894695 -0.145929
v 0.192253 0.886695 -0.145929
v -0.221775 1.330159 0.126701
v -0.224153 1.327877 0.128331
v -0.223936 1.325596 0.125456
v -0.221558 1.327877 0.123825
v -0.212650 1.324404 0.131955
v -0.215028 1.322123 0.133586
v -0.214811 1.319841 0.130711
v -0.212433 1.322123 0.129080
v -0.222856 1.327877 0.126078
v -0.213731 1.322123 0.131333
v -0.040716 1.239599 0.181681
v -0.041377 1.237176 0.184367
v -0.042591 1.234753 0.181882
v -0.041929 1.237176 0.179196
v -0.029596 1.235247 0.180494
v -0.030257 1.232824 0.183179
v -0.031471 1.230401 0.180694
v -0.030809 1.232824 0.178008
v -0.041653 1.237176 0.181781
v -0.030533 1.232824 0.180594
v 0.150675 1.158387 0.146679
v 0.150870 1.156074 0.149531
v 0.148587 1.153761 0.147812
v 0.148392 1.156074 0.144960
v 0.160059 1.152905 0.141591
v 0.160255 1.150593 0.144443
v 0.157971 1.148280 0.142724
v 0.157776 1.150593 0.139872
v 0.149631 1.156074 0.147245
v 0.159015 1.150593 0.142157
usemtl BoneThread
f 13016 13017 13018
f 13016 13018 13019
f 13016 13019 13020
f 13016 13020 13021
f 13016 13021 13022
f 13016 13022 13023
f 13016 13023 13024
f 13016 13024 13025
f 13016 13025 13026
f 13016 13026 13027
f 13016 13027 13028
f 13016 13028 13029
f 13016 13029 13030
f 13016 13030 13031
f 13016 13031 13032
f 13016 13032 13017
f 13017 13033 13018
f 13018 13033 13034
f 13018 13034 13019
f 13019 13034 13035
f 13019 13035 13020
f 13020 13035 13036
f 13020 13036 13021
f 13021 13036 13037
f 13021 13037 13022
f 13022 13037 13038
f 13022 13038 13023
f 13023 13038 13039
f 13023 13039 13024
f 13024 13039 13040
f 13024 13040 13025
f 13025 13040 13041
f 13025 13041 13026
f 13026 13041 13042
f 13026 13042 13027
f 13027 13042 13043
f 13027 13043 13028
f 13028 13043 13044
f 13028 13044 13029
f 13029 13044 13045
f 13029 13045 13030
f 13030 13045 13046
f 13030 13046 13031
f 13031 13046 13047
f 13031 13047 13032
f 13032 13047 13048
f 13032 13048 13017
f 13017 13048 13033
f 13033 13049 13034
f 13034 13049 13050
f 13034 13050 13035
f 13035 13050 13051
f 13035 13051 13036
f 13036 13051 13052
f 13036 13052 13037
f 13037 13052 13053
f 13037 13053 13038
f 13038 13053 13054
f 13038 13054 13039
f 13039 13054 13055
f 13039 13055 13040
f 13040 13055 13056
f 13040 13056 13041
f 13041 13056 13057
f 13041 13057 13042
f 13042 13057 13058
f 13042 13058 13043
f 13043 13058 13059
f 13043 13059 13044
f 13044 13059 13060
f 13044 13060 13045
f 13045 13060 13061
f 13045 13061 13046
f 13046 13061 13062
f 13046 13062 13047
f 13047 13062 13063
f 13047 13063 13048
f 13048 13063 13064
f 13048 13064 13033
f 13033 13064 13049
f 13049 13065 13050
f 13050 13065 13066
f 13050 13066 13051
f 13051 13066 13067
f 13051 13067 13052
f 13052 13067 13068
f 13052 13068 13053
f 13053 13068 13069
f 13053 13069 13054
f 13054 13069 13070
f 13054 13070 13055
f 13055 13070 13071
f 13055 13071 13056
f 13056 13071 13072
f 13056 13072 13057
f 13057 13072 13073
f 13057 13073 13058
f 13058 13073 13074
f 13058 13074 13059
f 13059 13074 13075
f 13059 13075 13060
f 13060 13075 13076
f 13060 13076 13061
f 13061 13076 13077
f 13061 13077 13062
f 13062 13077 13078
f 13062 13078 13063
f 13063 13078 13079
f 13063 13079 13064
f 13064 13079 13080
f 13064 13080 13049
f 13049 13080 13065
f 13065 13081 13066
f 13066 13081 13082
f 13066 13082 13067
f 13067 13082 13083
f 13067 13083 13068
f 13068 13083 13084
f 13068 13084 13069
f 13069 13084 13085
f 13069 13085 13070
f 13070 13085 13086
f 13070 13086 13071
f 13071 13086 13087
f 13071 13087 13072
f 13072 13087 13088
f 13072 13088 13073
f 13073 13088 13089
f 13073 13089 13074
f 13074 13089 13090
f 13074 13090 13075
f 13075 13090 13091
f 13075 13091 13076
f 13076 13091 13092
f 13076 13092 13077
f 13077 13092 13093
f 13077 13093 13078
f 13078 13093 13094
f 13078 13094 13079
f 13079 13094 13095
f 13079 13095 13080
f 13080 13095 13096
f 13080 13096 13065
f 13065 13096 13081
f 13081 13097 13082
f 13082 13097 13098
f 13082 13098 13083
f 13083 13098 13099
f 13083 13099 13084
f 13084 13099 13100
f 13084 13100 13085
f 13085 13100 13101
f 13085 13101 13086
f 13086 13101 13102
f 13086 13102 13087
f 13087 13102 13103
f 13087 13103 13088
f 13088 13103 13104
f 13088 13104 13089
f 13089 13104 13105
f 13089 13105 13090
f 13090 13105 13106
f 13090 13106 13091
f 13091 13106 13107
f 13091 13107 13092
f 13092 13107 13108
f 13092 13108 13093
f 13093 13108 13109
f 13093 13109 13094
f 13094 13109 13110
f 13094 13110 13095
f 13095 13110 13111
f 13095 13111 13096
f 13096 13111 13112
f 13096 13112 13081
f 13081 13112 13097
f 13097 13113 13098
f 13098 13113 13114
f 13098 13114 13099
f 13099 13114 13115
f 13099 13115 13100
f 13100 13115 13116
f 13100 13116 13101
f 13101 13116 13117
f 13101 13117 13102
f 13102 13117 13118
f 13102 13118 13103
f 13103 13118 13119
f 13103 13119 13104
f 13104 13119 13120
f 13104 13120 13105
f 13105 13120 13121
f 13105 13121 13106
f 13106 13121 13122
f 13106 13122 13107
f 13107 13122 13123
f 13107 13123 13108
f 13108 13123 13124
f 13108 13124 13109
f 13109 13124 13125
f 13109 13125 13110
f 13110 13125 13126
f 13110 13126 13111
f 13111 13126 13127
f 13111 13127 13112
f 13112 13127 13128
f 13112 13128 13097
f 13097 13128 13113
f 13113 13129 13114
f 13114 13129 13130
f 13114 13130 13115
f 13115 13130 13131
f 13115 13131 13116
f 13116 13131 13132
f 13116 13132 13117
f 13117 13132 13133
f 13117 13133 13118
f 13118 13133 13134
f 13118 13134 13119
f 13119 13134 13135
f 13119 13135 13120
f 13120 13135 13136
f 13120 13136 13121
f 13121 13136 13137
f 13121 13137 13122
f 13122 13137 13138
f 13122 13138 13123
f 13123 13138 13139
f 13123 13139 13124
f 13124 13139 13140
f 13124 13140 13125
f 13125 13140 13141
f 13125 13141 13126
f 13126 13141 13142
f 13126 13142 13127
f 13127 13142 13143
f 13127 13143 13128
f 13128 13143 13144
f 13128 13144 13113
f 13113 13144 13129
f 13129 13145 13130
f 13130 13145 13146
f 13130 13146 13131
f 13131 13146 13147
f 13131 13147 13132
f 13132 13147 13148
f 13132 13148 13133
f 13133 13148 13149
f 13133 13149 13134
f 13134 13149 13150
f 13134 13150 13135
f 13135 13150 13151
f 13135 13151 13136
f 13136 13151 13152
f 13136 13152 13137
f 13137 13152 13153
f 13137 13153 13138
f 13138 13153 13154
f 13138 13154 13139
f 13139 13154 13155
f 13139 13155 13140
f 13140 13155 13156
f 13140 13156 13141
f 13141 13156 13157
f 13141 13157 13142
f 13142 13157 13158
f 13142 13158 13143
f 13143 13158 13159
f 13143 13159 13144
f 13144 13159 13160
f 13144 13160 13129
f 13129 13160 13145
f 13161 13146 13145
f 13161 13147 13146
f 13161 13148 13147
f 13161 13149 13148
f 13161 13150 13149
f 13161 13151 13150
f 13161 13152 13151
f 13161 13153 13152
f 13161 13154 13153
f 13161 13155 13154
f 13161 13156 13155
f 13161 13157 13156
f 13161 13158 13157
f 13161 13159 13158
f 13161 13160 13159
f 13161 13145 13160
f 13162 13163 13164
f 13162 13164 13165
f 13162 13165 13166
f 13162 13166 13167
f 13162 13167 13168
f 13162 13168 13169
f 13162 13169 13170
f 13162 13170 13171
f 13162 13171 13172
f 13162 13172 13173
f 13162 13173 13174
f 13162 13174 13175
f 13162 13175 13176
f 13162 13176 13177
f 13162 13177 13178
f 13162 13178 13163
f 13163 13179 13164
f 13164 13179 13180
f 13164 13180 13165
f 13165 13180 13181
f 13165 13181 13166
f 13166 13181 13182
f 13166 13182 13167
f 13167 13182 13183
f 13167 13183 13168
f 13168 13183 13184
f 13168 13184 13169
f 13169 13184 13185
f 13169 13185 13170
f 13170 13185 13186
f 13170 13186 13171
f 13171 13186 13187
f 13171 13187 13172
f 13172 13187 13188
f 13172 13188 13173
f 13173 13188 13189
f 13173 13189 13174
f 13174 13189 13190
f 13174 13190 13175
f 13175 13190 13191
f 13175 13191 13176
f 13176 13191 13192
f 13176 13192 13177
f 13177 13192 13193
f 13177 13193 13178
f 13178 13193 13194
f 13178 13194 13163
f 13163 13194 13179
f 13179 13195 13180
f 13180 13195 13196
f 13180 13196 13181
f 13181 13196 13197
f 13181 13197 13182
f 13182 13197 13198
f 13182 13198 13183
f 13183 13198 13199
f 13183 13199 13184
f 13184 13199 13200
f 13184 13200 13185
f 13185 13200 13201
f 13185 13201 13186
f 13186 13201 13202
f 13186 13202 13187
f 13187 13202 13203
f 13187 13203 13188
f 13188 13203 13204
f 13188 13204 13189
f 13189 13204 13205
f 13189 13205 13190
f 13190 13205 13206
f 13190 13206 13191
f 13191 13206 13207
f 13191 13207 13192
f 13192 13207 13208
f 13192 13208 13193
f 13193 13208 13209
f 13193 13209 13194
f 13194 13209 13210
f 13194 13210 13179
f 13179 13210 13195
f 13195 13211 13196
f 13196 13211 13212
f 13196 13212 13197
f 13197 13212 13213
f 13197 13213 13198
f 13198 13213 13214
f 13198 13214 13199
f 13199 13214 13215
f 13199 13215 13200
f 13200 13215 13216
f 13200 13216 13201
f 13201 13216 13217
f 13201 13217 13202
f 13202 13217 13218
f 13202 13218 13203
f 13203 13218 13219
f 13203 13219 13204
f 13204 13219 13220
f 13204 13220 13205
f 13205 13220 13221
f 13205 13221 13206
f 13206 13221 13222
f 13206 13222 13207
f 13207 13222 13223
f 13207 13223 13208
f 13208 13223 13224
f 13208 13224 13209
f 13209 13224 13225
f 13209 13225 13210
f 13210 13225 13226
f 13210 13226 13195
f 13195 13226 13211
f 13211 13227 13212
f 13212 13227 13228
f 13212 13228 13213
f 13213 13228 13229
f 13213 13229 13214
f 13214 13229 13230
f 13214 13230 13215
f 13215 13230 13231
f 13215 13231 13216
f 13216 13231 13232
f 13216 13232 13217
f 13217 13232 13233
f 13217 13233 13218
f 13218 13233 13234
f 13218 13234 13219
f 13219 13234 13235
f 13219 13235 13220
f 13220 13235 13236
f 13220 13236 13221
f 13221 13236 13237
f 13221 13237 13222
f 13222 13237 13238
f 13222 13238 13223
f 13223 13238 13239
f 13223 13239 13224
f 13224 13239 13240
f 13224 13240 13225
f 13225 13240 13241
f 13225 13241 13226
f 13226 13241 13242
f 13226 13242 13211
f 13211 13242 13227
f 13227 13243 13228
f 13228 13243 13244
f 13228 13244 13229
f 13229 13244 13245
f 13229 13245 13230
f 13230 13245 13246
f 13230 13246 13231
f 13231 13246 13247
f 13231 13247 13232
f 13232 13247 13248
f 13232 13248 13233
f 13233 13248 13249
f 13233 13249 13234
f 13234 13249 13250
f 13234 13250 13235
f 13235 13250 13251
f 13235 13251 13236
f 13236 13251 13252
f 13236 13252 13237
f 13237 13252 13253
f 13237 13253 13238
f 13238 13253 13254
f 13238 13254 13239
f 13239 13254 13255
f 13239 13255 13240
f 13240 13255 13256
f 13240 13256 13241
f 13241 13256 13257
f 13241 13257 13242
f 13242 13257 13258
f 13242 13258 13227
f 13227 13258 13243
f 13243 13259 13244
f 13244 13259 13260
f 13244 13260 13245
f 13245 13260 13261
f 13245 13261 13246
f 13246 13261 13262
f 13246 13262 13247
f 13247 13262 13263
f 13247 13263 13248
f 13248 13263 13264
f 13248 13264 13249
f 13249 13264 13265
f 13249 13265 13250
f 13250 13265 13266
f 13250 13266 13251
f 13251 13266 13267
f 13251 13267 13252
f 13252 13267 13268
f 13252 13268 13253
f 13253 13268 13269
f 13253 13269 13254
f 13254 13269 13270
f 13254 13270 13255
f 13255 13270 13271
f 13255 13271 13256
f 13256 13271 13272
f 13256 13272 13257
f 13257 13272 13273
f 13257 13273 13258
f 13258 13273 13274
f 13258 13274 13243
f 13243 13274 13259
f 13259 13275 13260
f 13260 13275 13276
f 13260 13276 13261
f 13261 13276 13277
f 13261 13277 13262
f 13262 13277 13278
f 13262 13278 13263
f 13263 13278 13279
f 13263 13279 13264
f 13264 13279 13280
f 13264 13280 13265
f 13265 13280 13281
f 13265 13281 13266
f 13266 13281 13282
f 13266 13282 13267
f 13267 13282 13283
f 13267 13283 13268
f 13268 13283 13284
f 13268 13284 13269
f 13269 13284 13285
f 13269 13285 13270
f 13270 13285 13286
f 13270 13286 13271
f 13271 13286 13287
f 13271 13287 13272
f 13272 13287 13288
f 13272 13288 13273
f 13273 13288 13289
f 13273 13289 13274
f 13274 13289 13290
f 13274 13290 13259
f 13259 13290 13275
f 13275 13291 13276
f 13276 13291 13292
f 13276 13292 13277
f 13277 13292 13293
f 13277 13293 13278
f 13278 13293 13294
f 13278 13294 13279
f 13279 13294 13295
f 13279 13295 13280
f 13280 13295 13296
f 13280 13296 13281
f 13281 13296 13297
f 13281 13297 13282
f 13282 13297 13298
f 13282 13298 13283
f 13283 13298 13299
f 13283 13299 13284
f 13284 13299 13300
f 13284 13300 13285
f 13285 13300 13301
f 13285 13301 13286
f 13286 13301 13302
f 13286 13302 13287
f 13287 13302 13303
f 13287 13303 13288
f 13288 13303 13304
f 13288 13304 13289
f 13289 13304 13305
f 13289 13305 13290
f 13290 13305 13306
f 13290 13306 13275
f 13275 13306 13291
f 13307 13292 13291
f 13307 13293 13292
f 13307 13294 13293
f 13307 13295 13294
f 13307 13296 13295
f 13307 13297 13296
f 13307 13298 13297
f 13307 13299 13298
f 13307 13300 13299
f 13307 13301 13300
f 13307 13302 13301
f 13307 13303 13302
f 13307 13304 13303
f 13307 13305 13304
f 13307 13306 13305
f 13307 13291 13306
f 13308 13309 13312
f 13309 13313 13312
f 13309 13310 13313
f 13310 13314 13313
f 13310 13311 13314
f 13311 13315 13314
f 13311 13308 13315
f 13308 13312 13315
f 13310 13309 13308
f 13310 13310 13309
f 13310 13311 13310
f 13310 13308 13311
f 13311 13312 13313
f 13311 13313 13314
f 13311 13314 13315
f 13311 13315 13312
f 13318 13319 13322
f 13319 13323 13322
f 13319 13320 13323
f 13320 13324 13323
f 13320 13321 13324
f 13321 13325 13324
f 13321 13318 13325
f 13318 13322 13325
f 13320 13319 13318
f 13320 13320 13319
f 13320 13321 13320
f 13320 13318 13321
f 13321 13322 13323
f 13321 13323 13324
f 13321 13324 13325
f 13321 13325 13322
f 13328 13329 13332
f 13329 13333 13332
f 13329 13330 13333
f 13330 13334 13333
f 13330 13331 13334
f 13331 13335 13334
f 13331 13328 13335
f 13328 13332 13335
f 13330 13329 13328
f 13330 13330 13329
f 13330 13331 13330
f 13330 13328 13331
f 13331 13332 13333
f 13331 13333 13334
f 13331 13334 13335
f 13331 13335 13332
f 13338 13339 13342
f 13339 13343 13342
f 13339 13340 13343
f 13340 13344 13343
f 13340 13341 13344
f 13341 13345 13344
f 13341 13338 13345
f 13338 13342 13345
f 13340 13339 13338
f 13340 13340 13339
f 13340 13341 13340
f 13340 13338 13341
f 13341 13342 13343
f 13341 13343 13344
f 13341 13344 13345
f 13341 13345 13342
f 13348 13349 13352
f 13349 13353 13352
f 13349 13350 13353
f 13350 13354 13353
f 13350 13351 13354
f 13351 13355 13354
f 13351 13348 13355
f 13348 13352 13355
f 13350 13349 13348
f 13350 13350 13349
f 13350 13351 13350
f 13350 13348 13351
f 13351 13352 13353
f 13351 13353 13354
f 13351 13354 13355
f 13351 13355 13352
f 13358 13359 13362
f 13359 13363 13362
f 13359 13360 13363
f 13360 13364 13363
f 13360 13361 13364
f 13361 13365 13364
f 13361 13358 13365
f 13358 13362 13365
f 13360 13359 13358
f 13360 13360 13359
f 13360 13361 13360
f 13360 13358 13361
f 13361 13362 13363
f 13361 13363 13364
f 13361 13364 13365
f 13361 13365 13362
f 13368 13370 13369
f 13368 13371 13370
f 13368 13372 13371
f 13368 13373 13372
f 13368 13374 13373
f 13368 13369 13374
f 13370 13375 13369
f 13376 13375 13370
f 13371 13376 13370
f 13377 13376 13371
f 13372 13377 13371
f 13378 13377 13372
f 13373 13378 13372
f 13379 13378 13373
f 13374 13379 13373
f 13380 13379 13374
f 13369 13380 13374
f 13375 13380 13369
f 13376 13381 13375
f 13382 13381 13376
f 13377 13382 13376
f 13383 13382 13377
f 13378 13383 13377
f 13384 13383 13378
f 13379 13384 13378
f 13385 13384 13379
f 13380 13385 13379
f 13386 13385 13380
f 13375 13386 13380
f 13381 13386 13375
f 13382 13387 13381
f 13388 13387 13382
f 13383 13388 13382
f 13389 13388 13383
f 13384 13389 13383
f 13390 13389 13384
f 13385 13390 13384
f 13391 13390 13385
f 13386 13391 13385
f 13392 13391 13386
f 13381 13392 13386
f 13387 13392 13381
f 13388 13393 13387
f 13394 13393 13388
f 13389 13394 13388
f 13395 13394 13389
f 13390 13395 13389
f 13396 13395 13390
f 13391 13396 13390
f 13397 13396 13391
f 13392 13397 13391
f 13398 13397 13392
f 13387 13398 13392
f 13393 13398 13387
f 13394 13399 13393
f 13395 13399 13394
f 13396 13399 13395
f 13397 13399 13396
f 13398 13399 13397
f 13393 13399 13398
f 13400 13402 13401
f 13400 13403 13402
f 13400 13404 13403
f 13400 13405 13404
f 13400 13406 13405
f 13400 13401 13406
f 13402 13407 13401
f 13408 13407 13402
f 13403 13408 13402
f 13409 13408 13403
f 13404 13409 13403
f 13410 13409 13404
f 13405 13410 13404
f 13411 13410 13405
f 13406 13411 13405
f 13412 13411 13406
f 13401 13412 13406
f 13407 13412 13401
f 13408 13413 13407
f 13414 13413 13408
f 13409 13414 13408
f 13415 13414 13409
f 13410 13415 13409
f 13416 13415 13410
f 13411 13416 13410
f 13417 13416 13411
f 13412 13417 13411
f 13418 13417 13412
f 13407 13418 13412
f 13413 13418 13407
f 13414 13419 13413
f 13420 13419 13414
f 13415 13420 13414
f 13421 13420 13415
f 13416 13421 13415
f 13422 13421 13416
f 13417 13422 13416
f 13423 13422 13417
f 13418 13423 13417
f 13424 13423 13418
f 13413 13424 13418
f 13419 13424 13413
f 13420 13425 13419
f 13426 13425 13420
f 13421 13426 13420
f 13427 13426 13421
f 13422 13427 13421
f 13428 13427 13422
f 13423 13428 13422
f 13429 13428 13423
f 13424 13429 13423
f 13430 13429 13424
f 13419 13430 13424
f 13425 13430 13419
f 13426 13431 13425
f 13427 13431 13426
f 13428 13431 13427
f 13429 13431 13428
f 13430 13431 13429
f 13425 13431 13430
f 13432 13434 13433
f 13432 13435 13434
f 13432 13436 13435
f 13432 13437 13436
f 13432 13438 13437
f 13432 13433 13438
f 13434 13439 13433
f 13440 13439 13434
f 13435 13440 13434
f 13441 13440 13435
f 13436 13441 13435
f 13442 13441 13436
f 13437 13442 13436
f 13443 13442 13437
f 13438 13443 13437
f 13444 13443 13438
f 13433 13444 13438
f 13439 13444 13433
f 13440 13445 13439
f 13446 13445 13440
f 13441 13446 13440
f 13447 13446 13441
f 13442 13447 13441
f 13448 13447 13442
f 13443 13448 13442
f 13449 13448 13443
f 13444 13449 13443
f 13450 13449 13444
f 13439 13450 13444
f 13445 13450 13439
f 13446 13451 13445
f 13452 13451 13446
f 13447 13452 13446
f 13453 13452 13447
f 13448 13453 13447
f 13454 13453 13448
f 13449 13454 13448
f 13455 13454 13449
f 13450 13455 13449
f 13456 13455 13450
f 13445 13456 13450
f 13451 13456 13445
f 13452 13457 13451
f 13458 13457 13452
f 13453 13458 13452
f 13459 13458 13453
f 13454 13459 13453
f 13460 13459 13454
f 13455 13460 13454
f 13461 13460 13455
f 13456 13461 13455
f 13462 13461 13456
f 13451 13462 13456
f 13457 13462 13451
f 13458 13463 13457
f 13459 13463 13458
f 13460 13463 13459
f 13461 13463 13460
f 13462 13463 13461
f 13457 13463 13462
f 13464 13466 13465
f 13464 13467 13466
f 13464 13468 13467
f 13464 13469 13468
f 13464 13470 13469
f 13464 13465 13470
f 13466 13471 13465
f 13472 13471 13466
f 13467 13472 13466
f 13473 13472 13467
f 13468 13473 13467
f 13474 13473 13468
f 13469 13474 13468
f 13475 13474 13469
f 13470 13475 13469
f 13476 13475 13470
f 13465 13476 13470
f 13471 13476 13465
f 13472 13477 13471
f 13478 13477 13472
f 13473 13478 13472
f 13479 13478 13473
f 13474 13479 13473
f 13480 13479 13474
f 13475 13480 13474
f 13481 13480 13475
f 13476 13481 13475
f 13482 13481 13476
f 13471 13482 13476
f 13477 13482 13471
f 13478 13483 13477
f 13484 13483 13478
f 13479 13484 13478
f 13485 13484 13479
f 13480 13485 13479
f 13486 13485 13480
f 13481 13486 13480
f 13487 13486 13481
f 13482 13487 13481
f 13488 13487 13482
f 13477 13488 13482
f 13483 13488 13477
f 13484 13489 13483
f 13490 13489 13484
f 13485 13490 13484
f 13491 13490 13485
f 13486 13491 13485
f 13492 13491 13486
f 13487 13492 13486
f 13493 13492 13487
f 13488 13493 13487
f 13494 13493 13488
f 13483 13494 13488
f 13489 13494 13483
f 13490 13495 13489
f 13491 13495 13490
f 13492 13495 13491
f 13493 13495 13492
f 13494 13495 13493
f 13489 13495 13494
f 13496 13498 13497
f 13496 13499 13498
f 13496 13500 13499
f 13496 13501 13500
f 13496 13502 13501
f 13496 13497 13502
f 13498 13503 13497
f 13504 13503 13498
f 13499 13504 13498
f 13505 13504 13499
f 13500 13505 13499
f 13506 13505 13500
f 13501 13506 13500
f 13507 13506 13501
f 13502 13507 13501
f 13508 13507 13502
f 13497 13508 13502
f 13503 13508 13497
f 13504 13509 13503
f 13510 13509 13504
f 13505 13510 13504
f 13511 13510 13505
f 13506 13511 13505
f 13512 13511 13506
f 13507 13512 13506
f 13513 13512 13507
f 13508 13513 13507
f 13514 13513 13508
f 13503 13514 13508
f 13509 13514 13503
f 13510 13515 13509
f 13516 13515 13510
f 13511 13516 13510
f 13517 13516 13511
f 13512 13517 13511
f 13518 13517 13512
f 13513 13518 13512
f 13519 13518 13513
f 13514 13519 13513
f 13520 13519 13514
f 13509 13520 13514
f 13515 13520 13509
f 13516 13521 13515
f 13522 13521 13516
f 13517 13522 13516
f 13523 13522 13517
f 13518 13523 13517
f 13524 13523 13518
f 13519 13524 13518
f 13525 13524 13519
f 13520 13525 13519
f 13526 13525 13520
f 13515 13526 13520
f 13521 13526 13515
f 13522 13527 13521
f 13523 13527 13522
f 13524 13527 13523
f 13525 13527 13524
f 13526 13527 13525
f 13521 13527 13526
f 13528 13529 13532
f 13529 13533 13532
f 13529 13530 13533
f 13530 13534 13533
f 13530 13531 13534
f 13531 13535 13534
f 13531 13528 13535
f 13528 13532 13535
f 13532 13533 13536
f 13533 13537 13536
f 13533 13534 13537
f 13534 13538 13537
f 13534 13535 13538
f 13535 13539 13538
f 13535 13532 13539
f 13532 13536 13539
f 13531 13529 13528
f 13531 13530 13529
f 13531 13531 13530
f 13531 13528 13531
f 13532 13536 13537
f 13532 13537 13538
f 13532 13538 13539
f 13532 13539 13536
f 13542 13543 13546
f 13543 13547 13546
f 13543 13544 13547
f 13544 13548 13547
f 13544 13545 13548
f 13545 13549 13548
f 13545 13542 13549
f 13542 13546 13549
f 13546 13547 13550
f 13547 13551 13550
f 13547 13548 13551
f 13548 13552 13551
f 13548 13549 13552
f 13549 13553 13552
f 13549 13546 13553
f 13546 13550 13553
f 13545 13543 13542
f 13545 13544 13543
f 13545 13545 13544
f 13545 13542 13545
f 13546 13550 13551
f 13546 13551 13552
f 13546 13552 13553
f 13546 13553 13550
f 13556 13557 13563
f 13557 13564 13563
f 13570 13577 13571
f 13571 13577 13578
f 13557 13558 13564
f 13558 13565 13564
f 13571 13578 13572
f 13572 13578 13579
f 13558 13559 13565
f 13559 13566 13565
f 13572 13579 13573
f 13573 13579 13580
f 13559 13560 13566
f 13560 13567 13566
f 13573 13580 13574
f 13574 13580 13581
f 13560 13561 13567
f 13561 13568 13567
f 13574 13581 13575
f 13575 13581 13582
f 13561 13562 13568
f 13562 13569 13568
f 13575 13582 13576
f 13576 13582 13583
f 13562 13556 13569
f 13556 13563 13569
f 13576 13583 13570
f 13570 13583 13577
f 13563 13577 13578
f 13563 13578 13564
f 13564 13578 13579
f 13564 13579 13565
f 13565 13579 13580
f 13565 13580 13566
f 13566 13580 13581
f 13566 13581 13567
f 13567 13581 13582
f 13567 13582 13568
f 13568 13582 13583
f 13568 13583 13569
f 13569 13583 13577
f 13569 13577 13563
f 13584 13585 13590
f 13585 13591 13590
f 13596 13602 13597
f 13597 13602 13603
f 13585 13586 13591
f 13586 13592 13591
f 13597 13603 13598
f 13598 13603 13604
f 13586 13587 13592
f 13587 13593 13592
f 13598 13604 13599
f 13599 13604 13605
f 13587 13588 13593
f 13588 13594 13593
f 13599 13605 13600
f 13600 13605 13606
f 13588 13589 13594
f 13589 13595 13594
f 13600 13606 13601
f 13601 13606 13607
f 13589 13584 13595
f 13584 13590 13595
f 13601 13607 13596
f 13596 13607 13602
f 13590 13602 13603
f 13590 13603 13591
f 13591 13603 13604
f 13591 13604 13592
f 13592 13604 13605
f 13592 13605 13593
f 13593 13605 13606
f 13593 13606 13594
f 13594 13606 13607
f 13594 13607 13595
f 13595 13607 13602
f 13595 13602 13590
f 13608 13609 13614
f 13609 13615 13614
f 13620 13626 13621
f 13621 13626 13627
f 13609 13610 13615
f 13610 13616 13615
f 13621 13627 13622
f 13622 13627 13628
f 13610 13611 13616
f 13611 13617 13616
f 13622 13628 13623
f 13623 13628 13629
f 13611 13612 13617
f 13612 13618 13617
f 13623 13629 13624
f 13624 13629 13630
f 13612 13613 13618
f 13613 13619 13618
f 13624 13630 13625
f 13625 13630 13631
f 13613 13608 13619
f 13608 13614 13619
f 13625 13631 13620
f 13620 13631 13626
f 13614 13626 13627
f 13614 13627 13615
f 13615 13627 13628
f 13615 13628 13616
f 13616 13628 13629
f 13616 13629 13617
f 13617 13629 13630
f 13617 13630 13618
f 13618 13630 13631
f 13618 13631 13619
f 13619 13631 13626
f 13619 13626 13614
f 13632 13636 13637
f 13632 13637 13633
f 13634 13638 13639
f 13634 13639 13635
f 13633 13637 13638
f 13633 13638 13634
f 13635 13639 13636
f 13635 13636 13632
f 13636 13640 13641
f 13636 13641 13637
f 13638 13642 13643
f 13638 13643 13639
f 13637 13641 13642
f 13637 13642 13638
f 13639 13643 13640
f 13639 13640 13636
f 13640 13644 13645
f 13640 13645 13641
f 13642 13646 13647
f 13642 13647 13643
f 13641 13645 13646
f 13641 13646 13642
f 13643 13647 13644
f 13643 13644 13640
f 13644 13648 13649
f 13644 13649 13645
f 13646 13650 13651
f 13646 13651 13647
f 13645 13649 13650
f 13645 13650 13646
f 13647 13651 13648
f 13647 13648 13644
f 13648 13652 13653
f 13648 13653 13649
f 13650 13654 13655
f 13650 13655 13651
f 13649 13653 13654
f 13649 13654 13650
f 13651 13655 13652
f 13651 13652 13648
f 13652 13656 13657
f 13652 13657 13653
f 13654 13658 13659
f 13654 13659 13655
f 13653 13657 13658
f 13653 13658 13654
f 13655 13659 13656
f 13655 13656 13652
f 13632 13633 13634
f 13632 13634 13635
f 13656 13657 13658
f 13656 13658 13659
f 13660 13662 13661
f 13660 13663 13662
f 13660 13664 13663
f 13660 13665 13664
f 13660 13666 13665
f 13660 13661 13666
f 13662 13667 13661
f 13668 13667 13662
f 13663 13668 13662
f 13669 13668 13663
f 13664 13669 13663
f 13670 13669 13664
f 13665 13670 13664
f 13671 13670 13665
f 13666 13671 13665
f 13672 13671 13666
f 13661 13672 13666
f 13667 13672 13661
f 13668 13673 13667
f 13674 13673 13668
f 13669 13674 13668
f 13675 13674 13669
f 13670 13675 13669
f 13676 13675 13670
f 13671 13676 13670
f 13677 13676 13671
f 13672 13677 13671
f 13678 13677 13672
f 13667 13678 13672
f 13673 13678 13667
f 13674 13679 13673
f 13680 13679 13674
f 13675 13680 13674
f 13681 13680 13675
f 13676 13681 13675
f 13682 13681 13676
f 13677 13682 13676
f 13683 13682 13677
f 13678 13683 13677
f 13684 13683 13678
f 13673 13684 13678
f 13679 13684 13673
f 13680 13685 13679
f 13686 13685 13680
f 13681 13686 13680
f 13687 13686 13681
f 13682 13687 13681
f 13688 13687 13682
f 13683 13688 13682
f 13689 13688 13683
f 13684 13689 13683
f 13690 13689 13684
f 13679 13690 13684
f 13685 13690 13679
f 13686 13691 13685
f 13687 13691 13686
f 13688 13691 13687
f 13689 13691 13688
f 13690 13691 13689
f 13685 13691 13690
f 13692 13696 13697
f 13692 13697 13693
f 13694 13698 13699
f 13694 13699 13695
f 13693 13697 13698
f 13693 13698 13694
f 13695 13699 13696
f 13695 13696 13692
f 13696 13700 13701
f 13696 13701 13697
f 13698 13702 13703
f 13698 13703 13699
f 13697 13701 13702
f 13697 13702 13698
f 13699 13703 13700
f 13699 13700 13696
f 13700 13704 13705
f 13700 13705 13701
f 13702 13706 13707
f 13702 13707 13703
f 13701 13705 13706
f 13701 13706 13702
f 13703 13707 13704
f 13703 13704 13700
f 13692 13693 13694
f 13692 13694 13695
f 13704 13705 13706
f 13704 13706 13707
f 13708 13712 13713
f 13708 13713 13709
f 13710 13714 13715
f 13710 13715 13711
f 13709 13713 13714
f 13709 13714 13710
f 13711 13715 13712
f 13711 13712 13708
f 13712 13716 13717
f 13712 13717 13713
f 13714 13718 13719
f 13714 13719 13715
f 13713 13717 13718
f 13713 13718 13714
f 13715 13719 13716
f 13715 13716 13712
f 13708 13709 13710
f 13708 13710 13711
f 13716 13717 13718
f 13716 13718 13719
f 13720 13721 13724
f 13721 13725 13724
f 13721 13722 13725
f 13722 13726 13725
f 13722 13723 13726
f 13723 13727 13726
f 13723 13720 13727
f 13720 13724 13727
f 13724 13725 13728
f 13725 13729 13728
f 13725 13726 13729
f 13726 13730 13729
f 13726 13727 13730
f 13727 13731 13730
f 13727 13724 13731
f 13724 13728 13731
f 13728 13729 13732
f 13729 13733 13732
f 13729 13730 13733
f 13730 13734 13733
f 13730 13731 13734
f 13731 13735 13734
f 13731 13728 13735
f 13728 13732 13735
f 13732 13733 13736
f 13733 13737 13736
f 13733 13734 13737
f 13734 13738 13737
f 13734 13735 13738
f 13735 13739 13738
f 13735 13732 13739
f 13732 13736 13739
f 13736 13737 13740
f 13737 13741 13740
f 13737 13738 13741
f 13738 13742 13741
f 13738 13739 13742
f 13739 13743 13742
f 13739 13736 13743
f 13736 13740 13743
f 13740 13741 13744
f 13741 13745 13744
f 13741 13742 13745
f 13742 13746 13745
f 13742 13743 13746
f 13743 13747 13746
f 13743 13740 13747
f 13740 13744 13747
f 13744 13745 13748
f 13745 13749 13748
f 13745 13746 13749
f 13746 13750 13749
f 13746 13747 13750
f 13747 13751 13750
f 13747 13744 13751
f 13744 13748 13751
f 13748 13749 13752
f 13749 13753 13752
f 13749 13750 13753
f 13750 13754 13753
f 13750 13751 13754
f 13751 13755 13754
f 13751 13748 13755
f 13748 13752 13755
f 13752 13753 13756
f 13753 13757 13756
f 13753 13754 13757
f 13754 13758 13757
f 13754 13755 13758
f 13755 13759 13758
f 13755 13752 13759
f 13752 13756 13759
f 13756 13757 13760
f 13757 13761 13760
f 13757 13758 13761
f 13758 13762 13761
f 13758 13759 13762
f 13759 13763 13762
f 13759 13756 13763
f 13756 13760 13763
f 13760 13761 13764
f 13761 13765 13764
f 13761 13762 13765
f 13762 13766 13765
f 13762 13763 13766
f 13763 13767 13766
f 13763 13760 13767
f 13760 13764 13767
f 13764 13765 13768
f 13765 13769 13768
f 13765 13766 13769
f 13766 13770 13769
f 13766 13767 13770
f 13767 13771 13770
f 13767 13764 13771
f 13764 13768 13771
f 13768 13769 13772
f 13769 13773 13772
f 13769 13770 13773
f 13770 13774 13773
f 13770 13771 13774
f 13771 13775 13774
f 13771 13768 13775
f 13768 13772 13775
f 13772 13773 13776
f 13773 13777 13776
f 13773 13774 13777
f 13774 13778 13777
f 13774 13775 13778
f 13775 13779 13778
f 13775 13772 13779
f 13772 13776 13779
f 13735 13721 13720
f 13735 13722 13721
f 13735 13723 13722
f 13735 13720 13723
f 13736 13776 13777
f 13736 13777 13778
f 13736 13778 13779
f 13736 13779 13776
f 13782 13784 13783
f 13782 13785 13784
f 13782 13786 13785
f 13782 13787 13786
f 13782 13788 13787
f 13782 13783 13788
f 13784 13789 13783
f 13790 13789 13784
f 13785 13790 13784
f 13791 13790 13785
f 13786 13791 13785
f 13792 13791 13786
f 13787 13792 13786
f 13793 13792 13787
f 13788 13793 13787
f 13794 13793 13788
f 13783 13794 13788
f 13789 13794 13783
f 13790 13795 13789
f 13796 13795 13790
f 13791 13796 13790
f 13797 13796 13791
f 13792 13797 13791
f 13798 13797 13792
f 13793 13798 13792
f 13799 13798 13793
f 13794 13799 13793
f 13800 13799 13794
f 13789 13800 13794
f 13795 13800 13789
f 13796 13801 13795
f 13802 13801 13796
f 13797 13802 13796
f 13803 13802 13797
f 13798 13803 13797
f 13804 13803 13798
f 13799 13804 13798
f 13805 13804 13799
f 13800 13805 13799
f 13806 13805 13800
f 13795 13806 13800
f 13801 13806 13795
f 13802 13807 13801
f 13808 13807 13802
f 13803 13808 13802
f 13809 13808 13803
f 13804 13809 13803
f 13810 13809 13804
f 13805 13810 13804
f 13811 13810 13805
f 13806 13811 13805
f 13812 13811 13806
f 13801 13812 13806
f 13807 13812 13801
f 13808 13813 13807
f 13809 13813 13808
f 13810 13813 13809
f 13811 13813 13810
f 13812 13813 13811
f 13807 13813 13812
f 13814 13815 13818
f 13815 13819 13818
f 13815 13816 13819
f 13816 13820 13819
f 13816 13817 13820
f 13817 13821 13820
f 13817 13814 13821
f 13814 13818 13821
f 13818 13819 13822
f 13819 13823 13822
f 13819 13820 13823
f 13820 13824 13823
f 13820 13821 13824
f 13821 13825 13824
f 13821 13818 13825
f 13818 13822 13825
f 13822 13823 13826
f 13823 13827 13826
f 13823 13824 13827
f 13824 13828 13827
f 13824 13825 13828
f 13825 13829 13828
f 13825 13822 13829
f 13822 13826 13829
f 13826 13827 13830
f 13827 13831 13830
f 13827 13828 13831
f 13828 13832 13831
f 13828 13829 13832
f 13829 13833 13832
f 13829 13826 13833
f 13826 13830 13833
f 13830 13831 13834
f 13831 13835 13834
f 13831 13832 13835
f 13832 13836 13835
f 13832 13833 13836
f 13833 13837 13836
f 13833 13830 13837
f 13830 13834 13837
f 13834 13835 13838
f 13835 13839 13838
f 13835 13836 13839
f 13836 13840 13839
f 13836 13837 13840
f 13837 13841 13840
f 13837 13834 13841
f 13834 13838 13841
f 13838 13839 13842
f 13839 13843 13842
f 13839 13840 13843
f 13840 13844 13843
f 13840 13841 13844
f 13841 13845 13844
f 13841 13838 13845
f 13838 13842 13845
f 13842 13843 13846
f 13843 13847 13846
f 13843 13844 13847
f 13844 13848 13847
f 13844 13845 13848
f 13845 13849 13848
f 13845 13842 13849
f 13842 13846 13849
f 13846 13847 13850
f 13847 13851 13850
f 13847 13848 13851
f 13848 13852 13851
f 13848 13849 13852
f 13849 13853 13852
f 13849 13846 13853
f 13846 13850 13853
f 13850 13851 13854
f 13851 13855 13854
f 13851 13852 13855
f 13852 13856 13855
f 13852 13853 13856
f 13853 13857 13856
f 13853 13850 13857
f 13850 13854 13857
f 13854 13855 13858
f 13855 13859 13858
f 13855 13856 13859
f 13856 13860 13859
f 13856 13857 13860
f 13857 13861 13860
f 13857 13854 13861
f 13854 13858 13861
f 13858 13859 13862
f 13859 13863 13862
f 13859 13860 13863
f 13860 13864 13863
f 13860 13861 13864
f 13861 13865 13864
f 13861 13858 13865
f 13858 13862 13865
f 13862 13863 13866
f 13863 13867 13866
f 13863 13864 13867
f 13864 13868 13867
f 13864 13865 13868
f 13865 13869 13868
f 13865 13862 13869
f 13862 13866 13869
f 13866 13867 13870
f 13867 13871 13870
f 13867 13868 13871
f 13868 13872 13871
f 13868 13869 13872
f 13869 13873 13872
f 13869 13866 13873
f 13866 13870 13873
f 13870 13871 13874
f 13871 13875 13874
f 13871 13872 13875
f 13872 13876 13875
f 13872 13873 13876
f 13873 13877 13876
f 13873 13870 13877
f 13870 13874 13877
f 13874 13875 13878
f 13875 13879 13878
f 13875 13876 13879
f 13876 13880 13879
f 13876 13877 13880
f 13877 13881 13880
f 13877 13874 13881
f 13874 13878 13881
f 13878 13879 13882
f 13879 13883 13882
f 13879 13880 13883
f 13880 13884 13883
f 13880 13881 13884
f 13881 13885 13884
f 13881 13878 13885
f 13878 13882 13885
f 13882 13883 13886
f 13883 13887 13886
f 13883 13884 13887
f 13884 13888 13887
f 13884 13885 13888
f 13885 13889 13888
f 13885 13882 13889
f 13882 13886 13889
f 13886 13887 13890
f 13887 13891 13890
f 13887 13888 13891
f 13888 13892 13891
f 13888 13889 13892
f 13889 13893 13892
f 13889 13886 13893
f 13886 13890 13893
f 13890 13891 13894
f 13891 13895 13894
f 13891 13892 13895
f 13892 13896 13895
f 13892 13893 13896
f 13893 13897 13896
f 13893 13890 13897
f 13890 13894 13897
f 13894 13895 13898
f 13895 13899 13898
f 13895 13896 13899
f 13896 13900 13899
f 13896 13897 13900
f 13897 13901 13900
f 13897 13894 13901
f 13894 13898 13901
f 13898 13899 13902
f 13899 13903 13902
f 13899 13900 13903
f 13900 13904 13903
f 13900 13901 13904
f 13901 13905 13904
f 13901 13898 13905
f 13898 13902 13905
f 13837 13815 13814
f 13837 13816 13815
f 13837 13817 13816
f 13837 13814 13817
f 13838 13902 13903
f 13838 13903 13904
f 13838 13904 13905
f 13838 13905 13902
f 13908 13909 13912
f 13909 13913 13912
f 13909 13910 13913
f 13910 13914 13913
f 13910 13911 13914
f 13911 13915 13914
f 13911 13908 13915
f 13908 13912 13915
f 13910 13909 13908
f 13910 13910 13909
f 13910 13911 13910
f 13910 13908 13911
f 13911 13912 13913
f 13911 13913 13914
f 13911 13914 13915
f 13911 13915 13912
f 13918 13919 13922
f 13919 13923 13922
f 13919 13920 13923
f 13920 13924 13923
f 13920 13921 13924
f 13921 13925 13924
f 13921 13918 13925
f 13918 13922 13925
f 13920 13919 13918
f 13920 13920 13919
f 13920 13921 13920
f 13920 13918 13921
f 13921 13922 13923
f 13921 13923 13924
f 13921 13924 13925
f 13921 13925 13922
f 13928 13929 13932
f 13929 13933 13932
f 13929 13930 13933
f 13930 13934 13933
f 13930 13931 13934
f 13931 13935 13934
f 13931 13928 13935
f 13928 13932 13935
f 13930 13929 13928
f 13930 13930 13929
f 13930 13931 13930
f 13930 13928 13931
f 13931 13932 13933
f 13931 13933 13934
f 13931 13934 13935
f 13931 13935 13932
f 13938 13939 13942
f 13939 13943 13942
f 13939 13940 13943
f 13940 13944 13943
f 13940 13941 13944
f 13941 13945 13944
f 13941 13938 13945
f 13938 13942 13945
f 13940 13939 13938
f 13940 13940 13939
f 13940 13941 13940
f 13940 13938 13941
f 13941 13942 13943
f 13941 13943 13944
f 13941 13944 13945
f 13941 13945 13942
f 13948 13949 13952
f 13949 13953 13952
f 13949 13950 13953
f 13950 13954 13953
f 13950 13951 13954
f 13951 13955 13954
f 13951 13948 13955
f 13948 13952 13955
f 13950 13949 13948
f 13950 13950 13949
f 13950 13951 13950
f 13950 13948 13951
f 13951 13952 13953
f 13951 13953 13954
f 13951 13954 13955
f 13951 13955 13952
f 13958 13959 13962
f 13959 13963 13962
f 13959 13960 13963
f 13960 13964 13963
f 13960 13961 13964
f 13961 13965 13964
f 13961 13958 13965
f 13958 13962 13965
f 13960 13959 13958
f 13960 13960 13959
f 13960 13961 13960
f 13960 13958 13961
f 13961 13962 13963
f 13961 13963 13964
f 13961 13964 13965
f 13961 13965 13962
f 13968 13969 13972
f 13969 13973 13972
f 13969 13970 13973
f 13970 13974 13973
f 13970 13971 13974
f 13971 13975 13974
f 13971 13968 13975
f 13968 13972 13975
f 13970 13969 13968
f 13970 13970 13969
f 13970 13971 13970
f 13970 13968 13971
f 13971 13972 13973
f 13971 13973 13974
f 13971 13974 13975
f 13971 13975 13972
f 13978 13979 13982
f 13979 13983 13982
f 13979 13980 13983
f 13980 13984 13983
f 13980 13981 13984
f 13981 13985 13984
f 13981 13978 13985
f 13978 13982 13985
f 13980 13979 13978
f 13980 13980 13979
f 13980 13981 13980
f 13980 13978 13981
f 13981 13982 13983
f 13981 13983 13984
f 13981 13984 13985
f 13981 13985 13982
f 13988 13989 13992
f 13989 13993 13992
f 13989 13990 13993
f 13990 13994 13993
f 13990 13991 13994
f 13991 13995 13994
f 13991 13988 13995
f 13988 13992 13995
f 13990 13989 13988
f 13990 13990 13989
f 13990 13991 13990
f 13990 13988 13991
f 13991 13992 13993
f 13991 13993 13994
f 13991 13994 13995
f 13991 13995 13992
v -0.118000 0.081000 0.058000
v -0.068000 0.076579 0.058000
v -0.086826 0.076579 0.130319
v -0.129126 0.076579 0.148181
v -0.163048 0.076579 0.098134
v -0.163048 0.076579 0.017866
v -0.129126 0.076579 -0.032181
v -0.086826 0.076579 -0.014319
v -0.031397 0.064500 0.058000
v -0.064004 0.064500 0.183261
v -0.137271 0.064500 0.214198
v -0.196026 0.064500 0.127515
v -0.196026 0.064500 -0.011515
v -0.137271 0.064500 -0.098198
v -0.064004 0.064500 -0.067261
v -0.018000 0.048000 0.058000
v -0.055651 0.048000 0.202639
v -0.140252 0.048000 0.238362
v -0.208097 0.048000 0.138268
v -0.208097 0.048000 -0.022268
v -0.140252 0.048000 -0.122362
v -0.055651 0.048000 -0.086639
v -0.031397 0.031500 0.058000
v -0.064004 0.031500 0.183261
v -0.137271 0.031500 0.214198
v -0.196026 0.031500 0.127515
v -0.196026 0.031500 -0.011515
v -0.137271 0.031500 -0.098198
v -0.064004 0.031500 -0.067261
v -0.068000 0.019421 0.058000
v -0.086826 0.019421 0.130319
v -0.129126 0.019421 0.148181
v -0.163048 0.019421 0.098134
v -0.163048 0.019421 0.017866
v -0.129126 0.019421 -0.032181
v -0.086826 0.019421 -0.014319
v -0.118000 0.015000 0.058000
v -0.118000 0.097000 -0.062000
v -0.088000 0.090703 -0.062000
v -0.103000 0.090703 -0.032555
v -0.133000 0.090703 -0.032555
v -0.148000 0.090703 -0.062000
v -0.133000 0.090703 -0.091445
v -0.103000 0.090703 -0.091445
v -0.066038 0.073500 -0.062000
v -0.092019 0.073500 -0.011000
v -0.143981 0.073500 -0.011000
v -0.169962 0.073500 -0.062000
v -0.143981 0.073500 -0.113000
v -0.092019 0.073500 -0.113000
v -0.058000 0.050000 -0.062000
v -0.088000 0.050000 -0.003110
v -0.148000 0.050000 -0.003110
v -0.178000 0.050000 -0.062000
v -0.148000 0.050000 -0.120890
v -0.088000 0.050000 -0.120890
v -0.066038 0.026500 -0.062000
v -0.092019 0.026500 -0.011000
v -0.143981 0.026500 -0.011000
v -0.169962 0.026500 -0.062000
v -0.143981 0.026500 -0.113000
v -0.092019 0.026500 -0.113000
v -0.088000 0.009297 -0.062000
v -0.103000 0.009297 -0.032555
v -0.133000 0.009297 -0.032555
v -0.148000 0.009297 -0.062000
v -0.133000 0.009297 -0.091445
v -0.103000 0.009297 -0.091445
v -0.118000 0.003000 -0.062000
v 0.118000 0.081000 0.058000
v 0.168000 0.076579 0.058000
v 0.149174 0.076579 0.130319
v 0.106874 0.076579 0.148181
v 0.072952 0.076579 0.098134
v 0.072952 0.076579 0.017866
v 0.106874 0.076579 -0.032181
v 0.149174 0.076579 -0.014319
v 0.204603 0.064500 0.058000
v 0.171996 0.064500 0.183261
v 0.098729 0.064500 0.214198
v 0.039974 0.064500 0.127515
v 0.039974 0.064500 -0.011515
v 0.098729 0.064500 -0.098198
v 0.171996 0.064500 -0.067261
v 0.218000 0.048000 0.058000
v 0.180349 0.048000 0.202639
v 0.095748 0.048000 0.238362
v 0.027903 0.048000 0.138268
v 0.027903 0.048000 -0.022268
v 0.095748 0.048000 -0.122362
v 0.180349 0.048000 -0.086639
v 0.204603 0.031500 0.058000
v 0.171996 0.031500 0.183261
v 0.098729 0.031500 0.214198
v 0.039974 0.031500 0.127515
v 0.039974 0.031500 -0.011515
v 0.098729 0.031500 -0.098198
v 0.171996 0.031500 -0.067261
v 0.168000 0.019421 0.058000
v 0.149174 0.019421 0.130319
v 0.106874 0.019421 0.148181
v 0.072952 0.019421 0.098134
v 0.072952 0.019421 0.017866
v 0.106874 0.019421 -0.032181
v 0.149174 0.019421 -0.014319
v 0.118000 0.015000 0.058000
v 0.118000 0.097000 -0.062000
v 0.148000 0.090703 -0.062000
v 0.133000 0.090703 -0.032555
v 0.103000 0.090703 -0.032555
v 0.088000 0.090703 -0.062000
v 0.103000 0.090703 -0.091445
v 0.133000 0.090703 -0.091445
v 0.169962 0.073500 -0.062000
v 0.143981 0.073500 -0.011000
v 0.092019 0.073500 -0.011000
v 0.066038 0.073500 -0.062000
v 0.092019 0.073500 -0.113000
v 0.143981 0.073500 -0.113000
v 0.178000 0.050000 -0.062000
v 0.148000 0.050000 -0.003110
v 0.088000 0.050000 -0.003110
v 0.058000 0.050000 -0.062000
v 0.088000 0.050000 -0.120890
v 0.148000 0.050000 -0.120890
v 0.169962 0.026500 -0.062000
v 0.143981 0.026500 -0.011000
v 0.092019 0.026500 -0.011000
v 0.066038 0.026500 -0.062000
v 0.092019 0.026500 -0.113000
v 0.143981 0.026500 -0.113000
v 0.148000 0.009297 -0.062000
v 0.133000 0.009297 -0.032555
v 0.103000 0.009297 -0.032555
v 0.088000 0.009297 -0.062000
v 0.103000 0.009297 -0.091445
v 0.133000 0.009297 -0.091445
v 0.118000 0.003000 -0.062000
v 0.063499 0.998736 0.177545
v 0.065599 0.997865 0.177545
v 0.064549 0.997865 0.179364
v 0.062449 0.997865 0.179364
v 0.061399 0.997865 0.177545
v 0.062449 0.997865 0.175727
v 0.064549 0.997865 0.175727
v 0.067136 0.995486 0.177545
v 0.065317 0.995486 0.180695
v 0.061680 0.995486 0.180695
v 0.059861 0.995486 0.177545
v 0.061680 0.995486 0.174395
v 0.065317 0.995486 0.174395
v 0.067699 0.992236 0.177545
v 0.065599 0.992236 0.181183
v 0.061399 0.992236 0.181183
v 0.059299 0.992236 0.177545
v 0.061399 0.992236 0.173908
v 0.065599 0.992236 0.173908
v 0.067136 0.988986 0.177545
v 0.065317 0.988986 0.180695
v 0.061680 0.988986 0.180695
v 0.059861 0.988986 0.177545
v 0.061680 0.988986 0.174395
v 0.065317 0.988986 0.174395
v 0.065599 0.986607 0.177545
v 0.064549 0.986607 0.179364
v 0.062449 0.986607 0.179364
v 0.061399 0.986607 0.177545
v 0.062449 0.986607 0.175727
v 0.064549 0.986607 0.175727
v 0.063499 0.985736 0.177545
v 0.057686 0.973225 0.178411
v 0.059786 0.972354 0.178411
v 0.058736 0.972354 0.180230
v 0.056636 0.972354 0.180230
v 0.055586 0.972354 0.178411
v 0.056636 0.972354 0.176592
v 0.058736 0.972354 0.176592
v 0.061323 0.969975 0.178411
v 0.059505 0.969975 0.181561
v 0.055867 0.969975 0.181561
v 0.054049 0.969975 0.178411
v 0.055867 0.969975 0.175261
v 0.059505 0.969975 0.175261
v 0.061886 0.966725 0.178411
v 0.059786 0.966725 0.182048
v 0.055586 0.966725 0.182048
v 0.053486 0.966725 0.178411
v 0.055586 0.966725 0.174774
v 0.059786 0.966725 0.174774
v 0.061323 0.963475 0.178411
v 0.059505 0.963475 0.181561
v 0.055867 0.963475 0.181561
v 0.054049 0.963475 0.178411
v 0.055867 0.963475 0.175261
v 0.059505 0.963475 0.175261
v 0.059786 0.961095 0.178411
v 0.058736 0.961095 0.180230
v 0.056636 0.961095 0.180230
v 0.055586 0.961095 0.178411
v 0.056636 0.961095 0.176592
v 0.058736 0.961095 0.176592
v 0.057686 0.960225 0.178411
v 0.051871 0.947713 0.179273
v 0.053971 0.946842 0.179273
v 0.052921 0.946842 0.181092
v 0.050821 0.946842 0.181092
v 0.049771 0.946842 0.179273
v 0.050821 0.946842 0.177455
v 0.052921 0.946842 0.177455
v 0.055508 0.944463 0.179273
v 0.053689 0.944463 0.182423
v 0.050052 0.944463 0.182423
v 0.048233 0.944463 0.179273
v 0.050052 0.944463 0.176123
v 0.053689 0.944463 0.176123
v 0.056071 0.941213 0.179273
v 0.053971 0.941213 0.182911
v 0.049771 0.941213 0.182911
v 0.047671 0.941213 0.179273
v 0.049771 0.941213 0.175636
v 0.053971 0.941213 0.175636
v 0.055508 0.937963 0.179273
v 0.053689 0.937963 0.182423
v 0.050052 0.937963 0.182423
v 0.048233 0.937963 0.179273
v 0.050052 0.937963 0.176123
v 0.053689 0.937963 0.176123
v 0.053971 0.935584 0.179273
v 0.052921 0.935584 0.181092
v 0.050821 0.935584 0.181092
v 0.049771 0.935584 0.179273
v 0.050821 0.935584 0.177455
v 0.052921 0.935584 0.177455
v 0.051871 0.934713 0.179273
usemtl BootSole
f 13998 14000 13999
f 13998 14001 14000
f 13998 14002 14001
f 13998 14003 14002
f 13998 14004 14003
f 13998 14005 14004
f 13998 13999 14005
f 14000 14006 13999
f 14007 14006 14000
f 14001 14007 14000
f 14008 14007 14001
f 14002 14008 14001
f 14009 14008 14002
f 14003 14009 14002
f 14010 14009 14003
f 14004 14010 14003
f 14011 14010 14004
f 14005 14011 14004
f 14012 14011 14005
f 13999 14012 14005
f 14006 14012 13999
f 14007 14013 14006
f 14014 14013 14007
f 14008 14014 14007
f 14015 14014 14008
f 14009 14015 14008
f 14016 14015 14009
f 14010 14016 14009
f 14017 14016 14010
f 14011 14017 14010
f 14018 14017 14011
f 14012 14018 14011
f 14019 14018 14012
f 14006 14019 14012
f 14013 14019 14006
f 14014 14020 14013
f 14021 14020 14014
f 14015 14021 14014
f 14022 14021 14015
f 14016 14022 14015
f 14023 14022 14016
f 14017 14023 14016
f 14024 14023 14017
f 14018 14024 14017
f 14025 14024 14018
f 14019 14025 14018
f 14026 14025 14019
f 14013 14026 14019
f 14020 14026 14013
f 14021 14027 14020
f 14028 14027 14021
f 14022 14028 14021
f 14029 14028 14022
f 14023 14029 14022
f 14030 14029 14023
f 14024 14030 14023
f 14031 14030 14024
f 14025 14031 14024
f 14032 14031 14025
f 14026 14032 14025
f 14033 14032 14026
f 14020 14033 14026
f 14027 14033 14020
f 14028 14034 14027
f 14029 14034 14028
f 14030 14034 14029
f 14031 14034 14030
f 14032 14034 14031
f 14033 14034 14032
f 14027 14034 14033
f 14035 14037 14036
f 14035 14038 14037
f 14035 14039 14038
f 14035 14040 14039
f 14035 14041 14040
f 14035 14036 14041
f 14037 14042 14036
f 14043 14042 14037
f 14038 14043 14037
f 14044 14043 14038
f 14039 14044 14038
f 14045 14044 14039
f 14040 14045 14039
f 14046 14045 14040
f 14041 14046 14040
f 14047 14046 14041
f 14036 14047 14041
f 14042 14047 14036
f 14043 14048 14042
f 14049 14048 14043
f 14044 14049 14043
f 14050 14049 14044
f 14045 14050 14044
f 14051 14050 14045
f 14046 14051 14045
f 14052 14051 14046
f 14047 14052 14046
f 14053 14052 14047
f 14042 14053 14047
f 14048 14053 14042
f 14049 14054 14048
f 14055 14054 14049
f 14050 14055 14049
f 14056 14055 14050
f 14051 14056 14050
f 14057 14056 14051
f 14052 14057 14051
f 14058 14057 14052
f 14053 14058 14052
f 14059 14058 14053
f 14048 14059 14053
f 14054 14059 14048
f 14055 14060 14054
f 14061 14060 14055
f 14056 14061 14055
f 14062 14061 14056
f 14057 14062 14056
f 14063 14062 14057
f 14058 14063 14057
f 14064 14063 14058
f 14059 14064 14058
f 14065 14064 14059
f 14054 14065 14059
f 14060 14065 14054
f 14061 14066 14060
f 14062 14066 14061
f 14063 14066 14062
f 14064 14066 14063
f 14065 14066 14064
f 14060 14066 14065
f 14067 14069 14068
f 14067 14070 14069
f 14067 14071 14070
f 14067 14072 14071
f 14067 14073 14072
f 14067 14074 14073
f 14067 14068 14074
f 14069 14075 14068
f 14076 14075 14069
f 14070 14076 14069
f 14077 14076 14070
f 14071 14077 14070
f 14078 14077 14071
f 14072 14078 14071
f 14079 14078 14072
f 14073 14079 14072
f 14080 14079 14073
f 14074 14080 14073
f 14081 14080 14074
f 14068 14081 14074
f 14075 14081 14068
f 14076 14082 14075
f 14083 14082 14076
f 14077 14083 14076
f 14084 14083 14077
f 14078 14084 14077
f 14085 14084 14078
f 14079 14085 14078
f 14086 14085 14079
f 14080 14086 14079
f 14087 14086 14080
f 14081 14087 14080
f 14088 14087 14081
f 14075 14088 14081
f 14082 14088 14075
f 14083 14089 14082
f 14090 14089 14083
f 14084 14090 14083
f 14091 14090 14084
f 14085 14091 14084
f 14092 14091 14085
f 14086 14092 14085
f 14093 14092 14086
f 14087 14093 14086
f 14094 14093 14087
f 14088 14094 14087
f 14095 14094 14088
f 14082 14095 14088
f 14089 14095 14082
f 14090 14096 14089
f 14097 14096 14090
f 14091 14097 14090
f 14098 14097 14091
f 14092 14098 14091
f 14099 14098 14092
f 14093 14099 14092
f 14100 14099 14093
f 14094 14100 14093
f 14101 14100 14094
f 14095 14101 14094
f 14102 14101 14095
f 14089 14102 14095
f 14096 14102 14089
f 14097 14103 14096
f 14098 14103 14097
f 14099 14103 14098
f 14100 14103 14099
f 14101 14103 14100
f 14102 14103 14101
f 14096 14103 14102
f 14104 14106 14105
f 14104 14107 14106
f 14104 14108 14107
f 14104 14109 14108
f 14104 14110 14109
f 14104 14105 14110
f 14106 14111 14105
f 14112 14111 14106
f 14107 14112 14106
f 14113 14112 14107
f 14108 14113 14107
f 14114 14113 14108
f 14109 14114 14108
f 14115 14114 14109
f 14110 14115 14109
f 14116 14115 14110
f 14105 14116 14110
f 14111 14116 14105
f 14112 14117 14111
f 14118 14117 14112
f 14113 14118 14112
f 14119 14118 14113
f 14114 14119 14113
f 14120 14119 14114
f 14115 14120 14114
f 14121 14120 14115
f 14116 14121 14115
f 14122 14121 14116
f 14111 14122 14116
f 14117 14122 14111
f 14118 14123 14117
f 14124 14123 14118
f 14119 14124 14118
f 14125 14124 14119
f 14120 14125 14119
f 14126 14125 14120
f 14121 14126 14120
f 14127 14126 14121
f 14122 14127 14121
f 14128 14127 14122
f 14117 14128 14122
f 14123 14128 14117
f 14124 14129 14123
f 14130 14129 14124
f 14125 14130 14124
f 14131 14130 14125
f 14126 14131 14125
f 14132 14131 14126
f 14127 14132 14126
f 14133 14132 14127
f 14128 14133 14127
f 14134 14133 14128
f 14123 14134 14128
f 14129 14134 14123
f 14130 14135 14129
f 14131 14135 14130
f 14132 14135 14131
f 14133 14135 14132
f 14134 14135 14133
f 14129 14135 14134
f 14136 14138 14137
f 14136 14139 14138
f 14136 14140 14139
f 14136 14141 14140
f 14136 14142 14141
f 14136 14137 14142
f 14138 14143 14137
f 14144 14143 14138
f 14139 14144 14138
f 14145 14144 14139
f 14140 14145 14139
f 14146 14145 14140
f 14141 14146 14140
f 14147 14146 14141
f 14142 14147 14141
f 14148 14147 14142
f 14137 14148 14142
f 14143 14148 14137
f 14144 14149 14143
f 14150 14149 14144
f 14145 14150 14144
f 14151 14150 14145
f 14146 14151 14145
f 14152 14151 14146
f 14147 14152 14146
f 14153 14152 14147
f 14148 14153 14147
f 14154 14153 14148
f 14143 14154 14148
f 14149 14154 14143
f 14150 14155 14149
f 14156 14155 14150
f 14151 14156 14150
f 14157 14156 14151
f 14152 14157 14151
f 14158 14157 14152
f 14153 14158 14152
f 14159 14158 14153
f 14154 14159 14153
f 14160 14159 14154
f 14149 14160 14154
f 14155 14160 14149
f 14156 14161 14155
f 14162 14161 14156
f 14157 14162 14156
f 14163 14162 14157
f 14158 14163 14157
f 14164 14163 14158
f 14159 14164 14158
f 14165 14164 14159
f 14160 14165 14159
f 14166 14165 14160
f 14155 14166 14160
f 14161 14166 14155
f 14162 14167 14161
f 14163 14167 14162
f 14164 14167 14163
f 14165 14167 14164
f 14166 14167 14165
f 14161 14167 14166
f 14168 14170 14169
f 14168 14171 14170
f 14168 14172 14171
f 14168 14173 14172
f 14168 14174 14173
f 14168 14169 14174
f 14170 14175 14169
f 14176 14175 14170
f 14171 14176 14170
f 14177 14176 14171
f 14172 14177 14171
f 14178 14177 14172
f 14173 14178 14172
f 14179 14178 14173
f 14174 14179 14173
f 14180 14179 14174
f 14169 14180 14174
f 14175 14180 14169
f 14176 14181 14175
f 14182 14181 14176
f 14177 14182 14176
f 14183 14182 14177
f 14178 14183 14177
f 14184 14183 14178
f 14179 14184 14178
f 14185 14184 14179
f 14180 14185 14179
f 14186 14185 14180
f 14175 14186 14180
f 14181 14186 14175
f 14182 14187 14181
f 14188 14187 14182
f 14183 14188 14182
f 14189 14188 14183
f 14184 14189 14183
f 14190 14189 14184
f 14185 14190 14184
f 14191 14190 14185
f 14186 14191 14185
f 14192 14191 14186
f 14181 14192 14186
f 14187 14192 14181
f 14188 14193 14187
f 14194 14193 14188
f 14189 14194 14188
f 14195 14194 14189
f 14190 14195 14189
f 14196 14195 14190
f 14191 14196 14190
f 14197 14196 14191
f 14192 14197 14191
f 14198 14197 14192
f 14187 14198 14192
f 14193 14198 14187
f 14194 14199 14193
f 14195 14199 14194
f 14196 14199 14195
f 14197 14199 14196
f 14198 14199 14197
f 14193 14199 14198
f 14200 14202 14201
f 14200 14203 14202
f 14200 14204 14203
f 14200 14205 14204
f 14200 14206 14205
f 14200 14201 14206
f 14202 14207 14201
f 14208 14207 14202
f 14203 14208 14202
f 14209 14208 14203
f 14204 14209 14203
f 14210 14209 14204
f 14205 14210 14204
f 14211 14210 14205
f 14206 14211 14205
f 14212 14211 14206
f 14201 14212 14206
f 14207 14212 14201
f 14208 14213 14207
f 14214 14213 14208
f 14209 14214 14208
f 14215 14214 14209
f 14210 14215 14209
f 14216 14215 14210
f 14211 14216 14210
f 14217 14216 14211
f 14212 14217 14211
f 14218 14217 14212
f 14207 14218 14212
f 14213 14218 14207
f 14214 14219 14213
f 14220 14219 14214
f 14215 14220 14214
f 14221 14220 14215
f 14216 14221 14215
f 14222 14221 14216
f 14217 14222 14216
f 14223 14222 14217
f 14218 14223 14217
f 14224 14223 14218
f 14213 14224 14218
f 14219 14224 14213
f 14220 14225 14219
f 14226 14225 14220
f 14221 14226 14220
f 14227 14226 14221
f 14222 14227 14221
f 14228 14227 14222
f 14223 14228 14222
f 14229 14228 14223
f 14224 14229 14223
f 14230 14229 14224
f 14219 14230 14224
f 14225 14230 14219
f 14226 14231 14225
f 14227 14231 14226
f 14228 14231 14227
f 14229 14231 14228
f 14230 14231 14229
f 14225 14231 14230
